id,type,state,created_at,closed_at,days_to_close,label_names,is_bug,is_merged,year_month,year
38870,issue,closed,2020-12-31 23:58:06+00:00,2021-05-17 15:21:56+00:00,136,Dependencies,0,0,2020-12,2020
38865,issue,closed,2020-12-31 21:09:45+00:00,2021-02-02 01:42:42+00:00,32,"Visualization,Regression,Needs Tests",0,0,2020-12,2020
38862,issue,closed,2020-12-31 18:45:37+00:00,2021-01-31 19:36:22+00:00,31,"CI,Code Style",0,0,2020-12,2020
38860,issue,closed,2020-12-31 17:47:15+00:00,2021-06-22 00:34:09+00:00,172,Typing,0,0,2020-12,2020
38859,issue,closed,2020-12-31 17:37:55+00:00,2023-06-27 09:36:46+00:00,907,"Docs,Frequency",0,0,2020-12,2020
38856,issue,closed,2020-12-31 16:39:55+00:00,2021-01-01 00:00:55+00:00,0,"Missing-data,Usage Question",0,0,2020-12,2020
38851,issue,closed,2020-12-31 13:34:39+00:00,2021-01-16 01:09:21+00:00,15,"Bug,Missing-data,Regression,Internals,Timezones",1,0,2020-12,2020
38845,issue,closed,2020-12-31 03:47:50+00:00,2021-05-21 16:46:34+00:00,141,"Bug,Categorical,Needs Discussion,Constructors",1,0,2020-12,2020
38844,issue,closed,2020-12-31 03:39:14+00:00,2021-03-08 14:32:31+00:00,67,"Bug,Numeric Operations,ExtensionArray",1,0,2020-12,2020
38842,issue,closed,2020-12-31 02:57:48+00:00,2020-12-31 15:36:58+00:00,0,"Bug,Duplicate Report,Constructors",1,0,2020-12,2020
38831,issue,closed,2020-12-30 20:15:05+00:00,2021-01-06 00:35:38+00:00,6,"Bug,Indexing",1,0,2020-12,2020
38830,issue,closed,2020-12-30 19:57:34+00:00,2021-01-06 22:56:26+00:00,7,"Docs,IO CSV",0,0,2020-12,2020
38827,issue,closed,2020-12-30 18:31:49+00:00,2021-08-14 22:57:13+00:00,227,"Enhancement,Output-Formatting",0,0,2020-12,2020
38823,issue,closed,2020-12-30 18:02:22+00:00,2021-01-08 21:39:23+00:00,9,"IO Excel,Clean",0,0,2020-12,2020
38822,issue,closed,2020-12-30 18:01:36+00:00,2020-12-30 19:21:27+00:00,0,"Duplicate Report,IO Excel,Clean",0,0,2020-12,2020
38821,issue,closed,2020-12-30 17:27:06+00:00,2020-12-30 19:36:52+00:00,0,"Enhancement,Needs Triage",0,0,2020-12,2020
38815,issue,closed,2020-12-30 15:39:48+00:00,2021-10-05 00:30:11+00:00,278,"Groupby,Needs Tests,Nuisance Columns",0,0,2020-12,2020
38813,issue,closed,2020-12-30 14:40:03+00:00,2022-01-17 13:44:27+00:00,382,Code Style,0,0,2020-12,2020
38812,issue,closed,2020-12-30 14:33:15+00:00,2023-11-21 17:48:03+00:00,1056,"Bug,Testing,Needs Discussion,ExtensionArray,Closing Candidate",1,0,2020-12,2020
38810,issue,closed,2020-12-30 14:21:32+00:00,2022-07-01 02:45:01+00:00,547,"Bug,Error Reporting,Reduction Operations",1,0,2020-12,2020
38809,issue,closed,2020-12-30 13:47:03+00:00,2026-05-11 15:43:16+00:00,1958,"Enhancement,Error Reporting,Window",0,0,2020-12,2020
38808,issue,closed,2020-12-30 13:28:45+00:00,2021-01-29 02:04:26+00:00,29,Typing,0,0,2020-12,2020
38802,issue,closed,2020-12-30 10:45:50+00:00,2021-03-11 19:03:30+00:00,71,"Docs,Code Style",0,0,2020-12,2020
38801,issue,closed,2020-12-30 10:32:34+00:00,2021-01-05 12:23:29+00:00,6,"Bug,Regression,Strings,Dependencies,ExtensionArray",1,0,2020-12,2020
38798,issue,closed,2020-12-30 06:22:36+00:00,2023-01-18 14:58:09+00:00,749,"Bug,Constructors,NA - MaskedArrays",1,0,2020-12,2020
38795,issue,closed,2020-12-30 03:04:47+00:00,2022-01-11 15:15:41+00:00,377,"Bug,Testing",1,0,2020-12,2020
38794,issue,closed,2020-12-30 02:41:40+00:00,2025-10-21 19:51:43+00:00,1756,"Bug,IO CSV,Linux,OS X",1,0,2020-12,2020
38788,issue,closed,2020-12-29 20:53:12+00:00,2020-12-30 21:12:30+00:00,1,"Regression,IO Excel",0,0,2020-12,2020
38787,issue,closed,2020-12-29 20:08:08+00:00,2021-04-05 16:22:13+00:00,96,"Groupby,Window,API - Consistency",0,0,2020-12,2020
38786,issue,closed,2020-12-29 20:00:53+00:00,2023-05-19 01:52:35+00:00,870,"Testing,Compat,OS X",0,0,2020-12,2020
38785,issue,closed,2020-12-29 19:03:54+00:00,2021-01-04 21:16:22+00:00,6,"Bug,Needs Triage",1,0,2020-12,2020
38781,issue,closed,2020-12-29 15:40:50+00:00,2021-01-17 15:36:01+00:00,18,"Testing,Docs,Dtype Conversions",0,0,2020-12,2020
38779,issue,closed,2020-12-29 14:41:25+00:00,2020-12-29 17:35:39+00:00,0,"Usage Question,Needs Triage",0,0,2020-12,2020
38778,issue,closed,2020-12-29 14:41:19+00:00,2021-01-03 23:25:09+00:00,5,"Enhancement,Groupby,Numeric Operations,Needs Discussion",0,0,2020-12,2020
38775,issue,closed,2020-12-29 10:02:56+00:00,2020-12-29 12:07:00+00:00,0,"Bug,Needs Triage",1,0,2020-12,2020
38774,issue,closed,2020-12-29 09:06:29+00:00,2020-12-30 23:38:49+00:00,1,"Groupby,Regression",0,0,2020-12,2020
38773,issue,closed,2020-12-29 06:46:31+00:00,2026-05-09 16:33:59+00:00,1957,"Bug,API Design,Needs Discussion,Index,Closing Candidate",1,0,2020-12,2020
38762,issue,closed,2020-12-28 22:24:46+00:00,2026-04-09 15:48:49+00:00,1927,"Docs,ExtensionArray",0,0,2020-12,2020
38760,issue,closed,2020-12-28 21:21:49+00:00,2022-05-04 23:30:11+00:00,492,"Bug,IO JSON,Timezones",1,0,2020-12,2020
38753,issue,closed,2020-12-28 18:37:15+00:00,2020-12-30 18:41:00+00:00,2,"Regression,IO CSV,Segfault",0,0,2020-12,2020
38752,issue,closed,2020-12-28 17:38:15+00:00,2021-08-14 22:38:41+00:00,229,"Bug,Regression,Needs Info,Window",1,0,2020-12,2020
38749,issue,closed,2020-12-28 11:28:29+00:00,2021-02-28 08:38:16+00:00,61,"Bug,NA - MaskedArrays",1,0,2020-12,2020
38743,issue,closed,2020-12-28 05:26:06+00:00,2020-12-31 01:50:22+00:00,2,"Bug,Interval",1,0,2020-12,2020
38736,issue,closed,2020-12-27 22:23:09+00:00,2022-03-20 17:43:36+00:00,447,"Visualization,Regression,Needs Tests",0,0,2020-12,2020
38730,issue,closed,2020-12-27 19:44:03+00:00,2020-12-27 19:50:29+00:00,0,"Bug,Needs Triage",1,0,2020-12,2020
38729,issue,closed,2020-12-27 19:17:30+00:00,2020-12-29 14:30:43+00:00,1,"Bug,Indexing,ExtensionArray",1,0,2020-12,2020
38726,issue,closed,2020-12-27 18:06:20+00:00,2020-12-30 15:07:16+00:00,2,Docs,0,0,2020-12,2020
38725,issue,closed,2020-12-27 18:03:23+00:00,2020-12-27 18:26:27+00:00,0,,0,0,2020-12,2020
38722,issue,closed,2020-12-27 16:17:35+00:00,2020-12-28 19:51:44+00:00,1,"Bug,Deprecate",1,0,2020-12,2020
38721,issue,closed,2020-12-27 14:50:15+00:00,2021-01-20 19:36:29+00:00,24,Release,0,0,2020-12,2020
38718,issue,closed,2020-12-27 13:23:52+00:00,2020-12-30 03:27:23+00:00,2,"Testing,Dtype Conversions,Interval",0,0,2020-12,2020
38714,issue,closed,2020-12-27 06:53:59+00:00,2020-12-29 00:05:07+00:00,1,"Bug,Regression,IO CSV",1,0,2020-12,2020
38712,issue,closed,2020-12-27 03:17:13+00:00,2020-12-27 03:23:29+00:00,0,Build,0,0,2020-12,2020
38708,issue,closed,2020-12-26 21:24:11+00:00,2020-12-29 03:18:49+00:00,2,"Bug,Output-Formatting,Regression",1,0,2020-12,2020
38703,issue,closed,2020-12-26 13:32:15+00:00,2021-08-02 10:54:40+00:00,218,"CI,Compat",0,0,2020-12,2020
38694,issue,closed,2020-12-25 11:13:22+00:00,2021-01-10 18:30:49+00:00,16,Docs,0,0,2020-12,2020
38692,issue,closed,2020-12-25 04:06:58+00:00,2021-01-28 03:29:55+00:00,33,"Dtype Conversions,API - Consistency",0,0,2020-12,2020
38690,issue,closed,2020-12-25 00:05:41+00:00,2022-03-02 00:01:28+00:00,431,"Indexing,Performance,Benchmark",0,0,2020-12,2020
38687,issue,closed,2020-12-24 19:20:20+00:00,2020-12-25 04:56:22+00:00,0,"Testing,Clean",0,0,2020-12,2020
38675,issue,closed,2020-12-24 03:09:43+00:00,2020-12-24 07:13:12+00:00,0,"Bug,Needs Triage",1,0,2020-12,2020
38672,issue,closed,2020-12-24 02:27:43+00:00,2020-12-31 16:41:17+00:00,7,"Bug,Groupby,Categorical",1,0,2020-12,2020
38667,issue,closed,2020-12-23 20:29:49+00:00,2020-12-27 23:50:37+00:00,4,"Bug,Duplicate Report,IO Excel",1,0,2020-12,2020
38656,issue,closed,2020-12-23 08:35:40+00:00,2021-03-27 01:38:56+00:00,93,"Enhancement,IO CSV,Needs Info",0,0,2020-12,2020
38655,issue,closed,2020-12-23 07:43:07+00:00,2020-12-23 14:06:46+00:00,0,"Bug,Duplicate Report",1,0,2020-12,2020
38647,issue,closed,2020-12-22 23:13:33+00:00,2020-12-23 13:50:59+00:00,0,"Bug,Usage Question",1,0,2020-12,2020
38645,issue,closed,2020-12-22 22:40:34+00:00,2021-07-20 12:17:05+00:00,209,"Regression,Constructors",0,0,2020-12,2020
38644,issue,closed,2020-12-22 22:16:06+00:00,2021-08-14 22:30:43+00:00,235,"IO Excel,Closing Candidate,Upstream issue",0,0,2020-12,2020
38642,issue,closed,2020-12-22 21:32:49+00:00,2020-12-29 23:16:30+00:00,7,"Groupby,Regression",0,0,2020-12,2020
38635,issue,closed,2020-12-22 16:27:13+00:00,2021-01-27 12:08:11+00:00,35,"Usage Question,Needs Info",0,0,2020-12,2020
38630,issue,closed,2020-12-22 02:23:23+00:00,2023-03-06 08:35:21+00:00,804,"Bug,Numeric Operations,Master Tracker,Index,Warnings",1,0,2020-12,2020
38627,issue,closed,2020-12-21 20:23:18+00:00,2021-06-11 03:02:35+00:00,171,"Docs,Window",0,0,2020-12,2020
38623,issue,closed,2020-12-21 19:56:31+00:00,2022-11-09 21:01:57+00:00,688,"Bug,Missing-data,MultiIndex,Index,setops",1,0,2020-12,2020
38622,issue,closed,2020-12-21 19:47:42+00:00,2021-01-21 15:15:19+00:00,30,"Datetime,Deprecate",0,0,2020-12,2020
38620,issue,closed,2020-12-21 18:29:49+00:00,2020-12-22 13:40:41+00:00,0,"Bug,Testing,Regression",1,0,2020-12,2020
38617,issue,closed,2020-12-21 16:59:36+00:00,2020-12-27 15:54:31+00:00,5,CI,0,0,2020-12,2020
38616,issue,closed,2020-12-21 16:04:58+00:00,2020-12-22 19:22:19+00:00,1,"Reshaping,Regression",0,0,2020-12,2020
38608,issue,closed,2020-12-21 11:36:46+00:00,2022-07-01 20:45:20+00:00,557,"Bug,Visualization,Timezones",1,0,2020-12,2020
38607,issue,closed,2020-12-21 08:55:23+00:00,2020-12-21 17:27:18+00:00,0,Regression,0,0,2020-12,2020
38604,issue,closed,2020-12-21 03:07:03+00:00,2021-01-24 22:01:02+00:00,34,"Indexing,DataFrame,Warnings",0,0,2020-12,2020
38602,issue,closed,2020-12-21 02:46:27+00:00,2020-12-22 18:21:56+00:00,1,"Bug,MultiIndex,Needs Tests",1,0,2020-12,2020
38601,issue,closed,2020-12-21 02:03:49+00:00,2021-01-10 03:59:06+00:00,20,"Bug,Indexing,Regression,MultiIndex",1,0,2020-12,2020
38600,issue,closed,2020-12-21 01:43:20+00:00,2020-12-23 22:37:05+00:00,2,"Docs,Dependencies",0,0,2020-12,2020
38599,issue,closed,2020-12-21 00:47:25+00:00,2021-01-13 17:26:54+00:00,23,Needs Info,0,0,2020-12,2020
38592,issue,closed,2020-12-20 17:00:48+00:00,2021-07-13 21:18:24+00:00,205,"Performance,Regression,Reduction Operations",0,0,2020-12,2020
38591,issue,closed,2020-12-20 16:39:36+00:00,2023-10-11 18:53:56+00:00,1025,Performance,0,0,2020-12,2020
38581,issue,closed,2020-12-19 13:52:47+00:00,2021-06-25 17:38:24+00:00,188,Enhancement,0,0,2020-12,2020
38580,issue,closed,2020-12-19 11:59:11+00:00,2020-12-21 14:49:13+00:00,2,"Bug,Dtype Conversions,MultiIndex",1,0,2020-12,2020
38566,issue,closed,2020-12-18 19:07:55+00:00,2021-01-11 14:00:35+00:00,23,"Bug,Reshaping,Regression,Timezones",1,0,2020-12,2020
38556,issue,closed,2020-12-18 09:37:35+00:00,2021-02-07 15:24:49+00:00,51,"Bug,Categorical,Closing Candidate",1,0,2020-12,2020
38551,issue,closed,2020-12-17 23:19:09+00:00,2021-01-02 17:14:05+00:00,15,"Bug,IO CSV,Windows",1,0,2020-12,2020
38549,issue,closed,2020-12-17 21:26:24+00:00,2021-12-18 00:00:57+00:00,365,"Bug,IO CSV",1,0,2020-12,2020
38543,issue,closed,2020-12-17 16:26:18+00:00,2021-09-13 02:18:25+00:00,269,"Needs Tests,Upstream issue",0,0,2020-12,2020
38541,issue,closed,2020-12-17 15:02:46+00:00,2020-12-21 15:39:49+00:00,4,"Bug,Needs Triage",1,0,2020-12,2020
38538,issue,closed,2020-12-17 08:56:06+00:00,2020-12-17 11:44:04+00:00,0,"Usage Question,Needs Triage",0,0,2020-12,2020
38527,issue,closed,2020-12-16 18:50:27+00:00,2020-12-23 14:08:08+00:00,6,"Bug,Windows",1,0,2020-12,2020
38525,issue,closed,2020-12-16 16:59:20+00:00,2020-12-21 13:54:38+00:00,4,"Bug,IO Parquet",1,0,2020-12,2020
38524,issue,closed,2020-12-16 15:39:41+00:00,2021-05-04 16:10:42+00:00,139,"CI,IO Excel,Closing Candidate",0,0,2020-12,2020
38523,issue,closed,2020-12-16 14:31:17+00:00,2021-04-05 16:22:13+00:00,110,"Bug,Groupby,Regression,Window",1,0,2020-12,2020
38521,issue,closed,2020-12-16 13:05:45+00:00,2021-01-21 15:53:35+00:00,36,"Bug,Indexing",1,0,2020-12,2020
38520,issue,closed,2020-12-16 11:28:29+00:00,2020-12-16 12:24:44+00:00,0,"Missing-data,Usage Question,Nested Data,Closing Candidate",0,0,2020-12,2020
38519,issue,closed,2020-12-16 10:09:53+00:00,2023-01-26 19:38:20+00:00,771,"Docs,Copy / view semantics",0,0,2020-12,2020
38510,issue,closed,2020-12-15 21:42:06+00:00,2021-08-14 22:25:44+00:00,242,"Usage Question,Duplicate Report,replace,Closing Candidate",0,0,2020-12,2020
38509,issue,closed,2020-12-15 19:26:48+00:00,2023-07-27 23:20:37+00:00,954,"Bug,Dtype Conversions,Timedelta,Strings,Astype",1,0,2020-12,2020
38502,issue,closed,2020-12-15 15:11:16+00:00,2021-01-13 13:25:52+00:00,28,"Bug,Reshaping,Regression,Categorical",1,0,2020-12,2020
38498,issue,closed,2020-12-15 13:02:35+00:00,2020-12-15 16:41:46+00:00,0,Duplicate Report,0,0,2020-12,2020
38495,issue,closed,2020-12-15 08:57:00+00:00,2021-01-03 18:44:14+00:00,19,"Performance,Regression",0,0,2020-12,2020
38489,issue,closed,2020-12-15 04:20:29+00:00,2020-12-15 20:14:15+00:00,0,"IO CSV,Closing Candidate",0,0,2020-12,2020
38488,issue,closed,2020-12-15 04:06:49+00:00,2020-12-15 18:06:56+00:00,0,Window,0,0,2020-12,2020
38485,issue,closed,2020-12-15 01:24:00+00:00,2020-12-15 09:02:13+00:00,0,Docs,0,0,2020-12,2020
38484,issue,closed,2020-12-15 00:38:23+00:00,2020-12-15 00:41:26+00:00,0,"Bug,Needs Triage",1,0,2020-12,2020
38483,issue,closed,2020-12-15 00:13:07+00:00,2020-12-15 00:14:35+00:00,0,CI,0,0,2020-12,2020
38482,issue,closed,2020-12-15 00:05:23+00:00,2021-11-06 02:45:42+00:00,326,"Docs,Indexing",0,0,2020-12,2020
38474,issue,closed,2020-12-14 22:03:08+00:00,2021-01-27 12:06:54+00:00,43,Needs Info,0,0,2020-12,2020
38469,issue,closed,2020-12-14 19:35:51+00:00,2020-12-14 20:08:44+00:00,0,"Datetime,Indexing,Usage Question",0,0,2020-12,2020
38465,issue,closed,2020-12-14 14:16:13+00:00,2020-12-15 00:01:57+00:00,0,"ExtensionArray,API - Consistency",0,0,2020-12,2020
38454,issue,closed,2020-12-13 17:19:59+00:00,2021-09-10 08:49:19+00:00,270,"Enhancement,IO Stata",0,0,2020-12,2020
38453,issue,closed,2020-12-13 17:14:21+00:00,2021-11-28 19:48:59+00:00,350,"Bug,IO CSV",1,0,2020-12,2020
38451,issue,closed,2020-12-13 15:17:43+00:00,2021-01-05 12:57:09+00:00,22,Docs,0,0,2020-12,2020
38450,issue,closed,2020-12-13 14:55:16+00:00,2024-08-26 18:51:10+00:00,1352,"Bug,Warnings,Copy / view semantics",1,0,2020-12,2020
38449,issue,closed,2020-12-13 14:20:07+00:00,2020-12-13 14:22:33+00:00,0,"Bug,Needs Triage",1,0,2020-12,2020
38439,issue,closed,2020-12-13 03:03:50+00:00,2022-02-12 18:29:55+00:00,426,"Missing-data,Numeric Operations,MultiIndex,Needs Tests",0,0,2020-12,2020
38437,issue,closed,2020-12-13 01:22:40+00:00,2023-07-18 16:00:22+00:00,947,"Docs,IO JSON",0,0,2020-12,2020
38434,issue,closed,2020-12-12 23:08:16+00:00,2020-12-17 13:46:45+00:00,4,"Bug,Regression,Categorical",1,0,2020-12,2020
38433,issue,closed,2020-12-12 21:54:07+00:00,2020-12-23 18:44:29+00:00,10,"Bug,Categorical",1,0,2020-12,2020
38429,issue,closed,2020-12-12 20:23:07+00:00,2022-02-15 02:37:40+00:00,429,"IO SQL,CI,Needs Discussion",0,0,2020-12,2020
38425,issue,closed,2020-12-12 15:58:30+00:00,2020-12-12 20:43:11+00:00,0,"Enhancement,Needs Triage",0,0,2020-12,2020
38424,issue,closed,2020-12-12 14:14:14+00:00,2020-12-23 23:01:22+00:00,11,"Docs,IO Excel,Blocker,Deprecate",0,0,2020-12,2020
38419,issue,closed,2020-12-11 23:53:48+00:00,2020-12-13 17:41:40+00:00,1,"Dtype Conversions,Needs Tests",0,0,2020-12,2020
38418,issue,closed,2020-12-11 21:51:36+00:00,2026-04-10 22:36:03+00:00,1946,"Performance,Reshaping",0,0,2020-12,2020
38415,issue,closed,2020-12-11 18:30:16+00:00,2020-12-28 18:38:47+00:00,17,"Bug,Output-Formatting",1,0,2020-12,2020
38413,issue,closed,2020-12-11 15:42:23+00:00,2021-08-14 22:12:38+00:00,246,"Enhancement,Error Reporting,Nuisance Columns",0,0,2020-12,2020
38410,issue,closed,2020-12-11 12:53:57+00:00,2020-12-11 14:10:37+00:00,0,"Bug,Needs Triage",1,0,2020-12,2020
38402,issue,closed,2020-12-10 12:57:24+00:00,2021-08-14 22:09:47+00:00,247,"API Design,IO CSV",0,0,2020-12,2020
38401,issue,closed,2020-12-10 08:03:48+00:00,2020-12-16 06:58:25+00:00,5,"Bug,Groupby,Needs Info",1,0,2020-12,2020
38399,issue,closed,2020-12-10 03:07:01+00:00,2021-03-15 00:09:58+00:00,94,"Bug,Constructors,API - Consistency",1,0,2020-12,2020
38397,issue,closed,2020-12-10 02:43:40+00:00,2026-05-09 16:32:33+00:00,1976,"Docs,Closing Candidate",0,0,2020-12,2020
38390,issue,closed,2020-12-09 19:16:34+00:00,2026-03-19 01:15:51+00:00,1925,"Bug,Datetime,Output-Formatting,ExtensionArray",1,0,2020-12,2020
38388,issue,closed,2020-12-09 17:24:53+00:00,2020-12-09 23:32:04+00:00,0,"Bug,Needs Triage",1,0,2020-12,2020
38386,issue,closed,2020-12-09 14:51:18+00:00,2020-12-14 14:11:03+00:00,4,"Indexing,Regression",0,0,2020-12,2020
38378,issue,closed,2020-12-09 00:42:35+00:00,2020-12-09 17:55:13+00:00,0,"Bug,Dtype Conversions",1,0,2020-12,2020
38375,issue,closed,2020-12-08 23:08:13+00:00,2020-12-16 02:14:18+00:00,7,"Docs,Dtype Conversions",0,0,2020-12,2020
38367,issue,closed,2020-12-08 16:08:38+00:00,2020-12-21 13:55:18+00:00,12,"Bug,Indexing,Regression",1,0,2020-12,2020
38362,issue,closed,2020-12-08 14:47:36+00:00,2020-12-09 00:58:49+00:00,0,"Bug,Needs Triage",1,0,2020-12,2020
38358,issue,closed,2020-12-08 13:54:54+00:00,2021-09-15 15:26:50+00:00,281,"Groupby,Missing-data,Performance,Regression",0,0,2020-12,2020
38357,issue,closed,2020-12-08 12:02:54+00:00,2020-12-22 20:32:57+00:00,14,"Docs,Algos",0,0,2020-12,2020
38356,issue,closed,2020-12-08 11:35:32+00:00,2021-08-14 22:04:27+00:00,249,"Enhancement,API Design,Needs Discussion",0,0,2020-12,2020
38355,issue,closed,2020-12-08 06:49:55+00:00,2020-12-09 01:42:44+00:00,0,"Bug,Needs Triage",1,0,2020-12,2020
38343,issue,closed,2020-12-07 11:17:15+00:00,2020-12-12 21:09:25+00:00,5,"Enhancement,API Design,Closing Candidate",0,0,2020-12,2020
38340,issue,closed,2020-12-07 08:19:19+00:00,2021-01-20 01:44:33+00:00,43,"Enhancement,Performance,NA - MaskedArrays",0,0,2020-12,2020
38338,issue,closed,2020-12-07 01:19:03+00:00,2020-12-07 01:53:04+00:00,0,"Duplicate Report,ExtensionArray,Index",0,0,2020-12,2020
38328,issue,closed,2020-12-06 11:44:51+00:00,2021-05-24 13:44:05+00:00,169,"Enhancement,IO LaTeX",0,0,2020-12,2020
38316,issue,closed,2020-12-05 15:10:20+00:00,2022-08-29 17:07:56+00:00,632,"Bug,Dtype Conversions,Categorical,Interval,Astype",1,0,2020-12,2020
38314,issue,closed,2020-12-05 10:31:34+00:00,2020-12-06 08:55:20+00:00,0,"Bug,Subclassing",1,0,2020-12,2020
38312,issue,closed,2020-12-05 05:22:16+00:00,2023-01-18 19:25:09+00:00,774,"Performance,Period",0,0,2020-12,2020
38311,issue,closed,2020-12-05 04:46:56+00:00,2020-12-19 10:23:41+00:00,14,Docs,0,0,2020-12,2020
38305,issue,closed,2020-12-05 02:36:23+00:00,2026-05-11 15:35:11+00:00,1983,"Bug,Regression,IO HDF5,Interval",1,0,2020-12,2020
38303,issue,closed,2020-12-05 01:33:26+00:00,2021-01-28 02:37:06+00:00,54,"Bug,Indexing,Series",1,0,2020-12,2020
38300,issue,closed,2020-12-04 22:51:30+00:00,2020-12-09 16:20:30+00:00,4,"API - Consistency,Closing Candidate",0,0,2020-12,2020
38299,issue,closed,2020-12-04 22:23:58+00:00,2020-12-12 23:21:45+00:00,8,"API Design,Interval",0,0,2020-12,2020
38296,issue,closed,2020-12-04 19:54:38+00:00,2020-12-05 18:54:59+00:00,0,Usage Question,0,0,2020-12,2020
38294,issue,closed,2020-12-04 18:37:23+00:00,2020-12-05 11:07:17+00:00,0,"Enhancement,Categorical,Needs Triage",0,0,2020-12,2020
38292,issue,closed,2020-12-04 18:23:59+00:00,2020-12-13 20:01:38+00:00,9,"Bug,IO CSV",1,0,2020-12,2020
38288,issue,closed,2020-12-04 14:00:49+00:00,2020-12-04 15:58:37+00:00,0,"Enhancement,Usage Question",0,0,2020-12,2020
38287,issue,closed,2020-12-04 10:58:24+00:00,2020-12-30 13:49:06+00:00,26,"Docs,Algos",0,0,2020-12,2020
38286,issue,closed,2020-12-04 07:18:02+00:00,2020-12-06 18:46:41+00:00,2,"Groupby,Missing-data,Regression",0,0,2020-12,2020
38281,issue,closed,2020-12-04 01:33:03+00:00,2022-09-16 22:26:19+00:00,651,Docs,0,0,2020-12,2020
38278,issue,closed,2020-12-03 22:55:27+00:00,2021-05-17 12:52:27+00:00,164,"Bug,Groupby",1,0,2020-12,2020
38274,issue,closed,2020-12-03 20:53:31+00:00,2020-12-04 14:24:58+00:00,0,"Bug,duplicated",1,0,2020-12,2020
38271,issue,closed,2020-12-03 18:41:21+00:00,2020-12-05 17:14:05+00:00,1,"Bug,Indexing,ExtensionArray",1,0,2020-12,2020
38270,issue,closed,2020-12-03 18:39:18+00:00,2024-02-04 15:18:25+00:00,1157,"Bug,Warnings,Copy / view semantics",1,0,2020-12,2020
38269,issue,closed,2020-12-03 18:24:26+00:00,2020-12-09 04:56:18+00:00,5,Bug,1,0,2020-12,2020
38267,issue,closed,2020-12-03 17:35:06+00:00,2020-12-28 14:55:46+00:00,24,"Bug,Needs Tests,NA - MaskedArrays",1,0,2020-12,2020
38261,issue,closed,2020-12-03 12:30:11+00:00,2020-12-03 15:29:54+00:00,0,"Docs,Needs Triage",0,0,2020-12,2020
38243,issue,closed,2020-12-02 17:58:13+00:00,2021-08-14 17:10:21+00:00,254,"Bug,Datetime,Closing Candidate",1,0,2020-12,2020
38234,issue,closed,2020-12-02 14:41:16+00:00,2020-12-23 14:38:02+00:00,20,"Bug,Styler",1,0,2020-12,2020
38233,issue,closed,2020-12-02 14:25:27+00:00,2020-12-02 19:20:55+00:00,0,"Enhancement,Indexing",0,0,2020-12,2020
38229,issue,closed,2020-12-02 08:51:32+00:00,2021-08-14 17:07:46+00:00,255,"Enhancement,Needs Triage",0,0,2020-12,2020
38227,issue,closed,2020-12-02 04:02:55+00:00,2020-12-04 23:45:03+00:00,2,"Bug,Groupby,Apply",1,0,2020-12,2020
38222,issue,closed,2020-12-02 00:00:30+00:00,2020-12-15 01:37:38+00:00,13,"Testing,API Design",0,0,2020-12,2020
38221,issue,closed,2020-12-01 23:24:22+00:00,2021-05-25 08:09:06+00:00,174,"CI,Dependencies,Upstream issue",0,0,2020-12,2020
38218,issue,closed,2020-12-01 21:19:12+00:00,2020-12-01 22:33:30+00:00,0,"Bug,Needs Triage",1,0,2020-12,2020
38217,issue,closed,2020-12-01 20:11:44+00:00,2021-11-06 01:58:00+00:00,339,"Bug,Groupby,API - Consistency,Reduction Operations,Nuisance Columns",1,0,2020-12,2020
38214,issue,closed,2020-12-01 18:18:17+00:00,2020-12-12 21:19:47+00:00,11,"Bug,Needs Triage",1,0,2020-12,2020
38198,issue,closed,2020-11-30 23:48:42+00:00,2020-12-02 03:02:26+00:00,1,Docs,0,0,2020-11,2020
38193,issue,closed,2020-11-30 21:39:39+00:00,2020-12-02 01:52:29+00:00,1,Docs,0,0,2020-11,2020
38183,issue,closed,2020-11-30 10:03:11+00:00,2020-12-24 20:40:41+00:00,24,"Bug,Testing,Performance",1,0,2020-11,2020
38182,issue,closed,2020-11-30 09:56:54+00:00,2020-12-25 23:16:52+00:00,25,"Bug,Deprecate",1,0,2020-11,2020
38167,issue,closed,2020-11-30 01:10:58+00:00,2020-12-02 02:31:02+00:00,2,"Bug,Reshaping",1,0,2020-11,2020
38166,issue,closed,2020-11-30 01:07:19+00:00,2020-12-02 02:31:02+00:00,2,"Bug,Reshaping",1,0,2020-11,2020
38159,issue,closed,2020-11-29 20:41:46+00:00,2020-11-30 22:14:00+00:00,1,"Bug,Needs Triage",1,0,2020-11,2020
38149,issue,closed,2020-11-29 16:00:49+00:00,2021-02-07 16:48:03+00:00,70,"Reshaping,Categorical,Benchmark",0,0,2020-11,2020
38147,issue,closed,2020-11-29 07:12:40+00:00,2023-04-20 15:15:34+00:00,872,"Needs Tests,Index",0,0,2020-11,2020
38139,issue,closed,2020-11-28 19:49:27+00:00,2022-07-01 21:57:21+00:00,580,"Testing,Frequency",0,0,2020-11,2020
38138,issue,closed,2020-11-28 19:49:18+00:00,2020-12-09 17:09:15+00:00,10,"Code Style,Clean",0,0,2020-11,2020
38131,issue,closed,2020-11-28 08:35:47+00:00,2026-03-31 23:35:47+00:00,1949,"Bug,IO HDF5,Categorical",1,0,2020-11,2020
38125,issue,closed,2020-11-27 23:55:08+00:00,2020-12-14 01:07:31+00:00,16,"Bug,IO Data",1,0,2020-11,2020
38121,issue,closed,2020-11-27 20:23:26+00:00,2021-01-31 17:42:46+00:00,64,Clean,0,0,2020-11,2020
38119,issue,closed,2020-11-27 19:46:07+00:00,2020-12-29 22:59:27+00:00,32,"Bug,Needs Triage",1,0,2020-11,2020
38110,issue,closed,2020-11-27 14:20:43+00:00,2026-05-09 16:24:49+00:00,1989,"Enhancement,Master Tracker,NA - MaskedArrays,Closing Candidate",0,0,2020-11,2020
38107,issue,closed,2020-11-27 05:41:19+00:00,2020-11-27 08:16:40+00:00,0,Bug,1,0,2020-11,2020
38104,issue,closed,2020-11-27 03:19:05+00:00,2021-08-14 16:54:52+00:00,260,"Usage Question,IO Parquet,Upstream issue",0,0,2020-11,2020
38100,issue,closed,2020-11-26 21:42:54+00:00,2021-07-04 21:37:34+00:00,219,"Enhancement,Compat",0,0,2020-11,2020
38093,issue,closed,2020-11-26 15:59:04+00:00,2021-02-14 14:00:35+00:00,79,Code Style,0,0,2020-11,2020
38092,issue,closed,2020-11-26 15:56:30+00:00,2022-07-01 21:54:12+00:00,582,"Bug,Testing,Frequency,Timezones",1,0,2020-11,2020
38091,issue,closed,2020-11-26 15:47:08+00:00,2022-02-15 02:41:20+00:00,445,"Testing,CI,Closing Candidate",0,0,2020-11,2020
38090,issue,closed,2020-11-26 15:43:03+00:00,2020-11-28 17:33:56+00:00,2,"Testing,CI",0,0,2020-11,2020
38086,issue,closed,2020-11-26 13:30:44+00:00,2020-11-27 01:01:26+00:00,0,"Performance,Regression",0,0,2020-11,2020
38083,issue,closed,2020-11-26 13:18:21+00:00,2020-11-27 07:24:04+00:00,0,"Performance,Regression",0,0,2020-11,2020
38082,issue,closed,2020-11-26 13:07:29+00:00,2026-03-12 20:30:24+00:00,1932,"Performance,Reshaping",0,0,2020-11,2020
38075,issue,closed,2020-11-26 01:49:47+00:00,2021-08-14 05:59:48+00:00,261,"Enhancement,Reshaping,API Design",0,0,2020-11,2020
38069,issue,closed,2020-11-25 19:57:28+00:00,2020-11-25 21:06:43+00:00,0,"Enhancement,Duplicate Report,MultiIndex",0,0,2020-11,2020
38067,issue,closed,2020-11-25 17:25:35+00:00,2024-03-21 16:22:48+00:00,1211,"Docs,Frequency",0,0,2020-11,2020
38066,issue,closed,2020-11-25 15:51:33+00:00,2020-12-08 11:12:23+00:00,12,Release,0,0,2020-11,2020
38060,issue,closed,2020-11-25 10:58:25+00:00,2020-11-25 21:55:53+00:00,0,Usage Question,0,0,2020-11,2020
38058,issue,closed,2020-11-25 10:27:28+00:00,2020-11-25 14:15:11+00:00,0,"Bug,IO Parquet,Upstream issue",1,0,2020-11,2020
38053,issue,closed,2020-11-25 02:51:39+00:00,2020-11-29 15:59:10+00:00,4,"Bug,Indexing,MultiIndex",1,0,2020-11,2020
38051,issue,closed,2020-11-25 02:21:50+00:00,2020-12-02 23:28:04+00:00,7,"Bug,Index",1,0,2020-11,2020
38046,issue,closed,2020-11-24 19:18:09+00:00,2020-12-18 23:05:35+00:00,24,"Frequency,Needs Tests",0,0,2020-11,2020
38042,issue,closed,2020-11-24 17:29:44+00:00,2023-04-23 16:13:57+00:00,879,"Enhancement,Groupby,Apply,API - Consistency",0,0,2020-11,2020
38038,issue,closed,2020-11-24 12:49:16+00:00,2020-12-01 09:12:37+00:00,6,"Performance,Regression,Window",0,0,2020-11,2020
38037,issue,closed,2020-11-24 12:40:34+00:00,2025-09-24 01:14:05+00:00,1764,"Bug,Datetime,Indexing,datetime.date",1,0,2020-11,2020
38036,issue,closed,2020-11-24 12:23:41+00:00,2020-11-24 17:15:14+00:00,0,"Usage Question,Needs Info",0,0,2020-11,2020
38033,issue,closed,2020-11-24 04:51:48+00:00,2020-12-02 03:04:37+00:00,7,"Needs Tests,Constructors",0,0,2020-11,2020
38032,issue,closed,2020-11-24 04:28:02+00:00,2020-12-12 23:23:56+00:00,18,"Bug,Timedelta,Constructors",1,0,2020-11,2020
38031,issue,closed,2020-11-24 04:09:08+00:00,2021-08-14 05:49:54+00:00,263,"Enhancement,Numeric Operations,Categorical,Needs Triage",0,0,2020-11,2020
38025,issue,closed,2020-11-23 20:44:06+00:00,2021-09-29 13:28:07+00:00,309,"Indexing,Missing-data,Needs Tests",0,0,2020-11,2020
38023,issue,closed,2020-11-23 19:34:04+00:00,2020-11-24 00:22:08+00:00,0,Build,0,0,2020-11,2020
38022,issue,closed,2020-11-23 19:28:22+00:00,2020-12-16 00:46:50+00:00,22,Code Style,0,0,2020-11,2020
38017,issue,closed,2020-11-23 14:01:16+00:00,2021-08-18 17:22:25+00:00,268,"Testing,ExtensionArray",0,0,2020-11,2020
38016,issue,closed,2020-11-23 13:01:03+00:00,2020-12-15 18:40:36+00:00,22,"Bug,Needs Info",1,0,2020-11,2020
38015,issue,closed,2020-11-23 07:42:01+00:00,2021-09-08 01:54:00+00:00,288,"Indexing,MultiIndex,Needs Tests",0,0,2020-11,2020
38000,issue,closed,2020-11-22 10:56:39+00:00,2020-12-17 16:54:23+00:00,25,"Docs,Needs Triage",0,0,2020-11,2020
37996,issue,closed,2020-11-22 04:55:33+00:00,2021-11-26 15:02:53+00:00,369,"Enhancement,Output-Formatting",0,0,2020-11,2020
37979,issue,closed,2020-11-20 18:01:26+00:00,2020-12-02 02:02:32+00:00,11,Typing,0,0,2020-11,2020
37978,issue,closed,2020-11-20 17:09:34+00:00,2020-11-20 17:32:11+00:00,0,Error Reporting,0,0,2020-11,2020
37976,issue,closed,2020-11-20 11:43:59+00:00,2020-11-20 16:08:29+00:00,0,"Groupby,Performance,Duplicate Report",0,0,2020-11,2020
37969,issue,closed,2020-11-20 01:46:10+00:00,2020-11-20 02:30:07+00:00,0,"Enhancement,Needs Triage",0,0,2020-11,2020
37967,issue,closed,2020-11-20 01:28:12+00:00,2020-12-12 23:31:26+00:00,22,"Bug,Visualization",1,0,2020-11,2020
37962,issue,closed,2020-11-19 22:05:11+00:00,2020-11-25 01:17:20+00:00,5,"Docs,Usage Question",0,0,2020-11,2020
37957,issue,closed,2020-11-19 15:44:36+00:00,2020-12-27 12:19:33+00:00,37,Code Style,0,0,2020-11,2020
37955,issue,closed,2020-11-19 11:27:49+00:00,2021-08-14 05:33:03+00:00,267,"Enhancement,Needs Triage",0,0,2020-11,2020
37954,issue,closed,2020-11-19 10:48:50+00:00,2020-12-02 12:10:26+00:00,13,"Bug,Indexing",1,0,2020-11,2020
37947,issue,closed,2020-11-18 22:28:14+00:00,2021-08-14 05:25:50+00:00,268,Dependencies,0,0,2020-11,2020
37942,issue,closed,2020-11-18 17:59:26+00:00,2020-11-20 09:38:14+00:00,1,"Bug,Visualization",1,0,2020-11,2020
37940,issue,closed,2020-11-18 16:18:27+00:00,2020-11-18 16:30:41+00:00,0,CI,0,0,2020-11,2020
37939,issue,closed,2020-11-18 16:08:07+00:00,2021-08-14 05:20:44+00:00,268,"Usage Question,Closing Candidate",0,0,2020-11,2020
37937,issue,closed,2020-11-18 15:09:48+00:00,2022-07-12 21:40:09+00:00,601,"Bug,Reshaping",1,0,2020-11,2020
37936,issue,closed,2020-11-18 10:03:55+00:00,2020-11-18 12:29:53+00:00,0,"Bug,Needs Triage",1,0,2020-11,2020
37935,issue,closed,2020-11-18 09:25:13+00:00,2022-06-03 16:48:26+00:00,562,"Missing-data,Dtype Conversions,Usage Question,IO JSON",0,0,2020-11,2020
37934,issue,closed,2020-11-18 08:39:37+00:00,2020-11-18 11:56:54+00:00,0,"Bug,Needs Triage",1,0,2020-11,2020
37929,issue,closed,2020-11-18 03:14:41+00:00,2023-02-26 18:58:21+00:00,830,"Enhancement,API Design,Categorical",0,0,2020-11,2020
37928,issue,closed,2020-11-18 02:14:57+00:00,2020-11-18 11:50:15+00:00,0,"Bug,Needs Triage",1,0,2020-11,2020
37925,issue,closed,2020-11-18 01:19:32+00:00,2020-11-18 01:22:04+00:00,0,"Bug,Needs Triage",1,0,2020-11,2020
37910,issue,closed,2020-11-17 08:49:49+00:00,2020-11-24 00:24:01+00:00,6,"Regression,ExtensionArray",0,0,2020-11,2020
37900,issue,closed,2020-11-16 21:33:21+00:00,2020-11-16 23:16:31+00:00,0,,0,0,2020-11,2020
37899,issue,closed,2020-11-16 20:21:10+00:00,2021-12-21 00:45:42+00:00,399,"Bug,Categorical,replace",1,0,2020-11,2020
37897,issue,closed,2020-11-16 18:18:42+00:00,2020-11-18 13:49:57+00:00,1,"Bug,IO Parquet",1,0,2020-11,2020
37896,issue,closed,2020-11-16 18:07:34+00:00,2020-11-18 13:55:53+00:00,1,"Usage Question,IO Parquet",0,0,2020-11,2020
37895,issue,closed,2020-11-16 17:55:46+00:00,2020-11-17 03:38:30+00:00,0,"Datetime,Duplicate Report,IO CSV",0,0,2020-11,2020
37893,issue,closed,2020-11-16 14:03:23+00:00,2023-05-02 01:05:11+00:00,896,"Bug,Dtype Conversions,Strings",1,0,2020-11,2020
37892,issue,closed,2020-11-16 09:36:53+00:00,2021-01-07 12:16:18+00:00,52,"Bug,IO Network,IO Parquet",1,0,2020-11,2020
37891,issue,closed,2020-11-16 09:02:25+00:00,2020-11-17 09:23:09+00:00,1,CI,0,0,2020-11,2020
37890,issue,closed,2020-11-16 08:19:36+00:00,2021-03-27 01:25:13+00:00,130,"Bug,Needs Info",1,0,2020-11,2020
37889,issue,closed,2020-11-16 08:18:47+00:00,2020-11-18 03:02:41+00:00,1,Bug,1,0,2020-11,2020
37888,issue,closed,2020-11-16 06:25:42+00:00,2020-11-17 02:28:11+00:00,0,"Bug,Needs Triage",1,0,2020-11,2020
37883,issue,closed,2020-11-16 02:16:17+00:00,2020-11-16 02:39:32+00:00,0,"Usage Question,DataFrame,Constructors",0,0,2020-11,2020
37882,issue,closed,2020-11-16 00:49:14+00:00,2023-03-29 21:45:31+00:00,863,"Docs,Index,Subclassing",0,0,2020-11,2020
37880,issue,closed,2020-11-15 23:42:46+00:00,2020-11-15 23:56:19+00:00,0,"Duplicate Report,Dependencies",0,0,2020-11,2020
37875,issue,closed,2020-11-15 21:29:59+00:00,2023-08-03 14:58:11+00:00,990,Docs,0,0,2020-11,2020
37866,issue,closed,2020-11-15 17:08:21+00:00,2021-01-10 23:40:49+00:00,56,"Duplicate Report,Typing,API - Consistency,Needs Triage",0,0,2020-11,2020
37863,issue,closed,2020-11-15 16:27:42+00:00,2020-12-17 13:50:58+00:00,31,"Bug,Needs Triage",1,0,2020-11,2020
37859,issue,closed,2020-11-15 02:48:48+00:00,2020-11-16 01:16:30+00:00,0,Usage Question,0,0,2020-11,2020
37850,issue,closed,2020-11-14 19:53:14+00:00,2026-03-18 22:48:48+00:00,1950,"Enhancement,Groupby,Performance,Reduction Operations",0,0,2020-11,2020
37833,issue,closed,2020-11-14 16:17:40+00:00,2020-11-19 02:07:37+00:00,4,"Performance,Regression",0,0,2020-11,2020
37831,issue,closed,2020-11-14 11:48:41+00:00,2020-11-14 13:49:54+00:00,0,"Bug,Duplicate Report,Needs Triage",1,0,2020-11,2020
37826,issue,closed,2020-11-14 02:35:19+00:00,2021-07-09 13:58:43+00:00,237,"CI,Dependencies",0,0,2020-11,2020
37821,issue,closed,2020-11-13 20:18:45+00:00,2020-11-26 15:36:26+00:00,12,"Bug,Docs,Groupby,Needs Triage",1,0,2020-11,2020
37820,issue,closed,2020-11-13 19:59:51+00:00,2020-11-26 22:38:05+00:00,13,"Bug,MultiIndex",1,0,2020-11,2020
37813,issue,closed,2020-11-13 15:53:33+00:00,2020-11-26 12:55:34+00:00,12,Docs,0,0,2020-11,2020
37810,issue,closed,2020-11-13 10:40:20+00:00,2020-11-13 13:56:41+00:00,0,"Bug,Indexing,Error Reporting,Needs Discussion",1,0,2020-11,2020
37804,issue,closed,2020-11-13 04:10:10+00:00,2020-12-22 14:02:49+00:00,39,"Enhancement,Resample",0,0,2020-11,2020
37800,issue,closed,2020-11-12 23:52:27+00:00,2026-03-25 16:41:35+00:00,1958,"Bug,Indexing,Series",1,0,2020-11,2020
37795,issue,closed,2020-11-12 22:28:41+00:00,2020-12-01 23:37:48+00:00,19,IO Excel,0,0,2020-11,2020
37793,issue,closed,2020-11-12 21:04:59+00:00,2020-12-15 17:52:05+00:00,32,"Usage Question,Needs Info,Window",0,0,2020-11,2020
37784,issue,closed,2020-11-12 10:09:04+00:00,2021-01-19 10:28:50+00:00,68,Release,0,0,2020-11,2020
37783,issue,closed,2020-11-12 08:08:45+00:00,2022-06-03 13:21:41+00:00,568,"Bug,IO JSON",1,0,2020-11,2020
37782,issue,closed,2020-11-12 08:05:31+00:00,2023-05-08 16:44:35+00:00,907,"Bug,IO JSON,Nested Data",1,0,2020-11,2020
37779,issue,closed,2020-11-12 03:38:36+00:00,2021-08-14 05:06:44+00:00,275,"Enhancement,ExtensionArray,NA - MaskedArrays,Needs Triage",0,0,2020-11,2020
37774,issue,closed,2020-11-11 23:38:09+00:00,2021-12-20 23:14:18+00:00,403,"Indexing,API Design,Needs Discussion",0,0,2020-11,2020
37768,issue,closed,2020-11-11 21:11:02+00:00,2020-11-26 15:36:26+00:00,14,"Bug,Docs,Resample",1,0,2020-11,2020
37766,issue,closed,2020-11-11 20:31:18+00:00,2020-11-12 10:25:17+00:00,0,"Testing,Duplicate Report,IO HTML",0,0,2020-11,2020
37765,issue,closed,2020-11-11 20:25:23+00:00,2021-01-01 22:53:50+00:00,51,CI,0,0,2020-11,2020
37763,issue,closed,2020-11-11 19:42:40+00:00,2020-11-26 18:08:12+00:00,14,"Bug,Indexing,Categorical",1,0,2020-11,2020
37759,issue,closed,2020-11-11 13:54:41+00:00,2021-02-07 15:31:16+00:00,88,"Enhancement,Needs Triage,Closing Candidate",0,0,2020-11,2020
37758,issue,closed,2020-11-11 10:57:26+00:00,2020-11-14 20:13:01+00:00,3,"Bug,Needs Triage",1,0,2020-11,2020
37757,issue,closed,2020-11-11 09:38:26+00:00,2020-11-16 11:54:33+00:00,5,"IO Data,Usage Question,IO CSV,Windows",0,0,2020-11,2020
37755,issue,closed,2020-11-11 08:34:09+00:00,2020-11-14 03:31:46+00:00,2,"Bug,Indexing,Regression,Series",1,0,2020-11,2020
37751,issue,closed,2020-11-11 02:30:15+00:00,2020-11-11 20:27:02+00:00,0,Community,0,0,2020-11,2020
37748,issue,closed,2020-11-10 20:13:59+00:00,2020-12-05 17:14:04+00:00,24,"Bug,Indexing",1,0,2020-11,2020
37743,issue,closed,2020-11-10 16:02:40+00:00,2020-11-10 19:18:00+00:00,0,"Bug,Needs Triage",1,0,2020-11,2020
37742,issue,closed,2020-11-10 14:09:25+00:00,2020-11-14 01:40:41+00:00,3,"Bug,Needs Triage",1,0,2020-11,2020
37737,issue,closed,2020-11-10 08:36:25+00:00,2024-03-02 21:36:26+00:00,1208,"Bug,Groupby,Apply,Nested Data",1,0,2020-11,2020
37725,issue,closed,2020-11-09 22:21:53+00:00,2020-11-11 02:36:21+00:00,1,"Enhancement,Groupby,Error Reporting",0,0,2020-11,2020
37715,issue,closed,2020-11-09 13:08:21+00:00,2023-11-21 17:48:29+00:00,1107,"Typing,Closing Candidate",0,0,2020-11,2020
37712,issue,closed,2020-11-09 09:28:04+00:00,2020-11-09 18:00:52+00:00,0,"Bug,Needs Triage",1,0,2020-11,2020
37711,issue,closed,2020-11-09 09:20:16+00:00,2020-11-14 16:51:58+00:00,5,"Bug,Indexing,Regression",1,0,2020-11,2020
37709,issue,closed,2020-11-09 02:17:57+00:00,2021-02-28 13:00:47+00:00,111,"Usage Question,Needs Info,Needs Triage",0,0,2020-11,2020
37708,issue,closed,2020-11-09 01:53:36+00:00,2020-11-09 02:54:31+00:00,0,"Bug,Needs Triage",1,0,2020-11,2020
37705,issue,closed,2020-11-08 20:47:34+00:00,2020-11-11 02:30:16+00:00,2,"Bug,IO HTML",1,0,2020-11,2020
37698,issue,closed,2020-11-08 07:56:26+00:00,2021-02-28 13:02:30+00:00,112,Needs Info,0,0,2020-11,2020
37693,issue,closed,2020-11-08 00:48:40+00:00,2021-02-06 00:06:56+00:00,89,"Usage Question,IO Stata,Closing Candidate",0,0,2020-11,2020
37692,issue,closed,2020-11-08 00:25:45+00:00,2022-01-03 22:29:22+00:00,421,"Indexing,Dtype Conversions,Needs Tests",0,0,2020-11,2020
37686,issue,closed,2020-11-07 16:53:24+00:00,2021-04-14 14:39:59+00:00,157,"Enhancement,Needs Triage",0,0,2020-11,2020
37682,issue,closed,2020-11-07 03:48:34+00:00,2020-12-29 18:09:25+00:00,52,"Bug,Series",1,0,2020-11,2020
37681,issue,closed,2020-11-07 03:41:39+00:00,2026-03-31 22:20:04+00:00,1970,"Bug,Missing-data,Categorical,Index,Nested Data",1,0,2020-11,2020
37668,issue,closed,2020-11-06 16:10:31+00:00,2020-11-08 03:00:20+00:00,1,"Testing,Visualization",0,0,2020-11,2020
37663,issue,closed,2020-11-06 12:40:35+00:00,2026-03-30 02:56:00+00:00,1969,"Bug,Numeric Operations,Closing Candidate",1,0,2020-11,2020
37654,issue,closed,2020-11-05 21:11:44+00:00,2022-04-18 00:55:26+00:00,528,"Enhancement,Timezones",0,0,2020-11,2020
37653,issue,closed,2020-11-05 17:25:11+00:00,2022-02-15 03:00:57+00:00,466,"Enhancement,CI,PyPy",0,0,2020-11,2020
37647,issue,closed,2020-11-05 13:44:06+00:00,2020-11-06 01:11:24+00:00,0,"Enhancement,Needs Triage",0,0,2020-11,2020
37646,issue,closed,2020-11-05 12:57:54+00:00,2020-11-05 14:14:15+00:00,0,,0,0,2020-11,2020
37643,issue,closed,2020-11-05 04:26:23+00:00,2022-10-29 01:42:22+00:00,722,"Bug,Categorical,Deprecate",1,0,2020-11,2020
37641,issue,closed,2020-11-05 03:48:46+00:00,2020-11-09 18:56:37+00:00,4,"Bug,Regression,Window",1,0,2020-11,2020
37635,issue,closed,2020-11-04 19:44:14+00:00,2020-11-14 02:21:09+00:00,9,"Bug,Reshaping",1,0,2020-11,2020
37631,issue,closed,2020-11-04 15:09:52+00:00,2020-11-09 00:38:08+00:00,4,"Regression,Categorical",0,0,2020-11,2020
37629,issue,closed,2020-11-04 14:24:38+00:00,2026-04-17 16:02:13+00:00,1990,"Bug,Indexing,Nested Data",1,0,2020-11,2020
37625,issue,closed,2020-11-04 09:57:27+00:00,2024-09-04 17:19:29+00:00,1400,"Enhancement,IO Excel,Needs Discussion",0,0,2020-11,2020
37622,issue,closed,2020-11-04 07:00:50+00:00,2023-05-02 01:02:05+00:00,908,"Bug,MultiIndex,Reduction Operations",1,0,2020-11,2020
37620,issue,closed,2020-11-04 01:21:27+00:00,2021-08-14 04:49:42+00:00,283,"Bug,Needs Triage",1,0,2020-11,2020
37615,issue,closed,2020-11-03 21:33:39+00:00,2021-02-07 16:42:08+00:00,95,"Bug,hashing,Needs Triage",1,0,2020-11,2020
37610,issue,closed,2020-11-03 18:35:51+00:00,2020-11-08 02:22:48+00:00,4,"Bug,Timezones",1,0,2020-11,2020
37609,issue,closed,2020-11-03 17:54:06+00:00,2020-12-02 23:31:30+00:00,29,"Bug,Testing,Dtype Conversions",1,0,2020-11,2020
37605,issue,closed,2020-11-03 16:22:21+00:00,2021-10-31 14:53:56+00:00,361,"Enhancement,Indexing,API Design,Timezones",0,0,2020-11,2020
37604,issue,closed,2020-11-03 15:32:42+00:00,2020-11-08 02:11:13+00:00,4,"Enhancement,Needs Triage",0,0,2020-11,2020
37600,issue,closed,2020-11-03 09:55:29+00:00,2023-05-11 01:01:50+00:00,918,"Enhancement,IO JSON,Warnings",0,0,2020-11,2020
37594,issue,closed,2020-11-02 18:07:35+00:00,2020-11-02 19:25:27+00:00,0,"Needs Discussion,API - Consistency",0,0,2020-11,2020
37593,issue,closed,2020-11-02 16:40:39+00:00,2020-11-19 00:22:07+00:00,16,"Bug,Indexing",1,0,2020-11,2020
37577,issue,closed,2020-11-02 08:19:05+00:00,2020-11-05 15:40:49+00:00,3,Docs,0,0,2020-11,2020
37576,issue,closed,2020-11-02 07:45:03+00:00,2020-11-03 13:30:38+00:00,1,"Usage Question,Needs Triage",0,0,2020-11,2020
37574,issue,closed,2020-11-02 03:38:08+00:00,2021-08-14 04:43:28+00:00,285,"Bug,Needs Triage,Reduction Operations",1,0,2020-11,2020
37572,issue,closed,2020-11-01 23:42:08+00:00,2020-11-02 00:20:03+00:00,0,"Indexing,Usage Question",0,0,2020-11,2020
37566,issue,closed,2020-11-01 21:47:38+00:00,2020-11-10 23:41:47+00:00,9,"Bug,Missing-data",1,0,2020-11,2020
37558,issue,closed,2020-11-01 14:35:20+00:00,2021-05-31 13:12:51+00:00,210,"Enhancement,Reshaping,Closing Candidate",0,0,2020-11,2020
37554,issue,closed,2020-11-01 05:19:19+00:00,2022-03-13 18:36:50+00:00,497,"Enhancement,Reshaping,ExtensionArray,Closing Candidate",0,0,2020-11,2020
37553,issue,closed,2020-11-01 04:55:49+00:00,2021-08-31 23:32:33+00:00,303,"Timezones,ExtensionArray,Needs Tests,NA - MaskedArrays",0,0,2020-11,2020
37550,issue,closed,2020-10-31 23:21:20+00:00,2021-12-13 16:53:41+00:00,407,"Bug,Indexing,Dtype Conversions",1,0,2020-10,2020
37544,issue,closed,2020-10-31 20:56:10+00:00,2020-11-04 23:47:59+00:00,4,"Bug,Apply",1,0,2020-10,2020
37535,issue,closed,2020-10-31 14:21:07+00:00,2021-10-30 14:10:06+00:00,363,"CI,Windows,Window",0,0,2020-10,2020
37526,issue,closed,2020-10-30 21:44:17+00:00,2020-10-30 21:48:16+00:00,0,"Testing,Duplicate Report",0,0,2020-10,2020
37519,issue,closed,2020-10-30 12:42:12+00:00,2020-11-02 00:42:21+00:00,2,"Bug,Reshaping",1,0,2020-10,2020
37518,issue,closed,2020-10-30 11:16:31+00:00,2021-02-11 03:12:25+00:00,103,"Enhancement,Needs Triage",0,0,2020-10,2020
37510,issue,closed,2020-10-30 02:38:29+00:00,2020-12-31 19:11:28+00:00,62,"Bug,Reshaping,MultiIndex",1,0,2020-10,2020
37506,issue,closed,2020-10-29 23:36:28+00:00,2021-04-13 17:12:16+00:00,165,"Enhancement,Groupby,Missing-data,NA - MaskedArrays",0,0,2020-10,2020
37505,issue,closed,2020-10-29 23:36:22+00:00,2026-04-29 21:08:30+00:00,2007,"Refactor,Groupby,Resample,Clean",0,0,2020-10,2020
37501,issue,closed,2020-10-29 21:58:48+00:00,2021-06-21 16:59:23+00:00,234,"Bug,Groupby,Missing-data",1,0,2020-10,2020
37494,issue,closed,2020-10-29 19:29:51+00:00,2025-05-10 15:01:43+00:00,1653,"Enhancement,Groupby,ExtensionArray,NA - MaskedArrays,Closing Candidate",0,0,2020-10,2020
37493,issue,closed,2020-10-29 19:23:02+00:00,2022-09-19 23:18:16+00:00,690,"Enhancement,Groupby,NA - MaskedArrays",0,0,2020-10,2020
37491,issue,closed,2020-10-29 17:33:34+00:00,2024-02-08 23:26:33+00:00,1197,"Dtype Conversions,Needs Tests,Reduction Operations",0,0,2020-10,2020
37490,issue,closed,2020-10-29 17:13:45+00:00,2020-11-10 03:38:45+00:00,11,"Bug,Docs,IO Stata,Closing Candidate",1,0,2020-10,2020
37489,issue,closed,2020-10-29 16:45:08+00:00,2021-02-28 13:04:44+00:00,121,"Bug,Needs Info,Typing",1,0,2020-10,2020
37486,issue,closed,2020-10-29 15:31:16+00:00,2020-12-05 17:14:05+00:00,37,"Bug,Indexing",1,0,2020-10,2020
37485,issue,closed,2020-10-29 15:28:25+00:00,2021-11-13 00:49:04+00:00,379,"Bug,Frequency,Timezones",1,0,2020-10,2020
37484,issue,closed,2020-10-29 13:55:08+00:00,2021-12-17 14:19:32+00:00,414,"Performance,IO CSV",0,0,2020-10,2020
37483,issue,closed,2020-10-29 13:31:56+00:00,2021-08-14 04:08:41+00:00,288,"Bug,Needs Triage",1,0,2020-10,2020
37482,issue,closed,2020-10-29 13:21:15+00:00,2021-01-05 04:57:34+00:00,67,"Enhancement,Needs Triage",0,0,2020-10,2020
37480,issue,closed,2020-10-29 01:59:25+00:00,2026-01-15 21:43:45+00:00,1904,"Bug,Reshaping,Categorical,Needs Tests",1,0,2020-10,2020
37478,issue,closed,2020-10-29 00:36:41+00:00,2020-11-02 13:43:42+00:00,4,"Enhancement,Testing",0,0,2020-10,2020
37477,issue,closed,2020-10-28 23:53:44+00:00,2022-01-03 22:29:21+00:00,431,"Bug,Indexing,Dtype Conversions",1,0,2020-10,2020
37465,issue,closed,2020-10-28 10:31:34+00:00,2020-10-31 15:16:56+00:00,3,"Bug,Reshaping,Regression,Categorical",1,0,2020-10,2020
37464,issue,closed,2020-10-28 10:06:04+00:00,2020-10-28 16:48:46+00:00,0,Duplicate Report,0,0,2020-10,2020
37462,issue,closed,2020-10-28 07:46:09+00:00,2020-12-03 14:19:35+00:00,36,"Performance,Regression",0,0,2020-10,2020
37460,issue,closed,2020-10-28 05:42:47+00:00,2023-12-01 19:34:50+00:00,1129,"Enhancement,Dtype Conversions,Needs Discussion,NA - MaskedArrays",0,0,2020-10,2020
37454,issue,closed,2020-10-27 22:43:56+00:00,2020-11-18 00:55:36+00:00,21,"Bug,Visualization",1,0,2020-10,2020
37448,issue,closed,2020-10-27 13:23:34+00:00,2020-10-30 19:57:22+00:00,3,"Bug,Numeric Operations",1,0,2020-10,2020
37447,issue,closed,2020-10-27 13:08:40+00:00,2020-10-28 15:38:22+00:00,1,"IO Data,IO CSV",0,0,2020-10,2020
37443,issue,closed,2020-10-27 10:51:00+00:00,2021-07-28 01:15:43+00:00,273,"Enhancement,IO LaTeX,Styler,Closing Candidate",0,0,2020-10,2020
37442,issue,closed,2020-10-27 10:42:48+00:00,2020-11-04 09:50:28+00:00,7,"Bug,Needs Triage",1,0,2020-10,2020
37441,issue,closed,2020-10-27 09:47:48+00:00,2023-01-16 19:21:08+00:00,811,"Performance,IO HDF5",0,0,2020-10,2020
37438,issue,closed,2020-10-27 08:00:06+00:00,2020-10-27 08:18:44+00:00,0,,0,0,2020-10,2020
37429,issue,closed,2020-10-26 21:21:09+00:00,2021-08-13 05:27:03+00:00,290,"Bug,Needs Triage",1,0,2020-10,2020
37427,issue,closed,2020-10-26 19:33:28+00:00,2020-10-30 08:14:54+00:00,3,"Indexing,Regression",0,0,2020-10,2020
37415,issue,closed,2020-10-26 11:11:43+00:00,2020-10-27 12:38:14+00:00,1,"Groupby,Regression,NA - MaskedArrays",0,0,2020-10,2020
37414,issue,closed,2020-10-26 10:21:25+00:00,2021-10-14 10:11:29+00:00,352,"Bug,Unicode,IO CSV",1,0,2020-10,2020
37413,issue,closed,2020-10-26 08:14:27+00:00,2020-10-26 16:29:24+00:00,0,"Indexing,Usage Question",0,0,2020-10,2020
37408,issue,closed,2020-10-25 23:59:09+00:00,2020-10-26 07:23:42+00:00,0,Duplicate Report,0,0,2020-10,2020
37399,issue,closed,2020-10-25 09:50:24+00:00,2020-10-25 20:08:26+00:00,0,Duplicate Report,0,0,2020-10,2020
37397,issue,closed,2020-10-25 08:44:41+00:00,2020-10-31 15:13:57+00:00,6,Release,0,0,2020-10,2020
37385,issue,closed,2020-10-24 17:17:16+00:00,2020-10-24 17:18:34+00:00,0,"Bug,Needs Triage",1,0,2020-10,2020
37378,issue,closed,2020-10-24 10:11:08+00:00,2020-10-31 21:39:52+00:00,7,"Docs,Needs Triage",0,0,2020-10,2020
37366,issue,closed,2020-10-23 18:31:15+00:00,2021-05-11 20:06:12+00:00,200,"Bug,Datetime",1,0,2020-10,2020
37359,issue,closed,2020-10-23 08:50:45+00:00,2020-11-13 05:45:48+00:00,20,"Output-Formatting,Regression,Blocker",0,0,2020-10,2020
37358,issue,closed,2020-10-23 07:18:58+00:00,2020-11-10 09:42:07+00:00,18,Docs,0,0,2020-10,2020
37350,issue,closed,2020-10-22 21:54:58+00:00,2020-10-31 01:21:06+00:00,8,"Error Reporting,Needs Discussion",0,0,2020-10,2020
37348,issue,closed,2020-10-22 20:14:04+00:00,2021-10-16 14:46:40+00:00,358,"Dtype Conversions,Needs Tests",0,0,2020-10,2020
37343,issue,closed,2020-10-22 17:43:41+00:00,2020-11-04 13:22:55+00:00,12,"Groupby,Regression,metadata",0,0,2020-10,2020
37338,issue,closed,2020-10-22 11:46:37+00:00,2020-10-22 19:36:11+00:00,0,Duplicate Report,0,0,2020-10,2020
37334,issue,closed,2020-10-22 08:38:06+00:00,2020-10-22 09:15:39+00:00,0,Code Style,0,0,2020-10,2020
37333,issue,closed,2020-10-22 07:51:16+00:00,2024-08-26 18:55:24+00:00,1404,"Bug,Warnings,Copy / view semantics",1,0,2020-10,2020
37328,issue,closed,2020-10-22 01:54:16+00:00,2020-10-28 12:04:57+00:00,6,"Unreliable Test,expressions",0,0,2020-10,2020
37323,issue,closed,2020-10-21 22:27:03+00:00,2020-10-22 00:26:27+00:00,0,"Bug,Groupby,Missing-data",1,0,2020-10,2020
37318,issue,closed,2020-10-21 17:42:21+00:00,2020-10-21 19:58:55+00:00,0,"Usage Question,metadata",0,0,2020-10,2020
37316,issue,closed,2020-10-21 17:16:06+00:00,2020-10-22 00:11:03+00:00,0,Docs,0,0,2020-10,2020
37312,issue,closed,2020-10-21 14:41:31+00:00,2020-11-04 13:43:47+00:00,13,Bug,1,0,2020-10,2020
37309,issue,closed,2020-10-21 12:29:53+00:00,2020-11-26 14:00:37+00:00,36,CI,0,0,2020-10,2020
37306,issue,closed,2020-10-21 10:54:21+00:00,2020-11-14 02:22:23+00:00,23,CI,0,0,2020-10,2020
37301,issue,closed,2020-10-21 06:12:24+00:00,2020-10-21 10:27:59+00:00,0,"Enhancement,Timedelta",0,0,2020-10,2020
37295,issue,closed,2020-10-21 00:01:32+00:00,2020-11-13 04:40:04+00:00,23,"Datetime,Regression",0,0,2020-10,2020
37294,issue,closed,2020-10-20 23:24:16+00:00,2023-01-10 08:27:04+00:00,811,"Enhancement,Strings,NA - MaskedArrays",0,0,2020-10,2020
37292,issue,closed,2020-10-20 22:35:26+00:00,2020-10-20 23:48:50+00:00,0,"Usage Question,IO CSV",0,0,2020-10,2020
37290,issue,closed,2020-10-20 21:51:36+00:00,2020-10-27 22:09:06+00:00,7,"Regression,Algos",0,0,2020-10,2020
37287,issue,closed,2020-10-20 21:03:42+00:00,2020-10-21 10:25:06+00:00,0,"Dtype Conversions,Usage Question",0,0,2020-10,2020
37286,issue,closed,2020-10-20 20:46:03+00:00,2026-04-10 08:55:38+00:00,1997,"Dependencies,IO Parquet",0,0,2020-10,2020
37280,issue,closed,2020-10-20 18:00:15+00:00,2020-10-23 12:15:12+00:00,2,"Bug,Regression,IO Stata",1,0,2020-10,2020
37276,issue,closed,2020-10-20 12:54:52+00:00,2021-03-17 19:13:26+00:00,148,"Usage Question,Needs Triage",0,0,2020-10,2020
37275,issue,closed,2020-10-20 12:53:40+00:00,2022-02-03 02:03:10+00:00,470,"Groupby,Categorical,Needs Tests",0,0,2020-10,2020
37273,issue,closed,2020-10-20 10:11:33+00:00,2021-08-13 05:09:01+00:00,296,"Bug,Needs Triage",1,0,2020-10,2020
37272,issue,closed,2020-10-20 09:06:23+00:00,2020-10-25 17:47:53+00:00,5,"Docs,Needs Triage",0,0,2020-10,2020
37267,issue,closed,2020-10-19 22:39:36+00:00,2020-10-22 00:08:33+00:00,2,"Regression,Frequency",0,0,2020-10,2020
37265,issue,closed,2020-10-19 20:51:13+00:00,2020-10-20 16:50:01+00:00,0,"Dtype Conversions,Regression",0,0,2020-10,2020
37264,issue,closed,2020-10-19 20:24:12+00:00,2020-11-04 13:43:47+00:00,15,"Bug,Needs Triage",1,0,2020-10,2020
37262,issue,closed,2020-10-19 18:20:34+00:00,2020-10-20 23:10:11+00:00,1,"Bug,Strings,NA - MaskedArrays",1,0,2020-10,2020
37261,issue,closed,2020-10-19 18:14:58+00:00,2020-10-20 16:51:01+00:00,0,"Enhancement,Testing,Needs Triage",0,0,2020-10,2020
37260,issue,closed,2020-10-19 18:11:22+00:00,2021-08-13 07:23:06+00:00,297,"Bug,NA - MaskedArrays",1,0,2020-10,2020
37252,issue,closed,2020-10-19 15:31:03+00:00,2020-10-19 18:36:39+00:00,0,Docs,0,0,2020-10,2020
37250,issue,closed,2020-10-19 14:23:38+00:00,2020-10-19 15:09:33+00:00,0,"Bug,Needs Triage",1,0,2020-10,2020
37248,issue,closed,2020-10-19 14:13:03+00:00,2020-10-24 07:27:52+00:00,4,Docs,0,0,2020-10,2020
37247,issue,closed,2020-10-19 14:09:52+00:00,2020-10-20 00:35:16+00:00,0,Docs,0,0,2020-10,2020
37245,issue,closed,2020-10-19 13:28:55+00:00,2020-10-20 00:51:57+00:00,0,"Indexing,Regression",0,0,2020-10,2020
37244,issue,closed,2020-10-19 13:19:31+00:00,2020-12-27 23:54:12+00:00,69,"Needs Info,Window",0,0,2020-10,2020
37243,issue,closed,2020-10-19 13:00:21+00:00,2020-10-28 12:04:16+00:00,8,Testing,0,0,2020-10,2020
37242,issue,closed,2020-10-19 11:51:49+00:00,2021-12-29 14:23:33+00:00,436,CI,0,0,2020-10,2020
37239,issue,closed,2020-10-19 09:04:18+00:00,2020-12-23 11:58:25+00:00,65,"Docs,Upstream issue",0,0,2020-10,2020
37237,issue,closed,2020-10-19 04:08:42+00:00,2020-10-21 18:28:26+00:00,2,"Docs,Period",0,0,2020-10,2020
37222,issue,closed,2020-10-18 16:56:56+00:00,2022-11-07 18:09:46+00:00,750,"Bug,Indexing,MultiIndex",1,0,2020-10,2020
37220,issue,closed,2020-10-18 13:52:48+00:00,2020-10-27 12:51:13+00:00,8,"Regression,MultiIndex",0,0,2020-10,2020
37218,issue,closed,2020-10-18 12:44:37+00:00,2020-10-30 22:45:57+00:00,12,"Bug,Indexing,Dtype Conversions",1,0,2020-10,2020
37217,issue,closed,2020-10-18 12:27:16+00:00,2020-11-28 17:49:46+00:00,41,"Bug,IO HDF5,Closing Candidate",1,0,2020-10,2020
37216,issue,closed,2020-10-18 08:27:53+00:00,2020-10-19 02:23:55+00:00,0,"Bug,Needs Triage",1,0,2020-10,2020
37213,issue,closed,2020-10-18 00:53:38+00:00,2020-10-22 23:31:02+00:00,4,"Usage Question,Index",0,0,2020-10,2020
37210,issue,closed,2020-10-17 22:39:28+00:00,2025-02-19 17:07:34+00:00,1585,"Enhancement,IO SQL,Needs Discussion",0,0,2020-10,2020
37200,issue,closed,2020-10-17 16:24:30+00:00,2020-10-17 18:36:33+00:00,0,"Docs,IO Excel",0,0,2020-10,2020
37197,issue,closed,2020-10-17 15:43:55+00:00,2020-10-19 07:24:23+00:00,1,"Usage Question,Needs Triage",0,0,2020-10,2020
37187,issue,closed,2020-10-17 03:47:13+00:00,2021-01-27 12:11:25+00:00,102,"Usage Question,Needs Info",0,0,2020-10,2020
37178,issue,closed,2020-10-16 22:44:52+00:00,2020-11-11 20:44:17+00:00,25,"Visualization,Warnings",0,0,2020-10,2020
37175,issue,closed,2020-10-16 21:48:10+00:00,2020-10-17 16:00:53+00:00,0,Docs,0,0,2020-10,2020
37174,issue,closed,2020-10-16 21:42:35+00:00,2020-10-17 17:04:02+00:00,0,"Bug,Algos",1,0,2020-10,2020
37172,issue,closed,2020-10-16 21:28:08+00:00,2021-02-10 23:15:25+00:00,117,"Bug,Timedelta",1,0,2020-10,2020
37169,issue,closed,2020-10-16 20:30:29+00:00,2021-11-22 15:31:49+00:00,401,CI,0,0,2020-10,2020
37167,issue,closed,2020-10-16 19:21:46+00:00,2022-01-05 19:36:10+00:00,446,"Bug,Visualization",1,0,2020-10,2020
37158,issue,closed,2020-10-16 08:48:11+00:00,2020-11-17 04:24:27+00:00,31,Bug,1,0,2020-10,2020
37157,issue,closed,2020-10-16 08:27:57+00:00,2020-12-22 13:57:17+00:00,67,"Bug,IO SQL",1,0,2020-10,2020
37153,issue,closed,2020-10-16 03:48:16+00:00,2020-10-30 23:11:48+00:00,14,"Bug,Window",1,0,2020-10,2020
37151,issue,closed,2020-10-15 23:53:04+00:00,2020-10-26 12:06:46+00:00,10,"Bug,API Design,Reduction Operations",1,0,2020-10,2020
37141,issue,closed,2020-10-15 17:14:05+00:00,2020-10-16 08:36:26+00:00,0,Window,0,0,2020-10,2020
37139,issue,closed,2020-10-15 15:03:02+00:00,2023-11-21 17:48:52+00:00,1132,"Groupby,Performance,Closing Candidate",0,0,2020-10,2020
37135,issue,closed,2020-10-15 12:28:50+00:00,2020-10-16 19:25:29+00:00,1,Build,0,0,2020-10,2020
37134,issue,closed,2020-10-15 11:20:19+00:00,2021-01-11 17:07:01+00:00,88,"Needs Discussion,Typing",0,0,2020-10,2020
37133,issue,closed,2020-10-15 10:20:32+00:00,2020-10-16 01:08:05+00:00,0,Code Style,0,0,2020-10,2020
37127,issue,closed,2020-10-15 03:43:51+00:00,2021-08-13 04:47:33+00:00,302,"Enhancement,Needs Triage",0,0,2020-10,2020
37123,issue,closed,2020-10-14 20:29:42+00:00,2020-10-15 16:22:28+00:00,0,Code Style,0,0,2020-10,2020
37121,issue,closed,2020-10-14 19:25:19+00:00,2020-10-16 15:21:22+00:00,1,,0,0,2020-10,2020
37119,issue,closed,2020-10-14 18:48:04+00:00,2023-03-13 19:39:02+00:00,880,"Needs Discussion,Dependencies,Typing",0,0,2020-10,2020
37115,issue,closed,2020-10-14 13:59:55+00:00,2020-12-02 23:30:04+00:00,49,"Reshaping,Regression",0,0,2020-10,2020
37113,issue,closed,2020-10-14 12:26:04+00:00,2020-10-14 14:41:19+00:00,0,"Bug,Needs Triage",1,0,2020-10,2020
37105,issue,closed,2020-10-13 18:33:08+00:00,2020-10-21 19:14:04+00:00,8,"Enhancement,Needs Discussion,IO Parquet,API - Consistency",0,0,2020-10,2020
37104,issue,closed,2020-10-13 17:19:20+00:00,2021-01-10 09:38:04+00:00,88,Typing,0,0,2020-10,2020
37098,issue,closed,2020-10-13 13:19:54+00:00,2021-08-13 04:33:25+00:00,303,"Enhancement,Needs Triage",0,0,2020-10,2020
37095,issue,closed,2020-10-13 07:30:58+00:00,2020-10-16 01:30:55+00:00,2,"CI,Code Style",0,0,2020-10,2020
37094,issue,closed,2020-10-13 07:22:20+00:00,2020-10-30 10:51:28+00:00,17,"Regression,Algos",0,0,2020-10,2020
37093,issue,closed,2020-10-13 07:09:16+00:00,2024-03-28 17:58:53+00:00,1262,"Groupby,Apply,Needs Tests",0,0,2020-10,2020
37085,issue,closed,2020-10-12 20:14:22+00:00,2020-10-13 16:33:47+00:00,0,"API Design,API - Consistency",0,0,2020-10,2020
37084,issue,closed,2020-10-12 18:01:22+00:00,2021-03-27 01:00:11+00:00,165,"IO Data,Needs Info",0,0,2020-10,2020
37081,issue,closed,2020-10-12 14:49:31+00:00,2020-11-08 03:01:28+00:00,26,"Performance,Regression",0,0,2020-10,2020
37080,issue,closed,2020-10-12 14:27:33+00:00,2025-07-22 16:03:24+00:00,1744,Deprecate,0,0,2020-10,2020
37077,issue,closed,2020-10-12 14:06:35+00:00,2020-10-14 19:42:10+00:00,2,Community,0,0,2020-10,2020
37075,issue,closed,2020-10-12 11:11:05+00:00,2020-10-13 07:33:56+00:00,0,Docs,0,0,2020-10,2020
37074,issue,closed,2020-10-12 10:57:32+00:00,2020-10-12 11:53:52+00:00,0,"Bug,Needs Triage",1,0,2020-10,2020
37071,issue,closed,2020-10-12 05:27:32+00:00,2020-10-13 04:49:52+00:00,0,Usage Question,0,0,2020-10,2020
37067,issue,closed,2020-10-12 03:44:39+00:00,2021-01-21 14:51:21+00:00,101,"Testing,CI,Unreliable Test",0,0,2020-10,2020
37062,issue,closed,2020-10-11 22:01:00+00:00,2020-12-11 23:04:19+00:00,61,"Enhancement,MultiIndex,Needs Triage",0,0,2020-10,2020
37057,issue,closed,2020-10-11 17:45:43+00:00,2020-10-11 20:12:30+00:00,0,"Bug,Needs Triage",1,0,2020-10,2020
37053,issue,closed,2020-10-11 14:50:31+00:00,2020-10-30 13:22:51+00:00,18,"Testing,Clean",0,0,2020-10,2020
37051,issue,closed,2020-10-11 07:38:15+00:00,2021-03-21 21:06:58+00:00,161,"Docs,Needs Discussion,Window",0,0,2020-10,2020
37031,issue,closed,2020-10-10 14:54:54+00:00,2023-05-02 01:00:25+00:00,933,Performance,0,0,2020-10,2020
37028,issue,closed,2020-10-10 11:26:55+00:00,2020-10-10 11:48:38+00:00,0,"Bug,Needs Triage",1,0,2020-10,2020
37022,issue,closed,2020-10-10 06:27:45+00:00,2023-03-11 21:38:35+00:00,882,"Performance,Window",0,0,2020-10,2020
37020,issue,closed,2020-10-10 03:14:27+00:00,2020-10-10 15:08:00+00:00,0,Enhancement,0,0,2020-10,2020
37012,issue,closed,2020-10-09 19:51:01+00:00,2020-10-10 07:40:52+00:00,0,Docs,0,0,2020-10,2020
37011,issue,closed,2020-10-09 19:32:16+00:00,2020-10-09 21:32:52+00:00,0,"Regression,Copy / view semantics",0,0,2020-10,2020
37001,issue,closed,2020-10-09 11:14:05+00:00,2020-10-14 17:54:11+00:00,5,"Enhancement,Visualization",0,0,2020-10,2020
37000,issue,closed,2020-10-09 07:40:53+00:00,2020-10-09 11:39:23+00:00,0,"Bug,Needs Triage",1,0,2020-10,2020
36991,issue,closed,2020-10-08 20:31:37+00:00,2021-03-10 13:55:50+00:00,152,"Bug,Reshaping,Categorical",1,0,2020-10,2020
36986,issue,closed,2020-10-08 18:53:08+00:00,2020-10-08 22:01:44+00:00,0,"Bug,Missing-data,ExtensionArray",1,0,2020-10,2020
36984,issue,closed,2020-10-08 17:41:41+00:00,2021-12-29 15:35:59+00:00,446,"Docs,replace",0,0,2020-10,2020
36983,issue,closed,2020-10-08 15:27:56+00:00,2020-10-10 21:15:42+00:00,2,,0,0,2020-10,2020
36980,issue,closed,2020-10-08 12:33:43+00:00,2020-11-04 04:09:17+00:00,26,"Bug,IO CSV",1,0,2020-10,2020
36977,issue,closed,2020-10-08 11:01:20+00:00,2020-10-08 15:30:38+00:00,0,Usage Question,0,0,2020-10,2020
36976,issue,closed,2020-10-08 10:45:44+00:00,2020-10-08 13:34:08+00:00,0,"Bug,Needs Triage",1,0,2020-10,2020
36975,issue,closed,2020-10-08 09:58:38+00:00,2020-10-08 13:31:22+00:00,0,"Bug,Needs Triage",1,0,2020-10,2020
36973,issue,closed,2020-10-08 08:03:50+00:00,2021-09-07 14:11:56+00:00,334,"Reshaping,MultiIndex,Categorical,Needs Tests",0,0,2020-10,2020
36972,issue,closed,2020-10-08 07:28:24+00:00,2020-10-10 22:33:15+00:00,2,"Testing,Visualization",0,0,2020-10,2020
36970,issue,closed,2020-10-08 05:59:57+00:00,2020-10-11 19:38:46+00:00,3,Docs,0,0,2020-10,2020
36963,issue,closed,2020-10-07 23:27:51+00:00,2020-10-08 00:08:06+00:00,0,"Bug,Needs Triage",1,0,2020-10,2020
36956,issue,closed,2020-10-07 18:41:22+00:00,2021-07-16 11:22:55+00:00,281,Code Style,0,0,2020-10,2020
36953,issue,closed,2020-10-07 18:04:29+00:00,2020-10-26 14:51:58+00:00,18,"Datetime,Indexing,Regression",0,0,2020-10,2020
36951,issue,closed,2020-10-07 17:54:35+00:00,2020-10-20 01:30:23+00:00,12,"Regression,Resample,Apply",0,0,2020-10,2020
36948,issue,closed,2020-10-07 17:49:13+00:00,2020-10-09 13:32:56+00:00,1,"Bug,Regression,Apply",1,0,2020-10,2020
36947,issue,closed,2020-10-07 17:13:32+00:00,2020-10-08 14:16:47+00:00,0,"Usage Question,Needs Triage",0,0,2020-10,2020
36944,issue,closed,2020-10-07 16:24:25+00:00,2021-09-06 19:45:57+00:00,334,"Enhancement,Strings",0,0,2020-10,2020
36940,issue,closed,2020-10-07 12:38:06+00:00,2020-10-08 21:10:10+00:00,1,"Datetime,Regression",0,0,2020-10,2020
36936,issue,closed,2020-10-07 06:32:33+00:00,2020-12-28 16:41:47+00:00,82,"Indexing,Needs Tests",0,0,2020-10,2020
36928,issue,closed,2020-10-06 21:59:28+00:00,2020-10-10 17:45:01+00:00,3,"Regression,IO CSV",0,0,2020-10,2020
36926,issue,closed,2020-10-06 19:29:36+00:00,2023-05-02 00:59:36+00:00,937,"Bug,IO SQL",1,0,2020-10,2020
36922,issue,closed,2020-10-06 18:01:16+00:00,2020-10-06 23:04:34+00:00,0,Docs,0,0,2020-10,2020
36918,issue,closed,2020-10-06 16:32:21+00:00,2022-01-24 21:29:53+00:00,475,"Bug,Visualization",1,0,2020-10,2020
36916,issue,closed,2020-10-06 14:02:32+00:00,2021-03-25 11:54:11+00:00,169,"Enhancement,Needs Triage",0,0,2020-10,2020
36915,issue,closed,2020-10-06 13:48:54+00:00,2020-11-29 17:21:53+00:00,54,"Regression,MultiIndex",0,0,2020-10,2020
36914,issue,closed,2020-10-06 12:36:56+00:00,2020-10-06 12:38:42+00:00,0,"Bug,Needs Triage",1,0,2020-10,2020
36912,issue,closed,2020-10-06 08:59:12+00:00,2021-08-23 08:34:11+00:00,320,"Enhancement,IO JSON,Closing Candidate",0,0,2020-10,2020
36910,issue,closed,2020-10-06 05:37:57+00:00,2020-10-23 00:20:33+00:00,16,"Bug,Reshaping,MultiIndex",1,0,2020-10,2020
36909,issue,closed,2020-10-06 05:20:33+00:00,2021-01-03 22:22:53+00:00,89,"Bug,Reshaping",1,0,2020-10,2020
36907,issue,closed,2020-10-06 01:38:12+00:00,2020-10-29 01:06:25+00:00,22,"Bug,Reduction Operations",1,0,2020-10,2020
36904,issue,closed,2020-10-06 00:39:53+00:00,2020-10-10 18:24:59+00:00,4,"Regression,Strings",0,0,2020-10,2020
36895,issue,closed,2020-10-05 18:31:47+00:00,2020-11-03 13:30:04+00:00,28,"Reshaping,Regression",0,0,2020-10,2020
36890,issue,closed,2020-10-05 13:55:26+00:00,2021-08-13 04:01:25+00:00,311,"Enhancement,Reshaping",0,0,2020-10,2020
36889,issue,closed,2020-10-05 13:48:19+00:00,2020-10-09 00:46:15+00:00,3,"Bug,Regression,Window",1,0,2020-10,2020
36888,issue,closed,2020-10-05 13:19:25+00:00,2020-10-10 22:55:57+00:00,5,"Bug,IO JSON",1,0,2020-10,2020
36881,issue,closed,2020-10-05 09:46:37+00:00,2020-10-05 09:57:08+00:00,0,"Usage Question,Needs Triage",0,0,2020-10,2020
36880,issue,closed,2020-10-05 09:32:57+00:00,2020-10-08 14:15:12+00:00,3,"Bug,Needs Triage",1,0,2020-10,2020
36879,issue,closed,2020-10-05 08:09:45+00:00,2020-10-05 10:15:12+00:00,0,Code Style,0,0,2020-10,2020
36874,issue,closed,2020-10-05 03:49:00+00:00,2020-10-16 01:32:19+00:00,10,"Docs,Needs Triage",0,0,2020-10,2020
36868,issue,closed,2020-10-04 19:02:50+00:00,2020-10-17 13:13:31+00:00,12,"Usage Question,Needs Triage",0,0,2020-10,2020
36866,issue,closed,2020-10-04 18:40:45+00:00,2020-10-04 18:44:32+00:00,0,"Bug,Needs Triage",1,0,2020-10,2020
36860,issue,closed,2020-10-04 16:33:11+00:00,2020-10-08 21:13:31+00:00,4,"Performance,CI,Benchmark",0,0,2020-10,2020
36855,issue,closed,2020-10-04 08:36:33+00:00,2020-10-07 09:00:17+00:00,3,"Reshaping,Needs Tests",0,0,2020-10,2020
36850,issue,closed,2020-10-04 05:00:52+00:00,2020-11-29 18:06:24+00:00,56,"Docs,Index",0,0,2020-10,2020
36837,issue,closed,2020-10-03 17:10:12+00:00,2021-02-28 12:22:32+00:00,147,Community,0,0,2020-10,2020
36830,issue,closed,2020-10-03 10:50:58+00:00,2020-10-03 12:17:15+00:00,0,"Usage Question,Needs Triage",0,0,2020-10,2020
36828,issue,closed,2020-10-03 10:38:17+00:00,2021-08-13 03:56:33+00:00,313,"Bug,IO CSV,IO Network",1,0,2020-10,2020
36807,issue,closed,2020-10-02 14:38:52+00:00,2020-10-02 23:28:26+00:00,0,"Enhancement,IO Data,Duplicate Report",0,0,2020-10,2020
36805,issue,closed,2020-10-02 13:48:42+00:00,2020-11-25 20:59:23+00:00,54,"Docs,API - Consistency,Needs Triage",0,0,2020-10,2020
36798,issue,closed,2020-10-02 00:17:24+00:00,2020-10-02 00:21:10+00:00,0,Duplicate Report,0,0,2020-10,2020
36796,issue,closed,2020-10-01 23:20:46+00:00,2020-10-10 22:27:19+00:00,8,"Bug,Needs Triage",1,0,2020-10,2020
36794,issue,closed,2020-10-01 22:50:39+00:00,2020-10-02 23:35:03+00:00,1,"Bug,Window,Needs Triage",1,0,2020-10,2020
36791,issue,closed,2020-10-01 21:53:46+00:00,2020-12-23 16:32:22+00:00,82,"Regression,IO JSON",0,0,2020-10,2020
36788,issue,closed,2020-10-01 21:14:44+00:00,2020-10-02 21:41:08+00:00,1,"Bug,Needs Triage",1,0,2020-10,2020
36785,issue,closed,2020-10-01 20:56:11+00:00,2020-12-04 16:21:24+00:00,63,"Regression,Apply",0,0,2020-10,2020
36782,issue,closed,2020-10-01 18:56:21+00:00,2022-01-23 00:12:09+00:00,478,Needs Tests,0,0,2020-10,2020
36777,issue,closed,2020-10-01 14:54:50+00:00,2020-10-10 22:24:28+00:00,9,Docs,0,0,2020-10,2020
36775,issue,closed,2020-10-01 14:21:54+00:00,2020-10-16 01:46:54+00:00,14,"Bug,Output-Formatting,NA - MaskedArrays",1,0,2020-10,2020
36768,issue,closed,2020-10-01 09:33:27+00:00,2020-10-01 13:51:45+00:00,0,"Enhancement,Indexing,Duplicate Report",0,0,2020-10,2020
36765,issue,closed,2020-10-01 07:48:07+00:00,2020-10-07 15:08:18+00:00,6,"Bug,IO Data,Needs Triage",1,0,2020-10,2020
36764,issue,closed,2020-10-01 07:26:22+00:00,2020-10-02 17:34:27+00:00,1,Docs,0,0,2020-10,2020
36759,issue,closed,2020-10-01 01:36:50+00:00,2025-07-16 23:50:27+00:00,1749,Deprecate,0,0,2020-10,2020
36758,issue,closed,2020-10-01 01:34:03+00:00,2020-11-02 01:02:40+00:00,31,Deprecate,0,0,2020-10,2020
36757,issue,closed,2020-10-01 01:27:16+00:00,2020-10-18 14:56:32+00:00,17,"Groupby,Missing-data,Performance",0,0,2020-10,2020
36756,issue,closed,2020-10-01 00:48:01+00:00,2020-10-01 07:02:46+00:00,0,"Usage Question,Needs Info",0,0,2020-10,2020
36745,issue,closed,2020-09-30 17:25:03+00:00,2020-12-30 02:59:13+00:00,90,Docs,0,0,2020-09,2020
36743,issue,closed,2020-09-30 16:29:20+00:00,2024-08-25 19:19:54+00:00,1425,"Enhancement,IO Network,IO Parquet",0,0,2020-09,2020
36741,issue,closed,2020-09-30 14:21:40+00:00,2020-10-28 00:22:30+00:00,27,"Indexing,Regression",0,0,2020-09,2020
36740,issue,closed,2020-09-30 12:13:13+00:00,2020-10-01 01:18:41+00:00,0,"Docs,Categorical",0,0,2020-09,2020
36739,issue,closed,2020-09-30 08:56:07+00:00,2020-10-29 16:07:19+00:00,29,"Build,Usage Question,Needs Triage",0,0,2020-09,2020
36738,issue,closed,2020-09-30 08:16:52+00:00,2020-11-15 17:31:47+00:00,46,"Bug,Timedelta",1,0,2020-09,2020
36736,issue,closed,2020-09-30 06:11:33+00:00,2020-10-01 07:39:58+00:00,1,"Usage Question,Needs Triage",0,0,2020-09,2020
36732,issue,closed,2020-09-30 00:18:05+00:00,2020-09-30 11:11:51+00:00,0,Needs Info,0,0,2020-09,2020
36727,issue,closed,2020-09-29 19:49:59+00:00,2020-10-06 18:04:00+00:00,6,"Regression,Window,Segfault",0,0,2020-09,2020
36719,issue,closed,2020-09-29 03:11:30+00:00,2021-04-13 15:55:36+00:00,196,"CI,ARM",0,0,2020-09,2020
36712,issue,closed,2020-09-28 18:20:43+00:00,2022-10-07 16:41:34+00:00,738,"Enhancement,IO CSV,NA - MaskedArrays",0,0,2020-09,2020
36703,issue,closed,2020-09-28 15:02:14+00:00,2023-04-24 18:49:50+00:00,938,"Bug,Dtype Conversions,Strings,Reduction Operations",1,0,2020-09,2020
36702,issue,closed,2020-09-28 14:32:45+00:00,2020-10-16 19:24:40+00:00,18,"Error Reporting,Numeric Operations",0,0,2020-09,2020
36701,issue,closed,2020-09-28 11:57:24+00:00,2020-09-28 13:27:39+00:00,0,"Bug,Needs Triage",1,0,2020-09,2020
36698,issue,closed,2020-09-28 02:11:36+00:00,2024-02-07 05:01:42+00:00,1227,"Bug,Groupby,Categorical",1,0,2020-09,2020
36692,issue,closed,2020-09-27 22:17:30+00:00,2026-05-15 16:15:22+00:00,2055,"Docs,NA - MaskedArrays",0,0,2020-09,2020
36688,issue,closed,2020-09-27 20:38:20+00:00,2020-12-15 00:35:00+00:00,78,"Enhancement,Docs,IO Data",0,0,2020-09,2020
36666,issue,closed,2020-09-26 13:20:03+00:00,2020-10-31 18:52:07+00:00,35,"Timedelta,Deprecate",0,0,2020-09,2020
36665,issue,closed,2020-09-26 12:53:50+00:00,2020-09-26 16:33:43+00:00,0,Usage Question,0,0,2020-09,2020
36662,issue,closed,2020-09-26 11:09:26+00:00,2020-10-25 20:07:17+00:00,29,Duplicate Report,0,0,2020-09,2020
36651,issue,closed,2020-09-26 01:16:31+00:00,2020-10-09 09:02:52+00:00,13,Needs Info,0,0,2020-09,2020
36642,issue,closed,2020-09-25 18:27:27+00:00,2020-10-20 23:08:47+00:00,25,CI,0,0,2020-09,2020
36637,issue,closed,2020-09-25 15:47:20+00:00,2020-10-05 04:25:41+00:00,9,"Bug,Needs Triage",1,0,2020-09,2020
36636,issue,closed,2020-09-25 13:48:10+00:00,2020-09-26 07:11:26+00:00,0,"Performance,Output-Formatting,Regression",0,0,2020-09,2020
36621,issue,closed,2020-09-25 02:07:51+00:00,2020-11-22 02:12:25+00:00,58,"Bug,isin",1,0,2020-09,2020
36620,issue,closed,2020-09-25 02:03:25+00:00,2020-09-26 01:17:59+00:00,0,"Bug,Needs Triage",1,0,2020-09,2020
36617,issue,closed,2020-09-25 01:51:05+00:00,2020-09-26 22:50:28+00:00,1,"Docs,Clean",0,0,2020-09,2020
36615,issue,closed,2020-09-25 01:20:51+00:00,2021-07-13 21:17:24+00:00,291,"Bug,Testing,Error Reporting,Timedelta,Needs Tests",1,0,2020-09,2020
36614,issue,closed,2020-09-25 00:15:19+00:00,2020-10-04 10:34:06+00:00,9,Usage Question,0,0,2020-09,2020
36603,issue,closed,2020-09-24 15:47:43+00:00,2020-09-25 01:52:59+00:00,0,"Bug,Reshaping",1,0,2020-09,2020
36602,issue,closed,2020-09-24 14:59:34+00:00,2021-10-16 20:16:13+00:00,387,"Docs,Apply",0,0,2020-09,2020
36601,issue,closed,2020-09-24 12:38:42+00:00,2020-09-24 14:58:54+00:00,0,CI,0,0,2020-09,2020
36598,issue,closed,2020-09-24 11:20:49+00:00,2023-05-02 00:58:42+00:00,949,"Enhancement,Visualization",0,0,2020-09,2020
36597,issue,closed,2020-09-24 10:42:57+00:00,2020-09-25 11:54:53+00:00,1,"Build,CI,Blocker",0,0,2020-09,2020
36596,issue,closed,2020-09-24 09:48:34+00:00,2021-02-07 17:06:43+00:00,136,"Bug,Dtype Conversions,Windows",1,0,2020-09,2020
36594,issue,closed,2020-09-24 09:17:47+00:00,2023-02-23 17:05:49+00:00,882,"Enhancement,Typing",0,0,2020-09,2020
36593,issue,closed,2020-09-24 06:50:01+00:00,2020-09-24 08:13:43+00:00,0,Duplicate Report,0,0,2020-09,2020
36589,issue,closed,2020-09-24 01:35:00+00:00,2021-12-22 17:38:03+00:00,454,"Bug,Datetime,Error Reporting,Frequency",1,0,2020-09,2020
36587,issue,closed,2020-09-23 21:33:17+00:00,2020-09-24 11:28:14+00:00,0,NA - MaskedArrays,0,0,2020-09,2020
36586,issue,closed,2020-09-23 20:57:18+00:00,2021-08-13 03:12:58+00:00,323,Bug,1,0,2020-09,2020
36585,issue,closed,2020-09-23 20:20:22+00:00,2025-09-22 21:46:24+00:00,1825,"Bug,Needs Tests,NA - MaskedArrays,Reduction Operations",1,0,2020-09,2020
36583,issue,closed,2020-09-23 18:59:31+00:00,2020-10-08 00:46:50+00:00,14,"Bug,IO CSV",1,0,2020-09,2020
36579,issue,closed,2020-09-23 16:01:08+00:00,2023-11-22 19:45:14+00:00,1155,"Testing,32bit",0,0,2020-09,2020
36577,issue,closed,2020-09-23 15:32:49+00:00,2020-09-24 00:30:37+00:00,0,"Usage Question,Needs Triage",0,0,2020-09,2020
36574,issue,closed,2020-09-23 12:10:05+00:00,2020-09-23 12:31:35+00:00,0,"Usage Question,Needs Triage",0,0,2020-09,2020
36571,issue,closed,2020-09-23 09:11:10+00:00,2025-12-07 13:16:56+00:00,1901,"Usage Question,Copy / view semantics",0,0,2020-09,2020
36566,issue,closed,2020-09-23 05:16:43+00:00,2021-01-01 21:38:40+00:00,100,"Bug,ExtensionArray",1,0,2020-09,2020
36565,issue,closed,2020-09-23 02:59:39+00:00,2020-09-23 03:16:12+00:00,0,"Bug,Needs Triage",1,0,2020-09,2020
36562,issue,closed,2020-09-22 23:29:51+00:00,2020-11-04 01:55:12+00:00,42,"Bug,MultiIndex,DataFrame",1,0,2020-09,2020
36550,issue,closed,2020-09-22 15:44:57+00:00,2023-02-24 19:10:23+00:00,885,"Bug,Missing-data,Categorical,isin",1,0,2020-09,2020
36548,issue,closed,2020-09-22 15:20:03+00:00,2021-03-26 06:18:49+00:00,184,"Bug,Needs Info",1,0,2020-09,2020
36544,issue,closed,2020-09-22 11:19:44+00:00,2020-09-22 11:38:01+00:00,0,Usage Question,0,0,2020-09,2020
36543,issue,closed,2020-09-22 09:49:14+00:00,2020-12-15 18:43:15+00:00,84,"Usage Question,Needs Info,Needs Triage,Subclassing",0,0,2020-09,2020
36542,issue,closed,2020-09-22 09:31:38+00:00,2020-09-22 11:27:43+00:00,0,"Usage Question,IO SQL",0,0,2020-09,2020
36541,issue,closed,2020-09-22 05:09:50+00:00,2020-10-07 02:43:42+00:00,14,"Bug,Missing-data,MultiIndex",1,0,2020-09,2020
36539,issue,closed,2020-09-22 03:24:40+00:00,2020-09-22 07:22:11+00:00,0,"Docs,Needs Triage",0,0,2020-09,2020
36529,issue,closed,2020-09-21 18:17:39+00:00,2020-09-26 01:19:04+00:00,4,CI,0,0,2020-09,2020
36527,issue,closed,2020-09-21 17:06:02+00:00,2020-09-21 21:42:49+00:00,0,Regression,0,0,2020-09,2020
36526,issue,closed,2020-09-21 16:38:02+00:00,2020-09-22 19:20:45+00:00,1,"Regression,Duplicate Report,Numeric Operations",0,0,2020-09,2020
36525,issue,closed,2020-09-21 15:02:11+00:00,2020-11-21 00:01:07+00:00,60,"Bug,Output-Formatting,IO HTML",1,0,2020-09,2020
36521,issue,closed,2020-09-21 08:09:50+00:00,2020-09-21 13:51:23+00:00,0,"Bug,Duplicate Report,NA - MaskedArrays",1,0,2020-09,2020
36513,issue,closed,2020-09-21 02:15:15+00:00,2020-09-21 16:33:26+00:00,0,"Bug,Needs Triage",1,0,2020-09,2020
36512,issue,closed,2020-09-21 01:43:17+00:00,2020-10-31 23:00:18+00:00,40,"Docs,Frequency",0,0,2020-09,2020
36509,issue,closed,2020-09-20 20:58:36+00:00,2024-08-24 19:56:57+00:00,1433,"Enhancement,MultiIndex",0,0,2020-09,2020
36508,issue,closed,2020-09-20 20:19:47+00:00,2024-05-28 21:39:01+00:00,1346,"Docs,Reshaping",0,0,2020-09,2020
36505,issue,closed,2020-09-20 18:30:27+00:00,2020-09-20 23:30:57+00:00,0,"Indexing,Usage Question",0,0,2020-09,2020
36502,issue,closed,2020-09-20 17:54:30+00:00,2020-09-20 23:46:53+00:00,0,Bug,1,0,2020-09,2020
36500,issue,closed,2020-09-20 15:25:27+00:00,2021-08-13 03:03:52+00:00,326,Duplicate Report,0,0,2020-09,2020
36499,issue,closed,2020-09-20 15:14:59+00:00,2021-08-13 03:02:45+00:00,326,Duplicate Report,0,0,2020-09,2020
36495,issue,closed,2020-09-20 07:26:51+00:00,2020-11-26 17:00:20+00:00,67,"Missing-data,Reshaping,Regression,Internals",0,0,2020-09,2020
36494,issue,closed,2020-09-20 07:14:28+00:00,2020-09-21 21:11:46+00:00,1,"Build,Docs",0,0,2020-09,2020
36492,issue,closed,2020-09-20 04:55:11+00:00,2020-09-20 06:20:52+00:00,0,"Bug,Needs Triage",1,0,2020-09,2020
36479,issue,closed,2020-09-19 17:30:49+00:00,2020-09-26 14:03:01+00:00,6,"Bug,Groupby,Duplicate Report,MultiIndex",1,0,2020-09,2020
36475,issue,closed,2020-09-19 12:10:19+00:00,2023-02-23 16:58:57+00:00,887,"Needs Discussion,Typing",0,0,2020-09,2020
36472,issue,closed,2020-09-19 07:57:51+00:00,2020-09-20 04:47:44+00:00,0,Duplicate Report,0,0,2020-09,2020
36470,issue,closed,2020-09-19 06:58:30+00:00,2021-08-13 03:00:10+00:00,327,Duplicate Report,0,0,2020-09,2020
36469,issue,closed,2020-09-19 04:32:47+00:00,2023-02-10 10:44:53+00:00,874,"Build,Linux",0,0,2020-09,2020
36467,issue,closed,2020-09-19 04:08:12+00:00,2020-11-13 15:26:35+00:00,55,"Testing,CI,IO HTML",0,0,2020-09,2020
36465,issue,closed,2020-09-19 01:07:54+00:00,2023-11-21 19:28:17+00:00,1158,"IO SQL,CI,Dependencies",0,0,2020-09,2020
36451,issue,closed,2020-09-18 14:55:41+00:00,2020-09-21 06:47:19+00:00,2,"Bug,Regression,Strings",1,0,2020-09,2020
36450,issue,closed,2020-09-18 13:43:02+00:00,2020-09-18 22:20:32+00:00,0,"Code Style,Clean",0,0,2020-09,2020
36448,issue,closed,2020-09-18 11:44:10+00:00,2020-09-21 17:08:56+00:00,3,"Docs,Needs Info,Warnings",0,0,2020-09,2020
36445,issue,closed,2020-09-18 07:56:58+00:00,2020-09-18 07:58:34+00:00,0,"Bug,Needs Triage",1,0,2020-09,2020
36436,issue,closed,2020-09-17 22:37:52+00:00,2020-09-18 21:30:42+00:00,0,CI,0,0,2020-09,2020
36435,issue,closed,2020-09-17 21:05:54+00:00,2020-09-18 12:50:06+00:00,0,"Docs,IO Excel,Needs Tests",0,0,2020-09,2020
36430,issue,closed,2020-09-17 15:29:36+00:00,2020-09-22 22:08:21+00:00,5,"Datetime,Regression",0,0,2020-09,2020
36429,issue,closed,2020-09-17 15:14:10+00:00,2023-11-22 19:43:14+00:00,1161,"Testing,Build,Unreliable Test,32bit",0,0,2020-09,2020
36426,issue,closed,2020-09-17 12:54:27+00:00,2021-02-14 11:38:42+00:00,149,"CI,Code Style",0,0,2020-09,2020
36425,issue,closed,2020-09-17 12:51:38+00:00,2020-09-17 13:56:41+00:00,0,"Bug,Needs Triage",1,0,2020-09,2020
36424,issue,closed,2020-09-17 12:29:07+00:00,2020-09-22 23:24:01+00:00,5,"Indexing,Needs Tests,Warnings",0,0,2020-09,2020
36423,issue,closed,2020-09-17 09:58:37+00:00,2020-09-17 12:20:54+00:00,0,Enhancement,0,0,2020-09,2020
36422,issue,closed,2020-09-17 09:42:55+00:00,2020-09-21 18:26:55+00:00,4,,0,0,2020-09,2020
36421,issue,closed,2020-09-17 09:22:47+00:00,2020-09-17 11:07:04+00:00,0,"Build,Duplicate Report,Dependencies",0,0,2020-09,2020
36420,issue,closed,2020-09-17 08:08:25+00:00,2020-09-17 11:10:56+00:00,0,"Build,Duplicate Report,Dependencies",0,0,2020-09,2020
36419,issue,closed,2020-09-17 07:08:43+00:00,2021-07-13 12:02:03+00:00,299,"Enhancement,Styler",0,0,2020-09,2020
36411,issue,closed,2020-09-17 02:42:49+00:00,2020-10-25 18:43:14+00:00,38,"Enhancement,Docs,Datetime",0,0,2020-09,2020
36408,issue,closed,2020-09-16 22:40:22+00:00,2020-09-17 09:31:22+00:00,0,,0,0,2020-09,2020
36407,issue,closed,2020-09-16 20:10:05+00:00,2023-10-11 14:40:09+00:00,1119,"Refactor,Output-Formatting",0,0,2020-09,2020
36405,issue,closed,2020-09-16 19:43:19+00:00,2020-09-23 12:15:03+00:00,6,Needs Info,0,0,2020-09,2020
36397,issue,closed,2020-09-16 14:14:45+00:00,2020-09-17 23:11:44+00:00,1,"Build,CI",0,0,2020-09,2020
36395,issue,closed,2020-09-16 09:16:22+00:00,2021-01-05 09:09:31+00:00,110,"Bug,NA - MaskedArrays",1,0,2020-09,2020
36392,issue,closed,2020-09-16 01:03:03+00:00,2020-09-16 01:38:55+00:00,0,"Enhancement,Duplicate Report,Needs Triage",0,0,2020-09,2020
36383,issue,closed,2020-09-15 13:32:56+00:00,2020-09-17 02:31:09+00:00,1,"Bug,Algos,Categorical",1,0,2020-09,2020
36381,issue,closed,2020-09-15 11:37:56+00:00,2020-09-15 11:52:36+00:00,0,Duplicate Report,0,0,2020-09,2020
36377,issue,closed,2020-09-15 07:31:17+00:00,2020-09-18 21:55:06+00:00,3,"Bug,Regression,Numeric Operations",1,0,2020-09,2020
36373,issue,closed,2020-09-15 00:45:16+00:00,2020-10-30 08:59:45+00:00,45,"Regression,Copy / view semantics",0,0,2020-09,2020
36368,issue,closed,2020-09-14 19:42:44+00:00,2023-05-02 00:57:53+00:00,959,"Enhancement,CI",0,0,2020-09,2020
36361,issue,closed,2020-09-14 15:09:45+00:00,2020-09-14 20:26:01+00:00,0,Docs,0,0,2020-09,2020
36360,issue,closed,2020-09-14 15:07:52+00:00,2020-10-31 17:51:55+00:00,47,"Bug,Reshaping,MultiIndex",1,0,2020-09,2020
36359,issue,closed,2020-09-14 14:34:18+00:00,2020-09-19 19:56:06+00:00,5,"Bug,Indexing",1,0,2020-09,2020
36354,issue,closed,2020-09-14 11:24:56+00:00,2023-11-22 19:44:46+00:00,1164,"Testing,Docs,Windows,32bit",0,0,2020-09,2020
36353,issue,closed,2020-09-14 10:22:57+00:00,2020-09-15 22:35:41+00:00,1,"Bug,Reshaping,MultiIndex",1,0,2020-09,2020
36351,issue,closed,2020-09-14 07:45:59+00:00,2020-09-14 11:28:28+00:00,0,"Datetime,Usage Question",0,0,2020-09,2020
36344,issue,closed,2020-09-13 20:01:04+00:00,2020-10-08 00:59:25+00:00,24,Docs,0,0,2020-09,2020
36343,issue,closed,2020-09-13 19:39:21+00:00,2020-09-19 20:14:06+00:00,6,"Bug,IO Data,IO CSV",1,0,2020-09,2020
36330,issue,closed,2020-09-13 12:08:18+00:00,2020-10-06 22:47:09+00:00,23,"Clean,Apply",0,0,2020-09,2020
36329,issue,closed,2020-09-13 12:05:16+00:00,2022-01-01 16:47:57+00:00,475,"Indexing,Clean,Series",0,0,2020-09,2020
36327,issue,closed,2020-09-13 09:48:31+00:00,2022-12-02 18:49:43+00:00,810,"Bug,Groupby,Missing-data,Categorical",1,0,2020-09,2020
36324,issue,closed,2020-09-13 05:30:33+00:00,2020-09-13 12:22:18+00:00,0,"Reshaping,API Design",0,0,2020-09,2020
36321,issue,closed,2020-09-13 02:57:47+00:00,2021-01-22 02:40:36+00:00,130,"Bug,Groupby,Error Reporting",1,0,2020-09,2020
36320,issue,closed,2020-09-13 01:54:44+00:00,2021-05-28 23:22:39+00:00,257,"Bug,Needs Triage",1,0,2020-09,2020
36319,issue,closed,2020-09-13 01:28:45+00:00,2020-11-26 17:26:00+00:00,74,"Bug,Reshaping,API Design",1,0,2020-09,2020
36314,issue,closed,2020-09-12 21:07:01+00:00,2020-09-12 22:02:20+00:00,0,"Usage Question,MultiIndex",0,0,2020-09,2020
36308,issue,closed,2020-09-12 15:00:54+00:00,2020-11-14 16:50:19+00:00,63,"Bug,Groupby,Apply",1,0,2020-09,2020
36307,issue,closed,2020-09-12 13:59:41+00:00,2020-09-13 13:59:10+00:00,0,,0,0,2020-09,2020
36296,issue,closed,2020-09-11 21:37:31+00:00,2020-09-16 15:06:57+00:00,4,"Build,CI",0,0,2020-09,2020
36294,issue,closed,2020-09-11 18:26:34+00:00,2020-09-26 01:22:28+00:00,14,"Datetime,Regression",0,0,2020-09,2020
36293,issue,closed,2020-09-11 17:37:29+00:00,2020-12-14 23:55:16+00:00,94,"Reshaping,MultiIndex",0,0,2020-09,2020
36291,issue,closed,2020-09-11 15:33:37+00:00,2020-09-13 12:34:52+00:00,1,"Bug,Series,Constructors",1,0,2020-09,2020
36289,issue,closed,2020-09-11 15:15:51+00:00,2021-03-04 02:01:10+00:00,173,"Bug,Index",1,0,2020-09,2020
36288,issue,closed,2020-09-11 10:11:16+00:00,2024-08-24 19:33:15+00:00,1443,"Enhancement,Error Reporting",0,0,2020-09,2020
36286,issue,closed,2020-09-11 09:35:22+00:00,2020-09-15 22:32:26+00:00,4,"Enhancement,Docs",0,0,2020-09,2020
36285,issue,closed,2020-09-11 08:47:01+00:00,2020-09-11 12:06:13+00:00,0,Usage Question,0,0,2020-09,2020
36281,issue,closed,2020-09-11 02:44:08+00:00,2021-08-13 02:45:19+00:00,336,Usage Question,0,0,2020-09,2020
36279,issue,closed,2020-09-10 22:23:16+00:00,2020-09-16 15:28:46+00:00,5,Unicode,0,0,2020-09,2020
36271,issue,closed,2020-09-10 18:07:31+00:00,2021-12-27 17:16:00+00:00,472,"Bug,IO JSON",1,0,2020-09,2020
36268,issue,closed,2020-09-10 15:44:15+00:00,2020-09-10 18:13:39+00:00,0,Bug,1,0,2020-09,2020
36267,issue,closed,2020-09-10 14:43:09+00:00,2020-10-17 16:23:32+00:00,37,"Enhancement,IO LaTeX",0,0,2020-09,2020
36265,issue,closed,2020-09-10 09:55:29+00:00,2020-10-03 20:00:01+00:00,23,Build,0,0,2020-09,2020
36263,issue,closed,2020-09-10 04:47:03+00:00,2022-02-11 19:32:45+00:00,519,"Reshaping,Needs Tests",0,0,2020-09,2020
36258,issue,closed,2020-09-09 21:18:43+00:00,2020-09-11 21:33:03+00:00,2,"Docs,Needs Triage",0,0,2020-09,2020
36256,issue,closed,2020-09-09 20:39:49+00:00,2020-09-10 11:25:50+00:00,0,Enhancement,0,0,2020-09,2020
36253,issue,closed,2020-09-09 19:06:11+00:00,2020-09-10 00:07:46+00:00,0,Enhancement,0,0,2020-09,2020
36252,issue,closed,2020-09-09 18:12:27+00:00,2025-05-21 10:45:16+00:00,1714,"Bug,Visualization",1,0,2020-09,2020
36251,issue,closed,2020-09-09 17:59:08+00:00,2020-11-05 01:22:24+00:00,56,"Docs,Indexing",0,0,2020-09,2020
36248,issue,closed,2020-09-09 16:25:44+00:00,2026-04-01 15:34:21+00:00,2029,"Docs,Indexing,Series",0,0,2020-09,2020
36247,issue,closed,2020-09-09 15:23:15+00:00,2020-09-10 11:22:12+00:00,0,"Bug,Dtype Conversions",1,0,2020-09,2020
36245,issue,closed,2020-09-09 14:55:23+00:00,2023-09-30 15:20:46+00:00,1116,"Bug,IO JSON",1,0,2020-09,2020
36243,issue,closed,2020-09-09 08:41:16+00:00,2020-09-09 10:39:33+00:00,0,Usage Question,0,0,2020-09,2020
36241,issue,closed,2020-09-09 07:11:56+00:00,2020-09-12 21:17:49+00:00,3,"Bug,Strings,Categorical",1,0,2020-09,2020
36227,issue,closed,2020-09-08 19:25:57+00:00,2021-04-20 22:50:55+00:00,224,"Docs,MultiIndex",0,0,2020-09,2020
36226,issue,closed,2020-09-08 18:31:34+00:00,2022-02-16 23:25:39+00:00,526,"Enhancement,API Design,Needs Discussion,ExtensionArray",0,0,2020-09,2020
36225,issue,closed,2020-09-08 18:25:34+00:00,2020-09-08 19:29:10+00:00,0,"Docs,Release",0,0,2020-09,2020
36219,issue,closed,2020-09-08 12:17:33+00:00,2020-09-08 12:45:23+00:00,0,"Usage Question,Needs Triage",0,0,2020-09,2020
36216,issue,closed,2020-09-08 11:17:48+00:00,2020-09-30 12:22:25+00:00,22,"Refactor,Strings,ExtensionArray",0,0,2020-09,2020
36214,issue,closed,2020-09-08 10:09:42+00:00,2020-09-08 12:32:39+00:00,0,"Enhancement,Needs Triage",0,0,2020-09,2020
36212,issue,closed,2020-09-08 09:35:01+00:00,2020-09-13 13:15:07+00:00,5,"Bug,Apply",1,0,2020-09,2020
36210,issue,closed,2020-09-08 03:03:56+00:00,2020-10-12 01:23:57+00:00,33,"API Design,Deprecate,API - Consistency",0,0,2020-09,2020
36204,issue,closed,2020-09-07 22:06:02+00:00,2020-10-17 00:07:07+00:00,39,"Bug,Timedelta",1,0,2020-09,2020
36197,issue,closed,2020-09-07 18:39:53+00:00,2020-09-08 09:51:21+00:00,0,"Bug,Groupby,Window",1,0,2020-09,2020
36195,issue,closed,2020-09-07 16:55:17+00:00,2023-11-21 18:50:04+00:00,1170,"Enhancement,Roadmap,Copy / view semantics",0,0,2020-09,2020
36190,issue,closed,2020-09-07 12:11:10+00:00,2020-09-07 12:30:43+00:00,0,"Datetime,Duplicate Report",0,0,2020-09,2020
36189,issue,closed,2020-09-07 11:52:53+00:00,2020-09-13 15:53:38+00:00,6,"Bug,Regression,Apply",1,0,2020-09,2020
36186,issue,closed,2020-09-07 10:32:12+00:00,2020-10-29 13:15:36+00:00,52,Release,0,0,2020-09,2020
36184,issue,closed,2020-09-07 09:49:50+00:00,2020-09-08 00:30:20+00:00,0,"Docs,IO JSON",0,0,2020-09,2020
36170,issue,closed,2020-09-06 19:04:28+00:00,2020-09-09 22:25:32+00:00,3,Docs,0,0,2020-09,2020
36165,issue,closed,2020-09-06 14:25:34+00:00,2020-09-07 12:38:28+00:00,0,"Bug,Unreliable Test",1,0,2020-09,2020
36158,issue,closed,2020-09-06 05:49:12+00:00,2020-10-31 19:11:34+00:00,55,"Bug,Groupby,Needs Tests",1,0,2020-09,2020
36153,issue,closed,2020-09-05 23:47:32+00:00,2023-01-17 19:11:26+00:00,863,"Bug,Strings,API - Consistency,Astype",1,0,2020-09,2020
36151,issue,closed,2020-09-05 23:05:18+00:00,2020-10-12 16:33:17+00:00,36,"Enhancement,Dtype Conversions,ExtensionArray,API - Consistency",0,0,2020-09,2020
36126,issue,closed,2020-09-04 20:22:25+00:00,2021-12-22 00:08:44+00:00,473,"Refactor,Strings,ExtensionArray",0,0,2020-09,2020
36123,issue,closed,2020-09-04 18:18:44+00:00,2026-03-22 23:06:26+00:00,2025,"Groupby,Performance,Sparse",0,0,2020-09,2020
36122,issue,closed,2020-09-04 16:45:44+00:00,2020-09-13 22:57:45+00:00,9,IO Excel,0,0,2020-09,2020
36116,issue,closed,2020-09-04 14:11:00+00:00,2020-09-04 16:14:03+00:00,0,"Enhancement,Needs Triage",0,0,2020-09,2020
36113,issue,closed,2020-09-04 11:06:46+00:00,2020-11-26 15:54:44+00:00,83,"Bug,Reshaping",1,0,2020-09,2020
36111,issue,closed,2020-09-04 08:46:14+00:00,2021-02-02 00:27:39+00:00,150,"IO CSV,Needs Tests",0,0,2020-09,2020
36110,issue,closed,2020-09-04 08:15:21+00:00,2020-09-04 11:21:46+00:00,0,"Usage Question,Needs Info",0,0,2020-09,2020
36108,issue,closed,2020-09-04 05:27:54+00:00,2020-09-04 14:32:42+00:00,0,"Compat,Clean,32bit",0,0,2020-09,2020
36103,issue,closed,2020-09-03 20:36:50+00:00,2020-09-09 20:40:24+00:00,6,Usage Question,0,0,2020-09,2020
36096,issue,closed,2020-09-03 17:00:40+00:00,2026-05-12 16:27:49+00:00,2076,"Enhancement,Datetime,Error Reporting,IO Stata,Needs Tests",0,0,2020-09,2020
36084,issue,closed,2020-09-03 06:13:56+00:00,2020-09-03 14:19:07+00:00,0,"Usage Question,IO Parquet",0,0,2020-09,2020
36083,issue,closed,2020-09-03 02:37:24+00:00,2020-09-03 13:31:49+00:00,0,"Bug,Duplicate Report,Needs Triage",1,0,2020-09,2020
36079,issue,closed,2020-09-02 22:04:54+00:00,2020-09-03 10:52:27+00:00,0,,0,0,2020-09,2020
36076,issue,closed,2020-09-02 17:42:26+00:00,2020-11-14 19:38:31+00:00,73,"Numeric Operations,API - Consistency,Reduction Operations,Nuisance Columns",0,0,2020-09,2020
36075,issue,closed,2020-09-02 17:24:30+00:00,2022-01-19 04:49:33+00:00,503,"Docs,Closing Candidate",0,0,2020-09,2020
36074,issue,closed,2020-09-02 17:01:40+00:00,2020-10-12 23:28:33+00:00,40,,0,0,2020-09,2020
36070,issue,closed,2020-09-02 14:26:25+00:00,2020-09-08 07:13:20+00:00,5,Build,0,0,2020-09,2020
36066,issue,closed,2020-09-02 12:58:34+00:00,2020-09-04 11:04:51+00:00,1,"Bug,Needs Triage",1,0,2020-09,2020
36065,issue,closed,2020-09-02 12:01:45+00:00,2020-09-02 16:10:26+00:00,0,Bug,1,0,2020-09,2020
36063,issue,closed,2020-09-02 08:41:07+00:00,2020-09-13 12:44:16+00:00,11,"Regression,NA - MaskedArrays",0,0,2020-09,2020
36062,issue,closed,2020-09-02 07:18:58+00:00,2020-09-02 17:47:23+00:00,0,"Usage Question,Needs Triage",0,0,2020-09,2020
36056,issue,closed,2020-09-01 22:59:12+00:00,2020-09-02 12:30:47+00:00,0,Usage Question,0,0,2020-09,2020
36047,issue,closed,2020-09-01 18:14:14+00:00,2020-09-30 20:27:08+00:00,29,"Bug,Regression,Numeric Operations",1,0,2020-09,2020
36044,issue,closed,2020-09-01 16:20:39+00:00,2020-09-05 23:13:45+00:00,4,"Bug,Constructors",1,0,2020-09,2020
36042,issue,closed,2020-09-01 15:20:42+00:00,2020-09-01 19:34:26+00:00,0,Duplicate Report,0,0,2020-09,2020
36040,issue,closed,2020-09-01 14:57:53+00:00,2020-10-10 22:30:51+00:00,39,"Bug,Groupby,Window",1,0,2020-09,2020
36037,issue,closed,2020-09-01 14:22:00+00:00,2020-09-04 08:33:09+00:00,2,"Bug,Needs Triage",1,0,2020-09,2020
36033,issue,closed,2020-09-01 10:37:24+00:00,2020-09-03 11:25:59+00:00,2,,0,0,2020-09,2020
36032,issue,closed,2020-09-01 09:47:42+00:00,2020-09-04 20:29:25+00:00,3,"Bug,Datetime",1,0,2020-09,2020
36031,issue,closed,2020-09-01 09:19:09+00:00,2020-09-15 22:20:48+00:00,14,"Algos,Window",0,0,2020-09,2020
36030,issue,closed,2020-09-01 08:12:25+00:00,2020-09-04 19:42:36+00:00,3,"Bug,Needs Triage",1,0,2020-09,2020
36027,issue,closed,2020-09-01 05:25:46+00:00,2020-09-01 15:45:47+00:00,0,Typing,0,0,2020-09,2020
36024,issue,closed,2020-09-01 05:00:16+00:00,2020-09-01 16:06:11+00:00,0,Typing,0,0,2020-09,2020
36021,issue,closed,2020-09-01 02:56:11+00:00,2020-09-01 19:36:21+00:00,0,Typing,0,0,2020-09,2020
36019,issue,closed,2020-09-01 01:18:23+00:00,2020-12-15 18:41:48+00:00,105,"Needs Info,IO Parquet",0,0,2020-09,2020
36018,issue,closed,2020-09-01 00:06:15+00:00,2020-09-07 21:06:29+00:00,6,"Bug,Groupby,Regression,MultiIndex,Window",1,0,2020-09,2020
36014,issue,closed,2020-08-31 18:23:31+00:00,2020-09-04 14:28:16+00:00,3,"Groupby,Regression",0,0,2020-08,2020
36006,issue,closed,2020-08-31 11:22:13+00:00,2020-09-03 16:15:23+00:00,3,Docs,0,0,2020-08,2020
36003,issue,closed,2020-08-31 07:03:11+00:00,2020-11-27 20:12:02+00:00,88,"Datetime,Regression",0,0,2020-08,2020
36002,issue,closed,2020-08-31 03:46:07+00:00,2020-09-01 16:15:26+00:00,1,"Docs,Interval",0,0,2020-08,2020
35998,issue,closed,2020-08-30 22:09:05+00:00,2020-09-17 19:04:00+00:00,17,"Usage Question,Styler",0,0,2020-08,2020
35997,issue,closed,2020-08-30 18:19:25+00:00,2020-10-07 01:44:44+00:00,37,"Bug,Datetime,IO Parquet",1,0,2020-08,2020
35994,issue,closed,2020-08-30 17:16:05+00:00,2020-08-31 18:22:35+00:00,1,Typing,0,0,2020-08,2020
35989,issue,closed,2020-08-30 15:18:20+00:00,2020-09-12 21:31:59+00:00,13,"Docs,expressions",0,0,2020-08,2020
35988,issue,closed,2020-08-30 14:59:20+00:00,2020-08-30 15:03:58+00:00,0,"Bug,Needs Triage",1,0,2020-08,2020
35985,issue,closed,2020-08-30 08:01:06+00:00,2020-09-03 16:58:36+00:00,4,Docs,0,0,2020-08,2020
35983,issue,closed,2020-08-30 04:30:28+00:00,2020-08-30 10:04:01+00:00,0,Enhancement,0,0,2020-08,2020
35980,issue,closed,2020-08-29 22:21:55+00:00,2020-08-31 18:24:05+00:00,1,"Docs,Needs Triage",0,0,2020-08,2020
35977,issue,closed,2020-08-29 14:35:09+00:00,2021-05-11 20:23:12+00:00,255,"Bug,Strings,replace,NA - MaskedArrays",1,0,2020-08,2020
35976,issue,closed,2020-08-29 14:33:42+00:00,2020-08-29 14:45:44+00:00,0,Needs Info,0,0,2020-08,2020
35975,issue,closed,2020-08-29 13:34:58+00:00,2020-08-31 13:31:13+00:00,1,Needs Info,0,0,2020-08,2020
35972,issue,closed,2020-08-29 05:11:31+00:00,2020-08-29 05:43:24+00:00,0,"Bug,Window",1,0,2020-08,2020
35969,issue,closed,2020-08-28 23:11:06+00:00,2020-09-18 11:45:05+00:00,20,"Usage Question,IO Excel",0,0,2020-08,2020
35965,issue,closed,2020-08-28 21:10:02+00:00,2020-09-11 13:03:03+00:00,13,"Bug,Period,Constructors",1,0,2020-08,2020
35962,issue,closed,2020-08-28 18:29:24+00:00,2020-08-28 18:53:48+00:00,0,Enhancement,0,0,2020-08,2020
35961,issue,closed,2020-08-28 18:26:08+00:00,2020-08-30 02:41:13+00:00,1,"Bug,Datetime,Interval",1,0,2020-08,2020
35958,issue,closed,2020-08-28 17:34:40+00:00,2020-09-26 10:31:10+00:00,28,"IO Data,Regression",0,0,2020-08,2020
35952,issue,closed,2020-08-28 11:50:26+00:00,2020-08-28 12:40:30+00:00,0,"Bug,Needs Triage",1,0,2020-08,2020
35948,issue,closed,2020-08-28 06:44:41+00:00,2020-09-07 11:16:12+00:00,10,"Error Reporting,IO Excel",0,0,2020-08,2020
35945,issue,closed,2020-08-28 05:37:56+00:00,2020-09-05 03:33:50+00:00,7,"Compat,Warnings",0,0,2020-08,2020
35942,issue,closed,2020-08-28 04:19:27+00:00,2022-07-01 21:26:53+00:00,672,"Bug,Testing,Warnings",1,0,2020-08,2020
35940,issue,closed,2020-08-28 01:42:52+00:00,2020-09-24 23:42:19+00:00,27,"Bug,Regression,Apply",1,0,2020-08,2020
35934,issue,closed,2020-08-27 17:42:35+00:00,2026-03-28 00:06:25+00:00,2038,"Docs,Datetime",0,0,2020-08,2020
35932,issue,closed,2020-08-27 16:49:33+00:00,2020-08-29 08:16:59+00:00,1,Build,0,0,2020-08,2020
35931,issue,closed,2020-08-27 16:45:23+00:00,2020-09-01 14:56:22+00:00,4,"Regression,Interval",0,0,2020-08,2020
35925,issue,closed,2020-08-27 15:52:10+00:00,2020-09-22 13:37:59+00:00,25,Clean,0,0,2020-08,2020
35923,issue,closed,2020-08-27 14:41:34+00:00,2020-12-30 14:08:34+00:00,124,"Bug,IO JSON",1,0,2020-08,2020
35922,issue,closed,2020-08-27 13:57:02+00:00,2020-10-31 14:49:14+00:00,65,"Bug,Algos,Index",1,0,2020-08,2020
35921,issue,closed,2020-08-27 13:25:44+00:00,2020-09-07 19:05:51+00:00,11,"CI,Blocker",0,0,2020-08,2020
35916,issue,closed,2020-08-27 03:05:40+00:00,2020-08-28 01:08:42+00:00,0,"Bug,Needs Triage",1,0,2020-08,2020
35912,issue,closed,2020-08-26 20:57:51+00:00,2020-08-31 18:40:12+00:00,4,"Docs,Apply",0,0,2020-08,2020
35911,issue,closed,2020-08-26 20:23:32+00:00,2020-08-26 21:16:05+00:00,0,"Dtype Conversions,Usage Question",0,0,2020-08,2020
35909,issue,closed,2020-08-26 16:00:39+00:00,2020-08-26 16:08:00+00:00,0,"Bug,Needs Triage",1,0,2020-08,2020
35903,issue,closed,2020-08-26 07:34:02+00:00,2020-08-26 08:58:01+00:00,0,Needs Info,0,0,2020-08,2020
35902,issue,closed,2020-08-26 07:12:35+00:00,2020-09-23 11:20:13+00:00,28,"Bug,IO Parquet",1,0,2020-08,2020
35901,issue,closed,2020-08-26 01:11:16+00:00,2020-08-26 01:11:23+00:00,0,Bug,1,0,2020-08,2020
35897,issue,closed,2020-08-25 16:35:54+00:00,2020-09-26 01:31:38+00:00,31,"Datetime,Regression",0,0,2020-08,2020
35896,issue,closed,2020-08-25 15:42:50+00:00,2020-08-25 16:31:57+00:00,0,Bug,1,0,2020-08,2020
35892,issue,closed,2020-08-25 14:32:51+00:00,2020-08-25 16:22:45+00:00,0,"Docs,Needs Triage",0,0,2020-08,2020
35891,issue,closed,2020-08-25 11:26:26+00:00,2024-09-06 13:53:44+00:00,1473,"Docs,IO SQL",0,0,2020-08,2020
35890,issue,closed,2020-08-25 09:39:50+00:00,2020-08-26 08:23:09+00:00,0,Needs Info,0,0,2020-08,2020
35889,issue,closed,2020-08-25 09:04:32+00:00,2020-09-05 03:15:04+00:00,10,"Bug,Groupby,Apply",1,0,2020-08,2020
35888,issue,closed,2020-08-25 07:37:44+00:00,2022-02-01 00:34:51+00:00,524,"Datetime,Missing-data,Needs Tests",0,0,2020-08,2020
35886,issue,closed,2020-08-25 04:18:23+00:00,2020-08-26 08:27:53+00:00,1,Usage Question,0,0,2020-08,2020
35880,issue,closed,2020-08-24 23:47:24+00:00,2020-08-25 00:42:29+00:00,0,"Usage Question,Needs Triage",0,0,2020-08,2020
35878,issue,closed,2020-08-24 23:38:04+00:00,2020-09-05 21:18:51+00:00,11,"Indexing,Regression,MultiIndex",0,0,2020-08,2020
35876,issue,closed,2020-08-24 18:29:56+00:00,2020-08-24 23:45:46+00:00,0,"Datetime,Regression,Index",0,0,2020-08,2020
35873,issue,closed,2020-08-24 15:25:06+00:00,2021-01-03 23:26:00+00:00,132,"Bug,IO CSV",1,0,2020-08,2020
35870,issue,closed,2020-08-24 10:08:04+00:00,2020-08-25 05:37:04+00:00,0,Docs,0,0,2020-08,2020
35869,issue,closed,2020-08-24 09:54:44+00:00,2020-10-09 20:02:09+00:00,46,"Bug,Regression,Window",1,0,2020-08,2020
35868,issue,closed,2020-08-24 08:31:34+00:00,2020-08-24 09:06:29+00:00,0,"CI,Windows,IO Parquet",0,0,2020-08,2020
35865,issue,closed,2020-08-23 23:41:40+00:00,2021-04-26 12:21:47+00:00,245,"Indexing,Needs Tests",0,0,2020-08,2020
35863,issue,closed,2020-08-23 12:34:38+00:00,2021-08-10 04:53:14+00:00,351,Usage Question,0,0,2020-08,2020
35862,issue,closed,2020-08-23 12:25:47+00:00,2020-08-23 12:35:40+00:00,0,Usage Question,0,0,2020-08,2020
35860,issue,closed,2020-08-22 22:53:40+00:00,2026-05-09 16:13:08+00:00,2085,"Groupby,Deprecate,Needs Discussion,Closing Candidate",0,0,2020-08,2020
35859,issue,closed,2020-08-22 21:32:59+00:00,2020-08-22 22:43:36+00:00,0,Usage Question,0,0,2020-08,2020
35858,issue,closed,2020-08-22 18:48:49+00:00,2020-10-02 23:02:46+00:00,41,"Bug,Datetime,Indexing,Regression,MultiIndex",1,0,2020-08,2020
35856,issue,closed,2020-08-22 18:01:57+00:00,2020-08-26 02:21:41+00:00,3,CI,0,0,2020-08,2020
35855,issue,closed,2020-08-22 17:14:00+00:00,2020-08-23 07:40:30+00:00,0,Docs,0,0,2020-08,2020
35851,issue,closed,2020-08-22 10:24:10+00:00,2020-08-23 15:14:25+00:00,1,"Usage Question,Needs Triage",0,0,2020-08,2020
35850,issue,closed,2020-08-22 10:21:21+00:00,2020-08-22 12:32:18+00:00,0,"Usage Question,IO CSV",0,0,2020-08,2020
35849,issue,closed,2020-08-22 08:18:37+00:00,2022-10-20 17:58:26+00:00,789,"Enhancement,IO JSON",0,0,2020-08,2020
35847,issue,closed,2020-08-22 05:52:00+00:00,2020-10-07 11:33:29+00:00,46,"Needs Discussion,API - Consistency",0,0,2020-08,2020
35846,issue,closed,2020-08-22 03:44:08+00:00,2020-08-24 11:48:54+00:00,2,"Bug,IO Parquet",1,0,2020-08,2020
35844,issue,closed,2020-08-21 17:47:05+00:00,2020-08-21 18:18:13+00:00,0,"Bug,Needs Triage",1,0,2020-08,2020
35843,issue,closed,2020-08-21 16:42:32+00:00,2020-12-07 09:44:49+00:00,107,"Datetime,Output-Formatting,Regression,Sparse",0,0,2020-08,2020
35842,issue,closed,2020-08-21 15:29:14+00:00,2020-08-21 15:38:48+00:00,0,Enhancement,0,0,2020-08,2020
35840,issue,closed,2020-08-21 12:37:44+00:00,2020-08-21 13:02:20+00:00,0,"Enhancement,Missing-data,Reshaping",0,0,2020-08,2020
35831,issue,closed,2020-08-20 20:43:50+00:00,2020-09-09 09:07:11+00:00,19,Release,0,0,2020-08,2020
35830,issue,closed,2020-08-20 20:41:21+00:00,2025-09-24 16:27:08+00:00,1860,"Bug,Datetime,Indexing,Regression,Needs Discussion,datetime.date",1,0,2020-08,2020
35827,issue,closed,2020-08-20 17:22:48+00:00,2020-08-20 17:50:28+00:00,0,Bug,1,0,2020-08,2020
35826,issue,closed,2020-08-20 17:05:19+00:00,2021-05-26 02:19:09+00:00,278,Build,0,0,2020-08,2020
35823,issue,closed,2020-08-20 15:33:52+00:00,2020-08-21 21:12:59+00:00,1,"Build,Dependencies",0,0,2020-08,2020
35820,issue,closed,2020-08-20 11:40:25+00:00,2021-01-23 21:09:50+00:00,156,"Usage Question,IO CSV,IO Fixed Width,Closing Candidate",0,0,2020-08,2020
35819,issue,closed,2020-08-20 09:46:00+00:00,2020-09-07 14:49:18+00:00,18,"Datetime,Indexing,Regression,Duplicate Report",0,0,2020-08,2020
35818,issue,closed,2020-08-20 08:20:37+00:00,2020-08-25 12:53:25+00:00,5,Duplicate Report,0,0,2020-08,2020
35817,issue,closed,2020-08-20 07:15:40+00:00,2020-08-20 07:23:02+00:00,0,"Bug,Duplicate Report",1,0,2020-08,2020
35813,issue,closed,2020-08-19 23:30:50+00:00,2020-08-20 21:26:05+00:00,0,CI,0,0,2020-08,2020
35811,issue,closed,2020-08-19 21:55:53+00:00,2020-09-12 21:36:52+00:00,23,"Bug,Usage Question,API Design,Series",1,0,2020-08,2020
35810,issue,closed,2020-08-19 20:27:31+00:00,2020-08-19 20:29:27+00:00,0,Enhancement,0,0,2020-08,2020
35805,issue,closed,2020-08-19 13:10:33+00:00,2020-12-18 16:44:51+00:00,121,"Performance,Regression",0,0,2020-08,2020
35804,issue,closed,2020-08-19 13:09:49+00:00,2020-12-18 16:44:50+00:00,121,"Performance,Regression",0,0,2020-08,2020
35803,issue,closed,2020-08-19 13:09:01+00:00,2020-11-26 15:35:30+00:00,99,"Regression,Benchmark",0,0,2020-08,2020
35802,issue,closed,2020-08-19 12:54:55+00:00,2020-09-13 22:57:45+00:00,25,"Bug,IO Excel,Needs Info",1,0,2020-08,2020
35796,issue,closed,2020-08-19 00:25:03+00:00,2020-08-23 13:50:13+00:00,4,Enhancement,0,0,2020-08,2020
35793,issue,closed,2020-08-18 22:39:30+00:00,2023-04-11 18:20:19+00:00,965,"Bug,Sparse,Needs Discussion,ExtensionArray",1,0,2020-08,2020
35791,issue,closed,2020-08-18 18:56:39+00:00,2020-08-25 09:47:47+00:00,6,IO Parquet,0,0,2020-08,2020
35790,issue,closed,2020-08-18 15:25:44+00:00,2020-09-08 07:01:19+00:00,20,"Clean,IO LaTeX",0,0,2020-08,2020
35788,issue,closed,2020-08-18 12:53:17+00:00,2020-09-01 01:20:41+00:00,13,"Bug,Indexing,Index",1,0,2020-08,2020
35786,issue,closed,2020-08-18 11:55:05+00:00,2020-08-18 13:26:42+00:00,0,Enhancement,0,0,2020-08,2020
35782,issue,closed,2020-08-18 01:55:34+00:00,2023-04-23 16:22:28+00:00,978,"Bug,Groupby,Duplicate Report,Apply",1,0,2020-08,2020
35781,issue,closed,2020-08-18 01:10:35+00:00,2020-08-18 11:05:34+00:00,0,"Bug,Strings,replace",1,0,2020-08,2020
35779,issue,closed,2020-08-18 01:07:53+00:00,2020-08-19 20:40:05+00:00,1,"CI,Dependencies",0,0,2020-08,2020
35771,issue,closed,2020-08-17 15:31:36+00:00,2020-08-17 18:48:03+00:00,0,Bug,1,0,2020-08,2020
35768,issue,closed,2020-08-17 11:57:26+00:00,2020-08-17 17:09:53+00:00,0,Needs Info,0,0,2020-08,2020
35767,issue,closed,2020-08-17 11:52:37+00:00,2025-04-24 21:38:05+00:00,1711,"Bug,ExtensionArray,Closing Candidate",1,0,2020-08,2020
35762,issue,closed,2020-08-17 09:09:57+00:00,2020-08-27 02:22:02+00:00,9,"Enhancement,Datetime,Sparse",0,0,2020-08,2020
35760,issue,closed,2020-08-17 07:21:08+00:00,2020-08-19 13:16:42+00:00,2,Docs,0,0,2020-08,2020
35756,issue,closed,2020-08-16 23:26:26+00:00,2020-08-27 16:06:26+00:00,10,CI,0,0,2020-08,2020
35755,issue,closed,2020-08-16 22:03:08+00:00,2020-08-17 06:48:32+00:00,0,Bug,1,0,2020-08,2020
35753,issue,closed,2020-08-16 17:22:10+00:00,2020-10-29 15:49:36+00:00,73,IO Excel,0,0,2020-08,2020
35752,issue,closed,2020-08-16 15:08:48+00:00,2020-08-16 15:40:03+00:00,0,"Enhancement,Window",0,0,2020-08,2020
35749,issue,closed,2020-08-15 23:35:42+00:00,2020-08-16 00:01:00+00:00,0,,0,0,2020-08,2020
35747,issue,closed,2020-08-15 22:18:57+00:00,2020-09-12 21:39:40+00:00,27,"Indexing,Regression",0,0,2020-08,2020
35745,issue,closed,2020-08-15 22:16:52+00:00,2020-08-16 04:12:02+00:00,0,Bug,1,0,2020-08,2020
35744,issue,closed,2020-08-15 21:51:29+00:00,2020-10-10 16:46:24+00:00,55,"Error Reporting,Series,Constructors",0,0,2020-08,2020
35743,issue,closed,2020-08-15 20:27:35+00:00,2020-08-15 20:51:25+00:00,0,"Indexing,Usage Question",0,0,2020-08,2020
35739,issue,closed,2020-08-15 16:24:25+00:00,2020-09-04 23:33:08+00:00,20,"Bug,Indexing",1,0,2020-08,2020
35737,issue,closed,2020-08-15 15:54:42+00:00,2020-08-17 08:50:01+00:00,1,CI,0,0,2020-08,2020
35735,issue,closed,2020-08-15 09:02:11+00:00,2020-09-04 18:01:47+00:00,20,"Bug,Needs Info,Needs Triage",1,0,2020-08,2020
35732,issue,closed,2020-08-14 22:34:13+00:00,2020-08-17 13:11:54+00:00,2,Dependencies,0,0,2020-08,2020
35731,issue,closed,2020-08-14 21:55:57+00:00,2020-08-31 12:36:12+00:00,16,"Bug,Missing-data,Regression,Categorical",1,0,2020-08,2020
35727,issue,closed,2020-08-14 16:47:21+00:00,2020-08-23 13:57:47+00:00,8,"Enhancement,Indexing,MultiIndex",0,0,2020-08,2020
35724,issue,closed,2020-08-14 16:01:46+00:00,2025-08-27 17:12:37+00:00,1839,"Enhancement,API Design,Needs Discussion,Closing Candidate",0,0,2020-08,2020
35719,issue,closed,2020-08-14 13:52:25+00:00,2020-11-04 01:59:22+00:00,81,"Bug,Missing-data,Regression,IO HDF5",1,0,2020-08,2020
35715,issue,closed,2020-08-14 09:59:34+00:00,2020-08-17 18:20:20+00:00,3,"Bug,Testing,ExtensionArray",1,0,2020-08,2020
35714,issue,closed,2020-08-14 07:39:16+00:00,2020-08-14 07:55:56+00:00,0,Bug,1,0,2020-08,2020
35710,issue,closed,2020-08-13 16:30:54+00:00,2020-08-13 16:54:22+00:00,0,Usage Question,0,0,2020-08,2020
35706,issue,closed,2020-08-13 13:34:04+00:00,2020-09-08 23:56:47+00:00,26,"Bug,Styler",1,0,2020-08,2020
35703,issue,closed,2020-08-13 11:11:39+00:00,2020-08-14 10:09:29+00:00,0,CI,0,0,2020-08,2020
35701,issue,closed,2020-08-13 08:17:23+00:00,2020-08-13 10:53:49+00:00,0,IO Pickle,0,0,2020-08,2020
35700,issue,closed,2020-08-13 07:22:54+00:00,2020-09-18 21:55:06+00:00,36,"Regression,Numeric Operations",0,0,2020-08,2020
35691,issue,closed,2020-08-12 16:49:14+00:00,2020-08-12 22:00:19+00:00,0,Usage Question,0,0,2020-08,2020
35690,issue,closed,2020-08-12 16:12:54+00:00,2020-09-02 21:36:38+00:00,21,"Bug,Datetime,Indexing,Timezones",1,0,2020-08,2020
35687,issue,closed,2020-08-12 12:53:20+00:00,2023-03-26 02:19:52+00:00,955,"Enhancement,Timedelta,ExtensionArray,Closing Candidate,Non-Nano",0,0,2020-08,2020
35685,issue,closed,2020-08-12 11:17:29+00:00,2022-10-06 15:59:21+00:00,785,Docs,0,0,2020-08,2020
35684,issue,closed,2020-08-12 10:39:47+00:00,2020-09-05 19:50:44+00:00,24,"Bug,Visualization,Compat",1,0,2020-08,2020
35683,issue,closed,2020-08-12 04:10:24+00:00,2020-12-20 11:09:06+00:00,130,"Bug,Regression,Apply,DataFrame,Closing Candidate",1,0,2020-08,2020
35682,issue,closed,2020-08-12 03:58:20+00:00,2020-08-13 07:56:46+00:00,1,Usage Question,0,0,2020-08,2020
35680,issue,closed,2020-08-11 23:18:28+00:00,2020-08-17 10:59:09+00:00,5,"Bug,Regression,Strings,replace",1,0,2020-08,2020
35679,issue,closed,2020-08-11 21:25:40+00:00,2020-08-12 22:23:26+00:00,1,"Bug,IO Pickle",1,0,2020-08,2020
35678,issue,closed,2020-08-11 20:33:00+00:00,2020-08-14 07:30:17+00:00,2,Community,0,0,2020-08,2020
35677,issue,closed,2020-08-11 18:57:54+00:00,2020-09-03 03:06:18+00:00,22,"Bug,IO CSV",1,0,2020-08,2020
35671,issue,closed,2020-08-11 16:11:17+00:00,2020-08-15 15:33:40+00:00,3,,0,0,2020-08,2020
35670,issue,closed,2020-08-11 15:51:35+00:00,2020-09-04 18:04:10+00:00,24,"Bug,Groupby,Apply,Needs Triage",1,0,2020-08,2020
35669,issue,closed,2020-08-11 14:29:03+00:00,2023-04-23 16:25:39+00:00,985,"Bug,Groupby,Apply",1,0,2020-08,2020
35667,issue,closed,2020-08-11 09:18:43+00:00,2020-09-02 15:00:50+00:00,22,Docs,0,0,2020-08,2020
35665,issue,closed,2020-08-11 07:53:14+00:00,2023-04-19 21:29:52+00:00,981,"Regression,Timedelta,Needs Tests",0,0,2020-08,2020
35663,issue,closed,2020-08-11 06:39:47+00:00,2020-08-14 12:36:10+00:00,3,Bug,1,0,2020-08,2020
35661,issue,closed,2020-08-11 01:59:02+00:00,2022-02-15 02:57:29+00:00,553,"Testing,CI,Closing Candidate",0,0,2020-08,2020
35660,issue,closed,2020-08-11 01:54:53+00:00,2020-08-17 20:50:14+00:00,6,"CI,Windows,Unreliable Test",0,0,2020-08,2020
35659,issue,closed,2020-08-10 22:52:14+00:00,2020-08-10 23:58:27+00:00,0,"Enhancement,Indexing",0,0,2020-08,2020
35658,issue,closed,2020-08-10 21:34:50+00:00,2020-09-04 15:17:10+00:00,24,"Regression,Interval,IO Pickle",0,0,2020-08,2020
35657,issue,closed,2020-08-10 18:58:43+00:00,2020-08-14 01:50:52+00:00,3,Duplicate Report,0,0,2020-08,2020
35656,issue,closed,2020-08-10 15:56:08+00:00,2026-05-17 13:27:04+00:00,2105,"Enhancement,Needs Discussion,API - Consistency",0,0,2020-08,2020
35653,issue,closed,2020-08-10 14:59:18+00:00,2020-08-10 16:40:57+00:00,0,Usage Question,0,0,2020-08,2020
35650,issue,closed,2020-08-10 09:14:21+00:00,2020-08-26 12:44:25+00:00,16,Needs Tests,0,0,2020-08,2020
35648,issue,closed,2020-08-10 07:05:20+00:00,2020-08-10 08:43:51+00:00,0,Duplicate Report,0,0,2020-08,2020
35646,issue,closed,2020-08-10 02:31:36+00:00,2020-11-04 02:59:03+00:00,86,"Bug,Groupby",1,0,2020-08,2020
35644,issue,closed,2020-08-09 17:05:34+00:00,2020-09-01 23:26:25+00:00,23,,0,0,2020-08,2020
35642,issue,closed,2020-08-09 11:50:34+00:00,2020-08-11 11:08:24+00:00,1,"Bug,Duplicate Report",1,0,2020-08,2020
35635,issue,closed,2020-08-08 19:28:22+00:00,2020-09-04 16:37:29+00:00,26,"Enhancement,IO SQL",0,0,2020-08,2020
35634,issue,closed,2020-08-08 18:08:39+00:00,2020-08-10 13:13:23+00:00,1,"Bug,Duplicate Report",1,0,2020-08,2020
35631,issue,closed,2020-08-08 15:12:20+00:00,2020-08-08 15:24:19+00:00,0,Usage Question,0,0,2020-08,2020
35625,issue,closed,2020-08-08 12:13:17+00:00,2020-10-05 13:01:37+00:00,58,"Groupby,Performance,Window",0,0,2020-08,2020
35622,issue,closed,2020-08-08 09:35:02+00:00,2020-08-17 18:27:45+00:00,9,"Bug,Build",1,0,2020-08,2020
35620,issue,closed,2020-08-08 09:01:27+00:00,2020-08-19 17:42:48+00:00,11,"Testing,CI",0,0,2020-08,2020
35618,issue,closed,2020-08-08 04:23:52+00:00,2020-08-10 13:08:01+00:00,2,"Build,Duplicate Report,IO SAS",0,0,2020-08,2020
35616,issue,closed,2020-08-07 22:51:40+00:00,2020-11-20 13:05:32+00:00,104,"Groupby,Duplicate Report",0,0,2020-08,2020
35614,issue,closed,2020-08-07 22:06:58+00:00,2020-09-05 22:36:43+00:00,29,"Enhancement,Reshaping",0,0,2020-08,2020
35612,issue,closed,2020-08-07 19:18:05+00:00,2020-12-19 02:34:44+00:00,133,"Bug,Groupby,Missing-data",1,0,2020-08,2020
35611,issue,closed,2020-08-07 18:56:19+00:00,2020-08-19 18:02:56+00:00,11,"Needs Tests,IO Pickle",0,0,2020-08,2020
35609,issue,closed,2020-08-07 15:55:06+00:00,2020-08-10 15:08:38+00:00,2,"Usage Question,Duplicate Report",0,0,2020-08,2020
35606,issue,closed,2020-08-07 12:59:58+00:00,2020-08-14 01:50:52+00:00,6,"Bug,Datetime,Regression,MultiIndex",1,0,2020-08,2020
35605,issue,closed,2020-08-07 12:50:24+00:00,2020-11-24 14:01:40+00:00,109,"Enhancement,Styler",0,0,2020-08,2020
35603,issue,closed,2020-08-07 11:59:11+00:00,2021-05-27 18:41:06+00:00,293,"Output-Formatting,Needs Tests",0,0,2020-08,2020
35599,issue,closed,2020-08-07 09:12:50+00:00,2020-08-07 12:20:54+00:00,0,Bug,1,0,2020-08,2020
35598,issue,closed,2020-08-07 08:42:21+00:00,2020-08-17 19:32:54+00:00,10,"Bug,Missing-data,Regression,Algos",1,0,2020-08,2020
35596,issue,closed,2020-08-07 07:40:36+00:00,2020-09-19 22:04:00+00:00,43,"Bug,Window",1,0,2020-08,2020
35594,issue,closed,2020-08-07 02:52:40+00:00,2020-09-13 08:01:50+00:00,37,"Bug,IO SQL",1,0,2020-08,2020
35589,issue,closed,2020-08-06 14:50:31+00:00,2020-08-06 15:48:13+00:00,0,"Bug,Duplicate Report,Needs Info",1,0,2020-08,2020
35586,issue,closed,2020-08-06 12:52:49+00:00,2020-08-07 21:35:22+00:00,1,"Bug,IO HTML",1,0,2020-08,2020
35584,issue,closed,2020-08-06 01:57:41+00:00,2020-09-06 17:47:41+00:00,31,"Bug,Missing-data,Index",1,0,2020-08,2020
35580,issue,closed,2020-08-05 23:34:29+00:00,2020-08-07 11:55:03+00:00,1,Usage Question,0,0,2020-08,2020
35579,issue,closed,2020-08-05 23:17:35+00:00,2020-10-02 20:35:12+00:00,57,"Bug,Window",1,0,2020-08,2020
35577,issue,closed,2020-08-05 21:33:12+00:00,2020-08-06 11:48:55+00:00,0,Enhancement,0,0,2020-08,2020
35576,issue,closed,2020-08-05 19:38:07+00:00,2020-08-05 19:42:45+00:00,0,"Enhancement,Duplicate Report",0,0,2020-08,2020
35574,issue,closed,2020-08-05 18:50:10+00:00,2020-08-07 11:49:52+00:00,1,"Bug,Datetime,NA - MaskedArrays",1,0,2020-08,2020
35570,issue,closed,2020-08-05 14:26:48+00:00,2020-08-14 13:04:59+00:00,8,"Testing,Regression",0,0,2020-08,2020
35566,issue,closed,2020-08-05 12:44:20+00:00,2020-09-13 22:28:12+00:00,39,"Bug,Error Reporting,IO SAS",1,0,2020-08,2020
35564,issue,closed,2020-08-05 10:13:33+00:00,2020-08-19 12:19:38+00:00,14,"Bug,Needs Info",1,0,2020-08,2020
35563,issue,closed,2020-08-05 09:08:42+00:00,2020-11-30 13:40:56+00:00,117,"Indexing,Regression,Frequency,MultiIndex",0,0,2020-08,2020
35561,issue,closed,2020-08-05 02:43:18+00:00,2020-09-04 17:51:54+00:00,30,"Bug,Needs Triage",1,0,2020-08,2020
35560,issue,closed,2020-08-05 02:12:32+00:00,2020-08-05 11:26:47+00:00,0,"Bug,Duplicate Report",1,0,2020-08,2020
35559,issue,closed,2020-08-05 01:46:19+00:00,2020-08-14 14:35:21+00:00,9,"Regression,Algos",0,0,2020-08,2020
35558,issue,closed,2020-08-05 00:16:06+00:00,2020-08-13 10:15:52+00:00,8,"Bug,Reshaping,Regression",1,0,2020-08,2020
35557,issue,closed,2020-08-04 23:52:11+00:00,2020-08-12 22:14:31+00:00,7,Bug,1,0,2020-08,2020
35552,issue,closed,2020-08-04 19:07:10+00:00,2020-08-07 18:09:30+00:00,2,"Regression,Window,Segfault",0,0,2020-08,2020
35550,issue,closed,2020-08-04 17:37:02+00:00,2020-09-01 23:52:08+00:00,28,"Docs,Window",0,0,2020-08,2020
35549,issue,closed,2020-08-04 17:20:50+00:00,2020-08-10 13:13:31+00:00,5,"Bug,Window",1,0,2020-08,2020
35548,issue,closed,2020-08-04 16:28:10+00:00,2025-05-10 15:02:20+00:00,1739,"Bug,Datetime,Numeric Operations,Closing Candidate",1,0,2020-08,2020
35546,issue,closed,2020-08-04 15:02:39+00:00,2022-03-13 18:39:36+00:00,586,"Groupby,Performance,Categorical,Closing Candidate",0,0,2020-08,2020
35545,issue,closed,2020-08-04 14:09:08+00:00,2022-06-09 22:53:25+00:00,674,"Bug,IO SAS",1,0,2020-08,2020
35544,issue,closed,2020-08-04 13:10:48+00:00,2020-08-07 11:39:32+00:00,2,"Bug,Indexing,Regression",1,0,2020-08,2020
35542,issue,closed,2020-08-04 12:47:16+00:00,2020-11-04 02:59:03+00:00,91,"Bug,Groupby,Missing-data",1,0,2020-08,2020
35541,issue,closed,2020-08-04 10:12:41+00:00,2020-08-07 21:15:32+00:00,3,"Usage Question,ExtensionArray",0,0,2020-08,2020
35538,issue,closed,2020-08-04 09:54:26+00:00,2020-08-04 12:32:35+00:00,0,"Bug,Duplicate Report",1,0,2020-08,2020
35534,issue,closed,2020-08-04 06:30:02+00:00,2020-09-12 21:39:40+00:00,39,"Indexing,Regression",0,0,2020-08,2020
35531,issue,closed,2020-08-03 19:55:03+00:00,2020-08-04 14:33:00+00:00,0,Usage Question,0,0,2020-08,2020
35530,issue,closed,2020-08-03 19:25:16+00:00,2020-08-06 15:11:22+00:00,2,"Bug,Datetime,Timezones",1,0,2020-08,2020
35529,issue,closed,2020-08-03 17:26:52+00:00,2020-08-06 16:20:29+00:00,2,"Bug,Numeric Operations,Timedelta",1,0,2020-08,2020
35528,issue,closed,2020-08-03 17:09:17+00:00,2021-04-22 21:24:58+00:00,262,"Bug,Indexing,Closing Candidate",1,0,2020-08,2020
35527,issue,closed,2020-08-03 15:53:45+00:00,2020-12-01 00:14:52+00:00,119,"Bug,Indexing,Regression",1,0,2020-08,2020
35526,issue,closed,2020-08-03 12:27:36+00:00,2020-08-03 12:44:43+00:00,0,"Bug,Duplicate Report",1,0,2020-08,2020
35525,issue,closed,2020-08-03 11:32:56+00:00,2021-08-08 19:52:05+00:00,370,"Enhancement,IO JSON",0,0,2020-08,2020
35524,issue,closed,2020-08-03 07:41:09+00:00,2020-08-03 09:40:27+00:00,0,,0,0,2020-08,2020
35523,issue,closed,2020-08-03 07:33:01+00:00,2020-08-07 07:04:28+00:00,3,Enhancement,0,0,2020-08,2020
35521,issue,closed,2020-08-03 03:05:29+00:00,2020-09-04 20:48:43+00:00,32,"Bug,Regression,Internals",1,0,2020-08,2020
35520,issue,closed,2020-08-03 00:53:18+00:00,2021-08-08 19:48:28+00:00,370,"Enhancement,Datetime,IO CSV,API - Consistency",0,0,2020-08,2020
35517,issue,closed,2020-08-02 10:51:12+00:00,2022-03-07 01:23:04+00:00,581,"Regression,Compat,Apply,Needs Tests",0,0,2020-08,2020
35516,issue,closed,2020-08-02 08:19:38+00:00,2023-01-04 01:20:29+00:00,884,"Bug,Groupby,Missing-data,ExtensionArray,NA - MaskedArrays",1,0,2020-08,2020
35512,issue,closed,2020-08-02 00:15:02+00:00,2020-08-02 01:28:20+00:00,0,Duplicate Report,0,0,2020-08,2020
35511,issue,closed,2020-08-01 23:53:04+00:00,2020-08-02 15:31:20+00:00,0,Usage Question,0,0,2020-08,2020
35509,issue,closed,2020-08-01 19:35:41+00:00,2020-10-26 14:51:58+00:00,85,"Bug,Datetime,Indexing,Regression",1,0,2020-08,2020
35508,issue,closed,2020-08-01 19:26:11+00:00,2020-08-01 19:54:30+00:00,0,,0,0,2020-08,2020
35505,issue,closed,2020-08-01 14:29:29+00:00,2020-09-13 23:07:21+00:00,43,"Docs,IO Excel",0,0,2020-08,2020
35499,issue,closed,2020-07-31 22:24:41+00:00,2020-08-17 14:35:00+00:00,16,"Bug,Performance,Regression,Strings",1,0,2020-07,2020
35497,issue,closed,2020-07-31 19:14:29+00:00,2020-08-16 14:55:14+00:00,15,"Bug,Needs Info",1,0,2020-07,2020
35495,issue,closed,2020-07-31 10:47:13+00:00,2020-08-01 17:05:55+00:00,1,Docs,0,0,2020-07,2020
35493,issue,closed,2020-07-31 09:57:30+00:00,2020-08-03 23:29:32+00:00,3,"Bug,Regression,IO CSV",1,0,2020-07,2020
35491,issue,closed,2020-07-31 09:44:52+00:00,2020-09-24 06:49:09+00:00,54,Docs,0,0,2020-07,2020
35490,issue,closed,2020-07-31 09:33:45+00:00,2020-08-14 20:59:10+00:00,14,"Bug,Groupby,Regression,Blocker,Apply",1,0,2020-07,2020
35489,issue,closed,2020-07-31 09:31:19+00:00,2020-08-25 06:31:23+00:00,24,Release,0,0,2020-07,2020
35488,issue,closed,2020-07-31 07:49:59+00:00,2020-08-07 11:45:49+00:00,7,"Bug,Regression,Internals",1,0,2020-07,2020
35487,issue,closed,2020-07-31 07:13:26+00:00,2023-11-21 17:54:57+00:00,1208,"Enhancement,Datetime,Closing Candidate",0,0,2020-07,2020
35486,issue,closed,2020-07-31 04:13:37+00:00,2020-08-06 17:45:20+00:00,6,"Groupby,Regression,Window",0,0,2020-07,2020
35483,issue,closed,2020-07-30 22:10:51+00:00,2020-07-31 13:12:09+00:00,0,Duplicate Report,0,0,2020-07,2020
35481,issue,closed,2020-07-30 19:05:35+00:00,2021-08-08 19:34:54+00:00,374,"CI,Compat",0,0,2020-07,2020
35480,issue,closed,2020-07-30 17:09:09+00:00,2020-07-30 19:01:55+00:00,0,Usage Question,0,0,2020-07,2020
35479,issue,closed,2020-07-30 16:29:25+00:00,2020-07-30 20:46:30+00:00,0,Usage Question,0,0,2020-07,2020
35476,issue,closed,2020-07-30 13:53:11+00:00,2020-07-30 15:59:54+00:00,0,Build,0,0,2020-07,2020
35474,issue,closed,2020-07-30 03:29:06+00:00,2021-01-27 12:12:10+00:00,181,"Enhancement,Needs Info",0,0,2020-07,2020
35472,issue,closed,2020-07-29 22:28:44+00:00,2020-07-30 05:57:18+00:00,0,Enhancement,0,0,2020-07,2020
45149,issue,closed,2021-12-31 23:46:50+00:00,2023-03-03 00:41:24+00:00,426,Refactor,0,0,2021-12,2021
45144,issue,closed,2021-12-31 22:40:04+00:00,2022-01-16 17:35:07+00:00,15,"Bug,Visualization",1,0,2021-12,2021
45140,issue,closed,2021-12-31 17:18:07+00:00,2022-01-01 00:13:30+00:00,0,"Enhancement,IO Excel",0,0,2021-12,2021
45128,issue,closed,2021-12-30 15:46:09+00:00,2021-12-31 23:57:59+00:00,1,"Bug,Groupby,Categorical",1,0,2021-12,2021
45124,issue,closed,2021-12-30 11:38:18+00:00,2026-03-30 18:12:57+00:00,1551,"Performance,Closing Candidate",0,0,2021-12,2021
45123,issue,closed,2021-12-30 09:05:28+00:00,2022-01-05 17:09:01+00:00,6,"Build,Windows",0,0,2021-12,2021
45110,issue,closed,2021-12-29 14:18:29+00:00,2022-01-09 17:17:21+00:00,11,"Indexing,Regression,Sparse",0,0,2021-12,2021
45107,issue,closed,2021-12-29 10:02:34+00:00,2021-12-29 10:19:18+00:00,0,"Usage Question,Index",0,0,2021-12,2021
45099,issue,closed,2021-12-28 20:56:34+00:00,2022-01-07 19:59:15+00:00,9,"Performance,Warnings",0,0,2021-12,2021
45094,issue,closed,2021-12-28 17:58:59+00:00,2021-12-29 16:14:57+00:00,0,"Bug,Reshaping",1,0,2021-12,2021
45091,issue,closed,2021-12-28 17:05:43+00:00,2021-12-30 12:35:33+00:00,1,"Bug,Needs Triage",1,0,2021-12,2021
45089,issue,closed,2021-12-28 15:05:31+00:00,2021-12-30 00:01:36+00:00,1,"Bug,Groupby",1,0,2021-12,2021
45085,issue,closed,2021-12-28 04:18:38+00:00,2022-01-31 17:25:59+00:00,34,"Bug,Testing",1,0,2021-12,2021
45077,issue,closed,2021-12-27 09:18:29+00:00,2023-11-21 17:57:00+00:00,694,"Build,Closing Candidate,ARM,OS X",0,0,2021-12,2021
45070,issue,closed,2021-12-25 19:06:40+00:00,2022-01-08 15:25:05+00:00,13,"Bug,Indexing",1,0,2021-12,2021
45069,issue,closed,2021-12-25 16:50:26+00:00,2022-06-16 11:45:01+00:00,172,"Bug,Groupby,Error Reporting",1,0,2021-12,2021
45066,issue,closed,2021-12-25 14:58:56+00:00,2021-12-25 16:30:21+00:00,0,"Bug,Needs Triage",1,0,2021-12,2021
45054,issue,closed,2021-12-24 17:38:47+00:00,2021-12-26 04:30:56+00:00,1,"Bug,Needs Triage",1,0,2021-12,2021
45051,issue,closed,2021-12-24 14:32:50+00:00,2021-12-27 16:35:44+00:00,3,Code Style,0,0,2021-12,2021
45050,issue,closed,2021-12-24 14:01:00+00:00,2021-12-29 12:05:38+00:00,4,"Bug,Missing-data,Duplicate Report,Algos,NA - MaskedArrays",1,0,2021-12,2021
45049,issue,closed,2021-12-24 12:51:36+00:00,2022-04-07 19:47:01+00:00,104,"Admin,Benchmark",0,0,2021-12,2021
45047,issue,closed,2021-12-24 12:45:42+00:00,2021-12-24 13:50:49+00:00,0,Needs Info,0,0,2021-12,2021
45046,issue,closed,2021-12-24 11:26:15+00:00,2021-12-24 12:28:30+00:00,0,"Usage Question,Needs Triage",0,0,2021-12,2021
45045,issue,closed,2021-12-24 08:24:24+00:00,2021-12-24 09:03:58+00:00,0,"Usage Question,Needs Triage",0,0,2021-12,2021
45044,issue,closed,2021-12-24 07:11:44+00:00,2021-12-24 12:40:27+00:00,0,"Bug,Needs Triage",1,0,2021-12,2021
45041,issue,closed,2021-12-24 03:44:45+00:00,2023-12-12 00:39:25+00:00,717,"Docs,Filters",0,0,2021-12,2021
45038,issue,closed,2021-12-24 02:06:52+00:00,2021-12-27 17:11:09+00:00,3,"Dtype Conversions,Period,API - Consistency",0,0,2021-12,2021
45036,issue,closed,2021-12-23 23:54:17+00:00,2021-12-27 17:07:49+00:00,3,"Bug,Needs Triage",1,0,2021-12,2021
45032,issue,closed,2021-12-23 17:26:53+00:00,2022-01-03 22:38:57+00:00,11,"Bug,Indexing",1,0,2021-12,2021
45031,issue,closed,2021-12-23 15:25:05+00:00,2021-12-23 15:30:28+00:00,0,"Enhancement,IO CSV",0,0,2021-12,2021
45030,issue,closed,2021-12-23 13:45:47+00:00,2022-05-04 23:38:22+00:00,132,"Docs,IO HDF5",0,0,2021-12,2021
45022,issue,closed,2021-12-23 03:25:39+00:00,2022-01-17 13:47:48+00:00,25,"Bug,Missing-data",1,0,2021-12,2021
45021,issue,closed,2021-12-23 02:15:29+00:00,2021-12-23 02:30:32+00:00,0,"Bug,Needs Triage",1,0,2021-12,2021
45020,issue,closed,2021-12-23 01:43:35+00:00,2021-12-24 07:09:53+00:00,1,"IO LaTeX,Styler",0,0,2021-12,2021
45016,issue,closed,2021-12-22 19:01:29+00:00,2022-12-01 21:56:52+00:00,344,"Internals,IO JSON,Clean",0,0,2021-12,2021
45013,issue,closed,2021-12-22 10:54:10+00:00,2024-08-25 18:49:07+00:00,977,"Bug,Unreliable Test,Localization",1,0,2021-12,2021
45004,issue,closed,2021-12-21 20:08:18+00:00,2021-12-27 21:49:35+00:00,6,"Bug,API Design,Sparse,Needs Triage",1,0,2021-12,2021
45003,issue,closed,2021-12-21 19:45:00+00:00,2021-12-27 21:49:06+00:00,6,"Enhancement,Needs Triage",0,0,2021-12,2021
44995,issue,closed,2021-12-21 14:05:09+00:00,2021-12-24 16:31:32+00:00,3,"Testing,IO JSON",0,0,2021-12,2021
44994,issue,closed,2021-12-21 12:44:57+00:00,2021-12-28 19:54:34+00:00,7,CI,0,0,2021-12,2021
44993,issue,closed,2021-12-21 11:28:08+00:00,2023-02-26 00:17:13+00:00,431,Deprecate,0,0,2021-12,2021
44992,issue,closed,2021-12-21 09:58:05+00:00,2022-01-17 14:00:53+00:00,27,"Bug,Algos",1,0,2021-12,2021
44991,issue,closed,2021-12-21 08:34:29+00:00,2021-12-21 11:20:02+00:00,0,"Usage Question,Closing Candidate",0,0,2021-12,2021
44985,issue,closed,2021-12-20 15:57:08+00:00,2021-12-27 14:35:13+00:00,6,Docs,0,0,2021-12,2021
44983,issue,closed,2021-12-20 12:58:03+00:00,2021-12-20 13:01:44+00:00,0,"Bug,Needs Triage",1,0,2021-12,2021
44982,issue,closed,2021-12-20 12:40:15+00:00,2021-12-20 13:01:15+00:00,0,"Bug,Needs Triage",1,0,2021-12,2021
44981,issue,closed,2021-12-20 11:33:34+00:00,2021-12-20 13:00:56+00:00,0,"Bug,Needs Triage",1,0,2021-12,2021
44980,issue,closed,2021-12-20 11:07:10+00:00,2022-05-25 13:45:21+00:00,156,"CI,Dependencies",0,0,2021-12,2021
44978,issue,closed,2021-12-20 06:32:21+00:00,2021-12-22 22:53:10+00:00,2,"Bug,Reshaping,Regression",1,0,2021-12,2021
44977,issue,closed,2021-12-19 23:45:08+00:00,2022-02-04 16:37:14+00:00,46,"Bug,Groupby,Performance,Apply",1,0,2021-12,2021
44976,issue,closed,2021-12-19 23:30:12+00:00,2026-05-13 16:54:10+00:00,1605,"Docs,IO Network,IO Parquet",0,0,2021-12,2021
44970,issue,closed,2021-12-19 18:10:50+00:00,2021-12-20 14:40:31+00:00,0,Docs,0,0,2021-12,2021
44966,issue,closed,2021-12-19 00:27:38+00:00,2022-02-14 15:46:58+00:00,57,"Build,Needs Info,OS X",0,0,2021-12,2021
44965,issue,closed,2021-12-18 23:28:06+00:00,2022-01-28 02:21:00+00:00,40,"Bug,Algos,Strings",1,0,2021-12,2021
44963,issue,closed,2021-12-18 23:21:51+00:00,2022-02-06 23:43:35+00:00,50,"Build,Needs Info",0,0,2021-12,2021
44959,issue,closed,2021-12-18 18:58:03+00:00,2022-01-13 12:06:56+00:00,25,"Build,ARM,OS X",0,0,2021-12,2021
44958,issue,closed,2021-12-18 17:15:54+00:00,2025-11-18 13:57:57+00:00,1430,"Bug,Indexing,Needs Tests",1,0,2021-12,2021
44956,issue,closed,2021-12-18 11:59:42+00:00,2022-01-08 21:00:54+00:00,21,"Bug,Sparse",1,0,2021-12,2021
44952,issue,closed,2021-12-18 01:53:48+00:00,2024-03-11 23:42:48+00:00,814,"Enhancement,numba,Reduction Operations",0,0,2021-12,2021
44950,issue,closed,2021-12-17 22:31:46+00:00,2021-12-18 01:34:30+00:00,0,"Docs,Deprecate",0,0,2021-12,2021
44949,issue,closed,2021-12-17 21:31:50+00:00,2022-12-17 14:00:44+00:00,364,"Bug,Timezones,API - Consistency",1,0,2021-12,2021
44945,issue,closed,2021-12-17 19:28:09+00:00,2025-10-25 17:53:56+00:00,1407,"Docs,IO HTML",0,0,2021-12,2021
44934,issue,closed,2021-12-16 22:52:37+00:00,2021-12-16 23:27:39+00:00,0,"Enhancement,Needs Triage",0,0,2021-12,2021
44925,issue,closed,2021-12-16 14:00:47+00:00,2021-12-17 11:45:40+00:00,0,"Usage Question,Closing Candidate",0,0,2021-12,2021
44924,issue,closed,2021-12-16 12:48:39+00:00,2021-12-17 22:23:53+00:00,1,"Bug,Groupby,Regression,Error Reporting",1,0,2021-12,2021
44923,issue,closed,2021-12-16 06:29:02+00:00,2022-09-12 18:31:53+00:00,270,"Bug,Regression,Constructors",1,0,2021-12,2021
44917,issue,closed,2021-12-15 22:24:25+00:00,2022-11-29 04:11:58+00:00,348,"Bug,Reshaping,Interval",1,0,2021-12,2021
44915,issue,closed,2021-12-15 22:03:52+00:00,2021-12-16 00:50:24+00:00,0,"Bug,Needs Triage,Closing Candidate",1,0,2021-12,2021
44914,issue,closed,2021-12-15 21:42:17+00:00,2022-01-23 00:21:22+00:00,38,"Bug,IO Parquet",1,0,2021-12,2021
44905,issue,closed,2021-12-15 17:31:06+00:00,2021-12-15 20:27:08+00:00,0,,0,0,2021-12,2021
44904,issue,closed,2021-12-15 17:28:58+00:00,2021-12-18 03:13:27+00:00,2,Build,0,0,2021-12,2021
44903,issue,closed,2021-12-15 17:03:08+00:00,2021-12-15 21:15:47+00:00,0,Strings,0,0,2021-12,2021
44900,issue,closed,2021-12-15 14:06:24+00:00,2021-12-16 21:27:44+00:00,1,"Bug,Reshaping,Regression",1,0,2021-12,2021
44886,issue,closed,2021-12-14 22:02:59+00:00,2022-02-14 15:47:26+00:00,61,Admin,0,0,2021-12,2021
44881,issue,closed,2021-12-14 16:11:21+00:00,2024-09-04 17:08:36+00:00,995,"API Design,IO JSON,Needs Discussion",0,0,2021-12,2021
44867,issue,closed,2021-12-13 17:04:03+00:00,2022-02-22 05:03:15+00:00,70,Docs,0,0,2021-12,2021
44866,issue,closed,2021-12-13 16:35:01+00:00,2024-02-03 22:47:10+00:00,782,"Bug,Regression,metadata",1,0,2021-12,2021
44865,issue,closed,2021-12-13 16:10:21+00:00,2022-03-13 18:29:24+00:00,90,"Enhancement,IO CSV,Closing Candidate",0,0,2021-12,2021
44864,issue,closed,2021-12-13 15:48:51+00:00,2021-12-22 15:18:46+00:00,8,"Bug,Dtype Conversions,Regression",1,0,2021-12,2021
44860,issue,closed,2021-12-12 23:44:16+00:00,2021-12-13 00:09:32+00:00,0,Apply,0,0,2021-12,2021
44846,issue,closed,2021-12-10 23:18:50+00:00,2021-12-15 21:44:56+00:00,4,"Bug,IO Parquet",1,0,2021-12,2021
44844,issue,closed,2021-12-10 21:39:03+00:00,2025-10-13 16:36:19+00:00,1402,"CI,Unreliable Test",0,0,2021-12,2021
44842,issue,closed,2021-12-10 20:00:15+00:00,2021-12-14 01:54:38+00:00,3,"Enhancement,Needs Triage",0,0,2021-12,2021
44837,issue,closed,2021-12-10 09:43:29+00:00,2022-02-14 22:03:00+00:00,66,"Docs,IO Excel",0,0,2021-12,2021
44835,issue,closed,2021-12-10 05:14:09+00:00,2021-12-10 16:02:37+00:00,0,"Bug,Needs Triage",1,0,2021-12,2021
44825,issue,closed,2021-12-09 09:13:06+00:00,2021-12-13 20:22:23+00:00,4,"Usage Question,Window,numba",0,0,2021-12,2021
44823,issue,closed,2021-12-08 23:29:59+00:00,2025-08-11 17:29:47+00:00,1341,"Deprecate,Master Tracker,API - Consistency",0,0,2021-12,2021
44821,issue,closed,2021-12-08 17:59:39+00:00,2021-12-23 22:49:16+00:00,15,"Bug,Groupby",1,0,2021-12,2021
44818,issue,closed,2021-12-08 13:27:16+00:00,2021-12-16 20:33:38+00:00,8,"Bug,Reshaping",1,0,2021-12,2021
44811,issue,closed,2021-12-08 01:04:03+00:00,2021-12-08 13:55:23+00:00,0,Docs,0,0,2021-12,2021
44803,issue,closed,2021-12-07 19:31:18+00:00,2022-01-23 00:07:40+00:00,46,"Groupby,Apply,Needs Tests",0,0,2021-12,2021
44802,issue,closed,2021-12-07 14:25:11+00:00,2022-05-07 12:40:15+00:00,150,Typing,0,0,2021-12,2021
44792,issue,closed,2021-12-06 20:31:18+00:00,2022-01-05 23:09:27+00:00,30,"Bug,Missing-data,MultiIndex",1,0,2021-12,2021
44789,issue,closed,2021-12-06 19:02:18+00:00,2021-12-27 20:12:59+00:00,21,"Reshaping,Usage Question,MultiIndex",0,0,2021-12,2021
44788,issue,closed,2021-12-06 13:39:18+00:00,2023-10-07 16:04:56+00:00,670,"Bug,Indexing",1,0,2021-12,2021
44786,issue,closed,2021-12-06 12:05:28+00:00,2022-02-05 19:01:01+00:00,61,"Reshaping,Needs Tests",0,0,2021-12,2021
44784,issue,closed,2021-12-06 10:28:45+00:00,2023-01-30 09:37:53+00:00,419,"Docs,Numeric Operations",0,0,2021-12,2021
44754,issue,closed,2021-12-04 17:20:59+00:00,2021-12-06 17:36:02+00:00,2,"Docs,CI,Closing Candidate",0,0,2021-12,2021
44752,issue,closed,2021-12-04 14:21:45+00:00,2021-12-10 17:38:49+00:00,6,"Bug,Reshaping,MultiIndex",1,0,2021-12,2021
44751,issue,closed,2021-12-04 12:19:56+00:00,2022-06-29 21:20:50+00:00,207,"Enhancement,Needs Triage",0,0,2021-12,2021
44748,issue,closed,2021-12-04 02:21:45+00:00,2021-12-11 01:23:20+00:00,6,"Bug,IO CSV",1,0,2021-12,2021
44743,issue,closed,2021-12-04 00:09:27+00:00,2023-04-12 14:29:33+00:00,494,"Testing,Strings",0,0,2021-12,2021
44742,issue,closed,2021-12-03 23:47:03+00:00,2023-08-04 23:31:59+00:00,608,"Testing,ExtensionArray",0,0,2021-12,2021
44739,issue,closed,2021-12-03 22:35:07+00:00,2021-12-08 16:22:47+00:00,4,Docs,0,0,2021-12,2021
44734,issue,closed,2021-12-03 11:53:16+00:00,2022-02-06 23:42:08+00:00,65,"Bug,Needs Info,IO Parquet",1,0,2021-12,2021
44732,issue,closed,2021-12-03 01:03:40+00:00,2021-12-06 18:43:09+00:00,3,"CI,Unreliable Test",0,0,2021-12,2021
44729,issue,closed,2021-12-02 22:13:07+00:00,2021-12-02 22:18:36+00:00,0,"Bug,Needs Triage",1,0,2021-12,2021
44726,issue,closed,2021-12-02 18:49:44+00:00,2021-12-27 20:01:38+00:00,25,"Indexing,Usage Question",0,0,2021-12,2021
44723,issue,closed,2021-12-02 16:01:50+00:00,2021-12-27 19:54:10+00:00,25,"IO LaTeX,Closing Candidate",0,0,2021-12,2021
44720,issue,closed,2021-12-02 11:09:47+00:00,2022-07-18 22:41:21+00:00,228,"Bug,Dtype Conversions,IO JSON,Period",1,0,2021-12,2021
44718,issue,closed,2021-12-02 05:11:53+00:00,2022-02-06 23:41:37+00:00,66,"Bug,IO SQL,Needs Info",1,0,2021-12,2021
44712,issue,closed,2021-12-01 22:22:18+00:00,2021-12-27 19:50:29+00:00,25,"Enhancement,Needs Triage",0,0,2021-12,2021
44707,issue,closed,2021-12-01 19:59:41+00:00,2021-12-01 20:04:05+00:00,0,"Bug,Needs Triage",1,0,2021-12,2021
44705,issue,closed,2021-12-01 16:12:45+00:00,2021-12-19 23:24:08+00:00,18,"Bug,IO JSON",1,0,2021-12,2021
44704,issue,closed,2021-12-01 12:35:43+00:00,2021-12-01 14:22:20+00:00,0,"Bug,Needs Triage",1,0,2021-12,2021
44703,issue,closed,2021-12-01 09:17:55+00:00,2021-12-24 16:42:59+00:00,23,"Bug,Indexing,ExtensionArray",1,0,2021-12,2021
44698,issue,closed,2021-12-01 02:24:12+00:00,2021-12-01 03:14:28+00:00,0,"Enhancement,Needs Triage",0,0,2021-12,2021
44696,issue,closed,2021-11-30 23:42:53+00:00,2021-12-01 21:07:16+00:00,0,"Usage Question,Window,Closing Candidate",0,0,2021-11,2021
44690,issue,closed,2021-11-30 11:58:41+00:00,2021-12-27 19:46:38+00:00,27,"Enhancement,Needs Triage",0,0,2021-11,2021
44687,issue,closed,2021-11-30 09:23:14+00:00,2024-12-03 23:03:51+00:00,1099,"Docs,Window",0,0,2021-11,2021
44679,issue,closed,2021-11-30 00:39:10+00:00,2023-02-04 21:28:56+00:00,431,"Algos,API - Consistency,NA - MaskedArrays",0,0,2021-11,2021
44671,issue,closed,2021-11-29 14:19:41+00:00,2021-12-27 19:35:49+00:00,28,"Enhancement,Needs Triage,Closing Candidate",0,0,2021-11,2021
44670,issue,closed,2021-11-29 12:34:05+00:00,2022-04-07 17:26:09+00:00,129,"Visualization,API - Consistency",0,0,2021-11,2021
44642,issue,closed,2021-11-27 19:30:04+00:00,2023-03-29 17:55:45+00:00,486,"Docs,Warnings",0,0,2021-11,2021
44640,issue,closed,2021-11-27 18:35:38+00:00,2021-11-27 19:24:18+00:00,0,"Usage Question,Window,Closing Candidate",0,0,2021-11,2021
44639,issue,closed,2021-11-27 12:34:27+00:00,2021-11-27 12:48:36+00:00,0,"IO CSV,API - Consistency",0,0,2021-11,2021
44638,issue,closed,2021-11-27 06:14:27+00:00,2022-12-20 22:00:34+00:00,388,"Missing-data,NA - MaskedArrays,Closing Candidate",0,0,2021-11,2021
44627,issue,closed,2021-11-26 17:46:00+00:00,2021-12-05 01:03:24+00:00,8,"Deprecate,rename",0,0,2021-11,2021
44617,issue,closed,2021-11-25 14:01:08+00:00,2021-12-04 00:43:27+00:00,8,"Bug,Needs Triage",1,0,2021-11,2021
44616,issue,closed,2021-11-25 12:39:01+00:00,2021-12-23 16:35:50+00:00,28,"Bug,Performance,Compat,Constructors",1,0,2021-11,2021
44603,issue,closed,2021-11-24 12:35:34+00:00,2022-08-12 00:15:51+00:00,260,"Enhancement,Error Reporting,expressions",0,0,2021-11,2021
44597,issue,closed,2021-11-24 03:06:02+00:00,2021-12-23 00:59:20+00:00,28,"API Design,Deprecate",0,0,2021-11,2021
44590,issue,closed,2021-11-23 16:22:11+00:00,2021-12-18 12:39:34+00:00,24,,0,0,2021-11,2021
44589,issue,closed,2021-11-23 15:14:17+00:00,2021-12-04 23:50:13+00:00,11,"Enhancement,Groupby",0,0,2021-11,2021
44584,issue,closed,2021-11-23 00:25:36+00:00,2022-02-27 03:32:39+00:00,96,CI,0,0,2021-11,2021
44575,issue,closed,2021-11-22 18:38:24+00:00,2021-11-25 17:06:16+00:00,2,"Bug,Reshaping",1,0,2021-11,2021
44574,issue,closed,2021-11-22 18:17:17+00:00,2021-11-29 00:45:24+00:00,6,"Enhancement,Frequency",0,0,2021-11,2021
44573,issue,closed,2021-11-22 16:15:13+00:00,2021-11-23 00:33:45+00:00,0,"Usage Question,Closing Candidate",0,0,2021-11,2021
44572,issue,closed,2021-11-22 15:14:47+00:00,2021-11-23 22:33:41+00:00,1,"Bug,Reduction Operations",1,0,2021-11,2021
44570,issue,closed,2021-11-22 06:59:42+00:00,2021-11-22 09:22:00+00:00,0,,0,0,2021-11,2021
44568,issue,closed,2021-11-22 03:01:18+00:00,2021-11-30 08:48:08+00:00,8,"Enhancement,IO CSV",0,0,2021-11,2021
44560,issue,closed,2021-11-21 15:26:11+00:00,2021-11-21 15:37:31+00:00,0,"Duplicate Report,Frequency",0,0,2021-11,2021
44543,issue,closed,2021-11-20 21:14:23+00:00,2021-12-02 04:48:49+00:00,11,Docs,0,0,2021-11,2021
44521,issue,closed,2021-11-19 00:16:00+00:00,2021-11-20 00:11:39+00:00,0,"Visualization,Compat",0,0,2021-11,2021
44516,issue,closed,2021-11-18 19:06:52+00:00,2021-11-18 19:11:16+00:00,0,"Bug,Needs Triage",1,0,2021-11,2021
44515,issue,closed,2021-11-18 17:48:13+00:00,2021-11-18 18:33:13+00:00,0,"Bug,Needs Triage",1,0,2021-11,2021
44512,issue,closed,2021-11-18 12:52:15+00:00,2021-11-19 13:45:46+00:00,1,"Bug,Needs Triage",1,0,2021-11,2021
44509,issue,closed,2021-11-18 08:13:34+00:00,2021-11-21 23:49:13+00:00,3,"Bug,Index",1,0,2021-11,2021
44508,issue,closed,2021-11-18 07:24:31+00:00,2021-11-18 11:58:36+00:00,0,"Usage Question,IO SQL",0,0,2021-11,2021
44504,issue,closed,2021-11-17 22:06:04+00:00,2026-04-11 01:18:15+00:00,1605,"Bug,Timedelta,Needs Discussion",1,0,2021-11,2021
44499,issue,closed,2021-11-17 14:48:51+00:00,2021-11-20 16:15:51+00:00,3,"Bug,Numeric Operations,replace,NA - MaskedArrays",1,0,2021-11,2021
44498,issue,closed,2021-11-17 09:23:46+00:00,2021-12-29 15:35:59+00:00,42,"Bug,Dtype Conversions,replace",1,0,2021-11,2021
44496,issue,closed,2021-11-17 03:04:04+00:00,2021-11-21 19:18:02+00:00,4,"Performance,Needs Triage",0,0,2021-11,2021
44494,issue,closed,2021-11-17 00:01:27+00:00,2021-11-20 22:42:54+00:00,3,"Docs,CI,Dependencies",0,0,2021-11,2021
44486,issue,closed,2021-11-16 17:26:50+00:00,2021-11-19 17:32:59+00:00,3,"Enhancement,Algos,Compat",0,0,2021-11,2021
44482,issue,closed,2021-11-16 12:51:37+00:00,2021-11-26 15:39:38+00:00,10,"Bug,Index",1,0,2021-11,2021
44481,issue,closed,2021-11-16 12:37:36+00:00,2023-11-03 23:49:07+00:00,717,"Bug,Missing-data,Index",1,0,2021-11,2021
44477,issue,closed,2021-11-15 23:59:31+00:00,2021-12-17 14:51:02+00:00,31,"CI,Benchmark",0,0,2021-11,2021
44473,issue,closed,2021-11-15 18:28:32+00:00,2021-11-15 21:50:26+00:00,0,"Bug,Needs Triage",1,0,2021-11,2021
44470,issue,closed,2021-11-15 15:07:54+00:00,2021-11-20 16:08:53+00:00,5,"Bug,Error Reporting,Window,Segfault",1,0,2021-11,2021
44467,issue,closed,2021-11-15 12:06:03+00:00,2021-11-21 18:00:48+00:00,6,"Enhancement,IO SQL",0,0,2021-11,2021
44465,issue,closed,2021-11-15 09:42:01+00:00,2021-11-16 12:20:02+00:00,1,"Bug,Needs Triage",1,0,2021-11,2021
44458,issue,closed,2021-11-15 02:44:11+00:00,2021-11-15 02:55:40+00:00,0,"Groupby,Usage Question",0,0,2021-11,2021
44453,issue,closed,2021-11-14 19:03:22+00:00,2023-11-21 19:38:02+00:00,737,"Build,32bit",0,0,2021-11,2021
44433,issue,closed,2021-11-13 21:23:59+00:00,2023-06-24 16:45:47+00:00,587,"Enhancement,inplace",0,0,2021-11,2021
44424,issue,closed,2021-11-13 10:11:26+00:00,2023-07-28 21:57:47+00:00,622,"Enhancement,Algos,Transformations",0,0,2021-11,2021
44421,issue,closed,2021-11-12 23:59:06+00:00,2023-05-31 17:18:36+00:00,564,"Bug,IO SQL",1,0,2021-11,2021
44420,issue,closed,2021-11-12 23:22:57+00:00,2021-11-13 00:04:14+00:00,0,"Bug,Needs Triage",1,0,2021-11,2021
44414,issue,closed,2021-11-12 19:23:21+00:00,2021-12-05 22:25:03+00:00,23,"Bug,DataFrame,metadata",1,0,2021-11,2021
44410,issue,closed,2021-11-12 15:25:52+00:00,2022-01-30 18:37:00+00:00,79,"Docs,MultiIndex,Window",0,0,2021-11,2021
44405,issue,closed,2021-11-12 09:49:22+00:00,2022-06-11 17:43:07+00:00,211,"Bug,Missing-data,Duplicate Report,Categorical,NA - MaskedArrays",1,0,2021-11,2021
44403,issue,closed,2021-11-12 08:44:32+00:00,2023-07-15 15:59:11+00:00,610,"Bug,IO XML",1,0,2021-11,2021
44394,issue,closed,2021-11-11 14:10:10+00:00,2021-11-11 15:20:43+00:00,0,"Bug,Needs Triage",1,0,2021-11,2021
44393,issue,closed,2021-11-11 13:35:44+00:00,2021-11-14 05:10:13+00:00,2,"Bug,Needs Triage",1,0,2021-11,2021
44386,issue,closed,2021-11-10 23:53:35+00:00,2021-11-11 18:09:41+00:00,0,"Usage Question,Apply,Closing Candidate",0,0,2021-11,2021
44384,issue,closed,2021-11-10 11:26:08+00:00,2025-08-27 18:29:17+00:00,1386,"Enhancement,Indexing,Closing Candidate",0,0,2021-11,2021
44383,issue,closed,2021-11-10 10:00:52+00:00,2021-11-14 04:48:17+00:00,3,"Dtype Conversions,Usage Question",0,0,2021-11,2021
44382,issue,closed,2021-11-10 09:44:03+00:00,2021-11-13 17:21:40+00:00,3,NA - MaskedArrays,0,0,2021-11,2021
44379,issue,closed,2021-11-10 07:02:29+00:00,2021-11-25 17:59:18+00:00,15,Docs,0,0,2021-11,2021
44378,issue,closed,2021-11-09 23:12:45+00:00,2021-11-14 04:35:46+00:00,4,"Usage Question,Timezones",0,0,2021-11,2021
44376,issue,closed,2021-11-09 22:58:56+00:00,2021-11-09 22:59:53+00:00,0,"Bug,CI,Dependencies",1,0,2021-11,2021
44368,issue,closed,2021-11-09 17:51:17+00:00,2021-11-09 22:30:55+00:00,0,"Bug,Arrow",1,0,2021-11,2021
44366,issue,closed,2021-11-09 08:50:33+00:00,2021-11-25 20:51:45+00:00,16,"Bug,Datetime,IO CSV",1,0,2021-11,2021
44354,issue,closed,2021-11-08 20:02:11+00:00,2022-07-16 14:29:38+00:00,249,"Enhancement,Reshaping",0,0,2021-11,2021
44353,issue,closed,2021-11-08 18:51:28+00:00,2022-05-23 23:51:16+00:00,196,"Bug,Indexing",1,0,2021-11,2021
44351,issue,closed,2021-11-08 16:06:29+00:00,2021-11-12 03:09:35+00:00,3,"Bug,Missing-data,Regression,Categorical",1,0,2021-11,2021
44350,issue,closed,2021-11-08 07:54:21+00:00,2024-03-02 03:34:11+00:00,844,"Bug,Groupby,Apply",1,0,2021-11,2021
44347,issue,closed,2021-11-07 22:42:32+00:00,2022-12-01 21:40:09+00:00,388,"Enhancement,Warnings",0,0,2021-11,2021
44343,issue,closed,2021-11-07 15:42:10+00:00,2021-11-15 12:12:19+00:00,7,"Bug,CI,Dependencies",1,0,2021-11,2021
44340,issue,closed,2021-11-07 00:03:54+00:00,2021-11-07 02:41:09+00:00,0,"Docs,Needs Triage",0,0,2021-11,2021
44334,issue,closed,2021-11-06 13:27:51+00:00,2021-11-06 13:41:23+00:00,0,"Dtype Conversions,Duplicate Report,NA - MaskedArrays",0,0,2021-11,2021
44333,issue,closed,2021-11-06 12:11:55+00:00,2021-11-25 17:26:36+00:00,19,"Docs,Groupby",0,0,2021-11,2021
44326,issue,closed,2021-11-05 16:04:49+00:00,2021-11-14 04:09:25+00:00,8,"Bug,Period,Resample,Needs Triage",1,0,2021-11,2021
44324,issue,closed,2021-11-05 14:24:46+00:00,2022-02-05 23:19:28+00:00,92,"Bug,Groupby,Algos,Categorical,Index",1,0,2021-11,2021
44323,issue,closed,2021-11-05 13:32:28+00:00,2021-11-06 23:24:21+00:00,1,"Usage Question,IO CSV,Closing Candidate",0,0,2021-11,2021
44322,issue,closed,2021-11-05 11:08:50+00:00,2021-11-15 18:22:55+00:00,10,"Bug,Indexing",1,0,2021-11,2021
44320,issue,closed,2021-11-05 09:38:46+00:00,2021-11-14 04:02:27+00:00,8,"Usage Question,IO Excel,Closing Candidate",0,0,2021-11,2021
44318,issue,closed,2021-11-05 08:00:38+00:00,2021-11-05 13:04:15+00:00,0,"Docs,Groupby,Apply",0,0,2021-11,2021
44313,issue,closed,2021-11-04 20:51:32+00:00,2021-11-04 21:59:19+00:00,0,"Dtype Conversions,Usage Question",0,0,2021-11,2021
44312,issue,closed,2021-11-04 19:36:29+00:00,2021-11-14 02:34:45+00:00,9,"Bug,IO JSON",1,0,2021-11,2021
44311,issue,closed,2021-11-04 13:20:29+00:00,2022-12-17 20:12:51+00:00,408,"CI,Dependencies",0,0,2021-11,2021
44310,issue,closed,2021-11-04 10:48:14+00:00,2021-12-10 21:12:51+00:00,36,"Groupby,Needs Tests",0,0,2021-11,2021
44309,issue,closed,2021-11-04 10:41:04+00:00,2021-11-04 10:41:31+00:00,0,"Bug,Needs Triage",1,0,2021-11,2021
44306,issue,closed,2021-11-03 18:47:25+00:00,2021-12-24 07:17:38+00:00,50,"Performance,Constructors",0,0,2021-11,2021
44304,issue,closed,2021-11-03 16:53:36+00:00,2021-11-14 02:40:07+00:00,10,"Docs,IO HTML",0,0,2021-11,2021
44302,issue,closed,2021-11-03 16:12:03+00:00,2023-06-25 16:51:27+00:00,599,Docs,0,0,2021-11,2021
44299,issue,closed,2021-11-03 11:58:32+00:00,2021-11-03 12:53:51+00:00,0,Usage Question,0,0,2021-11,2021
44298,issue,closed,2021-11-03 04:25:43+00:00,2021-11-03 12:54:27+00:00,0,"Enhancement,Usage Question",0,0,2021-11,2021
44297,issue,closed,2021-11-03 00:19:07+00:00,2021-11-03 00:50:19+00:00,0,"Enhancement,Needs Triage",0,0,2021-11,2021
44295,issue,closed,2021-11-02 22:15:24+00:00,2021-11-14 20:24:19+00:00,11,"Error Reporting,IO SQL,Clean",0,0,2021-11,2021
44291,issue,closed,2021-11-02 19:31:15+00:00,2021-11-02 19:35:32+00:00,0,"Bug,Needs Triage",1,0,2021-11,2021
44290,issue,closed,2021-11-02 17:08:48+00:00,2021-11-02 22:38:51+00:00,0,"Bug,Needs Triage",1,0,2021-11,2021
44289,issue,closed,2021-11-02 13:56:59+00:00,2022-12-17 20:15:51+00:00,410,"Bug,Missing-data,API - Consistency,NA - MaskedArrays",1,0,2021-11,2021
44287,issue,closed,2021-11-02 09:43:31+00:00,2021-11-08 13:10:26+00:00,6,"Bug,Usage Question,Timezones,Needs Info",1,0,2021-11,2021
44279,issue,closed,2021-11-01 22:50:17+00:00,2023-03-30 16:10:52+00:00,513,"Bug,Index",1,0,2021-11,2021
44277,issue,closed,2021-11-01 22:15:41+00:00,2021-11-05 00:59:40+00:00,3,"Docs,Window",0,0,2021-11,2021
44276,issue,closed,2021-11-01 19:42:01+00:00,2021-12-15 07:52:50+00:00,43,"Bug,Strings,Arrow",1,0,2021-11,2021
44269,issue,closed,2021-11-01 14:05:21+00:00,2023-07-15 19:25:19+00:00,621,"Bug,Groupby,Index",1,0,2021-11,2021
44268,issue,closed,2021-11-01 08:55:35+00:00,2021-11-02 00:50:05+00:00,0,Closing Candidate,0,0,2021-11,2021
44265,issue,closed,2021-11-01 05:02:58+00:00,2021-11-05 16:18:14+00:00,4,"Bug,Indexing,Nested Data",1,0,2021-11,2021
44262,issue,closed,2021-11-01 02:19:58+00:00,2023-06-07 16:03:00+00:00,583,"Bug,Missing-data",1,0,2021-11,2021
44257,issue,closed,2021-10-31 18:49:58+00:00,2021-11-29 23:03:49+00:00,29,"Bug,Dtype Conversions,Numeric Operations",1,0,2021-10,2021
44256,issue,closed,2021-10-31 18:48:06+00:00,2023-04-28 11:26:16+00:00,543,"Docs,Visualization",0,0,2021-10,2021
44253,issue,closed,2021-10-31 16:28:37+00:00,2021-12-16 20:32:43+00:00,46,"Bug,IO CSV,Compat,PyPy",1,0,2021-10,2021
44252,issue,closed,2021-10-31 15:15:38+00:00,2023-10-02 11:39:54+00:00,700,"Bug,Indexing,Error Reporting,MultiIndex",1,0,2021-10,2021
44250,issue,closed,2021-10-31 11:37:46+00:00,2021-11-05 23:45:33+00:00,5,"Docs,Needs Triage,Closing Candidate",0,0,2021-10,2021
44247,issue,closed,2021-10-31 07:13:43+00:00,2021-11-01 13:50:39+00:00,1,"Bug,MultiIndex,Styler",1,0,2021-10,2021
44246,issue,closed,2021-10-31 03:36:26+00:00,2024-09-04 17:05:28+00:00,1039,"Enhancement,IO HDF5,Needs Discussion",0,0,2021-10,2021
44241,issue,closed,2021-10-30 19:37:00+00:00,2021-12-27 17:07:14+00:00,57,"Bug,Missing-data,Dtype Conversions",1,0,2021-10,2021
44240,issue,closed,2021-10-30 15:35:42+00:00,2022-11-29 23:00:25+00:00,395,"Performance,Reshaping",0,0,2021-10,2021
44231,issue,closed,2021-10-29 17:24:27+00:00,2021-11-10 19:25:10+00:00,12,"Bug,IO CSV,Arrow",1,0,2021-10,2021
44230,issue,closed,2021-10-29 16:00:29+00:00,2021-10-29 16:07:03+00:00,0,"Usage Question,IO SQL",0,0,2021-10,2021
44217,issue,closed,2021-10-28 08:36:32+00:00,2021-10-30 23:59:01+00:00,2,"Bug,Needs Triage",1,0,2021-10,2021
44216,issue,closed,2021-10-28 07:29:48+00:00,2023-11-21 17:56:51+00:00,754,"Bug,Unicode,IO SAS,Segfault,Closing Candidate",1,0,2021-10,2021
44213,issue,closed,2021-10-28 02:20:10+00:00,2021-10-29 04:00:51+00:00,1,"Typing,Needs Triage",0,0,2021-10,2021
44203,issue,closed,2021-10-27 15:47:33+00:00,2024-08-24 20:11:37+00:00,1032,"Enhancement,Strings",0,0,2021-10,2021
44199,issue,closed,2021-10-27 00:24:43+00:00,2022-01-22 00:20:57+00:00,86,"Bug,Indexing,Missing-data,Dtype Conversions,NA - MaskedArrays",1,0,2021-10,2021
44196,issue,closed,2021-10-26 18:59:13+00:00,2021-10-30 23:47:47+00:00,4,"Bug,Needs Triage",1,0,2021-10,2021
44194,issue,closed,2021-10-26 17:25:27+00:00,2021-10-27 09:23:49+00:00,0,Usage Question,0,0,2021-10,2021
44190,issue,closed,2021-10-26 11:35:29+00:00,2021-10-29 13:17:25+00:00,3,"Bug,Regression",1,0,2021-10,2021
44188,issue,closed,2021-10-26 09:17:30+00:00,2022-03-10 11:54:10+00:00,135,"Bug,Resample,Reduction Operations",1,0,2021-10,2021
44184,issue,closed,2021-10-26 01:20:42+00:00,2021-10-30 23:30:31+00:00,4,"Usage Question,Styler,Closing Candidate",0,0,2021-10,2021
44181,issue,closed,2021-10-25 14:57:00+00:00,2021-11-25 17:37:23+00:00,31,"Bug,Interval",1,0,2021-10,2021
44179,issue,closed,2021-10-25 13:11:38+00:00,2021-12-22 03:07:33+00:00,57,"Bug,Groupby,Error Reporting",1,0,2021-10,2021
44178,issue,closed,2021-10-25 13:08:16+00:00,2021-11-24 01:27:27+00:00,29,"Enhancement,Error Reporting,Reduction Operations",0,0,2021-10,2021
44173,issue,closed,2021-10-24 23:25:55+00:00,2021-11-06 21:30:23+00:00,12,CI,0,0,2021-10,2021
44172,issue,closed,2021-10-24 23:14:12+00:00,2022-01-17 13:45:16+00:00,84,"Performance,Apply,ExtensionArray",0,0,2021-10,2021
44168,issue,closed,2021-10-24 20:44:15+00:00,2022-01-15 19:17:39+00:00,82,"Enhancement,IO Excel,Needs Discussion",0,0,2021-10,2021
44162,issue,closed,2021-10-24 02:54:36+00:00,2021-11-06 20:51:36+00:00,13,Docs,0,0,2021-10,2021
44159,issue,closed,2021-10-23 21:30:29+00:00,2021-10-29 15:26:01+00:00,5,"Build,Needs Info,Closing Candidate",0,0,2021-10,2021
44158,issue,closed,2021-10-23 21:26:39+00:00,2021-11-25 16:36:00+00:00,32,"Performance,IO CSV",0,0,2021-10,2021
44157,issue,closed,2021-10-23 17:28:33+00:00,2021-10-23 17:35:15+00:00,0,"Bug,Duplicate Report,Strings,API - Consistency",1,0,2021-10,2021
44156,issue,closed,2021-10-23 17:24:58+00:00,2022-02-13 22:16:42+00:00,113,"Bug,Missing-data,Dtype Conversions,Strings,NA - MaskedArrays,Astype",1,0,2021-10,2021
44153,issue,closed,2021-10-22 22:26:16+00:00,2021-11-28 19:22:36+00:00,36,"CI,Unreliable Test,ARM",0,0,2021-10,2021
44152,issue,closed,2021-10-22 22:09:47+00:00,2023-07-12 21:36:39+00:00,627,"Enhancement,Testing",0,0,2021-10,2021
44147,issue,closed,2021-10-22 16:03:41+00:00,2021-11-14 02:13:44+00:00,22,"Docs,IO CSV",0,0,2021-10,2021
44146,issue,closed,2021-10-22 15:44:14+00:00,2021-11-22 17:33:28+00:00,31,"Docs,Frequency",0,0,2021-10,2021
44143,issue,closed,2021-10-22 13:02:26+00:00,2021-10-22 18:49:38+00:00,0,"CI,Compat,Typing",0,0,2021-10,2021
44136,issue,closed,2021-10-21 18:00:00+00:00,2021-11-27 10:56:43+00:00,36,"Build,Admin,Windows,OS X",0,0,2021-10,2021
44132,issue,closed,2021-10-21 15:49:55+00:00,2023-07-15 19:24:19+00:00,632,"Bug,Groupby,Reduction Operations,Closing Candidate",1,0,2021-10,2021
44126,issue,closed,2021-10-21 00:53:22+00:00,2021-10-28 03:34:56+00:00,7,"Testing,CI,Closing Candidate",0,0,2021-10,2021
44119,issue,closed,2021-10-20 19:24:56+00:00,2021-10-21 16:16:46+00:00,0,"Bug,Groupby,Duplicate Report,Apply,Nested Data",1,0,2021-10,2021
44116,issue,closed,2021-10-20 17:25:01+00:00,2021-10-21 17:45:26+00:00,1,"CI,Code Style",0,0,2021-10,2021
44109,issue,closed,2021-10-20 02:19:07+00:00,2021-11-05 00:52:46+00:00,15,"Bug,Reshaping,Index",1,0,2021-10,2021
44106,issue,closed,2021-10-19 20:42:11+00:00,2021-10-26 20:26:51+00:00,6,"Performance,Needs Triage",0,0,2021-10,2021
44104,issue,closed,2021-10-19 19:35:34+00:00,2025-11-23 02:31:50+00:00,1495,"Bug,Dtype Conversions,Strings,Needs Tests,pyarrow dtype retention,combine/combine_first/update",1,0,2021-10,2021
44103,issue,closed,2021-10-19 19:32:00+00:00,2026-04-21 17:23:25+00:00,1644,"Bug,Indexing,ExtensionArray",1,0,2021-10,2021
44100,issue,closed,2021-10-19 16:22:27+00:00,2021-12-17 21:55:45+00:00,59,"Bug,Datetime,Period",1,0,2021-10,2021
44098,issue,closed,2021-10-19 13:23:31+00:00,2021-10-21 00:51:10+00:00,1,ExtensionArray,0,0,2021-10,2021
44097,issue,closed,2021-10-19 12:35:32+00:00,2025-08-05 16:42:39+00:00,1386,"Docs,IO CSV,Closing Candidate",0,0,2021-10,2021
44096,issue,closed,2021-10-19 11:11:55+00:00,2021-11-25 20:49:48+00:00,37,"Bug,Reshaping,MultiIndex,Interval",1,0,2021-10,2021
44095,issue,closed,2021-10-19 10:41:17+00:00,2021-10-20 08:42:36+00:00,0,"Bug,Needs Triage",1,0,2021-10,2021
44091,issue,closed,2021-10-18 19:39:55+00:00,2021-12-29 16:15:18+00:00,71,"Bug,Dtype Conversions,Constructors",1,0,2021-10,2021
44089,issue,closed,2021-10-18 18:23:35+00:00,2021-10-20 11:25:58+00:00,1,"Build,Needs Triage",0,0,2021-10,2021
44087,issue,closed,2021-10-18 17:44:26+00:00,2021-10-18 17:54:46+00:00,0,"Docs,CI",0,0,2021-10,2021
44084,issue,closed,2021-10-18 16:06:01+00:00,2021-11-14 02:26:44+00:00,26,"Bug,Indexing,MultiIndex,Interval",1,0,2021-10,2021
44082,issue,closed,2021-10-18 14:59:10+00:00,2021-10-18 16:22:24+00:00,0,"Enhancement,IO CSV",0,0,2021-10,2021
44080,issue,closed,2021-10-18 11:08:12+00:00,2021-12-14 12:38:27+00:00,57,Release,0,0,2021-10,2021
44079,issue,closed,2021-10-18 06:49:10+00:00,2021-11-20 15:58:54+00:00,33,"Bug,IO CSV,NA - MaskedArrays",1,0,2021-10,2021
44078,issue,closed,2021-10-18 06:15:18+00:00,2023-08-11 16:19:02+00:00,662,"Groupby,Needs Tests,Window,cov/corr",0,0,2021-10,2021
44076,issue,closed,2021-10-18 04:10:35+00:00,2021-10-18 19:28:50+00:00,0,"Bug,Algos",1,0,2021-10,2021
44071,issue,closed,2021-10-17 16:49:09+00:00,2021-10-18 04:03:36+00:00,0,"Duplicate Report,Internals,Master Tracker,Clean",0,0,2021-10,2021
44069,issue,closed,2021-10-17 16:28:41+00:00,2021-10-17 16:35:16+00:00,0,"Build,Benchmark,Needs Triage",0,0,2021-10,2021
44067,issue,closed,2021-10-17 15:04:21+00:00,2021-11-09 21:24:46+00:00,23,"Dependencies,Benchmark",0,0,2021-10,2021
44053,issue,closed,2021-10-16 16:07:45+00:00,2021-10-19 01:43:31+00:00,2,"Bug,Datetime",1,0,2021-10,2021
44051,issue,closed,2021-10-16 16:06:11+00:00,2021-12-19 23:03:57+00:00,64,"Bug,Indexing",1,0,2021-10,2021
44050,issue,closed,2021-10-16 14:01:09+00:00,2024-11-12 19:38:32+00:00,1123,"Bug,Visualization,Needs Tests",1,0,2021-10,2021
44049,issue,closed,2021-10-16 08:32:34+00:00,2021-10-30 22:50:34+00:00,14,"Enhancement,Needs Triage",0,0,2021-10,2021
44048,issue,closed,2021-10-16 05:04:50+00:00,2021-12-14 17:57:35+00:00,59,"Bug,Missing-data,Index",1,0,2021-10,2021
44045,issue,closed,2021-10-15 21:26:18+00:00,2023-03-06 14:10:17+00:00,506,"Enhancement,CI,Code Style,Needs Discussion",0,0,2021-10,2021
44044,issue,closed,2021-10-15 20:37:38+00:00,2021-10-21 16:17:41+00:00,5,"Bug,Needs Info,Constructors",1,0,2021-10,2021
44031,issue,closed,2021-10-14 17:51:07+00:00,2022-01-07 17:23:31+00:00,84,"Bug,Apply",1,0,2021-10,2021
44027,issue,closed,2021-10-14 08:49:15+00:00,2022-09-21 18:54:48+00:00,342,"Build,CI",0,0,2021-10,2021
44026,issue,closed,2021-10-14 05:14:50+00:00,2021-11-19 22:47:19+00:00,36,"Bug,Groupby,Apply",1,0,2021-10,2021
44024,issue,closed,2021-10-14 03:09:39+00:00,2021-10-14 16:45:08+00:00,0,"Usage Question,Window",0,0,2021-10,2021
44021,issue,closed,2021-10-13 23:22:51+00:00,2021-11-16 00:55:59+00:00,33,"Bug,IO Fixed Width",1,0,2021-10,2021
44017,issue,closed,2021-10-13 15:47:08+00:00,2021-10-20 17:57:54+00:00,7,"Enhancement,IO SQL,Needs Info",0,0,2021-10,2021
44014,issue,closed,2021-10-13 13:12:27+00:00,2022-08-08 21:25:57+00:00,299,"Bug,Numeric Operations,NA - MaskedArrays",1,0,2021-10,2021
44013,issue,closed,2021-10-13 11:53:51+00:00,2021-10-13 11:56:23+00:00,0,"Usage Question,Needs Triage",0,0,2021-10,2021
44011,issue,closed,2021-10-13 09:42:51+00:00,2021-10-16 13:58:10+00:00,3,"Bug,IO HTML,Styler",1,0,2021-10,2021
44010,issue,closed,2021-10-13 08:32:59+00:00,2021-10-13 08:41:23+00:00,0,"Bug,Needs Triage",1,0,2021-10,2021
44008,issue,closed,2021-10-13 05:17:10+00:00,2023-04-24 18:49:51+00:00,558,"Bug,Strings,API - Consistency,Reduction Operations",1,0,2021-10,2021
44000,issue,closed,2021-10-12 18:32:34+00:00,2026-03-31 17:18:00+00:00,1630,"Bug,Index,setops",1,0,2021-10,2021
43999,issue,closed,2021-10-12 16:09:08+00:00,2023-03-17 17:03:06+00:00,521,"Groupby,Categorical,Deprecate",0,0,2021-10,2021
43997,issue,closed,2021-10-12 15:36:36+00:00,2021-10-15 00:59:21+00:00,2,"Bug,Window",1,0,2021-10,2021
43996,issue,closed,2021-10-12 13:15:46+00:00,2024-10-30 23:04:25+00:00,1114,"Bug,Missing-data,Categorical,Needs Tests",1,0,2021-10,2021
43994,issue,closed,2021-10-12 08:33:16+00:00,2021-10-22 19:44:58+00:00,10,"Enhancement,Needs Discussion,API - Consistency",0,0,2021-10,2021
43993,issue,closed,2021-10-12 05:55:42+00:00,2021-10-13 02:01:23+00:00,0,"Bug,Dtype Conversions,Duplicate Report",1,0,2021-10,2021
43990,issue,closed,2021-10-12 02:19:13+00:00,2021-10-12 02:48:12+00:00,0,"Reshaping,Dtype Conversions,Categorical",0,0,2021-10,2021
43986,issue,closed,2021-10-11 22:35:36+00:00,2021-12-27 20:07:03+00:00,76,"Bug,Constructors",1,0,2021-10,2021
43984,issue,closed,2021-10-11 21:53:04+00:00,2021-10-11 22:06:03+00:00,0,"Enhancement,Code Style",0,0,2021-10,2021
43983,issue,closed,2021-10-11 21:37:25+00:00,2021-10-15 15:44:03+00:00,3,"Docs,Needs Triage",0,0,2021-10,2021
43982,issue,closed,2021-10-11 21:36:04+00:00,2021-10-13 17:57:07+00:00,1,"Enhancement,Needs Triage",0,0,2021-10,2021
43975,issue,closed,2021-10-11 16:10:17+00:00,2021-10-13 23:45:35+00:00,2,"Enhancement,Needs Triage",0,0,2021-10,2021
43969,issue,closed,2021-10-11 13:33:38+00:00,2021-10-12 14:27:12+00:00,1,"Build,Needs Info",0,0,2021-10,2021
43965,issue,closed,2021-10-11 06:09:47+00:00,2021-10-11 19:34:08+00:00,0,"Indexing,Usage Question,Closing Candidate",0,0,2021-10,2021
43960,issue,closed,2021-10-10 21:06:46+00:00,2021-10-16 04:08:20+00:00,5,"Enhancement,Needs Triage",0,0,2021-10,2021
43959,issue,closed,2021-10-10 20:02:20+00:00,2021-10-12 22:20:29+00:00,2,"Docs,Indexing,Needs Triage",0,0,2021-10,2021
43957,issue,closed,2021-10-10 14:37:20+00:00,2021-10-31 00:20:04+00:00,20,"Build,Needs Info,Dependencies,Closing Candidate",0,0,2021-10,2021
43956,issue,closed,2021-10-10 12:21:34+00:00,2021-10-31 00:19:35+00:00,20,"Enhancement,Needs Info",0,0,2021-10,2021
43954,issue,closed,2021-10-10 05:09:02+00:00,2021-10-10 12:47:36+00:00,0,Duplicate Report,0,0,2021-10,2021
43946,issue,closed,2021-10-09 23:19:18+00:00,2021-10-10 13:56:32+00:00,0,"Enhancement,Needs Triage",0,0,2021-10,2021
43944,issue,closed,2021-10-09 22:42:18+00:00,2021-10-13 02:05:45+00:00,3,"Bug,Window",1,0,2021-10,2021
43940,issue,closed,2021-10-09 09:29:03+00:00,2021-10-31 00:17:45+00:00,21,"Bug,Needs Info,Index",1,0,2021-10,2021
43937,issue,closed,2021-10-09 02:06:07+00:00,2021-10-10 18:12:42+00:00,1,"Docs,replace",0,0,2021-10,2021
43929,issue,closed,2021-10-08 15:34:59+00:00,2026-03-24 16:45:33+00:00,1628,"Performance,Reduction Operations",0,0,2021-10,2021
43927,issue,closed,2021-10-08 14:51:54+00:00,2021-10-09 01:10:01+00:00,0,"Bug,Window",1,0,2021-10,2021
43924,issue,closed,2021-10-08 08:17:42+00:00,2021-10-09 07:57:23+00:00,0,"Bug,Needs Triage",1,0,2021-10,2021
43921,issue,closed,2021-10-08 03:11:15+00:00,2021-10-09 00:17:40+00:00,0,"Bug,Dtype Conversions,Index",1,0,2021-10,2021
43912,issue,closed,2021-10-07 15:59:07+00:00,2021-10-07 19:49:02+00:00,0,"Bug,Needs Triage",1,0,2021-10,2021
43911,issue,closed,2021-10-07 14:47:35+00:00,2021-10-31 00:13:52+00:00,23,"Bug,Groupby,Needs Info",1,0,2021-10,2021
43909,issue,closed,2021-10-07 09:11:53+00:00,2021-12-22 15:16:03+00:00,76,"Bug,Groupby,Error Reporting,Window",1,0,2021-10,2021
43908,issue,closed,2021-10-07 06:27:37+00:00,2021-10-15 18:15:20+00:00,8,Needs Tests,0,0,2021-10,2021
43907,issue,closed,2021-10-07 06:27:18+00:00,2021-10-10 14:23:46+00:00,3,"Enhancement,Needs Triage",0,0,2021-10,2021
43903,issue,closed,2021-10-06 21:09:13+00:00,2021-12-30 14:10:51+00:00,84,"Enhancement,NA - MaskedArrays,IO XML",0,0,2021-10,2021
43901,issue,closed,2021-10-06 15:45:19+00:00,2021-10-17 23:03:16+00:00,11,"Enhancement,Datetime",0,0,2021-10,2021
43892,issue,closed,2021-10-05 16:44:01+00:00,2021-12-17 22:41:29+00:00,73,"Bug,Frequency",1,0,2021-10,2021
43891,issue,closed,2021-10-05 16:12:36+00:00,2024-02-07 05:01:42+00:00,854,"Bug,Groupby,Timedelta,MultiIndex,Categorical",1,0,2021-10,2021
43890,issue,closed,2021-10-05 14:21:12+00:00,2022-01-17 13:42:03+00:00,103,"CI,Blocker",0,0,2021-10,2021
43889,issue,closed,2021-10-05 13:56:20+00:00,2022-12-07 18:59:57+00:00,428,"Enhancement,API Design,Needs Discussion,Reduction Operations",0,0,2021-10,2021
43888,issue,closed,2021-10-05 11:58:00+00:00,2021-10-06 13:29:09+00:00,1,"Testing,Performance",0,0,2021-10,2021
43886,issue,closed,2021-10-05 03:28:38+00:00,2022-04-01 02:59:47+00:00,177,"API Design,Needs Discussion,numba",0,0,2021-10,2021
43885,issue,closed,2021-10-04 19:37:55+00:00,2022-07-08 23:58:31+00:00,277,"Performance,Index,setops",0,0,2021-10,2021
43884,issue,closed,2021-10-04 19:17:03+00:00,2021-10-16 14:35:19+00:00,11,"MultiIndex,Needs Tests",0,0,2021-10,2021
43881,issue,closed,2021-10-04 17:34:47+00:00,2022-08-17 02:01:45+00:00,316,"Enhancement,Compat,quantile",0,0,2021-10,2021
43878,issue,closed,2021-10-04 13:54:10+00:00,2021-10-09 15:33:01+00:00,5,"Usage Question,IO SQL,Closing Candidate",0,0,2021-10,2021
43877,issue,closed,2021-10-04 11:05:41+00:00,2022-01-22 01:23:08+00:00,109,"Bug,Performance,IO JSON",1,0,2021-10,2021
43876,issue,closed,2021-10-04 09:52:41+00:00,2021-10-13 03:17:05+00:00,8,"Build,Windows",0,0,2021-10,2021
43875,issue,closed,2021-10-04 08:54:47+00:00,2022-02-27 20:05:06+00:00,146,"Enhancement,IO Data,Styler",0,0,2021-10,2021
43869,issue,closed,2021-10-04 02:20:16+00:00,2021-10-18 19:41:21+00:00,14,"Bug,Indexing,Missing-data",1,0,2021-10,2021
43864,issue,closed,2021-10-03 18:03:46+00:00,2022-06-14 00:02:13+00:00,253,"Enhancement,IO Data,Arrow,IO Format Request",0,0,2021-10,2021
43858,issue,closed,2021-10-03 13:41:23+00:00,2021-10-07 03:00:05+00:00,3,"Performance,IO Parquet",0,0,2021-10,2021
43857,issue,closed,2021-10-03 07:14:22+00:00,2021-10-03 13:57:45+00:00,0,"Enhancement,Duplicate Report,ExtensionArray,Index",0,0,2021-10,2021
43842,issue,closed,2021-10-01 19:21:07+00:00,2021-10-02 21:10:48+00:00,1,"Bug,expressions,Closing Candidate",1,0,2021-10,2021
43840,issue,closed,2021-10-01 18:39:06+00:00,2024-06-26 00:07:32+00:00,998,"Refactor,ExtensionArray",0,0,2021-10,2021
43839,issue,closed,2021-10-01 17:56:44+00:00,2021-11-29 16:00:57+00:00,58,"Docs,Groupby",0,0,2021-10,2021
43836,issue,closed,2021-10-01 14:56:09+00:00,2023-01-15 12:00:59+00:00,470,"Enhancement,Categorical,Needs Discussion,NA - MaskedArrays",0,0,2021-10,2021
43835,issue,closed,2021-10-01 14:36:28+00:00,2021-10-13 17:27:59+00:00,12,"Enhancement,Usage Question,Closing Candidate",0,0,2021-10,2021
43832,issue,closed,2021-10-01 13:52:22+00:00,2021-10-01 14:35:53+00:00,0,"Usage Question,Needs Triage",0,0,2021-10,2021
43831,issue,closed,2021-10-01 10:26:39+00:00,2021-10-03 13:50:22+00:00,2,"Bug,IO JSON",1,0,2021-10,2021
43829,issue,closed,2021-10-01 02:35:33+00:00,2021-12-18 03:41:10+00:00,78,"Bug,Testing,Unreliable Test",1,0,2021-10,2021
43821,issue,closed,2021-09-30 15:14:30+00:00,2021-11-19 17:24:01+00:00,50,Enhancement,0,0,2021-09,2021
43815,issue,closed,2021-09-30 11:43:43+00:00,2021-10-02 00:42:07+00:00,1,Usage Question,0,0,2021-09,2021
43807,issue,closed,2021-09-29 22:37:26+00:00,2021-09-30 19:49:48+00:00,0,Typing,0,0,2021-09,2021
43804,issue,closed,2021-09-29 20:51:44+00:00,2022-06-22 01:22:20+00:00,265,"Compat,Dependencies",0,0,2021-09,2021
43798,issue,closed,2021-09-29 15:22:57+00:00,2021-10-01 16:10:15+00:00,2,"Bug,Needs Triage",1,0,2021-09,2021
43797,issue,closed,2021-09-29 13:19:02+00:00,2023-04-28 11:29:52+00:00,575,"Bug,Timezones,Resample",1,0,2021-09,2021
43795,issue,closed,2021-09-29 08:21:50+00:00,2021-09-30 16:44:43+00:00,1,"Enhancement,API Design,Closing Candidate",0,0,2021-09,2021
43794,issue,closed,2021-09-29 08:14:34+00:00,2021-10-04 21:16:02+00:00,5,Needs Info,0,0,2021-09,2021
43793,issue,closed,2021-09-29 05:53:42+00:00,2021-10-16 17:30:44+00:00,17,"Docs,MultiIndex",0,0,2021-09,2021
43786,issue,closed,2021-09-28 18:04:01+00:00,2021-09-28 18:24:03+00:00,0,"Usage Question,Needs Triage",0,0,2021-09,2021
43784,issue,closed,2021-09-28 17:21:47+00:00,2026-03-25 16:32:12+00:00,1638,"Bug,Datetime,Numeric Operations,Timezones",1,0,2021-09,2021
43782,issue,closed,2021-09-28 12:50:32+00:00,2021-09-28 18:45:03+00:00,0,Docs,0,0,2021-09,2021
43781,issue,closed,2021-09-28 09:03:16+00:00,2021-10-31 00:11:59+00:00,32,"Usage Question,Needs Info",0,0,2021-09,2021
43778,issue,closed,2021-09-28 04:25:48+00:00,2021-10-03 19:09:45+00:00,5,"Testing,Docs",0,0,2021-09,2021
43774,issue,closed,2021-09-27 23:50:16+00:00,2023-03-30 18:47:07+00:00,548,"Internals,Clean,API - Consistency,Closing Candidate",0,0,2021-09,2021
43773,issue,closed,2021-09-27 22:17:15+00:00,2021-10-12 23:07:51+00:00,15,"Enhancement,Needs Info",0,0,2021-09,2021
43767,issue,closed,2021-09-27 13:36:44+00:00,2022-07-15 21:04:38+00:00,291,"Bug,Groupby,Regression,Resample",1,0,2021-09,2021
43765,issue,closed,2021-09-27 12:22:36+00:00,2021-10-01 23:05:53+00:00,4,"Usage Question,Needs Triage",0,0,2021-09,2021
43764,issue,closed,2021-09-27 07:28:34+00:00,2021-12-31 20:56:56+00:00,95,"Bug,Datetime,Timedelta",1,0,2021-09,2021
43759,issue,closed,2021-09-26 20:25:27+00:00,2021-09-26 22:20:23+00:00,0,"Missing-data,Usage Question",0,0,2021-09,2021
43758,issue,closed,2021-09-26 20:01:39+00:00,2021-10-30 17:31:38+00:00,33,"Deprecate,Styler",0,0,2021-09,2021
43757,issue,closed,2021-09-26 19:37:27+00:00,2021-09-30 19:44:46+00:00,4,"Testing,Docs,CI",0,0,2021-09,2021
43755,issue,closed,2021-09-26 17:13:02+00:00,2021-10-03 14:14:03+00:00,6,Docs,0,0,2021-09,2021
43749,issue,closed,2021-09-26 03:08:55+00:00,2021-09-26 17:33:31+00:00,0,"Docs,Datetime,Frequency",0,0,2021-09,2021
43745,issue,closed,2021-09-25 17:45:35+00:00,2022-02-27 00:09:24+00:00,154,"Build,CI",0,0,2021-09,2021
43742,issue,closed,2021-09-25 17:21:37+00:00,2022-03-14 00:13:19+00:00,169,"Enhancement,Typing",0,0,2021-09,2021
43740,issue,closed,2021-09-25 16:08:52+00:00,2021-12-23 01:56:49+00:00,88,"Deprecate,Apply,API - Consistency,Nuisance Columns",0,0,2021-09,2021
43734,issue,closed,2021-09-24 15:59:09+00:00,2021-10-16 15:37:51+00:00,21,"Bug,Reshaping,MultiIndex,ExtensionArray",1,0,2021-09,2021
43733,issue,closed,2021-09-24 15:55:24+00:00,2022-08-01 16:40:17+00:00,311,"Bug,Dtype Conversions,Constructors",1,0,2021-09,2021
43732,issue,closed,2021-09-24 12:11:21+00:00,2022-12-18 23:27:42+00:00,450,"Bug,Datetime,Missing-data,Closing Candidate",1,0,2021-09,2021
43727,issue,closed,2021-09-24 00:45:33+00:00,2021-09-24 00:57:15+00:00,0,"Bug,Duplicate Report,Needs Triage",1,0,2021-09,2021
43721,issue,closed,2021-09-23 17:05:39+00:00,2021-09-23 18:42:16+00:00,0,"Missing-data,Usage Question",0,0,2021-09,2021
43717,issue,closed,2021-09-23 12:17:53+00:00,2022-11-05 20:51:08+00:00,408,"Deprecate,Benchmark",0,0,2021-09,2021
43715,issue,closed,2021-09-23 10:31:57+00:00,2021-10-17 17:08:53+00:00,24,"Build,Compat",0,0,2021-09,2021
43713,issue,closed,2021-09-23 10:02:23+00:00,2021-10-02 00:05:04+00:00,8,"Bug,IO CSV",1,0,2021-09,2021
43712,issue,closed,2021-09-23 09:37:44+00:00,2021-09-23 10:51:24+00:00,0,"Indexing,Usage Question",0,0,2021-09,2021
43708,issue,closed,2021-09-23 01:16:05+00:00,2021-09-29 13:30:18+00:00,6,"Docs,Needs Triage",0,0,2021-09,2021
43707,issue,closed,2021-09-23 00:58:11+00:00,2021-09-23 10:47:39+00:00,0,"Testing,Usage Question",0,0,2021-09,2021
43704,issue,closed,2021-09-22 20:01:31+00:00,2021-11-05 13:08:39+00:00,43,"Bug,Styler",1,0,2021-09,2021
43703,issue,closed,2021-09-22 19:58:02+00:00,2021-10-18 23:15:56+00:00,26,"Bug,Styler",1,0,2021-09,2021
43701,issue,closed,2021-09-22 19:34:18+00:00,2021-09-30 19:46:48+00:00,8,"Bug,Groupby,Complex",1,0,2021-09,2021
43697,issue,closed,2021-09-22 10:20:41+00:00,2023-07-17 16:22:51+00:00,663,"Bug,Nested Data",1,0,2021-09,2021
43693,issue,closed,2021-09-21 23:41:37+00:00,2022-01-17 13:48:35+00:00,117,"Bug,Dtype Conversions",1,0,2021-09,2021
43685,issue,closed,2021-09-21 19:19:26+00:00,2021-09-21 22:11:48+00:00,0,Docs,0,0,2021-09,2021
43682,issue,closed,2021-09-21 16:40:03+00:00,2023-04-05 22:11:31+00:00,561,"Enhancement,Groupby,ExtensionArray",0,0,2021-09,2021
43680,issue,closed,2021-09-21 03:57:50+00:00,2021-09-21 10:21:47+00:00,0,Usage Question,0,0,2021-09,2021
43669,issue,closed,2021-09-20 10:56:18+00:00,2021-09-23 00:15:27+00:00,2,"Usage Question,Timezones",0,0,2021-09,2021
43668,issue,closed,2021-09-20 09:49:31+00:00,2021-11-13 17:03:31+00:00,54,"Bug,Subclassing",1,0,2021-09,2021
43664,issue,closed,2021-09-19 20:25:24+00:00,2021-09-28 23:39:12+00:00,9,Typing,0,0,2021-09,2021
43659,issue,closed,2021-09-19 10:30:38+00:00,2021-09-27 23:34:23+00:00,8,"Bug,Reshaping,MultiIndex",1,0,2021-09,2021
43655,issue,closed,2021-09-19 04:09:07+00:00,2021-09-19 22:35:25+00:00,0,"Bug,Groupby,Apply",1,0,2021-09,2021
43652,issue,closed,2021-09-18 23:23:10+00:00,2023-02-12 03:51:08+00:00,511,"Enhancement,CI",0,0,2021-09,2021
43650,issue,closed,2021-09-18 21:00:27+00:00,2022-11-23 22:13:23+00:00,431,"Testing,IO CSV,CI,Arrow",0,0,2021-09,2021
43648,issue,closed,2021-09-18 20:05:49+00:00,2021-09-21 13:57:25+00:00,2,"Bug,IO LaTeX,Styler",1,0,2021-09,2021
43645,issue,closed,2021-09-18 18:56:35+00:00,2021-09-19 19:02:23+00:00,1,"Enhancement,Needs Triage",0,0,2021-09,2021
43644,issue,closed,2021-09-18 17:44:49+00:00,2021-10-18 23:15:56+00:00,30,"Bug,IO HTML,IO LaTeX,Styler",1,0,2021-09,2021
43637,issue,closed,2021-09-18 14:32:06+00:00,2021-10-18 23:15:56+00:00,30,"Bug,IO LaTeX,Styler",1,0,2021-09,2021
43631,issue,closed,2021-09-18 02:54:08+00:00,2021-09-18 12:24:05+00:00,0,"Usage Question,Categorical",0,0,2021-09,2021
43624,issue,closed,2021-09-17 19:48:53+00:00,2021-09-29 13:30:54+00:00,11,"Docs,Visualization",0,0,2021-09,2021
43621,issue,closed,2021-09-17 15:01:04+00:00,2021-09-20 19:44:18+00:00,3,"Usage Question,Duplicate Report,IO CSV",0,0,2021-09,2021
43619,issue,closed,2021-09-17 10:44:29+00:00,2021-09-22 12:36:51+00:00,5,"Performance,Styler",0,0,2021-09,2021
43605,issue,closed,2021-09-16 15:04:40+00:00,2021-09-16 20:54:26+00:00,0,"Docs,IO Data,Typing",0,0,2021-09,2021
43603,issue,closed,2021-09-16 13:16:54+00:00,2021-09-16 13:28:00+00:00,0,"Build,Needs Triage",0,0,2021-09,2021
43600,issue,closed,2021-09-16 07:02:03+00:00,2021-09-16 07:35:43+00:00,0,Usage Question,0,0,2021-09,2021
43599,issue,closed,2021-09-16 06:10:01+00:00,2022-08-15 21:16:16+00:00,333,"Indexing,MultiIndex,Needs Tests",0,0,2021-09,2021
43595,issue,closed,2021-09-16 02:42:11+00:00,2021-09-20 14:58:52+00:00,4,"Bug,Reshaping",1,0,2021-09,2021
43594,issue,closed,2021-09-16 02:01:41+00:00,2021-09-16 16:53:57+00:00,0,"Bug,Duplicate Report,IO JSON",1,0,2021-09,2021
43591,issue,closed,2021-09-15 23:01:56+00:00,2021-10-19 15:00:16+00:00,33,"Bug,Reshaping,Index",1,0,2021-09,2021
43588,issue,closed,2021-09-15 19:57:19+00:00,2021-09-16 22:59:27+00:00,1,"Regression,Numeric Operations,Algos,32bit",0,0,2021-09,2021
43587,issue,closed,2021-09-15 19:20:04+00:00,2023-07-18 20:18:55+00:00,671,"Bug,Datetime,Missing-data",1,0,2021-09,2021
43586,issue,closed,2021-09-15 18:43:09+00:00,2021-09-21 12:14:17+00:00,5,"Deprecate,Benchmark",0,0,2021-09,2021
43584,issue,closed,2021-09-15 15:50:37+00:00,2021-10-21 00:50:22+00:00,35,"Performance,Index",0,0,2021-09,2021
43583,issue,closed,2021-09-15 12:24:56+00:00,2021-09-15 18:15:55+00:00,0,,0,0,2021-09,2021
43582,issue,closed,2021-09-15 11:36:51+00:00,2021-09-15 12:33:16+00:00,0,Usage Question,0,0,2021-09,2021
43580,issue,closed,2021-09-15 04:37:19+00:00,2021-09-19 22:55:14+00:00,4,"Docs,Needs Triage",0,0,2021-09,2021
43574,issue,closed,2021-09-14 23:19:54+00:00,2023-08-01 22:23:04+00:00,685,"Bug,Missing-data,Reshaping,Needs Discussion,Needs Tests,Warnings",1,0,2021-09,2021
43573,issue,closed,2021-09-14 23:07:24+00:00,2024-09-04 16:44:47+00:00,1085,"Build,Docs,Linux",0,0,2021-09,2021
43568,issue,closed,2021-09-14 15:42:41+00:00,2023-07-15 19:14:31+00:00,669,"Bug,Groupby,Regression",1,0,2021-09,2021
43567,issue,closed,2021-09-14 14:38:43+00:00,2022-01-23 19:46:27+00:00,131,"Enhancement,Dtype Conversions,IO XML",0,0,2021-09,2021
43565,issue,closed,2021-09-14 11:48:18+00:00,2021-09-15 20:54:19+00:00,1,"Bug,IO Data,Strings,Arrow",1,0,2021-09,2021
43564,issue,closed,2021-09-14 10:09:23+00:00,2021-12-19 23:25:42+00:00,96,"Enhancement,Groupby,Algos",0,0,2021-09,2021
43563,issue,closed,2021-09-14 10:07:08+00:00,2021-11-04 00:40:27+00:00,50,"Enhancement,Strings,Needs Discussion,API - Consistency",0,0,2021-09,2021
43561,issue,closed,2021-09-14 04:45:24+00:00,2021-11-12 03:11:32+00:00,58,"Bug,Reshaping,ExtensionArray",1,0,2021-09,2021
43560,issue,closed,2021-09-14 04:32:49+00:00,2021-09-14 15:21:11+00:00,0,"Docs,Needs Triage",0,0,2021-09,2021
43559,issue,closed,2021-09-14 03:11:02+00:00,2021-11-29 20:30:44+00:00,76,"Testing,CI,IO Network",0,0,2021-09,2021
43556,issue,closed,2021-09-13 21:25:42+00:00,2021-09-24 18:20:49+00:00,10,"Bug,Needs Triage",1,0,2021-09,2021
43554,issue,closed,2021-09-13 17:25:06+00:00,2022-02-09 19:38:17+00:00,149,"Enhancement,IO Data,Needs Discussion,Styler,Closing Candidate",0,0,2021-09,2021
43550,issue,closed,2021-09-13 14:32:15+00:00,2021-09-14 14:35:51+00:00,1,"Reshaping,Regression",0,0,2021-09,2021
43549,issue,closed,2021-09-13 12:25:55+00:00,2021-09-16 21:02:18+00:00,3,"Performance,MultiIndex",0,0,2021-09,2021
43543,issue,closed,2021-09-13 02:30:47+00:00,2021-09-13 04:50:45+00:00,0,"Usage Question,Needs Triage",0,0,2021-09,2021
43541,issue,closed,2021-09-12 21:34:33+00:00,2023-10-22 19:47:33+00:00,769,"Bug,Reshaping,Categorical",1,0,2021-09,2021
43540,issue,closed,2021-09-12 19:13:16+00:00,2021-09-21 21:37:42+00:00,9,"Bug,Regression,IO CSV",1,0,2021-09,2021
43534,issue,closed,2021-09-12 17:21:39+00:00,2021-09-13 16:18:07+00:00,0,"Bug,Needs Triage",1,0,2021-09,2021
43531,issue,closed,2021-09-12 13:51:26+00:00,2021-10-18 11:00:43+00:00,35,Release,0,0,2021-09,2021
43528,issue,closed,2021-09-12 05:47:11+00:00,2021-12-16 20:39:47+00:00,95,"Enhancement,Error Reporting,IO CSV",0,0,2021-09,2021
43522,issue,closed,2021-09-11 22:38:44+00:00,2021-09-12 15:15:11+00:00,0,"Docs,Missing-data",0,0,2021-09,2021
43516,issue,closed,2021-09-11 17:42:29+00:00,2022-04-18 00:55:26+00:00,218,"Bug,Output-Formatting,Timezones,Compat",1,0,2021-09,2021
43502,issue,closed,2021-09-10 19:25:51+00:00,2021-09-10 19:45:33+00:00,0,Usage Question,0,0,2021-09,2021
43501,issue,closed,2021-09-10 17:27:44+00:00,2021-11-27 12:58:14+00:00,77,"Bug,Groupby,Regression,Warnings,Nuisance Columns",1,0,2021-09,2021
43498,issue,closed,2021-09-10 15:05:22+00:00,2023-02-04 21:30:25+00:00,512,"Enhancement,Algos,Categorical",0,0,2021-09,2021
43494,issue,closed,2021-09-10 08:16:26+00:00,2021-09-10 12:56:22+00:00,0,"Duplicate Report,Numeric Operations",0,0,2021-09,2021
43493,issue,closed,2021-09-10 06:31:29+00:00,2021-09-10 07:28:33+00:00,0,"Usage Question,Needs Triage",0,0,2021-09,2021
43486,issue,closed,2021-09-09 22:34:37+00:00,2026-04-01 18:28:01+00:00,1664,"Bug,Datetime,Groupby,Missing-data",1,0,2021-09,2021
43485,issue,closed,2021-09-09 22:15:09+00:00,2023-04-03 21:39:41+00:00,570,"Reshaping,Error Reporting,API - Consistency",0,0,2021-09,2021
43483,issue,closed,2021-09-09 20:40:47+00:00,2021-09-14 21:36:46+00:00,5,"Enhancement,IO HTML,Styler",0,0,2021-09,2021
43482,issue,closed,2021-09-09 19:31:02+00:00,2021-09-09 20:33:26+00:00,0,"Build,Docs",0,0,2021-09,2021
43480,issue,closed,2021-09-09 17:51:57+00:00,2021-11-14 03:08:55+00:00,65,"Bug,Groupby,Visualization",1,0,2021-09,2021
43477,issue,closed,2021-09-09 17:01:07+00:00,2021-09-09 18:03:35+00:00,0,"Reshaping,Duplicate Report,Categorical,Needs Triage",0,0,2021-09,2021
43476,issue,closed,2021-09-09 16:07:01+00:00,2021-09-10 14:09:32+00:00,0,"Bug,Missing-data",1,0,2021-09,2021
43473,issue,closed,2021-09-09 09:37:01+00:00,2021-09-11 02:15:01+00:00,1,"Bug,Needs Triage",1,0,2021-09,2021
43472,issue,closed,2021-09-09 08:34:57+00:00,2021-09-30 23:38:03+00:00,21,"Enhancement,Needs Triage",0,0,2021-09,2021
43471,issue,closed,2021-09-09 06:45:31+00:00,2021-09-21 14:09:54+00:00,12,"Enhancement,IO LaTeX,Styler",0,0,2021-09,2021
43464,issue,closed,2021-09-08 18:41:34+00:00,2021-09-09 11:59:53+00:00,0,"Bug,IO HTML,Styler",1,0,2021-09,2021
43463,issue,closed,2021-09-08 18:10:11+00:00,2021-10-09 16:13:38+00:00,30,"Build,Needs Info",0,0,2021-09,2021
43462,issue,closed,2021-09-08 17:33:04+00:00,2021-09-08 17:53:43+00:00,0,"Enhancement,Needs Triage",0,0,2021-09,2021
43461,issue,closed,2021-09-08 16:57:15+00:00,2021-11-28 23:55:02+00:00,81,"Compat,Warnings",0,0,2021-09,2021
43457,issue,closed,2021-09-08 07:13:57+00:00,2026-05-09 15:27:17+00:00,1704,"Enhancement,Testing,Datetime,Error Reporting",0,0,2021-09,2021
43454,issue,closed,2021-09-07 23:36:58+00:00,2025-05-10 15:05:55+00:00,1340,"Refactor,Dtype Conversions,ExtensionArray,Closing Candidate",0,0,2021-09,2021
43452,issue,closed,2021-09-07 21:50:11+00:00,2023-11-21 17:46:49+00:00,804,"Enhancement,Needs Discussion,Closing Candidate,setops",0,0,2021-09,2021
43451,issue,closed,2021-09-07 21:33:58+00:00,2021-09-07 22:43:31+00:00,0,Build,0,0,2021-09,2021
43448,issue,closed,2021-09-07 17:36:16+00:00,2021-09-13 16:05:03+00:00,5,"Bug,Groupby,MultiIndex,Categorical",1,0,2021-09,2021
43442,issue,closed,2021-09-07 09:59:59+00:00,2021-11-25 17:49:29+00:00,79,"Enhancement,IO Excel",0,0,2021-09,2021
43440,issue,closed,2021-09-07 09:41:48+00:00,2021-11-25 17:49:29+00:00,79,"Docs,IO Excel",0,0,2021-09,2021
43439,issue,closed,2021-09-07 09:24:10+00:00,2021-09-10 00:24:10+00:00,2,"Bug,Regression,IO CSV",1,0,2021-09,2021
43438,issue,closed,2021-09-07 09:13:05+00:00,2021-09-07 09:53:29+00:00,0,"Enhancement,Needs Triage",0,0,2021-09,2021
43429,issue,closed,2021-09-06 18:55:05+00:00,2023-11-22 19:50:59+00:00,807,"Testing,CI,Unreliable Test",0,0,2021-09,2021
43424,issue,closed,2021-09-06 00:54:25+00:00,2021-09-09 11:37:26+00:00,3,"Bug,Indexing,Missing-data,Regression",1,0,2021-09,2021
43422,issue,closed,2021-09-05 20:12:02+00:00,2021-09-07 21:59:33+00:00,2,"Bug,Indexing,Regression",1,0,2021-09,2021
43419,issue,closed,2021-09-05 15:17:34+00:00,2026-05-12 16:32:17+00:00,1710,"Docs,Sparse",0,0,2021-09,2021
43414,issue,closed,2021-09-05 07:17:25+00:00,2021-09-18 20:23:52+00:00,13,"Bug,Datetime,Duplicate Report",1,0,2021-09,2021
43413,issue,closed,2021-09-05 07:05:27+00:00,2021-09-05 08:50:07+00:00,0,"Bug,Needs Info,Needs Triage",1,0,2021-09,2021
43412,issue,closed,2021-09-05 06:57:40+00:00,2023-10-09 18:30:37+00:00,764,"Bug,Groupby,Needs Tests",1,0,2021-09,2021
43401,issue,closed,2021-09-04 16:15:29+00:00,2021-09-06 18:35:46+00:00,2,"Bug,Performance,Regression,Algos",1,0,2021-09,2021
43398,issue,closed,2021-09-04 11:16:31+00:00,2021-09-10 21:03:14+00:00,6,"Bug,Needs Info",1,0,2021-09,2021
43396,issue,closed,2021-09-04 03:03:31+00:00,2021-12-03 18:06:18+00:00,90,"IO CSV,Deprecate",0,0,2021-09,2021
43395,issue,closed,2021-09-04 02:36:41+00:00,2026-04-16 17:47:37+00:00,1685,"Bug,Datetime,Indexing,MultiIndex",1,0,2021-09,2021
43394,issue,closed,2021-09-04 02:33:30+00:00,2021-10-03 16:43:57+00:00,29,"Bug,Datetime,API - Consistency",1,0,2021-09,2021
43393,issue,closed,2021-09-03 23:24:59+00:00,2021-09-05 17:48:47+00:00,1,Typing,0,0,2021-09,2021
43391,issue,closed,2021-09-03 22:11:41+00:00,2021-09-26 12:02:23+00:00,22,Typing,0,0,2021-09,2021
43390,issue,closed,2021-09-03 21:53:24+00:00,2021-11-04 02:19:48+00:00,61,Typing,0,0,2021-09,2021
43388,issue,closed,2021-09-03 21:41:44+00:00,2021-10-30 15:10:03+00:00,56,Typing,0,0,2021-09,2021
43387,issue,closed,2021-09-03 21:19:32+00:00,2021-10-30 15:10:03+00:00,56,Typing,0,0,2021-09,2021
43386,issue,closed,2021-09-03 20:49:09+00:00,2021-10-03 13:52:20+00:00,29,"Bug,Groupby,Regression,Window",1,0,2021-09,2021
43383,issue,closed,2021-09-03 17:50:27+00:00,2021-09-04 15:00:20+00:00,0,"Bug,MultiIndex,Styler",1,0,2021-09,2021
43381,issue,closed,2021-09-03 12:57:56+00:00,2021-09-04 01:57:07+00:00,0,"Bug,Window,NA - MaskedArrays",1,0,2021-09,2021
43380,issue,closed,2021-09-03 11:57:04+00:00,2021-09-11 11:02:28+00:00,7,"Bug,Docs,Groupby,Regression,Duplicate Report,Reduction Operations,Nuisance Columns",1,0,2021-09,2021
43375,issue,closed,2021-09-03 01:52:58+00:00,2021-10-10 17:28:30+00:00,37,"Bug,Reshaping,Index,setops",1,0,2021-09,2021
43371,issue,closed,2021-09-02 22:04:12+00:00,2022-03-18 00:47:40+00:00,196,"Enhancement,Frequency",0,0,2021-09,2021
43367,issue,closed,2021-09-02 20:41:00+00:00,2026-05-09 16:30:03+00:00,1709,"Enhancement,Needs Discussion,Closing Candidate",0,0,2021-09,2021
43364,issue,closed,2021-09-02 17:31:53+00:00,2021-09-03 14:51:31+00:00,0,CI,0,0,2021-09,2021
43361,issue,closed,2021-09-02 16:06:55+00:00,2021-09-03 09:57:15+00:00,0,Docs,0,0,2021-09,2021
43359,issue,closed,2021-09-02 13:40:11+00:00,2021-09-12 16:55:59+00:00,10,"Docs,IO Excel",0,0,2021-09,2021
43357,issue,closed,2021-09-02 06:39:56+00:00,2021-09-23 12:12:15+00:00,21,"Bug,Regression,Apply,Series",1,0,2021-09,2021
43355,issue,closed,2021-09-02 02:57:52+00:00,2021-09-06 15:36:23+00:00,4,"Bug,Groupby,Window",1,0,2021-09,2021
43348,issue,closed,2021-09-01 19:53:55+00:00,2021-09-02 23:50:33+00:00,1,Docs,0,0,2021-09,2021
43345,issue,closed,2021-09-01 15:56:51+00:00,2021-09-02 04:43:31+00:00,0,"Indexing,Usage Question",0,0,2021-09,2021
43344,issue,closed,2021-09-01 14:14:08+00:00,2021-12-01 01:33:45+00:00,90,"Bug,Strings,replace",1,0,2021-09,2021
43342,issue,closed,2021-09-01 13:37:46+00:00,2021-09-01 18:09:21+00:00,0,"Bug,Styler",1,0,2021-09,2021
43339,issue,closed,2021-09-01 04:24:00+00:00,2021-10-16 17:46:50+00:00,45,"Performance,Window",0,0,2021-09,2021
43336,issue,closed,2021-08-31 21:28:39+00:00,2021-09-01 15:19:59+00:00,0,"Bug,Algos,Closing Candidate",1,0,2021-08,2021
43334,issue,closed,2021-08-31 20:28:43+00:00,2021-09-17 16:32:02+00:00,16,"Bug,Regression,Internals,Categorical",1,0,2021-08,2021
43330,issue,closed,2021-08-31 16:25:31+00:00,2023-01-04 01:20:29+00:00,490,"Bug,Groupby,Dtype Conversions,Reduction Operations",1,0,2021-08,2021
43329,issue,closed,2021-08-31 13:39:35+00:00,2021-12-10 00:22:30+00:00,100,"Bug,Regression",1,0,2021-08,2021
43321,issue,closed,2021-08-31 09:44:24+00:00,2022-03-16 04:33:35+00:00,196,"Bug,Numeric Operations,MultiIndex",1,0,2021-08,2021
43319,issue,closed,2021-08-31 06:27:09+00:00,2021-08-31 11:47:51+00:00,0,"Docs,Needs Triage,Closing Candidate",0,0,2021-08,2021
43314,issue,closed,2021-08-30 23:20:25+00:00,2021-09-30 12:54:17+00:00,30,"Bug,Reshaping,Regression",1,0,2021-08,2021
43310,issue,closed,2021-08-30 20:36:04+00:00,2021-08-30 21:51:29+00:00,0,Duplicate Report,0,0,2021-08,2021
43305,issue,closed,2021-08-30 17:03:25+00:00,2021-08-31 14:59:10+00:00,0,"Bug,Styler",1,0,2021-08,2021
43304,issue,closed,2021-08-30 16:21:36+00:00,2021-09-30 23:11:33+00:00,31,"Usage Question,IO JSON,Closing Candidate",0,0,2021-08,2021
43292,issue,closed,2021-08-30 03:10:28+00:00,2023-07-15 19:04:35+00:00,684,"Bug,Groupby,Regression,Reduction Operations",1,0,2021-08,2021
43282,issue,closed,2021-08-29 07:52:09+00:00,2021-10-25 14:04:54+00:00,57,Code Style,0,0,2021-08,2021
43276,issue,closed,2021-08-28 18:28:38+00:00,2021-11-20 15:56:51+00:00,83,"Docs,Styler",0,0,2021-08,2021
43267,issue,closed,2021-08-28 02:45:58+00:00,2021-10-16 20:26:52+00:00,49,"Bug,Groupby,Regression,Window,Segfault",1,0,2021-08,2021
43262,issue,closed,2021-08-27 19:56:16+00:00,2021-08-27 20:07:51+00:00,0,"Docs,Needs Triage",0,0,2021-08,2021
43257,issue,closed,2021-08-27 17:32:43+00:00,2021-08-27 20:41:25+00:00,0,"Dependencies,numba",0,0,2021-08,2021
43254,issue,closed,2021-08-27 16:44:56+00:00,2021-08-27 18:40:02+00:00,0,Web,0,0,2021-08,2021
43245,issue,closed,2021-08-27 07:44:42+00:00,2021-09-30 23:08:39+00:00,34,"Bug,Needs Info",1,0,2021-08,2021
43242,issue,closed,2021-08-27 00:24:53+00:00,2021-09-10 13:45:47+00:00,14,"IO CSV,Deprecate",0,0,2021-08,2021
43240,issue,closed,2021-08-26 23:32:11+00:00,2021-08-27 18:16:24+00:00,0,"Bug,Regression,Index",1,0,2021-08,2021
43234,issue,closed,2021-08-26 16:31:42+00:00,2023-05-12 00:18:35+00:00,623,"Enhancement,Needs Discussion",0,0,2021-08,2021
43232,issue,closed,2021-08-26 16:07:12+00:00,2021-09-17 16:32:02+00:00,22,"Bug,Regression,Categorical",1,0,2021-08,2021
43227,issue,closed,2021-08-26 14:24:11+00:00,2021-08-26 15:19:09+00:00,0,"Bug,Needs Triage",1,0,2021-08,2021
43224,issue,closed,2021-08-26 10:15:04+00:00,2021-08-27 06:24:36+00:00,0,"Enhancement,IO CSV",0,0,2021-08,2021
43223,issue,closed,2021-08-26 10:04:41+00:00,2021-09-09 13:51:01+00:00,14,"Bug,Datetime,Indexing,Regression",1,0,2021-08,2021
43222,issue,closed,2021-08-26 08:32:56+00:00,2022-11-09 21:01:56+00:00,440,"Bug,Missing-data,Regression,MultiIndex,Constructors",1,0,2021-08,2021
43215,issue,closed,2021-08-25 20:07:42+00:00,2024-05-19 18:44:34+00:00,997,"Reshaping,Typing,Closing Candidate",0,0,2021-08,2021
43214,issue,closed,2021-08-25 19:51:41+00:00,2021-08-26 18:26:35+00:00,0,,0,0,2021-08,2021
43212,issue,closed,2021-08-25 17:44:51+00:00,2021-08-30 15:12:24+00:00,4,"Bug,MultiIndex",1,0,2021-08,2021
43209,issue,closed,2021-08-25 10:58:27+00:00,2021-09-29 22:47:17+00:00,35,"Bug,Groupby,Dtype Conversions,Regression,MultiIndex,Apply,Reduction Operations",1,0,2021-08,2021
43208,issue,closed,2021-08-25 10:41:32+00:00,2021-08-26 13:00:00+00:00,1,"Enhancement,Constructors,API - Consistency",0,0,2021-08,2021
43206,issue,closed,2021-08-25 10:16:56+00:00,2022-06-15 00:13:12+00:00,293,"Bug,Groupby,Regression,Apply",1,0,2021-08,2021
43205,issue,closed,2021-08-25 07:18:02+00:00,2021-09-06 15:19:37+00:00,12,"Bug,Groupby,Missing-data,Regression,Apply",1,0,2021-08,2021
43204,issue,closed,2021-08-25 02:56:25+00:00,2021-08-25 15:19:24+00:00,0,"Dtype Conversions,Usage Question",0,0,2021-08,2021
43202,issue,closed,2021-08-24 21:01:08+00:00,2021-08-24 21:08:51+00:00,0,,0,0,2021-08,2021
43201,issue,closed,2021-08-24 16:59:23+00:00,2021-10-06 01:08:43+00:00,42,"Bug,metadata,Subclassing",1,0,2021-08,2021
43197,issue,closed,2021-08-24 11:37:36+00:00,2021-09-09 00:19:44+00:00,15,,0,0,2021-08,2021
43196,issue,closed,2021-08-24 09:06:11+00:00,2021-12-21 20:30:03+00:00,119,"Enhancement,API Design,Needs Discussion,Closing Candidate",0,0,2021-08,2021
43195,issue,closed,2021-08-24 08:33:00+00:00,2021-08-24 09:06:40+00:00,0,"Bug,Needs Triage",1,0,2021-08,2021
43183,issue,closed,2021-08-23 15:30:56+00:00,2021-10-17 11:04:06+00:00,54,"Bug,Dtype Conversions,Regression,Strings",1,0,2021-08,2021
43175,issue,closed,2021-08-23 07:09:25+00:00,2021-08-23 07:20:50+00:00,0,Duplicate Report,0,0,2021-08,2021
43168,issue,closed,2021-08-22 21:13:52+00:00,2021-08-28 22:34:44+00:00,6,"CI,Dependencies",0,0,2021-08,2021
43164,issue,closed,2021-08-22 16:54:07+00:00,2025-10-05 20:10:07+00:00,1505,"Docs,Datetime,Needs Tests",0,0,2021-08,2021
43162,issue,closed,2021-08-22 12:14:11+00:00,2021-08-23 03:42:18+00:00,0,"Enhancement,Needs Triage",0,0,2021-08,2021
43155,issue,closed,2021-08-21 15:09:58+00:00,2025-08-02 12:19:37+00:00,1441,"Enhancement,Performance,Compat",0,0,2021-08,2021
43143,issue,closed,2021-08-20 22:54:53+00:00,2022-06-21 21:57:19+00:00,304,"Bug,IO Excel",1,0,2021-08,2021
43141,issue,closed,2021-08-20 21:08:02+00:00,2021-08-21 00:11:31+00:00,0,"Build,Duplicate Report",0,0,2021-08,2021
43140,issue,closed,2021-08-20 20:06:02+00:00,2021-08-24 08:53:19+00:00,3,"Usage Question,Timezones",0,0,2021-08,2021
43139,issue,closed,2021-08-20 17:51:02+00:00,2021-08-20 18:16:28+00:00,0,"Bug,Needs Triage",1,0,2021-08,2021
43133,issue,closed,2021-08-20 14:41:11+00:00,2021-08-27 13:52:26+00:00,6,"Bug,Groupby,Apply,numba",1,0,2021-08,2021
43132,issue,closed,2021-08-20 13:26:40+00:00,2021-09-18 02:31:52+00:00,28,"Bug,Groupby,Regression,Apply",1,0,2021-08,2021
43128,issue,closed,2021-08-20 10:34:00+00:00,2022-06-05 23:08:39+00:00,289,Docs,0,0,2021-08,2021
43126,issue,closed,2021-08-20 10:05:30+00:00,2021-08-20 10:17:08+00:00,0,"Usage Question,Needs Triage",0,0,2021-08,2021
43119,issue,closed,2021-08-20 06:10:16+00:00,2022-12-09 16:36:35+00:00,476,"Bug,Missing-data,Strings",1,0,2021-08,2021
43113,issue,closed,2021-08-19 18:24:35+00:00,2021-08-24 16:26:48+00:00,4,Typing,0,0,2021-08,2021
43108,issue,closed,2021-08-19 15:16:30+00:00,2021-08-24 12:27:24+00:00,4,"Bug,Groupby,Regression,Duplicate Report,Nested Data",1,0,2021-08,2021
43102,issue,closed,2021-08-18 21:53:45+00:00,2021-09-05 15:59:21+00:00,17,"Bug,Error Reporting,IO CSV",1,0,2021-08,2021
43096,issue,closed,2021-08-18 13:09:59+00:00,2021-08-18 17:04:58+00:00,0,"Bug,Reshaping,Duplicate Report",1,0,2021-08,2021
43094,issue,closed,2021-08-18 07:03:22+00:00,2021-08-18 08:28:26+00:00,0,"Enhancement,Needs Triage",0,0,2021-08,2021
43093,issue,closed,2021-08-18 04:40:35+00:00,2021-08-19 00:51:24+00:00,0,"Usage Question,Frequency,Resample",0,0,2021-08,2021
43091,issue,closed,2021-08-18 02:22:01+00:00,2021-11-19 09:58:44+00:00,93,"Bug,datetime.date",1,0,2021-08,2021
43088,issue,closed,2021-08-17 20:40:30+00:00,2023-01-23 21:27:02+00:00,524,"Bug,Enhancement,IO Excel,Clean",1,0,2021-08,2021
43087,issue,closed,2021-08-17 20:23:33+00:00,2023-09-06 17:12:31+00:00,749,"Bug,Reshaping",1,0,2021-08,2021
43085,issue,closed,2021-08-17 17:55:46+00:00,2021-08-18 18:17:02+00:00,1,"Docs,Indexing",0,0,2021-08,2021
43084,issue,closed,2021-08-17 17:41:57+00:00,2022-11-16 13:35:42+00:00,455,"Enhancement,Error Reporting,IO Excel",0,0,2021-08,2021
43082,issue,closed,2021-08-17 16:52:12+00:00,2021-08-26 23:33:33+00:00,9,"Bug,MultiIndex,Window",1,0,2021-08,2021
43080,issue,closed,2021-08-17 16:00:56+00:00,2021-09-05 09:34:06+00:00,18,"Bug,Reshaping,Timezones,Categorical",1,0,2021-08,2021
43079,issue,closed,2021-08-17 12:21:46+00:00,2021-08-17 12:26:30+00:00,0,"Indexing,Usage Question",0,0,2021-08,2021
43075,issue,closed,2021-08-17 06:11:52+00:00,2021-09-01 19:36:43+00:00,15,"Bug,Regression,IO Parquet",1,0,2021-08,2021
43074,issue,closed,2021-08-17 05:44:08+00:00,2021-08-22 04:33:40+00:00,4,"Usage Question,IO CSV",0,0,2021-08,2021
43068,issue,closed,2021-08-16 17:24:29+00:00,2021-12-23 02:06:12+00:00,128,"Docs,IO Excel,Closing Candidate",0,0,2021-08,2021
43067,issue,closed,2021-08-16 15:04:17+00:00,2021-08-16 15:13:50+00:00,0,Duplicate Report,0,0,2021-08,2021
43053,issue,closed,2021-08-15 14:59:14+00:00,2023-06-25 21:36:42+00:00,679,"Enhancement,IO Excel",0,0,2021-08,2021
43050,issue,closed,2021-08-15 13:26:34+00:00,2021-09-12 20:30:04+00:00,28,Release,0,0,2021-08,2021
43048,issue,closed,2021-08-15 10:23:54+00:00,2021-08-31 10:04:18+00:00,15,Refactor,0,0,2021-08,2021
43038,issue,closed,2021-08-14 15:50:55+00:00,2022-01-20 15:07:06+00:00,158,"Dtype Conversions,Compat,Needs Tests",0,0,2021-08,2021
43023,issue,closed,2021-08-13 17:06:13+00:00,2021-08-14 21:54:26+00:00,1,"Docs,Window,Closing Candidate",0,0,2021-08,2021
43022,issue,closed,2021-08-13 17:05:12+00:00,2025-10-15 20:55:45+00:00,1524,"Bug,Testing,Missing-data,DataFrame,Nested Data",1,0,2021-08,2021
43020,issue,closed,2021-08-13 15:17:29+00:00,2021-11-15 15:26:21+00:00,94,"Performance,Output-Formatting,Duplicate Report,ExtensionArray",0,0,2021-08,2021
43017,issue,closed,2021-08-13 13:18:38+00:00,2021-08-19 02:01:55+00:00,5,"Bug,Needs Triage",1,0,2021-08,2021
43016,issue,closed,2021-08-13 12:44:58+00:00,2021-08-31 19:54:23+00:00,18,"Bug,Missing-data,Window",1,0,2021-08,2021
43015,issue,closed,2021-08-13 11:53:31+00:00,2021-08-13 12:12:21+00:00,0,"Usage Question,Needs Triage",0,0,2021-08,2021
43014,issue,closed,2021-08-13 11:09:31+00:00,2026-03-18 17:12:35+00:00,1678,"Deprecate,Needs Discussion,Series,Closing Candidate",0,0,2021-08,2021
43012,issue,closed,2021-08-13 03:03:04+00:00,2021-08-13 09:21:05+00:00,0,Closing Candidate,0,0,2021-08,2021
43002,issue,closed,2021-08-12 19:51:56+00:00,2025-07-16 03:34:35+00:00,1433,"Ideas,Needs Discussion,ExtensionArray,Index",0,0,2021-08,2021
43000,issue,closed,2021-08-12 18:39:52+00:00,2021-08-22 16:31:09+00:00,9,"Enhancement,IO SQL,Needs Discussion",0,0,2021-08,2021
42997,issue,closed,2021-08-12 14:24:29+00:00,2021-08-16 08:28:05+00:00,3,"Bug,Duplicate Report",1,0,2021-08,2021
42995,issue,closed,2021-08-12 04:47:11+00:00,2021-08-13 04:36:51+00:00,0,"Enhancement,Needs Triage,Closing Candidate",0,0,2021-08,2021
42994,issue,closed,2021-08-12 01:02:54+00:00,2021-08-14 18:50:02+00:00,2,"Usage Question,IO Excel,Closing Candidate",0,0,2021-08,2021
42993,issue,closed,2021-08-12 00:31:47+00:00,2021-08-12 15:24:01+00:00,0,"Bug,Datetime,Reshaping",1,0,2021-08,2021
42978,issue,closed,2021-08-11 06:56:12+00:00,2021-08-11 07:28:30+00:00,0,,0,0,2021-08,2021
42977,issue,closed,2021-08-11 06:16:10+00:00,2021-08-11 08:01:56+00:00,0,,0,0,2021-08,2021
42973,issue,closed,2021-08-10 19:40:24+00:00,2022-12-17 14:34:01+00:00,493,"IO Data,Needs Discussion,NA - MaskedArrays,Closing Candidate",0,0,2021-08,2021
42967,issue,closed,2021-08-10 09:23:36+00:00,2021-08-10 14:31:07+00:00,0,"Bug,Needs Triage",1,0,2021-08,2021
42966,issue,closed,2021-08-10 09:13:54+00:00,2021-08-12 01:16:11+00:00,1,"Bug,Groupby,Indexing,Regression,Duplicate Report",1,0,2021-08,2021
42965,issue,closed,2021-08-10 09:12:41+00:00,2021-08-21 20:47:26+00:00,11,"Performance,Usage Question,Closing Candidate",0,0,2021-08,2021
42961,issue,closed,2021-08-09 23:57:30+00:00,2022-02-27 03:39:26+00:00,201,"CI,Dependencies",0,0,2021-08,2021
42957,issue,closed,2021-08-09 21:51:52+00:00,2021-09-25 15:35:31+00:00,46,"Bug,NA - MaskedArrays",1,0,2021-08,2021
42951,issue,closed,2021-08-09 16:07:16+00:00,2022-04-26 19:56:02+00:00,260,"Admin,Closing Candidate",0,0,2021-08,2021
42948,issue,closed,2021-08-09 12:43:17+00:00,2021-08-09 13:56:52+00:00,0,"Usage Question,Frequency",0,0,2021-08,2021
42946,issue,closed,2021-08-09 08:24:53+00:00,2021-09-12 14:03:27+00:00,34,Build,0,0,2021-08,2021
42941,issue,closed,2021-08-08 23:15:59+00:00,2021-08-09 20:41:46+00:00,0,"Usage Question,Closing Candidate",0,0,2021-08,2021
42927,issue,closed,2021-08-07 19:50:00+00:00,2024-09-04 16:52:49+00:00,1123,"Enhancement,Groupby,Needs Discussion,Window",0,0,2021-08,2021
42926,issue,closed,2021-08-07 18:44:46+00:00,2021-09-04 02:36:26+00:00,27,"Bug,Typing",1,0,2021-08,2021
42921,issue,closed,2021-08-06 22:11:48+00:00,2022-01-16 23:38:44+00:00,163,"Bug,Datetime,Indexing,Timedelta",1,0,2021-08,2021
42918,issue,closed,2021-08-06 16:03:53+00:00,2024-11-12 13:04:53+00:00,1193,"Bug,Missing-data,Strings",1,0,2021-08,2021
42917,issue,closed,2021-08-06 15:22:38+00:00,2021-08-10 16:29:23+00:00,4,"Needs Info,Closing Candidate",0,0,2021-08,2021
42916,issue,closed,2021-08-06 14:02:50+00:00,2025-02-05 17:51:38+00:00,1279,"Enhancement,Reshaping",0,0,2021-08,2021
42915,issue,closed,2021-08-06 12:25:57+00:00,2021-12-10 23:55:49+00:00,126,"Bug,Groupby,Regression,Blocker,Window",1,0,2021-08,2021
42913,issue,closed,2021-08-06 10:31:54+00:00,2021-08-06 10:42:12+00:00,0,"Indexing,Usage Question,Apply",0,0,2021-08,2021
42912,issue,closed,2021-08-06 07:41:22+00:00,2021-08-06 07:50:11+00:00,0,Usage Question,0,0,2021-08,2021
42906,issue,closed,2021-08-05 16:35:09+00:00,2021-08-06 06:18:19+00:00,0,Usage Question,0,0,2021-08,2021
42905,issue,closed,2021-08-05 12:31:35+00:00,2021-09-06 20:37:19+00:00,32,"Bug,Groupby,Regression,Resample,Apply",1,0,2021-08,2021
42902,issue,closed,2021-08-05 09:22:13+00:00,2023-07-10 22:23:57+00:00,704,"Bug,Groupby,Resample",1,0,2021-08,2021
42900,issue,closed,2021-08-05 08:13:12+00:00,2022-10-18 09:02:18+00:00,439,"Enhancement,Needs Discussion,replace",0,0,2021-08,2021
42899,issue,closed,2021-08-05 07:56:05+00:00,2021-08-10 19:29:41+00:00,5,Duplicate Report,0,0,2021-08,2021
42898,issue,closed,2021-08-05 02:50:10+00:00,2021-08-05 04:08:31+00:00,0,"Bug,Groupby,Needs Info,Needs Triage,Nuisance Columns",1,0,2021-08,2021
42895,issue,closed,2021-08-04 23:38:27+00:00,2023-07-13 16:40:50+00:00,707,"Bug,Dtype Conversions,NA - MaskedArrays,Reduction Operations",1,0,2021-08,2021
42891,issue,closed,2021-08-04 21:27:34+00:00,2021-08-21 20:35:44+00:00,16,"Bug,Dtype Conversions,Duplicate Report,Closing Candidate",1,0,2021-08,2021
42888,issue,closed,2021-08-04 19:31:35+00:00,2021-08-05 05:43:44+00:00,0,"Docs,Missing-data,Duplicate Report,Needs Discussion",0,0,2021-08,2021
42887,issue,closed,2021-08-04 16:02:40+00:00,2023-10-07 16:04:32+00:00,794,"Refactor,Indexing,Internals",0,0,2021-08,2021
42883,issue,closed,2021-08-04 14:43:47+00:00,2022-11-09 21:01:57+00:00,462,"Bug,Missing-data,MultiIndex,Nested Data",1,0,2021-08,2021
42881,issue,closed,2021-08-04 10:59:49+00:00,2021-08-10 20:06:45+00:00,6,"Bug,Indexing,Error Reporting",1,0,2021-08,2021
42880,issue,closed,2021-08-04 10:35:36+00:00,2021-09-05 01:45:01+00:00,31,"Performance,Sparse,MultiIndex",0,0,2021-08,2021
42878,issue,closed,2021-08-04 09:37:14+00:00,2022-07-18 19:14:17+00:00,348,"Bug,Numeric Operations,Dependencies,Upstream issue",1,0,2021-08,2021
42876,issue,closed,2021-08-04 09:03:02+00:00,2021-08-04 11:14:02+00:00,0,"Usage Question,Needs Triage",0,0,2021-08,2021
42875,issue,closed,2021-08-04 07:47:37+00:00,2021-12-10 21:08:15+00:00,128,"Bug,Error Reporting",1,0,2021-08,2021
42869,issue,closed,2021-08-03 17:21:37+00:00,2021-08-08 12:01:46+00:00,4,"IO LaTeX,Styler,Closing Candidate",0,0,2021-08,2021
42868,issue,closed,2021-08-03 17:15:26+00:00,2021-10-31 00:07:14+00:00,88,"Docs,IO LaTeX,Needs Info,Styler",0,0,2021-08,2021
42866,issue,closed,2021-08-03 16:57:17+00:00,2021-08-05 11:48:24+00:00,1,"Bug,Datetime",1,0,2021-08,2021
42864,issue,closed,2021-08-03 12:47:30+00:00,2021-10-15 13:28:43+00:00,73,"Enhancement,Groupby,Indexing,Needs Discussion",0,0,2021-08,2021
42853,issue,closed,2021-08-02 13:26:48+00:00,2021-08-02 17:07:30+00:00,0,"Usage Question,Needs Triage",0,0,2021-08,2021
42849,issue,closed,2021-08-02 08:13:53+00:00,2021-09-04 23:29:29+00:00,33,"Bug,Groupby,Regression,quantile,NA - MaskedArrays",1,0,2021-08,2021
42847,issue,closed,2021-08-02 04:31:05+00:00,2021-08-02 07:31:31+00:00,0,Upstream issue,0,0,2021-08,2021
42844,issue,closed,2021-08-01 20:15:54+00:00,2021-11-20 16:19:43+00:00,110,"Bug,Datetime,Reshaping,Regression",1,0,2021-08,2021
42837,issue,closed,2021-07-31 21:04:39+00:00,2024-09-04 17:20:20+00:00,1130,"Enhancement,Output-Formatting,Needs Discussion",0,0,2021-07,2021
42825,issue,closed,2021-07-30 18:42:32+00:00,2021-12-29 20:22:55+00:00,152,"Docs,Indexing,Deprecate",0,0,2021-07,2021
42818,issue,closed,2021-07-30 13:03:07+00:00,2021-09-08 09:08:37+00:00,39,"Docs,Indexing,Constructors",0,0,2021-07,2021
42817,issue,closed,2021-07-30 12:45:35+00:00,2021-07-30 13:38:55+00:00,0,"Bug,Needs Triage",1,0,2021-07,2021
42816,issue,closed,2021-07-30 11:11:10+00:00,2021-08-10 21:45:16+00:00,11,"Bug,Regression,Algos,NA - MaskedArrays",1,0,2021-07,2021
42815,issue,closed,2021-07-30 09:14:55+00:00,2021-07-30 09:32:29+00:00,0,"Usage Question,Needs Triage",0,0,2021-07,2021
42814,issue,closed,2021-07-30 09:02:32+00:00,2021-07-30 18:56:57+00:00,0,"Testing,CI",0,0,2021-07,2021
42810,issue,closed,2021-07-30 05:59:57+00:00,2021-08-17 06:26:16+00:00,18,"Datetime,Regression,Constructors",0,0,2021-07,2021
42808,issue,closed,2021-07-29 23:59:01+00:00,2021-12-17 14:29:24+00:00,140,"Bug,Missing-data,IO CSV",1,0,2021-07,2021
42805,issue,closed,2021-07-29 22:45:15+00:00,2021-08-21 20:22:15+00:00,22,"Bug,Timedelta,Needs Triage,Closing Candidate",1,0,2021-07,2021
42804,issue,closed,2021-07-29 22:07:26+00:00,2021-07-29 22:21:14+00:00,0,Duplicate Report,0,0,2021-07,2021
42800,issue,closed,2021-07-29 20:23:54+00:00,2021-09-07 22:40:36+00:00,40,"Bug,Missing-data,Reshaping,NA - MaskedArrays",1,0,2021-07,2021
42798,issue,closed,2021-07-29 17:45:35+00:00,2021-07-29 21:53:14+00:00,0,"Testing,Docs,CI",0,0,2021-07,2021
42795,issue,closed,2021-07-29 11:56:37+00:00,2022-08-01 20:15:11+00:00,368,"Enhancement,Groupby,API - Consistency",0,0,2021-07,2021
42794,issue,closed,2021-07-29 11:02:46+00:00,2021-07-29 23:23:18+00:00,0,"Datetime,Regression,Numeric Operations",0,0,2021-07,2021
42793,issue,closed,2021-07-29 10:17:58+00:00,2021-08-03 12:07:39+00:00,5,Usage Question,0,0,2021-07,2021
42792,issue,closed,2021-07-29 08:44:50+00:00,2021-07-30 12:32:32+00:00,1,"Indexing,Usage Question,Closing Candidate",0,0,2021-07,2021
42791,issue,closed,2021-07-29 08:42:35+00:00,2021-07-29 23:30:52+00:00,0,"Visualization,Compat,Dependencies",0,0,2021-07,2021
42785,issue,closed,2021-07-28 20:29:52+00:00,2026-03-21 16:05:45+00:00,1696,"Bug,Numeric Operations,MultiIndex,Categorical,Needs Tests",1,0,2021-07,2021
42781,issue,closed,2021-07-28 18:57:16+00:00,2021-08-13 22:54:16+00:00,16,"Bug,MultiIndex",1,0,2021-07,2021
42779,issue,closed,2021-07-28 18:39:46+00:00,2021-10-09 16:14:50+00:00,72,"Bug,IO HTML,Needs Info",1,0,2021-07,2021
42771,issue,closed,2021-07-28 15:34:38+00:00,2021-07-31 00:52:08+00:00,2,"Bug,Reshaping,Regression,MultiIndex",1,0,2021-07,2021
42769,issue,closed,2021-07-28 14:00:12+00:00,2021-07-28 22:53:54+00:00,0,"CI,Typing",0,0,2021-07,2021
42768,issue,closed,2021-07-28 08:55:49+00:00,2021-08-11 13:26:05+00:00,14,"Bug,IO JSON,Needs Triage",1,0,2021-07,2021
42766,issue,closed,2021-07-28 06:21:32+00:00,2021-08-01 15:52:08+00:00,4,"Docs,Styler",0,0,2021-07,2021
42760,issue,closed,2021-07-28 01:46:20+00:00,2021-08-05 11:52:43+00:00,8,"Docs,IO HDF5",0,0,2021-07,2021
42759,issue,closed,2021-07-28 01:34:22+00:00,2021-07-31 06:38:46+00:00,3,"Docs,CI,Styler",0,0,2021-07,2021
42756,issue,closed,2021-07-27 22:01:58+00:00,2021-07-29 20:26:49+00:00,1,"Docs,Indexing",0,0,2021-07,2021
42755,issue,closed,2021-07-27 21:15:48+00:00,2021-08-22 20:39:54+00:00,25,"Bug,IO HDF5,Segfault,Upstream issue",1,0,2021-07,2021
42753,issue,closed,2021-07-27 19:21:00+00:00,2021-08-07 23:15:05+00:00,11,"Bug,Window",1,0,2021-07,2021
42751,issue,closed,2021-07-27 15:20:48+00:00,2023-01-15 19:05:12+00:00,537,"Missing-data,Needs Discussion,API - Consistency,NA - MaskedArrays",0,0,2021-07,2021
42750,issue,closed,2021-07-27 14:57:55+00:00,2021-08-04 02:11:19+00:00,7,"Bug,Missing-data,Regression,Styler",1,0,2021-07,2021
42748,issue,closed,2021-07-27 12:05:42+00:00,2021-10-24 14:45:42+00:00,89,"Bug,Compat",1,0,2021-07,2021
42745,issue,closed,2021-07-27 06:26:35+00:00,2021-08-27 13:51:09+00:00,31,"Build,Docs",0,0,2021-07,2021
42744,issue,closed,2021-07-27 05:44:37+00:00,2022-09-16 17:33:00+00:00,416,"Docs,Web",0,0,2021-07,2021
42738,issue,closed,2021-07-26 20:04:27+00:00,2021-08-10 18:59:43+00:00,14,"Deprecate,Window,Nuisance Columns",0,0,2021-07,2021
42737,issue,closed,2021-07-26 20:04:21+00:00,2024-08-24 19:41:37+00:00,1124,"Enhancement,Needs Discussion,ExtensionArray",0,0,2021-07,2021
42736,issue,closed,2021-07-26 20:02:28+00:00,2021-08-25 00:39:04+00:00,29,"Refactor,Performance,Window",0,0,2021-07,2021
42733,issue,closed,2021-07-26 16:38:50+00:00,2021-08-12 10:33:36+00:00,16,"Build,Windows,Blocker",0,0,2021-07,2021
42731,issue,closed,2021-07-26 16:07:36+00:00,2021-09-06 15:17:35+00:00,41,"Bug,Groupby,Indexing,Regression,Series",1,0,2021-07,2021
42727,issue,closed,2021-07-26 14:42:12+00:00,2021-07-28 22:49:27+00:00,2,"Bug,Regression,Apply",1,0,2021-07,2021
42724,issue,closed,2021-07-26 12:20:47+00:00,2021-07-27 05:07:29+00:00,0,"Usage Question,Needs Triage",0,0,2021-07,2021
42722,issue,closed,2021-07-26 09:22:48+00:00,2022-01-19 12:57:09+00:00,177,"Enhancement,Docs",0,0,2021-07,2021
42719,issue,closed,2021-07-26 01:58:36+00:00,2021-07-27 19:58:52+00:00,1,"Bug,Reshaping,Regression,Internals",1,0,2021-07,2021
42717,issue,closed,2021-07-25 20:09:03+00:00,2023-02-03 13:02:22+00:00,557,"Deprecate,Index",0,0,2021-07,2021
42716,issue,closed,2021-07-25 19:28:26+00:00,2022-05-17 19:49:52+00:00,296,"CI,Dependencies,Typing",0,0,2021-07,2021
42708,issue,closed,2021-07-25 13:07:34+00:00,2021-08-28 18:34:27+00:00,34,Release,0,0,2021-07,2021
42703,issue,closed,2021-07-24 22:30:45+00:00,2021-07-25 00:32:36+00:00,0,"Duplicate Report,Closing Candidate",0,0,2021-07,2021
42697,issue,closed,2021-07-24 05:44:10+00:00,2021-11-14 02:23:35+00:00,112,"Docs,Series",0,0,2021-07,2021
42688,issue,closed,2021-07-23 12:43:48+00:00,2021-11-12 14:57:14+00:00,112,"Bug,Missing-data,Algos",1,0,2021-07,2021
42683,issue,closed,2021-07-23 09:19:57+00:00,2024-08-24 19:43:09+00:00,1128,"Enhancement,Missing-data,Performance,Reshaping",0,0,2021-07,2021
42682,issue,closed,2021-07-23 07:58:47+00:00,2023-11-21 17:47:01+00:00,851,"Bug,Reshaping,Dtype Conversions,Closing Candidate",1,0,2021-07,2021
42681,issue,closed,2021-07-23 06:45:59+00:00,2021-07-24 14:28:58+00:00,1,"Bug,Needs Triage",1,0,2021-07,2021
42680,issue,closed,2021-07-23 01:03:20+00:00,2021-07-23 15:36:43+00:00,0,"Datetime,Duplicate Report",0,0,2021-07,2021
42677,issue,closed,2021-07-22 22:42:21+00:00,2021-07-22 23:05:19+00:00,0,Build,0,0,2021-07,2021
42674,issue,closed,2021-07-22 20:44:27+00:00,2021-07-28 01:09:32+00:00,5,"Testing,Docs",0,0,2021-07,2021
42673,issue,closed,2021-07-22 20:43:02+00:00,2021-07-26 22:39:09+00:00,4,"Testing,Docs",0,0,2021-07,2021
42672,issue,closed,2021-07-22 20:41:46+00:00,2021-07-28 00:05:23+00:00,5,"Testing,Docs",0,0,2021-07,2021
42671,issue,closed,2021-07-22 20:40:34+00:00,2021-07-30 15:51:30+00:00,7,"Testing,Docs",0,0,2021-07,2021
42670,issue,closed,2021-07-22 20:38:46+00:00,2021-07-31 17:46:15+00:00,8,"Testing,Docs",0,0,2021-07,2021
42663,issue,closed,2021-07-22 13:31:33+00:00,2023-05-12 00:19:12+00:00,658,"Enhancement,IO CSV,Needs Discussion",0,0,2021-07,2021
42662,issue,closed,2021-07-22 13:01:21+00:00,2021-07-23 02:18:36+00:00,0,"Groupby,Usage Question",0,0,2021-07,2021
42659,issue,closed,2021-07-22 08:29:22+00:00,2021-11-29 14:49:23+00:00,130,"Bug,Groupby,Missing-data,Regression,Timedelta,Reduction Operations",1,0,2021-07,2021
42653,issue,closed,2021-07-21 21:39:02+00:00,2021-07-22 21:21:07+00:00,0,"Usage Question,Window",0,0,2021-07,2021
42652,issue,closed,2021-07-21 20:02:21+00:00,2021-07-23 02:20:48+00:00,1,"Enhancement,Duplicate Report,IO Excel,Closing Candidate",0,0,2021-07,2021
42651,issue,closed,2021-07-21 18:17:16+00:00,2021-07-25 14:18:38+00:00,3,"Bug,Reshaping,MultiIndex",1,0,2021-07,2021
42645,issue,closed,2021-07-21 14:43:02+00:00,2024-09-04 17:15:10+00:00,1141,"Enhancement,IO SQL,Needs Discussion",0,0,2021-07,2021
42642,issue,closed,2021-07-21 03:38:23+00:00,2021-07-22 12:02:35+00:00,1,Duplicate Report,0,0,2021-07,2021
42639,issue,closed,2021-07-20 22:44:35+00:00,2021-07-22 12:28:22+00:00,1,Duplicate Report,0,0,2021-07,2021
42638,issue,closed,2021-07-20 22:29:17+00:00,2021-07-22 16:19:51+00:00,1,"Datetime,Usage Question",0,0,2021-07,2021
42630,issue,closed,2021-07-20 16:16:18+00:00,2022-12-19 19:36:32+00:00,517,"Bug,Missing-data,Numeric Operations,NA - MaskedArrays",1,0,2021-07,2021
42629,issue,closed,2021-07-20 15:36:53+00:00,2021-08-21 19:13:53+00:00,32,"Reshaping,Needs Info",0,0,2021-07,2021
42627,issue,closed,2021-07-20 15:20:14+00:00,2021-07-20 18:30:41+00:00,0,"Bug,Upstream issue",1,0,2021-07,2021
42626,issue,closed,2021-07-20 15:14:10+00:00,2021-08-10 20:03:34+00:00,21,"Bug,Regression,ExtensionArray,quantile",1,0,2021-07,2021
42625,issue,closed,2021-07-20 14:31:59+00:00,2021-07-21 04:07:16+00:00,0,"Usage Question,Needs Triage,Closing Candidate",0,0,2021-07,2021
42624,issue,closed,2021-07-20 12:44:49+00:00,2023-02-13 18:59:50+00:00,573,"Bug,Datetime",1,0,2021-07,2021
42618,issue,closed,2021-07-19 21:46:34+00:00,2021-07-24 03:29:22+00:00,4,"Bug,Groupby,Regression,Algos",1,0,2021-07,2021
42615,issue,closed,2021-07-19 19:44:10+00:00,2021-07-20 04:24:48+00:00,0,"Usage Question,Needs Triage",0,0,2021-07,2021
42613,issue,closed,2021-07-19 19:15:02+00:00,2022-04-18 22:28:25+00:00,273,"API Design,Strings,Needs Discussion,Arrow",0,0,2021-07,2021
42609,issue,closed,2021-07-19 15:29:14+00:00,2022-01-30 15:51:20+00:00,195,"Enhancement,Groupby,Performance,Apply",0,0,2021-07,2021
42608,issue,closed,2021-07-19 14:41:16+00:00,2026-04-12 13:05:21+00:00,1727,"Bug,Groupby,Algos,Apply",1,0,2021-07,2021
42606,issue,closed,2021-07-19 12:13:07+00:00,2021-08-30 13:12:39+00:00,42,"Datetime,Performance",0,0,2021-07,2021
42601,issue,closed,2021-07-19 04:35:36+00:00,2021-07-19 17:09:39+00:00,0,"Usage Question,Needs Triage",0,0,2021-07,2021
42600,issue,closed,2021-07-19 00:32:53+00:00,2022-10-20 16:19:50+00:00,458,"Enhancement,Strings,IO Parquet,IO Pickle,Arrow",0,0,2021-07,2021
42599,issue,closed,2021-07-18 23:49:02+00:00,2021-07-19 14:47:20+00:00,0,"Usage Question,Closing Candidate",0,0,2021-07,2021
42597,issue,closed,2021-07-18 21:22:04+00:00,2022-10-13 23:14:02+00:00,452,"Bug,Strings,Reduction Operations,Arrow",1,0,2021-07,2021
42593,issue,closed,2021-07-18 14:39:28+00:00,2021-07-18 16:35:01+00:00,0,"Enhancement,Needs Triage",0,0,2021-07,2021
42592,issue,closed,2021-07-18 13:53:12+00:00,2021-07-18 14:22:32+00:00,0,"Bug,Needs Triage",1,0,2021-07,2021
42588,issue,closed,2021-07-17 17:54:12+00:00,2021-08-08 23:09:18+00:00,22,"CI,IO Parquet",0,0,2021-07,2021
42584,issue,closed,2021-07-17 08:35:55+00:00,2021-07-17 15:08:12+00:00,0,"Datetime,Duplicate Report",0,0,2021-07,2021
42582,issue,closed,2021-07-17 04:43:46+00:00,2026-05-17 13:25:25+00:00,1765,"Enhancement,IO JSON,metadata,Closing Candidate",0,0,2021-07,2021
42580,issue,closed,2021-07-17 00:42:49+00:00,2023-03-30 19:11:00+00:00,621,"Enhancement,Performance,CI",0,0,2021-07,2021
42573,issue,closed,2021-07-16 20:29:41+00:00,2021-07-20 22:24:28+00:00,4,"Usage Question,Duplicate Report,Needs Triage,Closing Candidate",0,0,2021-07,2021
42570,issue,closed,2021-07-16 16:42:17+00:00,2021-07-22 22:54:16+00:00,6,"Bug,Indexing,Regression,Error Reporting,Copy / view semantics",1,0,2021-07,2021
42566,issue,closed,2021-07-16 15:00:14+00:00,2021-07-16 15:19:28+00:00,0,"Bug,Needs Triage",1,0,2021-07,2021
42562,issue,closed,2021-07-16 13:00:00+00:00,2024-09-04 16:52:14+00:00,1146,"Enhancement,IO Excel,Needs Discussion",0,0,2021-07,2021
42559,issue,closed,2021-07-16 07:32:58+00:00,2021-08-09 06:51:37+00:00,23,"Enhancement,Needs Triage",0,0,2021-07,2021
42557,issue,closed,2021-07-16 00:18:56+00:00,2021-08-02 15:16:15+00:00,17,"Bug,Indexing,MultiIndex",1,0,2021-07,2021
42555,issue,closed,2021-07-15 23:32:44+00:00,2021-07-16 18:15:49+00:00,0,"Bug,Needs Triage",1,0,2021-07,2021
42552,issue,closed,2021-07-15 17:37:44+00:00,2021-11-19 09:15:16+00:00,126,"Bug,Reshaping,Error Reporting,Categorical,IO Parquet",1,0,2021-07,2021
42550,issue,closed,2021-07-15 16:01:35+00:00,2023-02-11 04:53:47+00:00,575,"Docs,Series",0,0,2021-07,2021
42547,issue,closed,2021-07-15 02:21:12+00:00,2021-07-15 07:29:58+00:00,0,"Enhancement,Needs Triage",0,0,2021-07,2021
42545,issue,closed,2021-07-15 00:48:01+00:00,2021-09-05 18:48:06+00:00,52,"Missing-data,Duplicate Report,ExtensionArray,API - Consistency,isin",0,0,2021-07,2021
42540,issue,closed,2021-07-14 22:30:00+00:00,2021-11-20 21:11:25+00:00,128,"Docs,IO JSON",0,0,2021-07,2021
42537,issue,closed,2021-07-14 19:08:53+00:00,2021-08-07 23:14:31+00:00,24,"Bug,Styler",1,0,2021-07,2021
42536,issue,closed,2021-07-14 18:55:55+00:00,2022-04-08 13:34:17+00:00,267,"Bug,Missing-data,Reshaping",1,0,2021-07,2021
42535,issue,closed,2021-07-14 18:00:34+00:00,2021-07-20 21:41:28+00:00,6,"Bug,IO Excel,Needs Info,Closing Candidate",1,0,2021-07,2021
42534,issue,closed,2021-07-14 16:44:28+00:00,2021-07-19 11:54:28+00:00,4,"Bug,Typing,Closing Candidate",1,0,2021-07,2021
42533,issue,closed,2021-07-14 15:20:28+00:00,2024-04-28 11:39:52+00:00,1018,"Enhancement,IO HTML,Styler",0,0,2021-07,2021
42532,issue,closed,2021-07-14 12:56:43+00:00,2021-07-14 17:46:35+00:00,0,"Visualization,Warnings",0,0,2021-07,2021
42530,issue,closed,2021-07-14 07:14:59+00:00,2021-07-26 12:43:02+00:00,12,"Bug,Indexing",1,0,2021-07,2021
42522,issue,closed,2021-07-13 20:12:45+00:00,2021-07-19 11:48:58+00:00,5,Build,0,0,2021-07,2021
42514,issue,closed,2021-07-13 09:03:29+00:00,2021-07-16 13:18:41+00:00,3,"Usage Question,Needs Triage,Closing Candidate",0,0,2021-07,2021
42512,issue,closed,2021-07-12 21:04:43+00:00,2023-10-07 16:04:40+00:00,816,"Bug,Copy / view semantics",1,0,2021-07,2021
42509,issue,closed,2021-07-12 16:52:17+00:00,2025-08-05 16:47:17+00:00,1484,"Enhancement,Testing,Build,Master Tracker,Needs Discussion,Closing Candidate",0,0,2021-07,2021
42506,issue,closed,2021-07-12 14:53:27+00:00,2021-08-12 12:41:12+00:00,30,"Needs Info,Closing Candidate",0,0,2021-07,2021
42505,issue,closed,2021-07-12 14:50:03+00:00,2021-11-20 21:12:08+00:00,131,"Bug,Regression,Timezones,Constructors",1,0,2021-07,2021
42501,issue,closed,2021-07-12 11:39:24+00:00,2021-08-11 12:55:41+00:00,30,"Dtype Conversions,Regression,ExtensionArray,Copy / view semantics",0,0,2021-07,2021
42497,issue,closed,2021-07-12 09:44:53+00:00,2021-12-23 14:43:00+00:00,164,"Usage Question,IO CSV",0,0,2021-07,2021
42492,issue,closed,2021-07-12 06:29:12+00:00,2021-07-28 01:06:32+00:00,15,Docs,0,0,2021-07,2021
42482,issue,closed,2021-07-11 13:36:06+00:00,2022-11-10 20:34:50+00:00,487,"Bug,Groupby,MultiIndex,Categorical",1,0,2021-07,2021
42481,issue,closed,2021-07-11 11:56:41+00:00,2022-01-09 21:27:29+00:00,182,"Bug,Needs Discussion,Series,rename,inplace",1,0,2021-07,2021
42479,issue,closed,2021-07-10 17:46:07+00:00,2021-10-17 19:15:45+00:00,99,"Enhancement,IO CSV",0,0,2021-07,2021
42477,issue,closed,2021-07-10 06:38:11+00:00,2021-07-23 01:02:26+00:00,12,"Indexing,Regression,DataFrame",0,0,2021-07,2021
42466,issue,closed,2021-07-09 16:56:27+00:00,2021-07-10 13:25:34+00:00,0,"Bug,Needs Triage",1,0,2021-07,2021
42463,issue,closed,2021-07-09 15:30:48+00:00,2021-07-28 12:37:39+00:00,18,"Bug,Error Reporting,Constructors",1,0,2021-07,2021
42462,issue,closed,2021-07-09 15:06:25+00:00,2021-08-04 21:55:15+00:00,26,"Bug,Regression,IO Excel",1,0,2021-07,2021
42461,issue,closed,2021-07-09 13:59:48+00:00,2021-07-12 00:29:57+00:00,2,"Bug,Indexing,Regression",1,0,2021-07,2021
42458,issue,closed,2021-07-09 09:52:38+00:00,2021-07-12 21:17:34+00:00,3,"Bug,IO XML",1,0,2021-07,2021
42456,issue,closed,2021-07-09 06:54:18+00:00,2021-07-26 22:29:04+00:00,17,"Regression,Constructors",0,0,2021-07,2021
42455,issue,closed,2021-07-09 06:29:25+00:00,2021-07-15 01:17:39+00:00,5,"ExtensionArray,Index,Closing Candidate",0,0,2021-07,2021
42452,issue,closed,2021-07-09 00:33:20+00:00,2021-08-04 04:23:26+00:00,26,"Bug,Dtype Conversions,Regression,Window",1,0,2021-07,2021
42450,issue,closed,2021-07-08 18:38:04+00:00,2021-08-21 04:16:18+00:00,43,"Docs,Reshaping,Usage Question,Closing Candidate",0,0,2021-07,2021
42447,issue,closed,2021-07-08 13:58:59+00:00,2021-07-09 07:33:46+00:00,0,"Docs,Needs Triage",0,0,2021-07,2021
42446,issue,closed,2021-07-08 13:55:35+00:00,2021-07-15 04:20:24+00:00,6,"Bug,Dtype Conversions,IO CSV",1,0,2021-07,2021
42443,issue,closed,2021-07-08 09:18:04+00:00,2021-07-09 15:47:46+00:00,1,"Bug,Upstream issue,ARM",1,0,2021-07,2021
42442,issue,closed,2021-07-08 08:50:58+00:00,2021-07-28 01:54:46+00:00,19,"Bug,Window",1,0,2021-07,2021
42437,issue,closed,2021-07-07 20:31:58+00:00,2026-03-21 16:05:45+00:00,1717,"Bug,Indexing,Regression,ExtensionArray,Needs Tests",1,0,2021-07,2021
42434,issue,closed,2021-07-07 17:27:59+00:00,2021-07-07 18:31:23+00:00,0,"Bug,Error Reporting",1,0,2021-07,2021
42433,issue,closed,2021-07-07 17:07:16+00:00,2021-07-12 00:29:58+00:00,4,"Bug,Indexing,Regression",1,0,2021-07,2021
42431,issue,closed,2021-07-07 16:42:45+00:00,2021-07-07 17:08:26+00:00,0,"Usage Question,Needs Triage",0,0,2021-07,2021
42430,issue,closed,2021-07-07 16:39:42+00:00,2021-07-31 01:01:48+00:00,23,"Bug,Indexing,Regression,ExtensionArray",1,0,2021-07,2021
42429,issue,closed,2021-07-07 15:58:16+00:00,2021-07-09 10:19:14+00:00,1,"Bug,Datetime,Needs Triage",1,0,2021-07,2021
42426,issue,closed,2021-07-07 14:57:48+00:00,2023-05-12 00:15:58+00:00,673,"Enhancement,Needs Discussion,Warnings,Copy / view semantics",0,0,2021-07,2021
42424,issue,closed,2021-07-07 12:46:37+00:00,2021-08-30 16:50:38+00:00,54,"Bug,Regression,Interval,Needs Tests,Constructors",1,0,2021-07,2021
42423,issue,closed,2021-07-07 12:40:11+00:00,2021-07-10 14:26:58+00:00,3,"Bug,Dtype Conversions,replace",1,0,2021-07,2021
42420,issue,closed,2021-07-07 05:14:12+00:00,2021-07-11 19:15:04+00:00,4,Docs,0,0,2021-07,2021
42414,issue,closed,2021-07-06 17:34:31+00:00,2021-07-06 18:27:12+00:00,0,"Enhancement,Needs Triage",0,0,2021-07,2021
42409,issue,closed,2021-07-06 15:48:22+00:00,2021-07-06 21:33:52+00:00,0,"Docs,IO LaTeX,Styler",0,0,2021-07,2021
42406,issue,closed,2021-07-06 15:28:45+00:00,2026-04-10 10:54:44+00:00,1738,"Docs,Groupby",0,0,2021-07,2021
42405,issue,closed,2021-07-06 15:16:48+00:00,2021-07-14 18:19:04+00:00,8,"Regression,NA - MaskedArrays,isin",0,0,2021-07,2021
42403,issue,closed,2021-07-06 12:20:41+00:00,2021-08-05 05:52:23+00:00,29,"Testing,Indexing",0,0,2021-07,2021
42401,issue,closed,2021-07-06 11:42:54+00:00,2021-07-26 02:27:10+00:00,19,"Bug,Needs Triage",1,0,2021-07,2021
42397,issue,closed,2021-07-06 09:52:01+00:00,2021-07-06 11:58:10+00:00,0,"Dtype Conversions,Usage Question",0,0,2021-07,2021
42396,issue,closed,2021-07-06 09:31:51+00:00,2021-07-13 21:18:24+00:00,7,"Dtype Conversions,Regression",0,0,2021-07,2021
42395,issue,closed,2021-07-06 07:57:36+00:00,2021-09-09 17:59:38+00:00,65,"Bug,Groupby,Regression",1,0,2021-07,2021
42393,issue,closed,2021-07-05 22:34:24+00:00,2021-07-05 22:37:54+00:00,0,Usage Question,0,0,2021-07,2021
42390,issue,closed,2021-07-05 17:05:43+00:00,2021-08-17 16:04:17+00:00,42,"Datetime,Groupby,Regression",0,0,2021-07,2021
42388,issue,closed,2021-07-05 13:21:35+00:00,2021-07-06 06:30:11+00:00,0,"Reshaping,Regression,Duplicate Report,ExtensionArray,Closing Candidate",0,0,2021-07,2021
42387,issue,closed,2021-07-05 13:11:42+00:00,2021-07-30 08:07:43+00:00,24,"Bug,Regression,IO CSV",1,0,2021-07,2021
42383,issue,closed,2021-07-05 07:56:14+00:00,2021-07-07 02:39:51+00:00,1,"Groupby,Dtype Conversions",0,0,2021-07,2021
42381,issue,closed,2021-07-05 04:37:37+00:00,2021-07-06 19:09:50+00:00,1,"CI,Compat",0,0,2021-07,2021
42380,issue,closed,2021-07-05 04:31:10+00:00,2021-07-09 13:09:07+00:00,4,"Regression,Apply",0,0,2021-07,2021
42376,issue,closed,2021-07-05 02:57:41+00:00,2021-12-14 01:36:54+00:00,161,"Bug,Indexing,Regression,Compat",1,0,2021-07,2021
42372,issue,closed,2021-07-04 19:33:17+00:00,2021-07-05 07:28:20+00:00,0,"Bug,Needs Triage",1,0,2021-07,2021
42371,issue,closed,2021-07-04 18:49:54+00:00,2021-07-08 13:08:56+00:00,3,"Docs,Series",0,0,2021-07,2021
42370,issue,closed,2021-07-04 18:27:58+00:00,2021-07-05 08:57:04+00:00,0,"CI,IO Parquet",0,0,2021-07,2021
42369,issue,closed,2021-07-04 17:27:51+00:00,2021-07-05 19:07:29+00:00,1,"Bug,Needs Triage",1,0,2021-07,2021
42365,issue,closed,2021-07-04 01:18:43+00:00,2021-07-08 12:59:20+00:00,4,"Bug,Indexing",1,0,2021-07,2021
42359,issue,closed,2021-07-03 18:02:31+00:00,2022-03-29 09:27:29+00:00,268,Code Style,0,0,2021-07,2021
42356,issue,closed,2021-07-03 13:44:19+00:00,2021-07-20 22:16:44+00:00,17,"Bug,Needs Triage,Closing Candidate",1,0,2021-07,2021
42355,issue,closed,2021-07-03 07:57:15+00:00,2021-07-04 21:32:43+00:00,1,"Bug,Build",1,0,2021-07,2021
42352,issue,closed,2021-07-03 03:07:51+00:00,2021-07-12 12:43:43+00:00,9,"Performance,Dtype Conversions,Regression",0,0,2021-07,2021
42349,issue,closed,2021-07-02 18:51:15+00:00,2022-01-12 23:18:28+00:00,194,"Enhancement,Indexing,API Design,Needs Discussion",0,0,2021-07,2021
42347,issue,closed,2021-07-02 16:26:12+00:00,2021-07-04 13:28:00+00:00,1,"Admin,Release",0,0,2021-07,2021
42345,issue,closed,2021-07-02 15:33:25+00:00,2021-07-06 19:40:38+00:00,4,"IO Data,Regression",0,0,2021-07,2021
42344,issue,closed,2021-07-02 15:06:03+00:00,2021-07-02 15:11:57+00:00,0,"Bug,Needs Triage",1,0,2021-07,2021
42343,issue,closed,2021-07-02 13:45:44+00:00,2021-07-28 12:08:04+00:00,25,Release,0,0,2021-07,2021
42333,issue,closed,2021-07-01 14:13:09+00:00,2021-08-16 20:26:59+00:00,46,"Performance,Regression,Window",0,0,2021-07,2021
42332,issue,closed,2021-07-01 10:49:41+00:00,2021-08-31 07:52:56+00:00,60,"Groupby,Apply,Needs Tests",0,0,2021-07,2021
42320,issue,closed,2021-06-30 07:05:29+00:00,2021-06-30 14:39:23+00:00,0,"Bug,IO LaTeX,Styler",1,0,2021-06,2021
42316,issue,closed,2021-06-30 02:22:51+00:00,2021-11-24 00:11:45+00:00,146,"Docs,Timedelta",0,0,2021-06,2021
42314,issue,closed,2021-06-29 19:22:51+00:00,2021-07-09 13:16:22+00:00,9,Web,0,0,2021-06,2021
42307,issue,closed,2021-06-29 15:21:17+00:00,2022-02-27 03:44:30+00:00,242,"CI,Closing Candidate",0,0,2021-06,2021
42305,issue,closed,2021-06-29 14:58:59+00:00,2023-11-21 19:03:59+00:00,875,"Bug,Segfault,Upstream issue,datetime.date",1,0,2021-06,2021
42295,issue,closed,2021-06-29 08:58:21+00:00,2021-08-26 21:16:09+00:00,58,Needs Tests,0,0,2021-06,2021
42287,issue,closed,2021-06-28 20:14:43+00:00,2021-07-04 18:13:18+00:00,5,"Bug,Window,numba",1,0,2021-06,2021
42286,issue,closed,2021-06-28 20:08:36+00:00,2021-06-29 12:29:22+00:00,0,"Regression,IO Excel",0,0,2021-06,2021
42275,issue,closed,2021-06-28 07:17:59+00:00,2023-01-16 16:04:55+00:00,567,"Groupby,Performance,Algos",0,0,2021-06,2021
42266,issue,closed,2021-06-26 23:14:35+00:00,2021-06-27 02:03:42+00:00,0,"Enhancement,Needs Triage",0,0,2021-06,2021
42259,issue,closed,2021-06-26 19:16:21+00:00,2021-07-04 21:32:21+00:00,8,"Bug,Datetime,Regression",1,0,2021-06,2021
42249,issue,closed,2021-06-26 08:46:40+00:00,2021-06-28 14:58:01+00:00,2,"Performance,Regression,Categorical",0,0,2021-06,2021
42248,issue,closed,2021-06-26 07:50:08+00:00,2021-07-08 12:42:31+00:00,12,"Performance,Regression,Constructors",0,0,2021-06,2021
42247,issue,closed,2021-06-26 07:46:09+00:00,2021-06-29 14:24:40+00:00,3,"Performance,Regression,Period",0,0,2021-06,2021
42246,issue,closed,2021-06-26 07:42:54+00:00,2021-12-13 23:56:56+00:00,170,"Performance,Regression",0,0,2021-06,2021
42240,issue,closed,2021-06-25 20:46:34+00:00,2021-06-30 06:47:31+00:00,4,"Performance,Regression,Interval,Closing Candidate",0,0,2021-06,2021
42239,issue,closed,2021-06-25 20:40:01+00:00,2021-06-30 09:01:10+00:00,4,"Performance,Regression",0,0,2021-06,2021
42236,issue,closed,2021-06-25 19:40:28+00:00,2021-06-29 12:26:37+00:00,3,"CI,Windows,numba",0,0,2021-06,2021
42229,issue,closed,2021-06-25 16:59:35+00:00,2021-07-11 19:41:22+00:00,16,"Docs,Datetime",0,0,2021-06,2021
42221,issue,closed,2021-06-25 12:46:18+00:00,2021-11-17 02:02:18+00:00,144,"Enhancement,Regression,IO Excel",0,0,2021-06,2021
42212,issue,closed,2021-06-24 20:46:06+00:00,2021-08-21 02:47:34+00:00,57,"Enhancement,cut,Closing Candidate",0,0,2021-06,2021
42204,issue,closed,2021-06-24 09:46:35+00:00,2022-06-02 18:10:16+00:00,343,Docs,0,0,2021-06,2021
42203,issue,closed,2021-06-24 06:19:11+00:00,2026-01-20 17:55:10+00:00,1671,"Bug,Apply,Needs Tests,ufuncs",1,0,2021-06,2021
42202,issue,closed,2021-06-24 04:42:05+00:00,2021-06-24 13:03:44+00:00,0,"Docs,Community",0,0,2021-06,2021
42199,issue,closed,2021-06-23 07:20:08+00:00,2021-06-25 13:32:01+00:00,2,Dependencies,0,0,2021-06,2021
42198,issue,closed,2021-06-23 04:24:59+00:00,2023-11-21 17:47:14+00:00,881,"Dtype Conversions,ExtensionArray,API - Consistency,NA - MaskedArrays,Closing Candidate",0,0,2021-06,2021
42191,issue,closed,2021-06-22 21:55:39+00:00,2021-11-21 02:36:40+00:00,151,"Missing-data,Internals,Clean",0,0,2021-06,2021
42189,issue,closed,2021-06-22 19:32:31+00:00,2021-06-22 20:56:24+00:00,0,"Bug,Missing-data,Dtype Conversions,Categorical",1,0,2021-06,2021
42188,issue,closed,2021-06-22 09:37:57+00:00,2021-06-25 13:24:39+00:00,3,Closing Candidate,0,0,2021-06,2021
42185,issue,closed,2021-06-22 07:16:17+00:00,2021-07-28 01:01:42+00:00,35,"Bug,cut",1,0,2021-06,2021
42175,issue,closed,2021-06-21 19:22:02+00:00,2023-02-04 21:31:45+00:00,593,"Refactor,Dtype Conversions,Algos",0,0,2021-06,2021
42152,issue,closed,2021-06-21 10:13:33+00:00,2021-06-21 11:41:07+00:00,0,"Duplicate Report,IO JSON",0,0,2021-06,2021
42147,issue,closed,2021-06-20 16:13:59+00:00,2026-04-04 17:38:37+00:00,1749,"Missing-data,Performance,Algos",0,0,2021-06,2021
42145,issue,closed,2021-06-20 13:42:48+00:00,2021-08-26 17:04:55+00:00,67,"Bug,MultiIndex,Complex",1,0,2021-06,2021
42141,issue,closed,2021-06-20 07:21:42+00:00,2021-06-21 14:20:52+00:00,1,Code Style,0,0,2021-06,2021
42139,issue,closed,2021-06-20 04:11:54+00:00,2021-06-26 05:23:18+00:00,6,ARM,0,0,2021-06,2021
42137,issue,closed,2021-06-20 02:01:45+00:00,2022-12-19 19:28:50+00:00,547,"Bug,Constructors,API - Consistency,NA - MaskedArrays",1,0,2021-06,2021
42133,issue,closed,2021-06-19 17:20:36+00:00,2021-06-21 19:33:44+00:00,2,"Docs,Styler,Closing Candidate",0,0,2021-06,2021
42130,issue,closed,2021-06-19 17:14:13+00:00,2022-01-24 07:02:37+00:00,218,"Bug,IO JSON,Segfault",1,0,2021-06,2021
42127,issue,closed,2021-06-19 17:02:43+00:00,2021-08-21 02:40:48+00:00,62,"Bug,Needs Info,ARM",1,0,2021-06,2021
42126,issue,closed,2021-06-19 16:38:00+00:00,2021-07-11 09:17:04+00:00,21,Docs,0,0,2021-06,2021
42125,issue,closed,2021-06-19 13:37:03+00:00,2021-08-28 19:56:49+00:00,70,Docs,0,0,2021-06,2021
42124,issue,closed,2021-06-19 13:36:40+00:00,2021-08-23 16:54:48+00:00,65,Docs,0,0,2021-06,2021
42123,issue,closed,2021-06-19 13:34:27+00:00,2021-08-07 21:58:38+00:00,49,Code Style,0,0,2021-06,2021
42122,issue,closed,2021-06-19 13:30:08+00:00,2021-06-19 15:34:22+00:00,0,Code Style,0,0,2021-06,2021
42121,issue,closed,2021-06-19 13:24:42+00:00,2021-08-10 11:02:56+00:00,51,Code Style,0,0,2021-06,2021
42120,issue,closed,2021-06-19 13:20:56+00:00,2021-06-26 18:32:04+00:00,7,Docs,0,0,2021-06,2021
42119,issue,closed,2021-06-19 10:47:32+00:00,2021-06-19 11:45:16+00:00,0,"Docs,Needs Triage",0,0,2021-06,2021
42118,issue,closed,2021-06-19 06:16:59+00:00,2021-06-19 19:41:11+00:00,0,"Usage Question,DataFrame,Closing Candidate",0,0,2021-06,2021
42116,issue,closed,2021-06-19 03:42:44+00:00,2026-05-12 22:50:55+00:00,1788,"Bug,Build",1,0,2021-06,2021
42112,issue,closed,2021-06-18 20:41:31+00:00,2021-06-18 22:17:17+00:00,0,"Enhancement,Usage Question,IO CSV",0,0,2021-06,2021
42107,issue,closed,2021-06-18 15:19:31+00:00,2021-06-21 13:19:43+00:00,2,"Bug,Regression,Algos",1,0,2021-06,2021
42106,issue,closed,2021-06-18 14:59:24+00:00,2021-06-21 14:31:12+00:00,2,Docs,0,0,2021-06,2021
42105,issue,closed,2021-06-18 14:02:14+00:00,2021-08-23 03:58:09+00:00,65,"Bug,Needs Info,Needs Triage",1,0,2021-06,2021
42104,issue,closed,2021-06-18 13:15:37+00:00,2021-06-21 13:03:57+00:00,2,"Bug,Datetime,Regression,Frequency,Index,setops",1,0,2021-06,2021
42103,issue,closed,2021-06-18 11:48:15+00:00,2021-07-16 11:31:48+00:00,27,"Testing,Error Reporting",0,0,2021-06,2021
42102,issue,closed,2021-06-18 09:36:11+00:00,2026-04-21 18:41:43+00:00,1768,"Bug,Indexing,MultiIndex",1,0,2021-06,2021
42101,issue,closed,2021-06-18 08:06:17+00:00,2021-08-03 17:15:14+00:00,46,"Bug,Styler",1,0,2021-06,2021
42099,issue,closed,2021-06-18 02:44:56+00:00,2021-06-21 18:28:18+00:00,3,"Bug,Indexing,Regression",1,0,2021-06,2021
42092,issue,closed,2021-06-17 21:28:55+00:00,2021-07-15 04:18:39+00:00,27,"Bug,Reshaping,Dtype Conversions,Regression",1,0,2021-06,2021
42088,issue,closed,2021-06-17 19:50:51+00:00,2021-06-17 21:34:32+00:00,0,"CI,Categorical",0,0,2021-06,2021
42078,issue,closed,2021-06-17 16:10:36+00:00,2021-06-24 06:32:19+00:00,6,"Usage Question,Deprecate,Series",0,0,2021-06,2021
42076,issue,closed,2021-06-17 13:49:20+00:00,2021-12-01 23:02:04+00:00,167,CI,0,0,2021-06,2021
42071,issue,closed,2021-06-17 12:12:03+00:00,2021-06-17 12:31:35+00:00,0,"Bug,Closing Candidate",1,0,2021-06,2021
42070,issue,closed,2021-06-17 12:00:44+00:00,2026-05-11 15:35:12+00:00,1789,"Bug,IO HDF5,Sparse",1,0,2021-06,2021
42066,issue,closed,2021-06-17 09:46:51+00:00,2022-02-15 17:54:33+00:00,243,"Docs,IO Network",0,0,2021-06,2021
42064,issue,closed,2021-06-17 06:12:34+00:00,2021-08-21 02:35:38+00:00,64,"Bug,Window,Closing Candidate",1,0,2021-06,2021
42055,issue,closed,2021-06-16 14:22:36+00:00,2021-07-15 04:24:14+00:00,28,"Bug,Indexing,MultiIndex",1,0,2021-06,2021
42053,issue,closed,2021-06-16 13:33:28+00:00,2021-06-28 13:24:28+00:00,11,"Bug,Regression,IO HTML,Styler",1,0,2021-06,2021
42026,issue,closed,2021-06-15 20:29:35+00:00,2021-10-03 13:49:09+00:00,109,"IO Data,CI,Dependencies",0,0,2021-06,2021
42022,issue,closed,2021-06-15 18:22:53+00:00,2021-06-16 01:46:04+00:00,0,"Bug,Regression,IO CSV",1,0,2021-06,2021
42016,issue,closed,2021-06-15 11:06:26+00:00,2024-03-05 00:47:11+00:00,993,"Bug,Groupby,Apply,Needs Tests",1,0,2021-06,2021
42015,issue,closed,2021-06-15 07:24:21+00:00,2021-06-15 22:40:31+00:00,0,Docs,0,0,2021-06,2021
42009,issue,closed,2021-06-15 01:07:38+00:00,2021-07-11 19:47:14+00:00,26,Docs,0,0,2021-06,2021
42003,issue,closed,2021-06-14 15:39:49+00:00,2022-01-16 16:21:32+00:00,216,"Enhancement,Error Reporting",0,0,2021-06,2021
42002,issue,closed,2021-06-14 15:23:48+00:00,2021-06-15 15:49:02+00:00,1,"Typing,Closing Candidate",0,0,2021-06,2021
42000,issue,closed,2021-06-14 12:56:50+00:00,2021-06-16 09:34:33+00:00,1,"Enhancement,Error Reporting",0,0,2021-06,2021
41999,issue,closed,2021-06-14 11:21:04+00:00,2021-11-28 14:39:53+00:00,167,"Bug,Groupby,Regression,Needs Discussion,Apply",1,0,2021-06,2021
41998,issue,closed,2021-06-14 10:39:23+00:00,2021-06-28 14:27:50+00:00,14,"Groupby,Regression",0,0,2021-06,2021
41996,issue,closed,2021-06-14 09:22:04+00:00,2023-05-19 16:25:42+00:00,704,"Dtype Conversions,IO CSV,Deprecate",0,0,2021-06,2021
41994,issue,closed,2021-06-14 07:42:17+00:00,2021-12-31 23:51:57+00:00,200,"IO LaTeX,Styler,Closing Candidate",0,0,2021-06,2021
41986,issue,closed,2021-06-13 18:50:51+00:00,2022-10-16 13:08:00+00:00,489,Code Style,0,0,2021-06,2021
41978,issue,closed,2021-06-13 03:52:39+00:00,2026-05-11 15:22:39+00:00,1793,"Bug,IO HDF5,Period",1,0,2021-06,2021
41975,issue,closed,2021-06-12 21:35:55+00:00,2021-06-13 22:37:22+00:00,1,"Bug,Needs Triage",1,0,2021-06,2021
41967,issue,closed,2021-06-12 14:20:59+00:00,2021-10-04 01:37:37+00:00,113,"Enhancement,Missing-data,Reduction Operations",0,0,2021-06,2021
41965,issue,closed,2021-06-12 12:22:58+00:00,2021-12-23 14:55:04+00:00,194,"Missing-data,Performance",0,0,2021-06,2021
41957,issue,closed,2021-06-11 19:59:45+00:00,2022-01-27 11:50:22+00:00,229,Release,0,0,2021-06,2021
41953,issue,closed,2021-06-11 16:24:03+00:00,2021-06-17 19:05:36+00:00,6,"Bug,hashing",1,0,2021-06,2021
41951,issue,closed,2021-06-11 12:33:10+00:00,2021-06-15 23:34:24+00:00,4,"Reshaping,Regression",0,0,2021-06,2021
41949,issue,closed,2021-06-11 11:48:36+00:00,2021-06-21 13:18:36+00:00,10,"Bug,Datetime,Blocker,Deprecate",1,0,2021-06,2021
41947,issue,closed,2021-06-11 10:45:20+00:00,2021-08-21 02:26:14+00:00,70,"Enhancement,Duplicate Report",0,0,2021-06,2021
41943,issue,closed,2021-06-11 05:43:20+00:00,2025-08-11 17:29:48+00:00,1522,"Enhancement,API Design,Frequency,Needs Discussion",0,0,2021-06,2021
41942,issue,closed,2021-06-11 04:50:13+00:00,2021-06-14 22:48:42+00:00,3,"Bug,Error Reporting,IO Excel,Closing Candidate",1,0,2021-06,2021
41940,issue,closed,2021-06-11 02:41:54+00:00,2022-01-23 19:50:01+00:00,226,IO JSON,0,0,2021-06,2021
41937,issue,closed,2021-06-11 01:02:31+00:00,2021-06-11 23:56:04+00:00,0,"CI,Segfault",0,0,2021-06,2021
41935,issue,closed,2021-06-10 23:17:19+00:00,2022-05-28 08:38:03+00:00,351,"Build,Upstream issue",0,0,2021-06,2021
41930,issue,closed,2021-06-10 18:06:00+00:00,2026-03-31 21:33:32+00:00,1755,"Bug,Groupby,Error Reporting,Closing Candidate",1,0,2021-06,2021
41927,issue,closed,2021-06-10 14:36:22+00:00,2021-11-26 18:22:43+00:00,169,"Bug,Timezones",1,0,2021-06,2021
41909,issue,closed,2021-06-09 20:20:55+00:00,2023-05-12 00:17:20+00:00,701,"Enhancement,Missing-data,Needs Discussion",0,0,2021-06,2021
41906,issue,closed,2021-06-09 18:25:15+00:00,2021-06-16 00:17:20+00:00,6,"Bug,Testing,Frequency",1,0,2021-06,2021
41905,issue,closed,2021-06-09 17:57:44+00:00,2021-06-10 11:06:07+00:00,0,"Bug,Needs Triage",1,0,2021-06,2021
41901,issue,closed,2021-06-09 16:07:14+00:00,2022-07-18 17:16:24+00:00,404,Code Style,0,0,2021-06,2021
41891,issue,closed,2021-06-09 08:39:01+00:00,2024-02-04 15:18:27+00:00,970,"Bug,Indexing,Needs Discussion,Warnings,Copy / view semantics",1,0,2021-06,2021
41887,issue,closed,2021-06-09 04:38:33+00:00,2022-02-18 15:54:30+00:00,254,"Missing-data,Usage Question,IO CSV",0,0,2021-06,2021
41882,issue,closed,2021-06-08 21:40:55+00:00,2026-03-31 22:30:17+00:00,1757,"Bug,Indexing",1,0,2021-06,2021
41877,issue,closed,2021-06-08 18:01:37+00:00,2021-06-09 18:06:21+00:00,1,"Usage Question,Needs Triage",0,0,2021-06,2021
41876,issue,closed,2021-06-08 17:11:05+00:00,2021-07-15 04:21:22+00:00,36,"Bug,IO JSON",1,0,2021-06,2021
41873,issue,closed,2021-06-08 14:39:41+00:00,2021-06-15 21:05:57+00:00,7,"Indexing,Performance,Regression",0,0,2021-06,2021
41872,issue,closed,2021-06-08 13:36:15+00:00,2021-06-08 13:50:27+00:00,0,"Bug,Needs Triage",1,0,2021-06,2021
41871,issue,closed,2021-06-08 12:52:58+00:00,2021-06-08 14:23:46+00:00,0,"Enhancement,Needs Triage",0,0,2021-06,2021
41855,issue,closed,2021-06-07 16:28:36+00:00,2021-12-27 13:50:44+00:00,202,"Docs,Missing-data",0,0,2021-06,2021
41847,issue,closed,2021-06-07 05:38:29+00:00,2021-07-11 19:37:47+00:00,34,"Docs,Frequency",0,0,2021-06,2021
41839,issue,closed,2021-06-06 16:36:13+00:00,2021-06-16 23:07:45+00:00,10,"Docs,IO Data",0,0,2021-06,2021
41838,issue,closed,2021-06-06 08:41:07+00:00,2021-08-21 02:19:12+00:00,75,"Enhancement,IO Data,Closing Candidate",0,0,2021-06,2021
41836,issue,closed,2021-06-06 04:02:39+00:00,2021-06-16 22:15:36+00:00,10,Bug,1,0,2021-06,2021
41834,issue,closed,2021-06-05 23:02:57+00:00,2021-08-21 02:15:38+00:00,76,"Bug,Timezones,Upstream issue",1,0,2021-06,2021
41831,issue,closed,2021-06-05 19:24:41+00:00,2021-06-10 15:52:25+00:00,4,"Bug,Interval,Index",1,0,2021-06,2021
41829,issue,closed,2021-06-05 17:38:50+00:00,2021-09-16 22:37:50+00:00,103,"CI,ARM",0,0,2021-06,2021
41828,issue,closed,2021-06-05 16:59:07+00:00,2021-12-05 15:39:24+00:00,182,"Enhancement,Reshaping,metadata",0,0,2021-06,2021
41827,issue,closed,2021-06-05 16:44:35+00:00,2024-08-24 19:38:49+00:00,1176,"Enhancement,Compat,isin",0,0,2021-06,2021
41826,issue,closed,2021-06-05 15:26:36+00:00,2021-06-08 14:59:11+00:00,2,"Enhancement,Needs Triage",0,0,2021-06,2021
41823,issue,closed,2021-06-05 05:13:47+00:00,2021-06-18 04:39:27+00:00,12,"Bug,MultiIndex",1,0,2021-06,2021
41819,issue,closed,2021-06-04 22:23:28+00:00,2021-08-21 02:11:01+00:00,77,"Usage Question,IO CSV",0,0,2021-06,2021
41817,issue,closed,2021-06-04 19:42:27+00:00,2021-06-14 18:24:16+00:00,9,"Bug,Needs Triage",1,0,2021-06,2021
41815,issue,closed,2021-06-04 16:41:48+00:00,2021-07-06 18:37:21+00:00,32,Dependencies,0,0,2021-06,2021
41813,issue,closed,2021-06-04 10:19:09+00:00,2024-01-03 22:14:33+00:00,943,"Bug,Missing-data",1,0,2021-06,2021
41805,issue,closed,2021-06-03 19:37:07+00:00,2022-11-29 04:11:58+00:00,543,"Bug,Datetime,Dtype Conversions,Interval,Constructors",1,0,2021-06,2021
41802,issue,closed,2021-06-03 17:56:36+00:00,2021-06-03 18:34:51+00:00,0,"Usage Question,Needs Triage",0,0,2021-06,2021
41800,issue,closed,2021-06-03 15:27:56+00:00,2023-01-24 10:51:38+00:00,599,"Timezones,Needs Tests",0,0,2021-06,2021
41799,issue,closed,2021-06-03 13:40:13+00:00,2021-06-03 16:05:30+00:00,0,Needs Info,0,0,2021-06,2021
41798,issue,closed,2021-06-03 12:44:11+00:00,2021-06-03 13:39:06+00:00,0,Needs Info,0,0,2021-06,2021
41797,issue,closed,2021-06-03 11:36:44+00:00,2021-06-21 13:08:37+00:00,18,"Bug,Regression,Categorical",1,0,2021-06,2021
41796,issue,closed,2021-06-03 07:33:43+00:00,2026-05-11 02:08:27+00:00,1802,"Bug,Datetime,Needs Discussion",1,0,2021-06,2021
41792,issue,closed,2021-06-03 00:36:07+00:00,2025-11-08 18:26:44+00:00,1619,"Bug,quantile,Upstream issue",1,0,2021-06,2021
41787,issue,closed,2021-06-02 16:01:23+00:00,2021-07-11 16:27:13+00:00,39,"Build,Usage Question,ARM",0,0,2021-06,2021
41786,issue,closed,2021-06-02 15:30:14+00:00,2021-06-02 22:19:32+00:00,0,"Usage Question,Needs Triage",0,0,2021-06,2021
41782,issue,closed,2021-06-02 11:11:23+00:00,2021-08-21 02:03:49+00:00,79,"Bug,Needs Info",1,0,2021-06,2021
41779,issue,closed,2021-06-02 07:23:25+00:00,2021-08-05 12:01:47+00:00,64,"Bug,Window",1,0,2021-06,2021
41778,issue,closed,2021-06-02 06:53:30+00:00,2021-06-04 23:03:31+00:00,2,"Bug,Regression,IO Excel",1,0,2021-06,2021
41775,issue,closed,2021-06-02 03:54:49+00:00,2021-06-03 17:15:56+00:00,1,"Bug,Indexing,Dtype Conversions",1,0,2021-06,2021
41760,issue,closed,2021-06-01 12:08:36+00:00,2021-06-04 00:20:05+00:00,2,"Bug,Indexing,Regression",1,0,2021-06,2021
41759,issue,closed,2021-06-01 11:57:47+00:00,2021-08-21 02:01:37+00:00,80,"Enhancement,duplicated,hashing",0,0,2021-06,2021
41756,issue,closed,2021-06-01 10:20:38+00:00,2021-12-21 02:27:36+00:00,202,"Bug,Compat,API - Consistency,Reduction Operations,ufuncs",1,0,2021-06,2021
41755,issue,closed,2021-06-01 10:17:35+00:00,2023-01-14 21:18:37+00:00,592,"Bug,Frequency,Warnings",1,0,2021-06,2021
41754,issue,closed,2021-06-01 09:18:51+00:00,2021-06-02 22:17:51+00:00,1,"Usage Question,IO CSV,Closing Candidate",0,0,2021-06,2021
41753,issue,closed,2021-06-01 07:41:11+00:00,2021-08-15 21:07:11+00:00,75,"Performance,Code Style",0,0,2021-06,2021
41748,issue,closed,2021-05-31 20:33:56+00:00,2021-12-31 13:13:13+00:00,213,"Docs,Code Style,Clean",0,0,2021-05,2021
41743,issue,closed,2021-05-31 13:23:49+00:00,2021-09-05 01:29:53+00:00,96,"Bug,Groupby,NA - MaskedArrays,Reduction Operations",1,0,2021-05,2021
41737,issue,closed,2021-05-30 21:29:08+00:00,2021-06-01 22:29:33+00:00,2,"CI,ARM",0,0,2021-05,2021
41736,issue,closed,2021-05-30 21:17:17+00:00,2021-06-02 19:39:57+00:00,2,"Docs,Admin",0,0,2021-05,2021
41725,issue,closed,2021-05-29 19:27:27+00:00,2021-08-21 01:54:47+00:00,83,CI,0,0,2021-05,2021
41724,issue,closed,2021-05-29 18:09:51+00:00,2026-04-01 16:49:26+00:00,1767,"Bug,Dtype Conversions,Constructors",1,0,2021-05,2021
41720,issue,closed,2021-05-29 16:25:49+00:00,2022-12-08 03:40:46+00:00,557,"Bug,Groupby,Timedelta,Apply,Needs Tests",1,0,2021-05,2021
41719,issue,closed,2021-05-29 14:59:30+00:00,2021-08-15 21:08:08+00:00,78,Code Style,0,0,2021-05,2021
41715,issue,closed,2021-05-29 06:21:41+00:00,2021-05-29 17:47:11+00:00,0,"Bug,Needs Info,Needs Triage",1,0,2021-05,2021
41710,issue,closed,2021-05-28 22:29:58+00:00,2022-01-28 18:52:40+00:00,244,"Bug,Error Reporting,IO CSV",1,0,2021-05,2021
41704,issue,closed,2021-05-28 15:35:57+00:00,2022-02-22 04:11:20+00:00,269,Docs,0,0,2021-05,2021
41696,issue,closed,2021-05-28 02:14:34+00:00,2021-05-28 22:03:52+00:00,0,,0,0,2021-05,2021
41687,issue,closed,2021-05-27 05:06:07+00:00,2021-06-02 19:52:49+00:00,6,"Usage Question,Needs Info,Needs Triage",0,0,2021-05,2021
41686,issue,closed,2021-05-27 02:24:58+00:00,2021-06-24 04:40:30+00:00,28,"Docs,Community",0,0,2021-05,2021
41683,issue,closed,2021-05-26 19:10:09+00:00,2021-06-26 00:40:52+00:00,30,"Bug,Compat,Dependencies,Warnings,Upstream issue",1,0,2021-05,2021
41681,issue,closed,2021-05-26 17:14:09+00:00,2026-04-25 14:26:23+00:00,1794,"Performance,IO Excel",0,0,2021-05,2021
41680,issue,closed,2021-05-26 15:45:14+00:00,2023-07-15 18:35:04+00:00,780,"Bug,Groupby,MultiIndex",1,0,2021-05,2021
41679,issue,closed,2021-05-26 15:28:54+00:00,2021-08-21 01:46:47+00:00,86,"Build,Needs Info,ARM",0,0,2021-05,2021
41678,issue,closed,2021-05-26 14:07:36+00:00,2021-07-04 21:44:01+00:00,39,"Compat,Dependencies",0,0,2021-05,2021
50517,issue,closed,2022-12-31 18:38:29+00:00,2022-12-31 18:48:05+00:00,0,"Testing,Needs Triage",0,0,2022-12,2022
50515,issue,closed,2022-12-31 12:37:46+00:00,2025-09-09 21:20:31+00:00,983,"Clean,Closing Candidate",0,0,2022-12,2022
50514,issue,closed,2022-12-31 12:31:40+00:00,2023-01-09 22:29:54+00:00,9,"Enhancement,Datetime",0,0,2022-12,2022
50511,issue,closed,2022-12-30 19:53:00+00:00,2023-06-09 18:08:30+00:00,160,"Enhancement,CI",0,0,2022-12,2022
50504,issue,closed,2022-12-30 15:23:05+00:00,2022-12-30 15:41:41+00:00,0,"Usage Question,Copy / view semantics",0,0,2022-12,2022
50497,issue,closed,2022-12-30 00:30:31+00:00,2024-07-16 22:44:24+00:00,564,"Enhancement,Needs Triage",0,0,2022-12,2022
50496,issue,closed,2022-12-29 23:00:11+00:00,2023-07-17 17:58:25+00:00,199,"Docs,MultiIndex",0,0,2022-12,2022
50495,issue,closed,2022-12-29 22:07:09+00:00,2024-02-14 21:10:05+00:00,411,"Bug,Missing-data,Needs Triage",1,0,2022-12,2022
50487,issue,closed,2022-12-29 18:52:23+00:00,2022-12-30 15:06:36+00:00,0,"Docs,IO Excel",0,0,2022-12,2022
50486,issue,closed,2022-12-29 15:51:12+00:00,2023-01-03 22:42:05+00:00,5,"Bug,Groupby,Algos",1,0,2022-12,2022
50482,issue,closed,2022-12-29 05:10:04+00:00,2023-01-11 02:21:59+00:00,12,"Bug,Groupby,Algos",1,0,2022-12,2022
50473,issue,closed,2022-12-28 20:34:08+00:00,2023-05-10 17:35:15+00:00,132,"Bug,Needs Triage",1,0,2022-12,2022
50467,issue,closed,2022-12-28 15:05:36+00:00,2023-01-06 23:48:00+00:00,9,"Bug,Indexing",1,0,2022-12,2022
50465,issue,closed,2022-12-28 12:26:53+00:00,2023-01-02 20:57:03+00:00,5,"Datetime,Performance",0,0,2022-12,2022
50463,issue,closed,2022-12-28 12:01:06+00:00,2022-12-28 12:56:19+00:00,0,"Bug,Needs Triage",1,0,2022-12,2022
50462,issue,closed,2022-12-28 11:41:22+00:00,2022-12-28 17:54:48+00:00,0,"Bug,Needs Triage",1,0,2022-12,2022
50458,issue,closed,2022-12-28 08:02:04+00:00,2023-04-22 20:13:14+00:00,115,"Enhancement,IO CSV,Closing Candidate",0,0,2022-12,2022
50457,issue,closed,2022-12-28 06:40:30+00:00,2023-03-04 22:47:46+00:00,66,"Enhancement,IO Excel,Needs Info",0,0,2022-12,2022
50448,issue,closed,2022-12-27 11:55:14+00:00,2023-01-04 13:47:51+00:00,8,"Indexing,Dtype Conversions,Needs Tests,NA - MaskedArrays",0,0,2022-12,2022
50446,issue,closed,2022-12-27 04:08:38+00:00,2022-12-27 07:53:58+00:00,0,,0,0,2022-12,2022
50438,issue,closed,2022-12-26 02:08:19+00:00,2022-12-26 11:06:48+00:00,0,"Bug,Duplicate Report,NA - MaskedArrays,Reduction Operations",1,0,2022-12,2022
50434,issue,closed,2022-12-25 08:29:20+00:00,2022-12-25 17:21:56+00:00,0,"Bug,Needs Triage",1,0,2022-12,2022
50413,issue,closed,2022-12-23 16:17:28+00:00,2022-12-28 18:07:51+00:00,5,"Bug,Groupby",1,0,2022-12,2022
50412,issue,closed,2022-12-23 14:00:25+00:00,2022-12-31 08:55:07+00:00,7,"Bug,Datetime",1,0,2022-12,2022
50411,issue,closed,2022-12-23 13:00:34+00:00,2023-02-14 10:44:28+00:00,52,Datetime,0,0,2022-12,2022
50409,issue,closed,2022-12-23 10:04:33+00:00,2023-02-02 20:37:00+00:00,41,"Bug,IO CSV,Needs Info",1,0,2022-12,2022
50407,issue,closed,2022-12-23 05:03:25+00:00,2026-03-20 19:01:42+00:00,1183,"Groupby,Deprecate",0,0,2022-12,2022
50406,issue,closed,2022-12-23 04:57:41+00:00,2023-01-12 21:07:05+00:00,20,"Enhancement,Groupby",0,0,2022-12,2022
50405,issue,closed,2022-12-23 04:19:08+00:00,2023-03-17 17:25:07+00:00,84,"Groupby,Deprecate",0,0,2022-12,2022
50399,issue,closed,2022-12-22 16:52:46+00:00,2022-12-23 17:38:56+00:00,1,"Bug,Needs Triage",1,0,2022-12,2022
50395,issue,closed,2022-12-22 15:51:43+00:00,2023-09-12 20:34:58+00:00,264,"Enhancement,IO Excel,Dependencies",0,0,2022-12,2022
50393,issue,closed,2022-12-22 12:37:10+00:00,2022-12-22 20:59:49+00:00,0,Clean,0,0,2022-12,2022
50392,issue,closed,2022-12-22 12:19:26+00:00,2023-07-10 19:37:42+00:00,200,CI,0,0,2022-12,2022
50391,issue,closed,2022-12-22 11:00:43+00:00,2022-12-22 11:45:54+00:00,0,"Bug,Needs Triage",1,0,2022-12,2022
50383,issue,closed,2022-12-21 18:39:05+00:00,2023-09-19 10:40:16+00:00,271,"Bug,Groupby,Needs Tests",1,0,2022-12,2022
50380,issue,closed,2022-12-21 16:15:50+00:00,2023-01-21 08:08:54+00:00,30,Needs Tests,0,0,2022-12,2022
50379,issue,closed,2022-12-21 16:08:22+00:00,2022-12-24 07:11:23+00:00,2,Code Style,0,0,2022-12,2022
50378,issue,closed,2022-12-21 15:52:49+00:00,2022-12-27 19:00:36+00:00,6,Testing,0,0,2022-12,2022
50372,issue,closed,2022-12-21 09:42:43+00:00,2023-08-23 21:12:46+00:00,245,Needs Tests,0,0,2022-12,2022
50367,issue,closed,2022-12-20 22:27:56+00:00,2023-05-23 16:36:56+00:00,153,"Bug,Groupby,Missing-data",1,0,2022-12,2022
50362,issue,closed,2022-12-20 14:29:48+00:00,2022-12-20 14:32:28+00:00,0,"Bug,Needs Triage",1,0,2022-12,2022
50361,issue,closed,2022-12-20 14:29:45+00:00,2022-12-28 07:08:58+00:00,7,"Datetime,Error Reporting",0,0,2022-12,2022
50359,issue,closed,2022-12-20 13:44:54+00:00,2022-12-29 20:15:06+00:00,9,"Bug,Datetime",1,0,2022-12,2022
50355,issue,closed,2022-12-20 07:29:14+00:00,2026-03-23 00:04:57+00:00,1188,"Datetime,Visualization,Performance",0,0,2022-12,2022
50347,issue,closed,2022-12-19 16:15:57+00:00,2022-12-30 15:07:19+00:00,10,"Groupby,Needs Tests,Upstream issue",0,0,2022-12,2022
50346,issue,closed,2022-12-19 15:52:57+00:00,2022-12-22 18:59:06+00:00,3,"Docs,MultiIndex",0,0,2022-12,2022
50344,issue,closed,2022-12-19 14:32:30+00:00,2022-12-29 15:29:09+00:00,10,"Docs,Clean",0,0,2022-12,2022
50342,issue,closed,2022-12-19 13:39:50+00:00,2023-01-17 17:35:24+00:00,29,"Bug,Needs Triage",1,0,2022-12,2022
50340,issue,closed,2022-12-19 12:43:26+00:00,2024-07-16 22:41:55+00:00,575,"Usage Question,Needs Triage",0,0,2022-12,2022
50336,issue,closed,2022-12-18 11:56:08+00:00,2024-02-16 13:11:45+00:00,425,"Enhancement,IO Excel",0,0,2022-12,2022
50317,issue,closed,2022-12-17 15:28:50+00:00,2022-12-22 21:20:22+00:00,5,"Bug,Datetime",1,0,2022-12,2022
50313,issue,closed,2022-12-17 14:56:57+00:00,2022-12-28 19:54:41+00:00,11,"Reshaping,Needs Tests,NA - MaskedArrays",0,0,2022-12,2022
50308,issue,closed,2022-12-17 09:00:59+00:00,2022-12-19 19:57:22+00:00,2,"Bug,Datetime",1,0,2022-12,2022
50307,issue,closed,2022-12-17 00:34:33+00:00,2022-12-18 05:07:10+00:00,1,"Bug,IO JSON,Segfault",1,0,2022-12,2022
50304,issue,closed,2022-12-16 21:37:18+00:00,2022-12-16 22:03:59+00:00,0,"Usage Question,IO CSV",0,0,2022-12,2022
50303,issue,closed,2022-12-16 19:18:59+00:00,2023-05-10 20:18:29+00:00,145,"Enhancement,Needs Triage",0,0,2022-12,2022
50302,issue,closed,2022-12-16 18:54:44+00:00,2023-07-31 18:11:45+00:00,226,"Bug,Testing,Build",1,0,2022-12,2022
50300,issue,closed,2022-12-16 18:11:05+00:00,2024-07-26 09:43:58+00:00,587,Dependencies,0,0,2022-12,2022
50292,issue,closed,2022-12-16 09:17:03+00:00,2022-12-16 18:28:25+00:00,0,Warnings,0,0,2022-12,2022
50285,issue,closed,2022-12-15 20:18:34+00:00,2023-04-04 14:27:45+00:00,109,"Needs Discussion,Dependencies,Arrow",0,0,2022-12,2022
50281,issue,closed,2022-12-15 19:39:10+00:00,2022-12-15 20:15:54+00:00,0,,0,0,2022-12,2022
50276,issue,closed,2022-12-15 14:29:49+00:00,2023-01-18 12:54:42+00:00,33,"Usage Question,Styler",0,0,2022-12,2022
50274,issue,closed,2022-12-15 13:58:02+00:00,2024-07-26 09:44:21+00:00,588,Code Style,0,0,2022-12,2022
50270,issue,closed,2022-12-15 13:09:52+00:00,2023-03-16 18:08:48+00:00,91,"Bug,IO CSV",1,0,2022-12,2022
50267,issue,closed,2022-12-15 11:06:03+00:00,2022-12-15 13:36:43+00:00,0,CI,0,0,2022-12,2022
50266,issue,closed,2022-12-15 10:30:24+00:00,2022-12-20 21:34:35+00:00,5,"Bug,Datetime",1,0,2022-12,2022
50261,issue,closed,2022-12-14 18:25:36+00:00,2023-02-09 16:45:18+00:00,56,"Bug,expressions,NA - MaskedArrays",1,0,2022-12,2022
50257,issue,closed,2022-12-14 13:34:13+00:00,2022-12-14 13:36:43+00:00,0,"Bug,Needs Triage",1,0,2022-12,2022
50256,issue,closed,2022-12-14 10:58:35+00:00,2024-07-16 22:40:22+00:00,580,"Bug,Needs Triage",1,0,2022-12,2022
50255,issue,closed,2022-12-14 10:55:51+00:00,2022-12-20 21:34:35+00:00,6,"Bug,Datetime",1,0,2022-12,2022
50254,issue,closed,2022-12-14 10:31:06+00:00,2023-01-02 13:45:49+00:00,19,"Bug,Needs Triage",1,0,2022-12,2022
50251,issue,closed,2022-12-14 07:54:16+00:00,2022-12-16 09:36:21+00:00,2,"Bug,Datetime",1,0,2022-12,2022
50249,issue,closed,2022-12-14 06:48:21+00:00,2023-04-22 20:14:00+00:00,129,"Bug,Closing Candidate,Timestamp",1,0,2022-12,2022
50245,issue,closed,2022-12-13 22:40:13+00:00,2022-12-17 21:01:07+00:00,3,"Bug,IO SQL",1,0,2022-12,2022
50239,issue,closed,2022-12-13 19:43:33+00:00,2022-12-16 19:00:16+00:00,2,Dependencies,0,0,2022-12,2022
50237,issue,closed,2022-12-13 17:24:59+00:00,2022-12-15 08:10:08+00:00,1,"Bug,Datetime",1,0,2022-12,2022
50234,issue,closed,2022-12-13 15:34:23+00:00,2022-12-27 23:11:01+00:00,14,"Algos,Needs Tests",0,0,2022-12,2022
50231,issue,closed,2022-12-13 13:34:54+00:00,2022-12-14 07:23:53+00:00,0,"Bug,Datetime",1,0,2022-12,2022
50230,issue,closed,2022-12-13 12:18:10+00:00,2022-12-19 21:47:03+00:00,6,Docs,0,0,2022-12,2022
50217,issue,closed,2022-12-12 23:18:53+00:00,2022-12-27 07:58:54+00:00,14,"Docs,Needs Info",0,0,2022-12,2022
50216,issue,closed,2022-12-12 23:09:05+00:00,2023-02-15 18:31:47+00:00,64,Docs,0,0,2022-12,2022
50214,issue,closed,2022-12-12 22:11:40+00:00,2022-12-12 22:12:21+00:00,0,"Bug,Needs Triage",1,0,2022-12,2022
50213,issue,closed,2022-12-12 22:03:33+00:00,2022-12-12 22:12:09+00:00,0,"Bug,Needs Triage",1,0,2022-12,2022
50210,issue,closed,2022-12-12 20:03:31+00:00,2022-12-13 14:06:21+00:00,0,CI,0,0,2022-12,2022
50209,issue,closed,2022-12-12 19:30:13+00:00,2024-02-04 15:18:27+00:00,418,Warnings,0,0,2022-12,2022
50207,issue,closed,2022-12-12 17:16:05+00:00,2023-02-23 16:38:45+00:00,72,CI,0,0,2022-12,2022
50206,issue,closed,2022-12-12 16:41:23+00:00,2024-01-28 19:24:38+00:00,412,"Usage Question,Typing,Closing Candidate,Accessors",0,0,2022-12,2022
50202,issue,closed,2022-12-12 16:30:04+00:00,2022-12-12 17:04:46+00:00,0,,0,0,2022-12,2022
50200,issue,closed,2022-12-12 12:50:23+00:00,2023-05-16 22:52:38+00:00,155,"Bug,IO HTML,IO XML",1,0,2022-12,2022
50199,issue,closed,2022-12-12 11:16:22+00:00,2023-01-31 21:23:34+00:00,50,"Regression,IO SQL,Blocker for rc",0,0,2022-12,2022
50198,issue,closed,2022-12-12 08:53:17+00:00,2022-12-13 08:24:52+00:00,0,"Usage Question,IO Excel,Closing Candidate",0,0,2022-12,2022
50189,issue,closed,2022-12-11 21:44:29+00:00,2022-12-11 23:07:47+00:00,0,,0,0,2022-12,2022
50185,issue,closed,2022-12-11 16:59:48+00:00,2023-01-12 16:02:55+00:00,31,"Error Reporting,IO SQL,Deprecate",0,0,2022-12,2022
50180,issue,closed,2022-12-11 07:14:51+00:00,2022-12-11 11:24:35+00:00,0,"Build,Needs Triage",0,0,2022-12,2022
50166,issue,closed,2022-12-10 14:05:17+00:00,2022-12-12 13:09:06+00:00,1,"Bug,Needs Info",1,0,2022-12,2022
50163,issue,closed,2022-12-10 00:50:18+00:00,2023-07-27 22:08:46+00:00,229,"Bug,Reshaping,Dtype Conversions,Closing Candidate",1,0,2022-12,2022
50162,issue,closed,2022-12-09 23:20:48+00:00,2025-07-23 17:48:05+00:00,956,"Bug,Numeric Operations,Period,Index,Closing Candidate",1,0,2022-12,2022
50161,issue,closed,2022-12-09 23:05:05+00:00,2022-12-17 22:35:28+00:00,7,"Bug,Indexing,Index,NA - MaskedArrays",1,0,2022-12,2022
50153,issue,closed,2022-12-09 15:05:40+00:00,2022-12-09 15:30:50+00:00,0,"Bug,Needs Triage",1,0,2022-12,2022
50146,issue,closed,2022-12-09 10:00:56+00:00,2022-12-09 14:39:10+00:00,0,"Indexing,Dtype Conversions",0,0,2022-12,2022
50143,issue,closed,2022-12-09 08:38:54+00:00,2024-07-16 22:34:12+00:00,585,"Bug,Needs Triage",1,0,2022-12,2022
50141,issue,closed,2022-12-09 08:15:19+00:00,2022-12-09 08:31:27+00:00,0,"Enhancement,Needs Triage",0,0,2022-12,2022
50140,issue,closed,2022-12-09 08:06:59+00:00,2023-02-24 19:49:34+00:00,77,"Regression,Blocker,Astype",0,0,2022-12,2022
50137,issue,closed,2022-12-09 03:10:38+00:00,2022-12-09 03:10:54+00:00,0,,0,0,2022-12,2022
50135,issue,closed,2022-12-09 02:07:35+00:00,2022-12-13 09:55:25+00:00,4,"Enhancement,IO CSV,Needs Discussion,Closing Candidate",0,0,2022-12,2022
50134,issue,closed,2022-12-08 22:31:18+00:00,2022-12-16 09:39:57+00:00,7,"Build,Dependencies",0,0,2022-12,2022
50132,issue,closed,2022-12-08 20:10:29+00:00,2022-12-10 18:35:00+00:00,1,Docs,0,0,2022-12,2022
50126,issue,closed,2022-12-08 15:00:41+00:00,2022-12-08 17:09:14+00:00,0,"Bug,Needs Triage",1,0,2022-12,2022
50125,issue,closed,2022-12-08 14:09:52+00:00,2022-12-12 11:12:07+00:00,3,"Bug,IO Data",1,0,2022-12,2022
50124,issue,closed,2022-12-08 12:21:52+00:00,2024-01-29 13:25:21+00:00,417,CI,0,0,2022-12,2022
50118,issue,closed,2022-12-07 22:01:19+00:00,2022-12-07 22:15:41+00:00,0,"Bug,Needs Triage",1,0,2022-12,2022
50115,issue,closed,2022-12-07 21:01:02+00:00,2022-12-12 21:27:08+00:00,5,CI,0,0,2022-12,2022
50112,issue,closed,2022-12-07 19:16:18+00:00,2022-12-07 20:49:27+00:00,0,CI,0,0,2022-12,2022
50108,issue,closed,2022-12-07 18:04:12+00:00,2022-12-11 11:12:21+00:00,3,"Bug,Datetime",1,0,2022-12,2022
50107,issue,closed,2022-12-07 17:34:54+00:00,2022-12-10 21:52:32+00:00,3,"Datetime,Performance",0,0,2022-12,2022
50105,issue,closed,2022-12-07 16:11:57+00:00,2022-12-09 14:05:22+00:00,1,"Bug,IO HDF5,Segfault,Upstream issue",1,0,2022-12,2022
50103,issue,closed,2022-12-07 14:11:47+00:00,2022-12-07 18:20:37+00:00,0,"Docs,Needs Triage",0,0,2022-12,2022
50102,issue,closed,2022-12-07 13:24:41+00:00,2022-12-13 02:51:05+00:00,5,"Bug,Reshaping,Error Reporting",1,0,2022-12,2022
50101,issue,closed,2022-12-07 09:06:46+00:00,2022-12-11 14:13:50+00:00,4,"Bug,IO CSV,Needs Info",1,0,2022-12,2022
50100,issue,closed,2022-12-07 08:46:01+00:00,2023-09-06 17:17:34+00:00,273,"Groupby,Needs Tests",0,0,2022-12,2022
50095,issue,closed,2022-12-06 22:27:22+00:00,2024-09-04 17:12:46+00:00,637,"Enhancement,Output-Formatting,Needs Discussion",0,0,2022-12,2022
50091,issue,closed,2022-12-06 20:18:27+00:00,2022-12-06 21:35:38+00:00,0,"Usage Question,Needs Triage",0,0,2022-12,2022
50084,issue,closed,2022-12-06 10:28:57+00:00,2022-12-06 10:39:49+00:00,0,"Bug,Needs Triage",1,0,2022-12,2022
50083,issue,closed,2022-12-06 07:05:20+00:00,2022-12-27 20:37:08+00:00,21,"Enhancement,Error Reporting",0,0,2022-12,2022
50080,issue,closed,2022-12-06 02:16:11+00:00,2022-12-14 15:41:37+00:00,8,"Docs,Window",0,0,2022-12,2022
50076,issue,closed,2022-12-05 21:36:31+00:00,2026-05-09 15:43:13+00:00,1250,"Enhancement,Error Reporting,Needs Discussion",0,0,2022-12,2022
50072,issue,closed,2022-12-05 19:41:56+00:00,2022-12-17 14:57:42+00:00,11,"Bug,Datetime",1,0,2022-12,2022
50071,issue,closed,2022-12-05 19:39:08+00:00,2023-01-02 13:44:09+00:00,27,"Bug,Datetime,Needs Discussion",1,0,2022-12,2022
50069,issue,closed,2022-12-05 16:47:31+00:00,2023-11-21 19:17:04+00:00,351,"Bug,Output-Formatting,Complex",1,0,2022-12,2022
50066,issue,closed,2022-12-05 14:47:20+00:00,2022-12-08 03:23:11+00:00,2,"Bug,Regression,DataFrame",1,0,2022-12,2022
50058,issue,closed,2022-12-04 17:41:25+00:00,2022-12-24 19:49:36+00:00,20,"CI,Dependencies",0,0,2022-12,2022
50051,issue,closed,2022-12-04 11:34:07+00:00,2023-01-02 13:42:05+00:00,29,"Bug,Datetime",1,0,2022-12,2022
50045,issue,closed,2022-12-03 19:16:18+00:00,2022-12-04 14:47:14+00:00,0,"Groupby,Usage Question,Apply",0,0,2022-12,2022
50042,issue,closed,2022-12-03 18:15:45+00:00,2023-02-02 22:18:03+00:00,61,"Deprecate,Index,API - Consistency",0,0,2022-12,2022
50040,issue,closed,2022-12-03 14:54:50+00:00,2023-03-06 08:34:17+00:00,92,"Enhancement,IO LaTeX,Styler",0,0,2022-12,2022
50036,issue,closed,2022-12-03 10:54:35+00:00,2022-12-04 15:07:04+00:00,1,"Bug,Datetime",1,0,2022-12,2022
50035,issue,closed,2022-12-03 04:56:58+00:00,2022-12-05 03:44:06+00:00,1,"Bug,Groupby,Needs Info,Apply",1,0,2022-12,2022
50032,issue,closed,2022-12-03 00:41:51+00:00,2023-07-27 21:30:09+00:00,236,"Bug,Dtype Conversions,Error Reporting,API - Consistency",1,0,2022-12,2022
50025,issue,closed,2022-12-02 19:27:09+00:00,2023-01-06 14:13:42+00:00,34,"Bug,Datetime,Timezones",1,0,2022-12,2022
50023,issue,closed,2022-12-02 18:46:36+00:00,2022-12-02 18:54:35+00:00,0,"Bug,Needs Triage",1,0,2022-12,2022
50014,issue,closed,2022-12-02 16:07:42+00:00,2022-12-06 21:07:42+00:00,4,"Enhancement,Docs",0,0,2022-12,2022
50003,issue,closed,2022-12-02 00:48:33+00:00,2022-12-02 14:41:42+00:00,0,"Bug,Needs Triage",1,0,2022-12,2022
50000,issue,closed,2022-12-01 22:49:53+00:00,2022-12-04 14:53:48+00:00,2,"Build,Usage Question",0,0,2022-12,2022
49997,issue,closed,2022-12-01 21:09:39+00:00,2022-12-14 16:28:53+00:00,12,"Enhancement,Dtype Conversions,Arrow",0,0,2022-12,2022
49990,issue,closed,2022-12-01 17:13:49+00:00,2022-12-01 20:27:22+00:00,0,"Build,Needs Triage",0,0,2022-12,2022
49989,issue,closed,2022-12-01 17:06:57+00:00,2023-07-03 12:59:46+00:00,213,"Build,Docs,Needs Info",0,0,2022-12,2022
49987,issue,closed,2022-12-01 13:27:56+00:00,2023-01-16 00:09:50+00:00,45,"Bug,Sparse,Categorical,Needs Tests",1,0,2022-12,2022
49986,issue,closed,2022-12-01 10:39:29+00:00,2022-12-05 11:36:23+00:00,4,"Usage Question,Needs Triage",0,0,2022-12,2022
49985,issue,closed,2022-12-01 09:53:38+00:00,2022-12-01 19:38:05+00:00,0,Usage Question,0,0,2022-12,2022
49980,issue,closed,2022-11-30 23:59:25+00:00,2024-02-07 05:01:42+00:00,433,"Docs,Groupby",0,0,2022-11,2022
49974,issue,closed,2022-11-30 15:44:51+00:00,2022-11-30 16:56:17+00:00,0,"Bug,Needs Triage",1,0,2022-11,2022
49968,issue,closed,2022-11-30 01:20:56+00:00,2023-01-20 17:30:42+00:00,51,Docs,0,0,2022-11,2022
49962,issue,closed,2022-11-29 22:35:08+00:00,2022-11-29 22:57:11+00:00,0,"Bug,Docs,Groupby",1,0,2022-11,2022
49961,issue,closed,2022-11-29 21:40:15+00:00,2022-12-02 03:25:22+00:00,2,"Bug,Docs,Groupby",1,0,2022-11,2022
49959,issue,closed,2022-11-29 11:41:32+00:00,2022-12-01 19:26:28+00:00,2,,0,0,2022-11,2022
49954,issue,closed,2022-11-29 02:33:02+00:00,2022-12-09 13:39:42+00:00,10,"Docs,Needs Info,Needs Triage",0,0,2022-11,2022
49953,issue,closed,2022-11-29 01:35:21+00:00,2022-11-29 08:38:52+00:00,0,,0,0,2022-11,2022
49949,issue,closed,2022-11-28 23:50:07+00:00,2022-12-05 11:55:33+00:00,6,"Bug,Needs Triage",1,0,2022-11,2022
49944,issue,closed,2022-11-28 22:23:29+00:00,2023-07-18 23:00:29+00:00,232,"Enhancement,IO HTML",0,0,2022-11,2022
49940,issue,closed,2022-11-28 11:10:35+00:00,2022-11-28 12:14:12+00:00,0,"Usage Question,Needs Triage",0,0,2022-11,2022
49939,issue,closed,2022-11-28 08:52:55+00:00,2023-07-05 17:21:02+00:00,219,Docs,0,0,2022-11,2022
49938,issue,closed,2022-11-28 05:52:34+00:00,2023-01-18 13:00:51+00:00,51,"Bug,Docs,Styler",1,0,2022-11,2022
49932,issue,closed,2022-11-27 20:09:22+00:00,2022-11-27 20:16:17+00:00,0,"Bug,Needs Triage",1,0,2022-11,2022
49929,issue,closed,2022-11-27 17:31:20+00:00,2022-11-29 17:30:38+00:00,1,"Performance,Needs Triage",0,0,2022-11,2022
49925,issue,closed,2022-11-27 03:01:10+00:00,2024-07-16 22:32:37+00:00,597,"Bug,Needs Triage",1,0,2022-11,2022
49922,issue,closed,2022-11-27 00:35:43+00:00,2023-01-04 01:37:20+00:00,38,"Bug,Indexing,NA - MaskedArrays",1,0,2022-11,2022
49909,issue,closed,2022-11-25 15:11:10+00:00,2022-11-30 08:06:42+00:00,4,"Groupby,Needs Discussion,API - Consistency,Needs Triage",0,0,2022-11,2022
49907,issue,closed,2022-11-25 14:47:07+00:00,2022-11-27 16:05:18+00:00,2,"Groupby,Regression,Apply",0,0,2022-11,2022
49904,issue,closed,2022-11-25 09:31:30+00:00,2022-11-26 02:16:45+00:00,0,"Enhancement,Groupby,Categorical,Needs Triage",0,0,2022-11,2022
49903,issue,closed,2022-11-24 22:50:03+00:00,2023-11-21 18:31:30+00:00,361,Closing Candidate,0,0,2022-11,2022
49901,issue,closed,2022-11-24 22:03:06+00:00,2026-04-04 18:53:43+00:00,1226,Docs,0,0,2022-11,2022
49900,issue,closed,2022-11-24 21:06:44+00:00,2022-11-25 07:30:26+00:00,0,"Docs,Needs Triage",0,0,2022-11,2022
49897,issue,closed,2022-11-24 18:22:39+00:00,2022-12-22 22:49:15+00:00,28,"Bug,Frequency",1,0,2022-11,2022
49894,issue,closed,2022-11-24 14:46:57+00:00,2022-11-24 16:42:55+00:00,0,"Build,Needs Triage,Closing Candidate",0,0,2022-11,2022
49889,issue,closed,2022-11-24 14:15:01+00:00,2023-04-19 22:14:42+00:00,146,"Bug,Interchange",1,0,2022-11,2022
49888,issue,closed,2022-11-24 13:54:32+00:00,2023-04-25 00:50:44+00:00,151,"Bug,Interchange",1,0,2022-11,2022
49881,issue,closed,2022-11-24 00:27:12+00:00,2023-04-07 12:36:08+00:00,134,"Docs,IO CSV",0,0,2022-11,2022
49874,issue,closed,2022-11-23 21:08:57+00:00,2022-11-27 18:10:42+00:00,3,"Docs,Styler",0,0,2022-11,2022
49872,issue,closed,2022-11-23 20:25:19+00:00,2024-07-16 22:31:44+00:00,601,"Enhancement,Needs Triage",0,0,2022-11,2022
49871,issue,closed,2022-11-23 20:17:38+00:00,2022-12-02 13:14:51+00:00,8,Docs,0,0,2022-11,2022
49861,issue,closed,2022-11-23 09:54:52+00:00,2022-11-28 20:04:07+00:00,5,IO JSON,0,0,2022-11,2022
49857,issue,closed,2022-11-23 05:58:24+00:00,2023-01-20 03:04:34+00:00,57,Release,0,0,2022-11,2022
49845,issue,closed,2022-11-22 22:01:41+00:00,2022-12-17 13:58:50+00:00,24,"Refactor,IO Data,Clean",0,0,2022-11,2022
49840,issue,closed,2022-11-22 15:16:10+00:00,2022-11-22 15:45:32+00:00,0,Needs Info,0,0,2022-11,2022
49838,issue,closed,2022-11-22 14:13:22+00:00,2022-12-12 21:14:12+00:00,20,Docs,0,0,2022-11,2022
49837,issue,closed,2022-11-22 12:26:40+00:00,2022-12-05 09:25:22+00:00,12,"Indexing,Dtype Conversions,Needs Tests",0,0,2022-11,2022
49835,issue,closed,2022-11-22 10:28:45+00:00,2023-01-04 18:07:10+00:00,43,"Bug,Datetime,Index",1,0,2022-11,2022
49834,issue,closed,2022-11-22 10:15:08+00:00,2022-11-23 18:03:07+00:00,1,"Bug,Groupby,Regression,Apply",1,0,2022-11,2022
49830,issue,closed,2022-11-22 05:59:14+00:00,2022-11-29 22:43:08+00:00,7,"Bug,Dtype Conversions,MultiIndex,Needs Triage",1,0,2022-11,2022
49828,issue,closed,2022-11-22 02:57:27+00:00,2026-05-08 17:27:25+00:00,1263,"Bug,Numeric Operations,NA - MaskedArrays",1,0,2022-11,2022
49826,issue,closed,2022-11-22 01:54:11+00:00,2022-11-22 16:12:58+00:00,0,"Usage Question,IO HTML,Styler",0,0,2022-11,2022
49818,issue,closed,2022-11-21 17:13:57+00:00,2026-03-29 18:08:02+00:00,1224,"Bug,Missing-data,NA - MaskedArrays,PDEP missing values",1,0,2022-11,2022
49817,issue,closed,2022-11-21 15:58:27+00:00,2026-05-13 16:53:19+00:00,1269,"Docs,API Design,Needs Discussion",0,0,2022-11,2022
49813,issue,closed,2022-11-21 11:56:17+00:00,2022-11-22 21:24:13+00:00,1,"API Design,32bit,Index",0,0,2022-11,2022
49810,issue,closed,2022-11-21 09:02:19+00:00,2022-11-21 09:15:27+00:00,0,"Usage Question,Needs Triage",0,0,2022-11,2022
49800,issue,closed,2022-11-20 13:16:36+00:00,2022-11-20 14:05:06+00:00,0,"Bug,Docs,Duplicate Report,Styler",1,0,2022-11,2022
49799,issue,closed,2022-11-20 08:27:09+00:00,2022-12-10 15:44:12+00:00,20,"Build,Docs",0,0,2022-11,2022
49797,issue,closed,2022-11-20 08:07:16+00:00,2022-11-28 19:46:28+00:00,8,"Docs,Dependencies",0,0,2022-11,2022
49796,issue,closed,2022-11-20 07:57:56+00:00,2022-11-24 19:39:05+00:00,4,Dependencies,0,0,2022-11,2022
49793,issue,closed,2022-11-19 21:36:09+00:00,2022-12-05 19:42:17+00:00,15,"Bug,Visualization",1,0,2022-11,2022
49790,issue,closed,2022-11-19 16:55:15+00:00,2022-11-22 02:12:59+00:00,2,"Docs,IO Excel",0,0,2022-11,2022
49770,issue,closed,2022-11-18 13:29:04+00:00,2022-11-25 07:44:15+00:00,6,"Usage Question,Needs Info",0,0,2022-11,2022
49769,issue,closed,2022-11-18 12:17:38+00:00,2022-11-18 23:28:09+00:00,0,"Bug,Regression,Numeric Operations,NA - MaskedArrays",1,0,2022-11,2022
49763,issue,closed,2022-11-18 08:47:20+00:00,2022-11-19 09:17:39+00:00,1,"Bug,Needs Triage",1,0,2022-11,2022
49760,issue,closed,2022-11-17 23:26:23+00:00,2024-11-04 22:48:30+00:00,717,Clean,0,0,2022-11,2022
49748,issue,closed,2022-11-17 16:12:29+00:00,2022-11-17 18:35:05+00:00,0,"Bug,Needs Triage",1,0,2022-11,2022
49746,issue,closed,2022-11-17 15:38:33+00:00,2022-11-17 18:35:04+00:00,0,Datetime,0,0,2022-11,2022
49739,issue,closed,2022-11-17 02:45:23+00:00,2025-08-15 18:10:24+00:00,1002,"Docs,IO Parquet",0,0,2022-11,2022
49733,issue,closed,2022-11-16 17:10:59+00:00,2022-11-16 17:13:18+00:00,0,"Docs,Reshaping",0,0,2022-11,2022
49732,issue,closed,2022-11-16 15:32:13+00:00,2022-11-23 22:09:12+00:00,7,"Bug,Visualization,Regression",1,0,2022-11,2022
49731,issue,closed,2022-11-16 11:58:01+00:00,2022-11-16 12:34:28+00:00,0,,0,0,2022-11,2022
49729,issue,closed,2022-11-16 11:26:17+00:00,2023-01-13 12:49:41+00:00,58,"Indexing,Performance,Regression,Internals",0,0,2022-11,2022
49728,issue,closed,2022-11-16 09:11:54+00:00,2022-11-17 02:53:00+00:00,0,"Performance,Needs Info",0,0,2022-11,2022
49727,issue,closed,2022-11-16 08:48:47+00:00,2022-11-16 10:25:00+00:00,0,"Bug,Needs Triage",1,0,2022-11,2022
49723,issue,closed,2022-11-16 04:26:48+00:00,2024-08-27 17:02:29+00:00,650,"Usage Question,IO LaTeX,Styler",0,0,2022-11,2022
49716,issue,closed,2022-11-15 23:11:27+00:00,2023-04-10 20:12:51+00:00,145,"Bug,IO SQL,Typing,Needs Triage",1,0,2022-11,2022
49710,issue,closed,2022-11-15 12:58:08+00:00,2022-11-15 14:24:26+00:00,0,"Usage Question,Needs Triage",0,0,2022-11,2022
49703,issue,closed,2022-11-14 23:32:45+00:00,2022-11-15 02:38:25+00:00,0,"Enhancement,Needs Triage",0,0,2022-11,2022
49702,issue,closed,2022-11-14 21:20:52+00:00,2023-01-06 14:58:38+00:00,52,"Bug,Missing-data,Typing",1,0,2022-11,2022
49701,issue,closed,2022-11-14 20:38:41+00:00,2022-11-14 21:24:15+00:00,0,"Usage Question,rename",0,0,2022-11,2022
49695,issue,closed,2022-11-14 13:16:15+00:00,2022-11-14 13:29:42+00:00,0,Needs Info,0,0,2022-11,2022
49683,issue,closed,2022-11-13 17:44:31+00:00,2026-01-11 15:13:23+00:00,1154,"Build,Master Tracker",0,0,2022-11,2022
49679,issue,closed,2022-11-13 14:45:24+00:00,2023-11-22 19:31:13+00:00,374,"Refactor,Testing,Index",0,0,2022-11,2022
49667,issue,closed,2022-11-12 16:58:33+00:00,2022-11-12 17:47:05+00:00,0,"Bug,Needs Triage",1,0,2022-11,2022
49657,issue,closed,2022-11-11 22:01:52+00:00,2022-11-16 03:55:54+00:00,4,"Warnings,Closing Candidate",0,0,2022-11,2022
49656,issue,closed,2022-11-11 21:21:52+00:00,2022-11-29 23:13:05+00:00,18,Code Style,0,0,2022-11,2022
49651,issue,closed,2022-11-11 17:54:00+00:00,2023-11-22 03:33:22+00:00,375,"Bug,Groupby,Missing-data",1,0,2022-11,2022
49650,issue,closed,2022-11-11 17:31:31+00:00,2022-12-08 00:38:24+00:00,26,"Bug,Dtype Conversions,Regression",1,0,2022-11,2022
49649,issue,closed,2022-11-11 17:22:59+00:00,2022-12-13 01:44:56+00:00,31,"Bug,Typing,Python 3.11",1,0,2022-11,2022
49648,issue,closed,2022-11-11 17:10:13+00:00,2022-11-18 15:44:51+00:00,6,"Enhancement,Needs Triage",0,0,2022-11,2022
49647,issue,closed,2022-11-11 17:08:14+00:00,2023-01-06 23:16:59+00:00,56,Code Style,0,0,2022-11,2022
49646,issue,closed,2022-11-11 15:08:56+00:00,2022-12-02 18:33:36+00:00,21,"Docs,Reshaping",0,0,2022-11,2022
49644,issue,closed,2022-11-11 14:39:45+00:00,2022-11-11 17:43:40+00:00,0,"Bug,Needs Triage",1,0,2022-11,2022
49638,issue,closed,2022-11-11 08:55:19+00:00,2022-11-11 10:24:37+00:00,0,Docs,0,0,2022-11,2022
49633,issue,closed,2022-11-11 03:04:57+00:00,2024-08-20 20:08:19+00:00,648,"Bug,expressions",1,0,2022-11,2022
49632,issue,closed,2022-11-11 01:11:52+00:00,2023-02-06 20:03:37+00:00,87,"Bug,Indexing,Error Reporting,ExtensionArray",1,0,2022-11,2022
49631,issue,closed,2022-11-10 23:25:35+00:00,2026-03-31 22:27:16+00:00,1236,"Bug,Datetime,Sparse,Astype",1,0,2022-11,2022
49629,issue,closed,2022-11-10 21:46:52+00:00,2022-11-18 18:43:38+00:00,7,"Testing,Groupby",0,0,2022-11,2022
49620,issue,closed,2022-11-10 16:30:39+00:00,2023-01-06 20:42:29+00:00,57,"Bug,Needs Triage",1,0,2022-11,2022
49618,issue,closed,2022-11-10 16:18:07+00:00,2023-03-04 02:20:36+00:00,113,"Dtype Conversions,Needs Discussion,DataFrame,Reduction Operations,Closing Candidate",0,0,2022-11,2022
49617,issue,closed,2022-11-10 15:02:37+00:00,2022-11-18 19:22:58+00:00,8,"Enhancement,Needs Triage",0,0,2022-11,2022
49612,issue,closed,2022-11-10 03:27:15+00:00,2022-12-17 14:44:51+00:00,37,"Bug,Needs Triage",1,0,2022-11,2022
49606,issue,closed,2022-11-09 21:45:39+00:00,2024-06-08 14:33:55+00:00,576,"Bug,Datetime,Index",1,0,2022-11,2022
49604,issue,closed,2022-11-09 21:09:16+00:00,2026-03-12 23:53:55+00:00,1219,"Bug,IO JSON,Clean",1,0,2022-11,2022
49603,issue,closed,2022-11-09 20:10:45+00:00,2023-02-18 01:14:56+00:00,100,"Bug,Dtype Conversions,DataFrame,Reduction Operations",1,0,2022-11,2022
49602,issue,closed,2022-11-09 20:00:27+00:00,2022-12-12 18:22:43+00:00,32,"IO Excel,Needs Tests,API - Consistency",0,0,2022-11,2022
49599,issue,closed,2022-11-09 16:38:03+00:00,2022-12-15 13:19:00+00:00,35,Constructors,0,0,2022-11,2022
49598,issue,closed,2022-11-09 15:00:24+00:00,2024-11-07 19:59:53+00:00,729,"Bug,IO Excel",1,0,2022-11,2022
49593,issue,closed,2022-11-09 00:31:32+00:00,2026-03-31 22:18:22+00:00,1238,Constructors,0,0,2022-11,2022
49581,issue,closed,2022-11-08 14:33:50+00:00,2022-12-05 20:08:00+00:00,27,"Bug,Needs Triage",1,0,2022-11,2022
49580,issue,closed,2022-11-08 14:00:48+00:00,2025-07-08 15:48:24+00:00,973,"Enhancement,IO CSV",0,0,2022-11,2022
49576,issue,closed,2022-11-08 10:30:34+00:00,2023-03-28 15:53:09+00:00,140,"Bug,Numeric Operations,Index",1,0,2022-11,2022
49573,issue,closed,2022-11-08 05:13:39+00:00,2022-11-09 17:53:58+00:00,1,"Bug,Needs Triage",1,0,2022-11,2022
49572,issue,closed,2022-11-08 03:30:34+00:00,2022-12-07 17:05:37+00:00,29,"Bug,DataFrame,Index,Series,Constructors,Needs Triage",1,0,2022-11,2022
49571,issue,closed,2022-11-08 01:04:46+00:00,2022-11-10 20:59:12+00:00,2,"Enhancement,Needs Triage",0,0,2022-11,2022
49568,issue,closed,2022-11-07 21:10:43+00:00,2022-11-10 00:59:28+00:00,2,"Docs,Needs Triage",0,0,2022-11,2022
49565,issue,closed,2022-11-07 16:47:35+00:00,2022-12-12 18:28:16+00:00,35,Usage Question,0,0,2022-11,2022
49563,issue,closed,2022-11-07 13:41:59+00:00,2022-11-07 16:27:42+00:00,0,"Docs,Needs Info",0,0,2022-11,2022
49554,issue,closed,2022-11-06 07:34:56+00:00,2022-11-06 11:59:58+00:00,0,"Bug,Needs Triage",1,0,2022-11,2022
49545,issue,closed,2022-11-05 15:33:14+00:00,2022-11-05 17:02:30+00:00,0,"Docs,Community",0,0,2022-11,2022
49539,issue,closed,2022-11-04 22:59:34+00:00,2022-11-05 10:11:38+00:00,0,"Enhancement,Needs Triage",0,0,2022-11,2022
49535,issue,closed,2022-11-04 21:02:17+00:00,2022-12-27 18:34:11+00:00,52,"Bug,Index",1,0,2022-11,2022
49532,issue,closed,2022-11-04 19:22:12+00:00,2022-11-04 20:48:50+00:00,0,"Duplicate Report,MultiIndex",0,0,2022-11,2022
49526,issue,closed,2022-11-04 15:29:55+00:00,2022-11-05 10:49:28+00:00,0,CI,0,0,2022-11,2022
49523,issue,closed,2022-11-04 14:40:32+00:00,2023-02-10 19:02:25+00:00,98,"Series,Constructors,Copy / view semantics",0,0,2022-11,2022
49521,issue,closed,2022-11-04 13:02:12+00:00,2022-12-13 02:40:23+00:00,38,"Bug,Indexing,NA - MaskedArrays",1,0,2022-11,2022
49519,issue,closed,2022-11-04 11:04:50+00:00,2023-04-17 17:15:28+00:00,164,"Groupby,Deprecate,API - Consistency",0,0,2022-11,2022
49514,issue,closed,2022-11-04 02:07:08+00:00,2022-11-04 11:12:30+00:00,0,,0,0,2022-11,2022
49508,issue,closed,2022-11-03 21:00:26+00:00,2022-11-11 17:45:19+00:00,7,"Docs,Needs Triage",0,0,2022-11,2022
49498,issue,closed,2022-11-03 12:12:29+00:00,2022-11-03 14:35:21+00:00,0,"CI,Dependencies",0,0,2022-11,2022
49497,issue,closed,2022-11-03 12:05:34+00:00,2023-02-01 16:06:23+00:00,90,"API Design,Algos",0,0,2022-11,2022
49496,issue,closed,2022-11-03 12:04:22+00:00,2025-05-10 15:05:02+00:00,919,"Enhancement,API Design,DataFrame,Closing Candidate",0,0,2022-11,2022
49493,issue,closed,2022-11-03 07:36:17+00:00,2022-11-16 11:18:23+00:00,13,Needs Info,0,0,2022-11,2022
49473,issue,closed,2022-11-02 12:30:25+00:00,2023-11-15 20:06:05+00:00,378,"Master Tracker,Copy / view semantics",0,0,2022-11,2022
49468,issue,closed,2022-11-02 09:16:07+00:00,2022-11-02 21:00:17+00:00,0,CI,0,0,2022-11,2022
49452,issue,closed,2022-11-01 20:19:29+00:00,2022-12-01 03:26:55+00:00,29,"Groupby,MultiIndex,Clean",0,0,2022-11,2022
49443,issue,closed,2022-11-01 13:38:41+00:00,2023-01-04 19:02:42+00:00,64,"Testing,MultiIndex",0,0,2022-11,2022
49441,issue,closed,2022-11-01 13:22:41+00:00,2022-11-10 20:36:40+00:00,9,"Bug,Regression,Frequency",1,0,2022-11,2022
49439,issue,closed,2022-11-01 12:56:20+00:00,2022-11-01 13:39:51+00:00,0,"Bug,Needs Triage",1,0,2022-11,2022
49435,issue,closed,2022-11-01 05:56:50+00:00,2022-11-01 09:50:22+00:00,0,"Bug,Needs Triage",1,0,2022-11,2022
49434,issue,closed,2022-11-01 03:22:56+00:00,2026-04-07 13:15:00+00:00,1253,"Groupby,Deprecate",0,0,2022-11,2022
49433,issue,closed,2022-11-01 02:08:23+00:00,2022-11-01 09:58:58+00:00,0,"Build,Needs Info",0,0,2022-11,2022
49417,issue,closed,2022-10-31 18:09:16+00:00,2022-11-03 17:33:20+00:00,2,Error Reporting,0,0,2022-10,2022
49413,issue,closed,2022-10-31 17:12:57+00:00,2023-04-17 17:11:29+00:00,167,Error Reporting,0,0,2022-10,2022
49411,issue,closed,2022-10-31 16:31:08+00:00,2023-10-23 09:26:57+00:00,356,"Bug,Testing,IO CSV,Arrow",1,0,2022-10,2022
49409,issue,closed,2022-10-31 12:44:31+00:00,2022-11-01 17:18:13+00:00,1,,0,0,2022-10,2022
49406,issue,closed,2022-10-31 11:21:54+00:00,2022-11-04 10:17:38+00:00,3,Code Style,0,0,2022-10,2022
49399,issue,closed,2022-10-30 16:34:51+00:00,2022-12-01 20:31:03+00:00,32,"Error Reporting,Apply,DataFrame",0,0,2022-10,2022
49398,issue,closed,2022-10-30 07:35:04+00:00,2023-05-10 20:51:54+00:00,192,"API Design,Strings,Closing Candidate",0,0,2022-10,2022
49396,issue,closed,2022-10-30 06:22:25+00:00,2022-10-30 07:18:58+00:00,0,,0,0,2022-10,2022
49374,issue,closed,2022-10-28 18:22:15+00:00,2022-11-01 18:38:01+00:00,4,"Bug,Visualization,Regression",1,0,2022-10,2022
49372,issue,closed,2022-10-28 17:14:48+00:00,2022-12-15 15:21:35+00:00,47,"API Design,Constructors",0,0,2022-10,2022
49367,issue,closed,2022-10-28 05:12:11+00:00,2022-12-09 11:52:58+00:00,42,"Bug,IO SQL,Needs Info,Segfault",1,0,2022-10,2022
49357,issue,closed,2022-10-27 16:47:32+00:00,2022-11-16 11:26:28+00:00,19,"Bug,Needs Triage",1,0,2022-10,2022
49356,issue,closed,2022-10-27 16:42:27+00:00,2022-11-16 11:26:46+00:00,19,"Bug,Index,Closing Candidate",1,0,2022-10,2022
49354,issue,closed,2022-10-27 11:42:21+00:00,2022-11-07 18:28:26+00:00,11,"Bug,Groupby,Categorical",1,0,2022-10,2022
49352,issue,closed,2022-10-27 08:51:08+00:00,2023-03-27 23:02:05+00:00,151,"Bug,Regression,Warnings,Closing Candidate",1,0,2022-10,2022
49350,issue,closed,2022-10-27 07:12:58+00:00,2022-10-27 15:34:14+00:00,0,"Docs,Needs Triage",0,0,2022-10,2022
49341,issue,closed,2022-10-26 20:10:47+00:00,2022-11-01 23:20:37+00:00,6,"Bug,Constructors,API - Consistency,Needs Triage",1,0,2022-10,2022
49340,issue,closed,2022-10-26 20:07:34+00:00,2022-11-08 18:33:23+00:00,12,"Bug,Constructors,API - Consistency,Needs Triage",1,0,2022-10,2022
49337,issue,closed,2022-10-26 16:19:53+00:00,2023-01-12 18:58:33+00:00,78,"MultiIndex,Categorical,Needs Tests",0,0,2022-10,2022
49336,issue,closed,2022-10-26 16:09:51+00:00,2022-11-16 11:13:58+00:00,20,Needs Info,0,0,2022-10,2022
49309,issue,closed,2022-10-25 17:09:08+00:00,2022-11-29 04:11:58+00:00,34,"Bug,Categorical,Constructors",1,0,2022-10,2022
49304,issue,closed,2022-10-25 15:38:45+00:00,2022-10-25 16:08:01+00:00,0,Needs Info,0,0,2022-10,2022
49301,issue,closed,2022-10-25 13:51:10+00:00,2022-10-31 18:50:51+00:00,6,Docs,0,0,2022-10,2022
49298,issue,closed,2022-10-25 08:29:51+00:00,2022-12-01 19:56:46+00:00,37,"Bug,Datetime",1,0,2022-10,2022
49294,issue,closed,2022-10-24 23:49:36+00:00,2023-03-30 18:48:06+00:00,156,"CI,Clean,Needs Discussion",0,0,2022-10,2022
49292,issue,closed,2022-10-24 23:14:59+00:00,2022-11-29 04:11:57+00:00,35,"Bug,Constructors,Needs Triage",1,0,2022-10,2022
49291,issue,closed,2022-10-24 23:13:20+00:00,2023-11-25 16:41:54+00:00,396,"Bug,Datetime,Constructors,API - Consistency",1,0,2022-10,2022
49282,issue,closed,2022-10-24 19:01:58+00:00,2025-09-06 17:22:05+00:00,1047,"Bug,Datetime,Reduction Operations",1,0,2022-10,2022
49277,issue,closed,2022-10-24 13:48:10+00:00,2022-11-10 20:33:23+00:00,17,"Bug,Indexing,Regression",1,0,2022-10,2022
49276,issue,closed,2022-10-24 13:44:35+00:00,2022-10-24 13:46:25+00:00,0,"Bug,Needs Triage",1,0,2022-10,2022
49273,issue,closed,2022-10-24 05:51:03+00:00,2022-10-24 08:48:54+00:00,0,"Usage Question,Needs Triage",0,0,2022-10,2022
49256,issue,closed,2022-10-22 23:21:01+00:00,2022-11-18 01:36:51+00:00,26,"Bug,Groupby",1,0,2022-10,2022
49251,issue,closed,2022-10-22 20:10:12+00:00,2022-10-26 15:56:22+00:00,3,"Docs,Dtype Conversions,Constructors",0,0,2022-10,2022
49247,issue,closed,2022-10-22 05:00:50+00:00,2022-11-10 20:32:44+00:00,19,"Bug,Reshaping,Warnings",1,0,2022-10,2022
49246,issue,closed,2022-10-22 03:17:42+00:00,2022-10-25 18:19:19+00:00,3,"Enhancement,Needs Triage",0,0,2022-10,2022
49245,issue,closed,2022-10-22 01:56:54+00:00,2024-07-16 22:22:25+00:00,633,"Enhancement,Needs Triage",0,0,2022-10,2022
49240,issue,closed,2022-10-21 22:45:03+00:00,2022-11-02 18:43:53+00:00,11,"Bug,Reshaping",1,0,2022-10,2022
49236,issue,closed,2022-10-21 16:38:28+00:00,2024-11-21 07:52:13+00:00,761,"Enhancement,IO Parquet,Arrow",0,0,2022-10,2022
49233,issue,closed,2022-10-21 14:42:07+00:00,2024-07-16 22:21:13+00:00,634,"Bug,Constructors,Needs Triage",1,0,2022-10,2022
49231,issue,closed,2022-10-21 14:29:35+00:00,2022-10-28 13:19:14+00:00,6,"Docs,Datetime",0,0,2022-10,2022
49230,issue,closed,2022-10-21 14:07:01+00:00,2022-11-17 23:32:44+00:00,27,"Bug,Needs Triage",1,0,2022-10,2022
49223,issue,closed,2022-10-21 03:38:32+00:00,2022-11-07 18:28:27+00:00,17,"Bug,Groupby,Categorical",1,0,2022-10,2022
49222,issue,closed,2022-10-21 00:27:57+00:00,2022-11-07 20:53:06+00:00,17,"Bug,Performance,IO JSON",1,0,2022-10,2022
49207,issue,closed,2022-10-20 15:11:36+00:00,2022-12-12 07:23:04+00:00,52,Styler,0,0,2022-10,2022
49203,issue,closed,2022-10-20 11:20:41+00:00,2023-03-04 01:49:55+00:00,134,"Bug,Needs Triage,Astype,Non-Nano",1,0,2022-10,2022
49202,issue,closed,2022-10-20 11:15:22+00:00,2024-04-03 18:12:53+00:00,531,"Docs,Accessors",0,0,2022-10,2022
49201,issue,closed,2022-10-20 10:34:06+00:00,2024-06-06 21:01:05+00:00,595,"Docs,NA - MaskedArrays",0,0,2022-10,2022
49200,issue,closed,2022-10-20 10:03:43+00:00,2023-11-03 23:34:44+00:00,379,"Bug,Regression,Needs Discussion,Apply",1,0,2022-10,2022
49195,issue,closed,2022-10-20 04:21:39+00:00,2022-10-24 15:34:01+00:00,4,"Bug,Output-Formatting,Needs Info",1,0,2022-10,2022
49194,issue,closed,2022-10-20 03:41:54+00:00,2022-11-23 05:59:03+00:00,34,Release,0,0,2022-10,2022
49191,issue,closed,2022-10-19 22:19:45+00:00,2023-05-10 21:14:37+00:00,202,"Bug,Indexing",1,0,2022-10,2022
49190,issue,closed,2022-10-19 21:17:29+00:00,2026-05-08 23:59:48+00:00,1297,"Docs,Apply",0,0,2022-10,2022
49189,issue,closed,2022-10-19 18:50:51+00:00,2022-10-19 18:53:16+00:00,0,,0,0,2022-10,2022
49188,issue,closed,2022-10-19 18:33:55+00:00,2026-05-15 16:15:21+00:00,1303,"Docs,Apply",0,0,2022-10,2022
49183,issue,closed,2022-10-19 14:26:02+00:00,2022-10-19 14:30:10+00:00,0,"Usage Question,Duplicate Report,MultiIndex",0,0,2022-10,2022
49175,issue,closed,2022-10-18 22:20:08+00:00,2022-10-19 09:55:09+00:00,0,"Bug,Duplicate Report,IO CSV",1,0,2022-10,2022
49174,issue,closed,2022-10-18 21:02:54+00:00,2022-12-09 11:53:32+00:00,51,"Performance,Reshaping,Needs Info",0,0,2022-10,2022
49173,issue,closed,2022-10-18 20:01:36+00:00,2022-10-19 00:43:21+00:00,0,"Bug,Groupby,Duplicate Report,NA - MaskedArrays",1,0,2022-10,2022
49166,issue,closed,2022-10-18 11:09:00+00:00,2022-10-18 11:14:03+00:00,0,"Bug,Needs Triage",1,0,2022-10,2022
49164,issue,closed,2022-10-18 03:02:41+00:00,2022-10-19 07:30:07+00:00,1,Timestamp,0,0,2022-10,2022
49163,issue,closed,2022-10-18 01:05:55+00:00,2023-10-16 18:50:30+00:00,363,"Bug,Groupby,Dtype Conversions,Apply,Arrow",1,0,2022-10,2022
49159,issue,closed,2022-10-17 21:10:20+00:00,2022-10-19 16:17:12+00:00,1,"Bug,Indexing",1,0,2022-10,2022
49153,issue,closed,2022-10-17 17:57:12+00:00,2023-04-12 21:07:37+00:00,177,Docs,0,0,2022-10,2022
49150,issue,closed,2022-10-17 14:54:06+00:00,2022-10-17 15:00:29+00:00,0,"Enhancement,Needs Triage",0,0,2022-10,2022
49146,issue,closed,2022-10-17 10:42:15+00:00,2022-10-17 16:12:09+00:00,0,"Regression,IO CSV",0,0,2022-10,2022
49144,issue,closed,2022-10-17 10:28:16+00:00,2022-10-17 15:47:21+00:00,0,"Bug,Datetime,Dependencies",1,0,2022-10,2022
49143,issue,closed,2022-10-17 10:18:11+00:00,2022-10-17 17:38:09+00:00,0,"Docs,Community",0,0,2022-10,2022
49142,issue,closed,2022-10-17 09:09:51+00:00,2022-10-29 17:40:43+00:00,12,"Bug,Visualization",1,0,2022-10,2022
49141,issue,closed,2022-10-17 08:53:55+00:00,2022-10-17 15:52:53+00:00,0,"Bug,Needs Triage",1,0,2022-10,2022
49130,issue,closed,2022-10-16 15:28:44+00:00,2024-07-16 22:18:09+00:00,639,"Usage Question,Needs Triage",0,0,2022-10,2022
49129,issue,closed,2022-10-16 13:47:03+00:00,2022-10-16 14:10:03+00:00,0,"Bug,Groupby,Needs Discussion,API - Consistency",1,0,2022-10,2022
49126,issue,closed,2022-10-16 08:32:20+00:00,2022-10-16 12:53:13+00:00,0,"Bug,Datetime",1,0,2022-10,2022
49121,issue,closed,2022-10-15 21:25:28+00:00,2022-10-17 16:18:32+00:00,1,"Bug,Indexing,MultiIndex",1,0,2022-10,2022
49119,issue,closed,2022-10-15 20:41:06+00:00,2022-10-16 12:05:27+00:00,0,"Bug,Datetime",1,0,2022-10,2022
49117,issue,closed,2022-10-15 17:44:44+00:00,2022-10-16 12:03:10+00:00,0,"Docs,Visualization",0,0,2022-10,2022
49116,issue,closed,2022-10-15 16:30:17+00:00,2023-04-20 23:22:44+00:00,187,"Enhancement,Needs Triage",0,0,2022-10,2022
49111,issue,closed,2022-10-15 01:19:56+00:00,2022-10-18 09:22:45+00:00,3,"Missing-data,API - Consistency",0,0,2022-10,2022
49108,issue,closed,2022-10-15 00:48:48+00:00,2022-10-17 20:52:01+00:00,2,"Missing-data,Strings",0,0,2022-10,2022
49103,issue,closed,2022-10-14 22:40:12+00:00,2022-10-14 23:08:15+00:00,0,"Bug,Needs Triage",1,0,2022-10,2022
49085,issue,closed,2022-10-14 10:36:54+00:00,2022-10-14 11:11:21+00:00,0,"Usage Question,metadata",0,0,2022-10,2022
49076,issue,closed,2022-10-13 22:10:03+00:00,2023-02-09 01:03:59+00:00,118,"Timedelta,Non-Nano,Timestamp",0,0,2022-10,2022
49075,issue,closed,2022-10-13 21:40:26+00:00,2022-11-02 16:29:36+00:00,19,"Bug,Needs Triage",1,0,2022-10,2022
49073,issue,closed,2022-10-13 19:28:36+00:00,2022-11-22 16:47:01+00:00,39,"Enhancement,Datetime,Closing Candidate",0,0,2022-10,2022
49071,issue,closed,2022-10-13 16:50:17+00:00,2022-12-18 23:23:54+00:00,66,"Docs,Needs Triage,Closing Candidate",0,0,2022-10,2022
49069,issue,closed,2022-10-13 14:51:30+00:00,2025-03-24 12:07:42+00:00,892,"Enhancement,Needs Discussion",0,0,2022-10,2022
49065,issue,closed,2022-10-13 05:11:01+00:00,2022-10-14 00:54:51+00:00,0,"Bug,Needs Triage",1,0,2022-10,2022
49060,issue,closed,2022-10-12 21:24:07+00:00,2025-10-16 21:04:08+00:00,1099,"API Design,Non-Nano",0,0,2022-10,2022
49059,issue,closed,2022-10-12 21:11:37+00:00,2026-03-31 01:18:29+00:00,1265,"API Design,Timedelta,Non-Nano,Timestamp",0,0,2022-10,2022
49057,issue,closed,2022-10-12 14:13:25+00:00,2022-10-16 11:59:46+00:00,3,"Docs,Needs Triage",0,0,2022-10,2022
49054,issue,closed,2022-10-12 10:50:39+00:00,2022-10-14 17:43:28+00:00,2,"Bug,Regression,Needs Triage",1,0,2022-10,2022
49052,issue,closed,2022-10-12 09:58:24+00:00,2025-12-02 17:44:29+00:00,1147,"Bug,Missing-data,Needs Tests",1,0,2022-10,2022
49048,issue,closed,2022-10-11 20:07:09+00:00,2023-03-15 15:27:15+00:00,154,"Performance,Windows,Timezones,Needs Triage",0,0,2022-10,2022
49046,issue,closed,2022-10-11 17:39:15+00:00,2023-07-06 21:10:00+00:00,268,"Docs,ExtensionArray",0,0,2022-10,2022
49045,issue,closed,2022-10-11 14:26:54+00:00,2022-12-09 16:46:14+00:00,59,"Sparse,Closing Candidate",0,0,2022-10,2022
49044,issue,closed,2022-10-11 12:35:19+00:00,2022-10-11 20:57:16+00:00,0,"Bug,Needs Triage",1,0,2022-10,2022
49043,issue,closed,2022-10-11 12:20:34+00:00,2022-10-11 22:42:44+00:00,0,"Bug,Datetime",1,0,2022-10,2022
49037,issue,closed,2022-10-10 22:45:53+00:00,2022-11-17 00:54:00+00:00,37,"Bug,Needs Triage",1,0,2022-10,2022
49029,issue,closed,2022-10-10 16:16:23+00:00,2023-03-11 21:35:28+00:00,152,"CI,OS X",0,0,2022-10,2022
49027,issue,closed,2022-10-10 12:52:59+00:00,2022-10-10 18:59:12+00:00,0,"Bug,Needs Triage",1,0,2022-10,2022
49026,issue,closed,2022-10-10 11:44:59+00:00,2022-10-10 13:01:39+00:00,0,"Bug,Needs Triage",1,0,2022-10,2022
49023,issue,closed,2022-10-10 09:38:56+00:00,2025-09-09 22:24:08+00:00,1065,"Groupby,Regression,Apply",0,0,2022-10,2022
49022,issue,closed,2022-10-10 08:36:40+00:00,2022-10-10 13:03:43+00:00,0,"Bug,Needs Triage",1,0,2022-10,2022
49021,issue,closed,2022-10-10 07:58:45+00:00,2023-03-27 17:17:23+00:00,168,"Bug,Timedelta,Needs Triage",1,0,2022-10,2022
49019,issue,closed,2022-10-10 07:22:53+00:00,2022-10-10 13:04:49+00:00,0,"Bug,Needs Triage",1,0,2022-10,2022
49007,issue,closed,2022-10-08 08:23:21+00:00,2022-10-08 20:36:27+00:00,0,"Docs,Needs Triage,rename",0,0,2022-10,2022
49006,issue,closed,2022-10-08 06:36:27+00:00,2022-10-08 09:23:35+00:00,0,"Bug,Needs Triage",1,0,2022-10,2022
49003,issue,closed,2022-10-07 21:19:36+00:00,2022-10-08 20:37:17+00:00,0,"Bug,Needs Triage",1,0,2022-10,2022
49001,issue,closed,2022-10-07 21:01:24+00:00,2023-01-25 22:44:09+00:00,110,"Refactor,Resample,Clean",0,0,2022-10,2022
48992,issue,closed,2022-10-07 16:10:07+00:00,2022-10-07 16:50:08+00:00,0,"Bug,Needs Triage",1,0,2022-10,2022
48991,issue,closed,2022-10-07 14:00:36+00:00,2022-10-20 03:42:47+00:00,12,Release,0,0,2022-10,2022
48988,issue,closed,2022-10-07 11:17:14+00:00,2023-05-11 01:04:36+00:00,215,"Docs,CI,Dependencies",0,0,2022-10,2022
48979,issue,closed,2022-10-06 22:22:54+00:00,2022-11-03 17:47:47+00:00,27,"Dtype Conversions,Timedelta,Deprecate,Astype,Non-Nano",0,0,2022-10,2022
48978,issue,closed,2022-10-06 20:47:18+00:00,2025-03-05 22:12:11+00:00,881,"Bug,IO Data",1,0,2022-10,2022
48975,issue,closed,2022-10-06 17:30:51+00:00,2022-10-07 17:14:43+00:00,0,"Testing,Regression",0,0,2022-10,2022
48974,issue,closed,2022-10-06 17:25:27+00:00,2026-03-22 23:10:49+00:00,1263,Performance,0,0,2022-10,2022
48969,issue,closed,2022-10-06 12:19:19+00:00,2022-10-06 16:06:23+00:00,0,"Bug,Datetime",1,0,2022-10,2022
48967,issue,closed,2022-10-06 08:40:20+00:00,2022-10-14 15:11:06+00:00,8,"Performance,Needs Info,Needs Triage",0,0,2022-10,2022
48964,issue,closed,2022-10-05 21:40:13+00:00,2026-03-24 16:51:13+00:00,1265,"Performance,Strings,hashing,Arrow",0,0,2022-10,2022
48957,issue,closed,2022-10-05 17:25:35+00:00,2023-02-10 19:32:12+00:00,128,"Enhancement,IO Data,NA - MaskedArrays,Arrow",0,0,2022-10,2022
48951,issue,closed,2022-10-05 03:27:00+00:00,2023-01-05 23:41:25+00:00,92,"Bug,NA - MaskedArrays",1,0,2022-10,2022
48950,issue,closed,2022-10-05 00:43:00+00:00,2022-11-06 00:42:32+00:00,31,"Bug,Window,Closing Candidate",1,0,2022-10,2022
48949,issue,closed,2022-10-05 00:34:31+00:00,2022-11-07 19:38:45+00:00,33,"Enhancement,CI,Dependencies",0,0,2022-10,2022
48947,issue,closed,2022-10-05 00:15:10+00:00,2024-07-16 22:15:34+00:00,650,"Enhancement,Period,Needs Triage",0,0,2022-10,2022
48946,issue,closed,2022-10-05 00:13:37+00:00,2022-10-11 21:46:32+00:00,6,Needs Info,0,0,2022-10,2022
48944,issue,closed,2022-10-04 22:41:29+00:00,2022-10-12 23:18:39+00:00,8,"Bug,Regression,IO Parquet",1,0,2022-10,2022
48942,issue,closed,2022-10-04 21:00:35+00:00,2022-11-16 22:19:14+00:00,43,"Build,CI",0,0,2022-10,2022
48941,issue,closed,2022-10-04 20:12:04+00:00,2022-10-28 13:18:21+00:00,23,"Docs,Typing",0,0,2022-10,2022
48939,issue,closed,2022-10-04 18:54:38+00:00,2022-10-14 20:39:11+00:00,10,"Bug,NA - MaskedArrays",1,0,2022-10,2022
48936,issue,closed,2022-10-04 17:20:01+00:00,2024-03-26 17:26:10+00:00,539,"Enhancement,Styler",0,0,2022-10,2022
48934,issue,closed,2022-10-04 10:02:53+00:00,2022-12-18 01:42:44+00:00,74,"Enhancement,IO Excel,Closing Candidate",0,0,2022-10,2022
48933,issue,closed,2022-10-04 09:39:58+00:00,2023-08-25 18:01:46+00:00,325,"Bug,Indexing,Regression,Nested Data",1,0,2022-10,2022
48930,issue,closed,2022-10-04 03:28:07+00:00,2024-07-05 00:32:48+00:00,639,"Bug,Needs Triage",1,0,2022-10,2022
48921,issue,closed,2022-10-03 11:06:48+00:00,2022-10-05 22:58:32+00:00,2,"Bug,Datetime",1,0,2022-10,2022
48916,issue,closed,2022-10-02 19:16:30+00:00,2022-10-07 17:04:18+00:00,4,"Docs,Needs Triage",0,0,2022-10,2022
48911,issue,closed,2022-10-02 02:04:05+00:00,2022-10-31 14:35:04+00:00,29,"Docs,Needs Triage",0,0,2022-10,2022
48908,issue,closed,2022-10-01 14:10:50+00:00,2022-11-19 02:21:12+00:00,48,"Regression,Timedelta",0,0,2022-10,2022
48905,issue,closed,2022-10-01 13:01:27+00:00,2022-11-09 21:01:58+00:00,39,"Bug,Regression,MultiIndex",1,0,2022-10,2022
48893,issue,closed,2022-09-30 16:59:29+00:00,2023-02-10 12:26:46+00:00,132,"Enhancement,IO JSON,Arrow",0,0,2022-09,2022
48891,issue,closed,2022-09-30 16:37:30+00:00,2023-12-01 19:34:49+00:00,427,"API Design,NA - MaskedArrays",0,0,2022-09,2022
48884,issue,closed,2022-09-30 13:03:30+00:00,2023-01-03 22:10:22+00:00,95,"Bug,Visualization",1,0,2022-09,2022
48881,issue,closed,2022-09-30 11:09:30+00:00,2022-09-30 15:44:51+00:00,0,Needs Info,0,0,2022-09,2022
48880,issue,closed,2022-09-30 08:57:18+00:00,2022-12-02 17:27:42+00:00,63,"API Design,Needs Discussion,Index",0,0,2022-09,2022
48864,issue,closed,2022-09-29 15:01:07+00:00,2022-10-16 13:09:10+00:00,16,"API Design,NA - MaskedArrays",0,0,2022-09,2022
48863,issue,closed,2022-09-29 14:47:44+00:00,2022-09-29 23:43:59+00:00,0,"Bug,Datetime,Regression,replace",1,0,2022-09,2022
48861,issue,closed,2022-09-29 13:49:50+00:00,2022-10-07 11:27:07+00:00,7,"CI,Code Style",0,0,2022-09,2022
48856,issue,closed,2022-09-29 13:23:33+00:00,2022-09-29 13:25:26+00:00,0,"Bug,Needs Triage",1,0,2022-09,2022
48855,issue,closed,2022-09-29 12:58:04+00:00,2022-11-28 09:05:07+00:00,59,Code Style,0,0,2022-09,2022
48852,issue,closed,2022-09-29 10:39:48+00:00,2022-09-29 13:36:49+00:00,0,"Missing-data,Reshaping,Duplicate Report,MultiIndex",0,0,2022-09,2022
48851,issue,closed,2022-09-29 09:37:55+00:00,2022-12-23 01:14:50+00:00,84,Typing,0,0,2022-09,2022
48848,issue,closed,2022-09-29 08:48:47+00:00,2023-12-06 19:26:57+00:00,433,"Bug,IO Parquet,Upstream issue,Arrow",1,0,2022-09,2022
48846,issue,closed,2022-09-29 08:36:19+00:00,2022-09-29 09:46:14+00:00,0,Testing,0,0,2022-09,2022
48843,issue,closed,2022-09-29 01:42:32+00:00,2022-09-29 07:51:05+00:00,0,"Bug,Needs Triage",1,0,2022-09,2022
48835,issue,closed,2022-09-28 18:18:05+00:00,2022-09-28 20:39:13+00:00,0,"Bug,Needs Triage",1,0,2022-09,2022
48832,issue,closed,2022-09-28 16:04:44+00:00,2026-01-30 21:35:39+00:00,1220,"Docs,Index",0,0,2022-09,2022
48829,issue,closed,2022-09-28 11:33:34+00:00,2022-09-28 12:07:27+00:00,0,"Bug,Needs Triage",1,0,2022-09,2022
48826,issue,closed,2022-09-28 01:59:17+00:00,2022-10-17 15:52:50+00:00,19,"Regression,Algos",0,0,2022-09,2022
48816,issue,closed,2022-09-27 18:48:30+00:00,2024-07-16 22:14:27+00:00,658,"Enhancement,Series,Constructors,Needs Triage",0,0,2022-09,2022
48813,issue,closed,2022-09-27 15:15:25+00:00,2022-10-14 16:59:55+00:00,17,"Bug,Needs Triage",1,0,2022-09,2022
48812,issue,closed,2022-09-27 13:12:26+00:00,2022-09-29 20:48:24+00:00,2,"Bug,Dtype Conversions,Categorical",1,0,2022-09,2022
48808,issue,closed,2022-09-27 10:22:41+00:00,2022-09-28 13:43:04+00:00,1,Code Style,0,0,2022-09,2022
48803,issue,closed,2022-09-27 02:31:28+00:00,2022-10-07 17:23:00+00:00,10,"Docs,Resample",0,0,2022-09,2022
48802,issue,closed,2022-09-27 02:25:21+00:00,2022-09-28 09:03:14+00:00,1,"Enhancement,Closing Candidate",0,0,2022-09,2022
48796,issue,closed,2022-09-26 22:19:11+00:00,2022-09-29 23:52:16+00:00,3,"Bug,Timedelta,NA - MaskedArrays",1,0,2022-09,2022
48794,issue,closed,2022-09-26 21:06:50+00:00,2022-10-04 18:28:22+00:00,7,"Bug,Groupby,Regression,NA - MaskedArrays",1,0,2022-09,2022
48792,issue,closed,2022-09-26 20:33:45+00:00,2023-11-16 02:17:28+00:00,415,"Groupby,Missing-data,Deprecate",0,0,2022-09,2022
48791,issue,closed,2022-09-26 19:51:30+00:00,2022-09-29 23:51:03+00:00,3,"Bug,Dtype Conversions,NA - MaskedArrays",1,0,2022-09,2022
48788,issue,closed,2022-09-26 18:08:35+00:00,2023-10-03 15:48:04+00:00,371,"Bug,Sparse,duplicated",1,0,2022-09,2022
48787,issue,closed,2022-09-26 17:40:12+00:00,2023-01-16 09:27:02+00:00,111,"Bug,Reshaping",1,0,2022-09,2022
48786,issue,closed,2022-09-26 15:14:21+00:00,2022-09-26 17:50:17+00:00,0,"Bug,Needs Triage",1,0,2022-09,2022
48784,issue,closed,2022-09-26 14:23:25+00:00,2022-09-27 10:05:20+00:00,0,"Bug,Sparse,Warnings",1,0,2022-09,2022
48783,issue,closed,2022-09-26 14:17:39+00:00,2022-09-26 15:18:12+00:00,0,"Bug,Needs Triage",1,0,2022-09,2022
48780,issue,closed,2022-09-26 09:38:13+00:00,2022-10-05 18:04:02+00:00,9,"Regression,IO Excel",0,0,2022-09,2022
48779,issue,closed,2022-09-26 08:35:23+00:00,2022-11-30 16:31:32+00:00,65,"Docs,Frequency",0,0,2022-09,2022
48778,issue,closed,2022-09-26 08:18:32+00:00,2022-09-26 20:40:22+00:00,0,"Dtype Conversions,Regression",0,0,2022-09,2022
48777,issue,closed,2022-09-25 23:37:33+00:00,2022-09-26 16:41:59+00:00,0,"Docs,Duplicate Report,Styler",0,0,2022-09,2022
48767,issue,closed,2022-09-25 07:50:13+00:00,2022-09-29 13:40:40+00:00,4,"Datetime,Regression",0,0,2022-09,2022
48766,issue,closed,2022-09-25 00:54:26+00:00,2026-05-11 19:46:01+00:00,1324,"Enhancement,Indexing,Categorical",0,0,2022-09,2022
48763,issue,closed,2022-09-24 19:31:44+00:00,2022-10-14 22:18:50+00:00,20,"Bug,Reshaping,MultiIndex",1,0,2022-09,2022
48762,issue,closed,2022-09-24 18:09:41+00:00,2022-09-30 00:51:14+00:00,5,Docs,0,0,2022-09,2022
48758,issue,closed,2022-09-24 12:09:22+00:00,2022-10-14 22:39:57+00:00,20,Web,0,0,2022-09,2022
48747,issue,closed,2022-09-23 20:30:44+00:00,2022-09-23 21:53:53+00:00,0,"Enhancement,Needs Triage",0,0,2022-09,2022
48738,issue,closed,2022-09-23 15:25:26+00:00,2022-09-26 22:43:32+00:00,3,"Bug,Groupby,Regression",1,0,2022-09,2022
48737,issue,closed,2022-09-23 14:38:41+00:00,2022-09-29 12:56:13+00:00,5,Code Style,0,0,2022-09,2022
48733,issue,closed,2022-09-23 12:51:35+00:00,2022-09-26 17:32:50+00:00,3,"Regression,IO SQL",0,0,2022-09,2022
48730,issue,closed,2022-09-23 11:17:20+00:00,2022-09-23 11:45:58+00:00,0,"Bug,Needs Triage",1,0,2022-09,2022
48729,issue,closed,2022-09-23 09:41:57+00:00,2022-10-24 21:06:51+00:00,31,Error Reporting,0,0,2022-09,2022
48727,issue,closed,2022-09-23 06:11:04+00:00,2022-09-23 12:29:52+00:00,0,Docs,0,0,2022-09,2022
48726,issue,closed,2022-09-23 06:07:46+00:00,2022-09-23 17:45:08+00:00,0,"Visualization,Regression",0,0,2022-09,2022
48725,issue,closed,2022-09-23 05:49:33+00:00,2022-09-23 06:12:46+00:00,0,,0,0,2022-09,2022
48724,issue,closed,2022-09-23 01:50:32+00:00,2022-09-23 03:25:32+00:00,0,"Bug,Needs Triage",1,0,2022-09,2022
48721,issue,closed,2022-09-22 22:52:54+00:00,2022-10-24 05:46:08+00:00,31,"Bug,Needs Triage",1,0,2022-09,2022
48718,issue,closed,2022-09-22 18:30:12+00:00,2022-09-22 18:41:03+00:00,0,"Bug,Needs Triage",1,0,2022-09,2022
48715,issue,closed,2022-09-22 15:33:53+00:00,2025-12-30 19:26:47+00:00,1195,Docs,0,0,2022-09,2022
48712,issue,closed,2022-09-22 13:32:31+00:00,2022-09-29 14:02:13+00:00,7,"IO CSV,Needs Info",0,0,2022-09,2022
48709,issue,closed,2022-09-22 11:25:49+00:00,2022-09-22 12:43:53+00:00,0,"Bug,Needs Triage",1,0,2022-09,2022
48708,issue,closed,2022-09-22 10:18:56+00:00,2022-09-22 12:12:03+00:00,0,"IO Data,Regression",0,0,2022-09,2022
48707,issue,closed,2022-09-22 09:30:33+00:00,2022-09-22 10:35:18+00:00,0,"Bug,Datetime",1,0,2022-09,2022
48706,issue,closed,2022-09-22 08:09:26+00:00,2022-10-24 21:43:41+00:00,32,"Error Reporting,IO Excel",0,0,2022-09,2022
48704,issue,closed,2022-09-22 07:36:20+00:00,2022-09-22 12:44:36+00:00,0,,0,0,2022-09,2022
48701,issue,closed,2022-09-22 00:37:42+00:00,2022-09-22 17:50:14+00:00,0,"Indexing,Regression",0,0,2022-09,2022
48700,issue,closed,2022-09-21 23:26:44+00:00,2023-02-23 22:09:30+00:00,154,"Enhancement,IO Stata",0,0,2022-09,2022
48692,issue,closed,2022-09-21 19:33:08+00:00,2022-09-26 21:52:39+00:00,5,"Enhancement,Deprecate",0,0,2022-09,2022
48688,issue,closed,2022-09-21 17:37:56+00:00,2024-04-15 17:12:10+00:00,571,"Bug,Datetime,Timezones",1,0,2022-09,2022
48684,issue,closed,2022-09-21 14:31:34+00:00,2024-07-16 22:09:44+00:00,664,"Enhancement,Reshaping,Needs Triage",0,0,2022-09,2022
48683,issue,closed,2022-09-21 14:17:39+00:00,2022-09-23 17:23:03+00:00,2,"Bug,Reshaping,Warnings",1,0,2022-09,2022
48682,issue,closed,2022-09-21 14:03:23+00:00,2026-04-02 17:22:05+00:00,1289,"Performance,Copy / view semantics",0,0,2022-09,2022
48681,issue,closed,2022-09-21 13:49:13+00:00,2022-09-22 17:54:59+00:00,1,"Bug,Needs Triage",1,0,2022-09,2022
48680,issue,closed,2022-09-21 12:22:32+00:00,2022-09-21 13:58:14+00:00,0,"Docs,Needs Triage",0,0,2022-09,2022
48679,issue,closed,2022-09-21 11:47:43+00:00,2022-09-22 11:23:44+00:00,0,Needs Info,0,0,2022-09,2022
48678,issue,closed,2022-09-21 11:20:43+00:00,2022-09-30 11:48:53+00:00,9,"Datetime,Regression",0,0,2022-09,2022
48674,issue,closed,2022-09-21 01:28:09+00:00,2022-10-26 15:49:08+00:00,35,"Docs,Constructors",0,0,2022-09,2022
48673,issue,closed,2022-09-21 01:09:41+00:00,2023-01-18 07:50:01+00:00,119,"Bug,Indexing,Blocker,Warnings",1,0,2022-09,2022
48667,issue,closed,2022-09-20 20:41:21+00:00,2022-09-22 16:40:05+00:00,1,"Bug,Regression,IO HDF5",1,0,2022-09,2022
48665,issue,closed,2022-09-20 18:19:59+00:00,2022-09-23 18:01:57+00:00,2,"Bug,Indexing,Regression",1,0,2022-09,2022
48664,issue,closed,2022-09-20 16:59:05+00:00,2025-10-29 17:11:47+00:00,1135,"Bug,Copy / view semantics",1,0,2022-09,2022
48663,issue,closed,2022-09-20 16:56:30+00:00,2023-05-02 00:14:58+00:00,223,"CI,Dependencies",0,0,2022-09,2022
48658,issue,closed,2022-09-20 13:43:52+00:00,2022-09-29 14:03:39+00:00,9,"Build,Needs Info",0,0,2022-09,2022
48656,issue,closed,2022-09-20 09:24:41+00:00,2022-09-30 14:18:57+00:00,10,"Regression,Apply",0,0,2022-09,2022
48654,issue,closed,2022-09-20 08:23:30+00:00,2026-05-01 02:01:20+00:00,1318,"Docs,Dtype Conversions,Numeric Operations",0,0,2022-09,2022
48653,issue,closed,2022-09-20 07:37:26+00:00,2022-09-26 22:58:11+00:00,6,"Indexing,Regression",0,0,2022-09,2022
48652,issue,closed,2022-09-20 03:43:00+00:00,2022-09-29 16:20:02+00:00,9,"Duplicate Report,Window",0,0,2022-09,2022
48649,issue,closed,2022-09-19 22:00:40+00:00,2022-11-29 02:56:57+00:00,70,"Bug,IO Excel,Styler,Needs Triage",1,0,2022-09,2022
48646,issue,closed,2022-09-19 21:41:10+00:00,2022-09-20 18:46:00+00:00,0,"Bug,Regression,IO CSV",1,0,2022-09,2022
48645,issue,closed,2022-09-19 21:06:02+00:00,2022-09-23 21:51:33+00:00,4,"Bug,Groupby,Missing-data,Regression,Categorical",1,0,2022-09,2022
48644,issue,closed,2022-09-19 20:45:16+00:00,2022-11-22 15:21:56+00:00,63,"Bug,Docs,Styler",1,0,2022-09,2022
48641,issue,closed,2022-09-19 18:00:21+00:00,2022-09-20 16:37:09+00:00,0,Build,0,0,2022-09,2022
48638,issue,closed,2022-09-19 13:59:18+00:00,2025-08-05 16:40:39+00:00,1051,"Internals,Strings,ExtensionArray,Closing Candidate",0,0,2022-09,2022
48636,issue,closed,2022-09-19 09:55:52+00:00,2022-09-19 22:57:43+00:00,0,"Bug,MultiIndex",1,0,2022-09,2022
48635,issue,closed,2022-09-19 08:51:04+00:00,2023-07-20 20:27:30+00:00,304,"Docs,Algos",0,0,2022-09,2022
48634,issue,closed,2022-09-19 08:29:49+00:00,2022-09-19 11:41:08+00:00,0,"Needs Info,Closing Candidate",0,0,2022-09,2022
48633,issue,closed,2022-09-19 08:24:55+00:00,2022-10-05 16:07:51+00:00,16,"Bug,Datetime",1,0,2022-09,2022
48632,issue,closed,2022-09-19 06:29:52+00:00,2026-01-30 21:35:30+00:00,1229,"Docs,Timestamp",0,0,2022-09,2022
48614,issue,closed,2022-09-18 02:25:20+00:00,2022-09-18 22:08:27+00:00,0,"Indexing,Regression,Nested Data",0,0,2022-09,2022
48610,issue,closed,2022-09-17 18:26:01+00:00,2022-12-13 13:22:59+00:00,86,"Bug,Datetime",1,0,2022-09,2022
48605,issue,closed,2022-09-17 13:47:27+00:00,2022-09-18 16:54:52+00:00,1,"Bug,Docs,Regression",1,0,2022-09,2022
48602,issue,closed,2022-09-17 12:45:11+00:00,2023-05-02 00:14:15+00:00,226,"Visualization,CI,Compat,Dependencies",0,0,2022-09,2022
48598,issue,closed,2022-09-17 09:34:50+00:00,2022-09-23 17:22:05+00:00,6,Docs,0,0,2022-09,2022
48596,issue,closed,2022-09-17 08:59:32+00:00,2022-10-16 13:07:28+00:00,29,"Datetime,Needs Discussion",0,0,2022-09,2022
48595,issue,closed,2022-09-16 23:48:40+00:00,2022-09-21 18:01:02+00:00,4,"Bug,Performance,IO SAS",1,0,2022-09,2022
48589,issue,closed,2022-09-16 20:53:56+00:00,2022-09-23 01:19:45+00:00,6,"Bug,Needs Triage",1,0,2022-09,2022
48588,issue,closed,2022-09-16 18:25:42+00:00,2024-07-16 22:08:57+00:00,669,"Bug,Needs Triage,datetime.date,Timestamp",1,0,2022-09,2022
48586,issue,closed,2022-09-16 17:36:31+00:00,2022-09-18 16:07:04+00:00,1,"Enhancement,Closing Candidate,Python 3.11",0,0,2022-09,2022
48582,issue,closed,2022-09-16 11:45:04+00:00,2022-12-18 23:25:32+00:00,93,"Enhancement,Apply,Closing Candidate",0,0,2022-09,2022
48577,issue,closed,2022-09-16 01:26:53+00:00,2023-04-17 23:26:07+00:00,213,"Enhancement,API Design,Needs Discussion",0,0,2022-09,2022
48575,issue,closed,2022-09-15 23:17:33+00:00,2022-09-16 22:11:16+00:00,0,"Bug,Regression,Needs Triage",1,0,2022-09,2022
48574,issue,closed,2022-09-15 23:12:34+00:00,2025-09-09 20:57:02+00:00,1089,"Bug,Regression,Closing Candidate,Astype,Non-Nano",1,0,2022-09,2022
48573,issue,closed,2022-09-15 23:11:55+00:00,2022-09-16 15:25:23+00:00,0,"Bug,Needs Triage",1,0,2022-09,2022
48567,issue,closed,2022-09-15 16:13:23+00:00,2022-09-30 16:20:04+00:00,15,"Bug,Groupby",1,0,2022-09,2022
48561,issue,closed,2022-09-15 07:56:32+00:00,2026-05-16 17:26:47+00:00,1339,"Docs,Needs Discussion",0,0,2022-09,2022
48553,issue,closed,2022-09-14 19:44:28+00:00,2023-02-22 23:30:55+00:00,161,"Testing,CI,Warnings",0,0,2022-09,2022
48549,issue,closed,2022-09-14 16:22:22+00:00,2022-10-14 17:19:43+00:00,30,"Performance,Needs Info,IO Parquet",0,0,2022-09,2022
48547,issue,closed,2022-09-14 15:19:34+00:00,2023-11-21 18:00:15+00:00,433,"Docs,Web,Closing Candidate",0,0,2022-09,2022
48545,issue,closed,2022-09-14 14:44:18+00:00,2022-09-21 16:22:08+00:00,7,"Enhancement,Closing Candidate",0,0,2022-09,2022
48544,issue,closed,2022-09-14 12:56:15+00:00,2022-10-15 13:10:12+00:00,31,"Bug,Needs Triage",1,0,2022-09,2022
48538,issue,closed,2022-09-13 21:39:04+00:00,2022-09-29 13:51:15+00:00,15,"Datetime,Deprecate",0,0,2022-09,2022
48537,issue,closed,2022-09-13 21:24:18+00:00,2023-04-04 16:31:10+00:00,202,"Enhancement,Testing,CI",0,0,2022-09,2022
48536,issue,closed,2022-09-13 20:47:06+00:00,2026-03-31 22:15:56+00:00,1295,"Enhancement,Output-Formatting,Period",0,0,2022-09,2022
48535,issue,closed,2022-09-13 20:05:04+00:00,2022-10-05 21:30:58+00:00,22,"Testing,Clean",0,0,2022-09,2022
48533,issue,closed,2022-09-13 19:27:11+00:00,2022-09-13 20:18:48+00:00,0,"Build,Closing Candidate",0,0,2022-09,2022
48527,issue,closed,2022-09-13 13:53:52+00:00,2023-03-09 16:31:50+00:00,177,Docs,0,0,2022-09,2022
48526,issue,closed,2022-09-13 11:37:01+00:00,2023-04-21 17:27:56+00:00,220,"Bug,Output-Formatting,Nested Data",1,0,2022-09,2022
48524,issue,closed,2022-09-13 10:06:54+00:00,2023-10-11 18:45:37+00:00,393,"Enhancement,IO Data,Needs Discussion,IO Format Request",0,0,2022-09,2022
48523,issue,closed,2022-09-13 08:28:38+00:00,2022-09-13 08:46:01+00:00,0,"Build,Needs Triage",0,0,2022-09,2022
48521,issue,closed,2022-09-13 01:25:12+00:00,2023-04-19 16:41:37+00:00,218,Needs Tests,0,0,2022-09,2022
48519,issue,closed,2022-09-12 20:18:11+00:00,2022-09-29 23:59:51+00:00,17,Web,0,0,2022-09,2022
48516,issue,closed,2022-09-12 14:02:26+00:00,2023-07-31 16:17:22+00:00,322,"Bug,Needs Triage",1,0,2022-09,2022
48514,issue,closed,2022-09-12 11:37:57+00:00,2026-05-11 15:47:41+00:00,1337,"Docs,IO Excel",0,0,2022-09,2022
48512,issue,closed,2022-09-12 05:02:31+00:00,2024-07-16 22:06:54+00:00,673,"Enhancement,MultiIndex,Needs Triage",0,0,2022-09,2022
48510,issue,closed,2022-09-12 03:48:07+00:00,2022-09-15 16:46:04+00:00,3,"Reshaping,Dtype Conversions,ExtensionArray,Needs Tests",0,0,2022-09,2022
48509,issue,closed,2022-09-12 03:38:12+00:00,2023-08-01 16:47:21+00:00,323,"Bug,Datetime,Groupby",1,0,2022-09,2022
48506,issue,closed,2022-09-11 13:36:27+00:00,2022-09-15 16:49:18+00:00,4,"Bug,Groupby,Missing-data,Regression,Algos",1,0,2022-09,2022
48503,issue,closed,2022-09-11 02:45:03+00:00,2022-12-05 10:00:00+00:00,85,"Enhancement,Reshaping,Typing",0,0,2022-09,2022
48499,issue,closed,2022-09-10 13:55:03+00:00,2022-09-24 06:33:29+00:00,13,"Performance,Needs Discussion",0,0,2022-09,2022
48492,issue,closed,2022-09-10 06:42:27+00:00,2022-12-15 01:41:07+00:00,95,"Bug,Groupby,Missing-data,Duplicate Report,Categorical",1,0,2022-09,2022
48487,issue,closed,2022-09-09 18:33:05+00:00,2022-09-23 17:10:32+00:00,13,"Docs,IO CSV",0,0,2022-09,2022
48483,issue,closed,2022-09-09 12:48:06+00:00,2022-09-13 16:14:15+00:00,4,"Bug,Testing,Build,IO Data",1,0,2022-09,2022
48482,issue,closed,2022-09-09 11:58:46+00:00,2022-10-14 17:15:37+00:00,35,"Bug,Needs Info,replace",1,0,2022-09,2022
48481,issue,closed,2022-09-09 11:21:51+00:00,2023-02-13 18:37:20+00:00,157,"Enhancement,Groupby,Reduction Operations",0,0,2022-09,2022
48480,issue,closed,2022-09-09 10:29:53+00:00,2022-09-29 23:54:32+00:00,20,"Indexing,Missing-data,Regression,Copy / view semantics",0,0,2022-09,2022
48479,issue,closed,2022-09-09 08:48:28+00:00,2022-12-13 18:48:40+00:00,95,"Enhancement,Needs Triage",0,0,2022-09,2022
48478,issue,closed,2022-09-09 08:43:28+00:00,2024-07-16 22:04:22+00:00,676,"Enhancement,IO CSV,Needs Triage",0,0,2022-09,2022
48471,issue,closed,2022-09-08 18:47:49+00:00,2022-10-14 17:04:32+00:00,35,"Bug,Testing,Arrow",1,0,2022-09,2022
48469,issue,closed,2022-09-08 18:26:10+00:00,2025-04-04 11:00:47+00:00,938,"Enhancement,Strings,Deprecate,Needs Discussion,Arrow",0,0,2022-09,2022
48466,issue,closed,2022-09-08 16:07:39+00:00,2022-09-08 18:59:02+00:00,0,"Docs,Needs Triage",0,0,2022-09,2022
48463,issue,closed,2022-09-08 14:21:34+00:00,2024-07-16 22:03:42+00:00,677,"Bug,Reshaping,Needs Triage,Closing Candidate",1,0,2022-09,2022
48462,issue,closed,2022-09-08 14:18:52+00:00,2023-01-26 09:59:50+00:00,139,Admin,0,0,2022-09,2022
48461,issue,closed,2022-09-08 12:43:32+00:00,2022-10-14 17:16:06+00:00,36,"Needs Info,replace",0,0,2022-09,2022
48460,issue,closed,2022-09-08 10:19:55+00:00,2024-03-10 22:29:07+00:00,549,"Docs,Timedelta,Typing",0,0,2022-09,2022
48458,issue,closed,2022-09-08 07:28:10+00:00,2022-09-08 07:50:48+00:00,0,"Usage Question,Needs Triage",0,0,2022-09,2022
48453,issue,closed,2022-09-07 20:49:39+00:00,2022-10-14 00:07:02+00:00,36,"Bug,Timezones,Needs Discussion",1,0,2022-09,2022
48448,issue,closed,2022-09-07 19:49:15+00:00,2023-03-06 16:12:36+00:00,179,"Bug,Frequency,Needs Triage",1,0,2022-09,2022
48442,issue,closed,2022-09-07 17:22:22+00:00,2022-11-23 19:23:43+00:00,77,"Bug,Timezones",1,0,2022-09,2022
48440,issue,closed,2022-09-07 15:47:43+00:00,2022-11-07 08:52:38+00:00,60,"Bug,Datetime,Duplicate Report",1,0,2022-09,2022
48439,issue,closed,2022-09-07 14:34:13+00:00,2022-09-13 07:32:36+00:00,5,"Bug,Error Reporting,Frequency",1,0,2022-09,2022
48436,issue,closed,2022-09-07 10:51:01+00:00,2023-03-24 18:07:41+00:00,198,"Bug,Needs Triage,Non-Nano",1,0,2022-09,2022
48434,issue,closed,2022-09-07 08:58:47+00:00,2022-12-15 01:36:47+00:00,98,"Bug,Needs Triage",1,0,2022-09,2022
48433,issue,closed,2022-09-07 07:34:54+00:00,2022-09-07 10:43:53+00:00,0,"Usage Question,Reduction Operations",0,0,2022-09,2022
48432,issue,closed,2022-09-07 07:27:06+00:00,2022-09-08 11:27:04+00:00,1,"CI,Dependencies",0,0,2022-09,2022
48431,issue,closed,2022-09-07 07:24:06+00:00,2022-09-07 20:24:05+00:00,0,"Docs,CI",0,0,2022-09,2022
48425,issue,closed,2022-09-06 21:36:31+00:00,2026-05-13 16:51:19+00:00,1344,Docs,0,0,2022-09,2022
48424,issue,closed,2022-09-06 21:14:44+00:00,2023-10-03 15:48:03+00:00,391,"Enhancement,Needs Discussion,duplicated,NA - MaskedArrays",0,0,2022-09,2022
48415,issue,closed,2022-09-06 15:41:39+00:00,2022-09-07 15:11:21+00:00,0,"Bug,Needs Info",1,0,2022-09,2022
48409,issue,closed,2022-09-06 08:40:28+00:00,2022-09-06 09:08:10+00:00,0,"Usage Question,replace",0,0,2022-09,2022
48408,issue,closed,2022-09-06 06:39:12+00:00,2024-07-16 22:01:45+00:00,679,"Bug,Index,Needs Triage",1,0,2022-09,2022
48405,issue,closed,2022-09-05 21:40:08+00:00,2023-05-15 23:54:47+00:00,252,"CI,Upstream issue",0,0,2022-09,2022
48399,issue,closed,2022-09-05 15:43:40+00:00,2022-09-15 23:19:51+00:00,10,"Enhancement,Docs,Groupby",0,0,2022-09,2022
48395,issue,closed,2022-09-05 13:55:13+00:00,2023-11-16 02:17:29+00:00,436,"Groupby,Deprecate,API - Consistency",0,0,2022-09,2022
48393,issue,closed,2022-09-05 10:12:34+00:00,2022-09-09 18:28:09+00:00,4,"Bug,Interchange",1,0,2022-09,2022
48392,issue,closed,2022-09-05 09:23:51+00:00,2022-09-08 15:14:02+00:00,3,"API Design,Interchange",0,0,2022-09,2022
48391,issue,closed,2022-09-05 02:40:14+00:00,2024-07-16 22:00:41+00:00,680,"Bug,expressions,Needs Triage",1,0,2022-09,2022
48388,issue,closed,2022-09-04 18:06:47+00:00,2023-08-05 23:34:07+00:00,335,"Enhancement,Typing,Needs Triage",0,0,2022-09,2022
48382,issue,closed,2022-09-03 22:38:36+00:00,2022-09-07 20:27:09+00:00,3,CI,0,0,2022-09,2022
48373,issue,closed,2022-09-02 21:23:54+00:00,2022-09-07 18:08:17+00:00,4,"Docs,Dtype Conversions",0,0,2022-09,2022
48371,issue,closed,2022-09-02 18:25:12+00:00,2022-09-02 23:00:10+00:00,0,"Missing-data,Closing Candidate",0,0,2022-09,2022
48367,issue,closed,2022-09-02 15:39:32+00:00,2022-09-02 17:25:43+00:00,0,"Bug,Needs Triage",1,0,2022-09,2022
48366,issue,closed,2022-09-02 15:17:52+00:00,2022-09-02 17:31:15+00:00,0,"Bug,Needs Triage",1,0,2022-09,2022
48352,issue,closed,2022-09-01 20:51:20+00:00,2025-10-13 17:03:17+00:00,1137,CI,0,0,2022-09,2022
48349,issue,closed,2022-09-01 18:50:45+00:00,2022-09-06 20:24:02+00:00,5,Code Style,0,0,2022-09,2022
48346,issue,closed,2022-09-01 10:53:06+00:00,2024-11-19 02:56:33+00:00,809,Admin,0,0,2022-09,2022
48342,issue,closed,2022-09-01 03:16:42+00:00,2022-09-01 03:46:35+00:00,0,"Bug,Needs Triage",1,0,2022-09,2022
48340,issue,closed,2022-08-31 23:21:06+00:00,2022-09-10 21:33:16+00:00,9,"Bug,Dtype Conversions,Regression,Needs Discussion",1,0,2022-08,2022
48325,issue,closed,2022-08-31 02:21:39+00:00,2022-09-01 15:40:58+00:00,1,"Bug,Dtype Conversions,Numeric Operations,Needs Discussion,API - Consistency",1,0,2022-08,2022
48323,issue,closed,2022-08-31 01:48:12+00:00,2026-03-27 15:50:57+00:00,1304,"Indexing,Deprecate,setitem-with-expansion",0,0,2022-08,2022
48318,issue,closed,2022-08-30 18:03:56+00:00,2024-07-16 21:59:49+00:00,686,"Bug,Period,Needs Triage",1,0,2022-08,2022
48316,issue,closed,2022-08-30 17:02:45+00:00,2022-09-01 19:27:58+00:00,2,"Bug,IO XML",1,0,2022-08,2022
48312,issue,closed,2022-08-30 12:34:27+00:00,2026-01-12 18:33:59+00:00,1231,"Bug,Timedelta,Constructors,Non-Nano",1,0,2022-08,2022
48307,issue,closed,2022-08-30 08:08:31+00:00,2022-08-31 19:11:31+00:00,1,CI,0,0,2022-08,2022
48306,issue,closed,2022-08-30 06:01:52+00:00,2022-08-30 07:54:14+00:00,0,,0,0,2022-08,2022
48304,issue,closed,2022-08-29 22:06:30+00:00,2023-01-19 18:20:27+00:00,142,"Enhancement,duplicated,API - Consistency",0,0,2022-08,2022
48296,issue,closed,2022-08-29 02:28:50+00:00,2022-09-01 07:16:21+00:00,3,"Bug,Indexing,Regression,Needs Tests",1,0,2022-08,2022
48277,issue,closed,2022-08-26 19:06:57+00:00,2022-09-06 20:56:21+00:00,11,"Compat,Deprecate,Needs Discussion",0,0,2022-08,2022
48273,issue,closed,2022-08-26 13:59:32+00:00,2022-08-26 18:08:52+00:00,0,Timezones,0,0,2022-08,2022
48271,issue,closed,2022-08-26 12:15:37+00:00,2022-08-29 22:45:18+00:00,3,"CI,IO Network",0,0,2022-08,2022
48263,issue,closed,2022-08-26 02:30:44+00:00,2022-08-26 05:48:17+00:00,0,"Bug,Needs Triage",1,0,2022-08,2022
48260,issue,closed,2022-08-25 22:21:21+00:00,2022-08-26 22:46:47+00:00,1,"CI,Typing",0,0,2022-08,2022
48256,issue,closed,2022-08-25 19:35:05+00:00,2022-08-26 08:17:29+00:00,0,"Needs Info,Closing Candidate",0,0,2022-08,2022
48255,issue,closed,2022-08-25 18:47:05+00:00,2022-09-29 13:51:15+00:00,34,"Bug,ExtensionArray,Timestamp",1,0,2022-08,2022
48253,issue,closed,2022-08-25 17:48:25+00:00,2022-08-25 18:13:46+00:00,0,,0,0,2022-08,2022
48252,issue,closed,2022-08-25 17:36:35+00:00,2022-09-04 11:54:28+00:00,9,"Docs,Needs Triage",0,0,2022-08,2022
48250,issue,closed,2022-08-25 16:59:26+00:00,2022-08-25 17:18:30+00:00,0,"Enhancement,Needs Triage",0,0,2022-08,2022
48249,issue,closed,2022-08-25 16:49:53+00:00,2022-11-08 19:53:23+00:00,75,"IO Data,Usage Question,Closing Candidate",0,0,2022-08,2022
48248,issue,closed,2022-08-25 14:48:59+00:00,2022-09-18 23:44:35+00:00,24,"Docs,Blocker",0,0,2022-08,2022
48247,issue,closed,2022-08-25 14:41:04+00:00,2022-08-25 18:20:30+00:00,0,"Docs,Needs Triage",0,0,2022-08,2022
48244,issue,closed,2022-08-25 13:44:54+00:00,2022-08-25 19:50:46+00:00,0,"CI,Blocker",0,0,2022-08,2022
48243,issue,closed,2022-08-25 11:49:07+00:00,2022-08-25 16:50:42+00:00,0,"Usage Question,Non-Nano,Timestamp",0,0,2022-08,2022
48241,issue,closed,2022-08-25 08:17:46+00:00,2022-10-14 21:45:01+00:00,50,"Bug,Performance,MultiIndex,Needs Info",1,0,2022-08,2022
48238,issue,closed,2022-08-25 01:19:59+00:00,2023-04-21 13:22:43+00:00,239,"Output-Formatting,Needs Tests,Arrow",0,0,2022-08,2022
48237,issue,closed,2022-08-24 23:30:02+00:00,2022-11-29 01:03:46+00:00,96,"Bug,ExtensionArray,Needs Triage,Closing Candidate",1,0,2022-08,2022
48231,issue,closed,2022-08-24 18:28:57+00:00,2022-08-25 09:42:23+00:00,0,"Bug,Regression,replace",1,0,2022-08,2022
48230,issue,closed,2022-08-24 18:17:18+00:00,2022-09-02 16:56:04+00:00,8,"Docs,Needs Triage",0,0,2022-08,2022
48227,issue,closed,2022-08-24 14:05:26+00:00,2022-08-25 22:05:48+00:00,1,Docs,0,0,2022-08,2022
48223,issue,closed,2022-08-24 01:03:14+00:00,2022-09-06 14:13:13+00:00,13,"Bug,Numeric Operations",1,0,2022-08,2022
48222,issue,closed,2022-08-24 00:18:03+00:00,2022-08-24 15:10:46+00:00,0,"Usage Question,Upstream issue",0,0,2022-08,2022
48212,issue,closed,2022-08-23 11:00:06+00:00,2023-03-22 01:04:50+00:00,210,"Performance,Internals,Closing Candidate",0,0,2022-08,2022
48206,issue,closed,2022-08-23 01:27:43+00:00,2022-08-23 13:11:10+00:00,0,"Enhancement,Needs Triage",0,0,2022-08,2022
48196,issue,closed,2022-08-22 17:49:55+00:00,2022-08-22 20:40:53+00:00,0,Clean,0,0,2022-08,2022
48195,issue,closed,2022-08-22 17:49:04+00:00,2022-08-22 17:56:05+00:00,0,"Bug,Needs Triage",1,0,2022-08,2022
48192,issue,closed,2022-08-22 06:00:47+00:00,2022-08-22 16:46:05+00:00,0,"Enhancement,Needs Triage",0,0,2022-08,2022
48184,issue,closed,2022-08-20 20:12:51+00:00,2022-08-31 21:04:03+00:00,11,"Bug,Indexing",1,0,2022-08,2022
48181,issue,closed,2022-08-20 14:54:23+00:00,2022-09-06 20:08:50+00:00,17,"Bug,IO XML",1,0,2022-08,2022
48179,issue,closed,2022-08-20 14:28:45+00:00,2022-08-25 17:09:45+00:00,5,CI,0,0,2022-08,2022
48175,issue,closed,2022-08-20 07:56:55+00:00,2022-08-20 12:39:50+00:00,0,"Usage Question,IO CSV",0,0,2022-08,2022
48173,issue,closed,2022-08-20 07:24:18+00:00,2022-08-20 12:38:28+00:00,0,"Usage Question,IO CSV,NA - MaskedArrays",0,0,2022-08,2022
48172,issue,closed,2022-08-20 02:42:28+00:00,2023-03-11 21:37:04+00:00,203,"Testing,Strings,Arrow",0,0,2022-08,2022
48170,issue,closed,2022-08-20 00:09:26+00:00,2022-08-20 12:40:51+00:00,0,"Bug,Needs Triage",1,0,2022-08,2022
48162,issue,closed,2022-08-19 17:52:20+00:00,2022-08-19 20:27:46+00:00,0,"Docs,Needs Triage",0,0,2022-08,2022
48145,issue,closed,2022-08-19 01:26:18+00:00,2023-02-10 23:53:12+00:00,175,Deprecate,0,0,2022-08,2022
48142,issue,closed,2022-08-18 22:21:32+00:00,2022-08-19 16:29:50+00:00,0,CI,0,0,2022-08,2022
48141,issue,closed,2022-08-18 22:16:02+00:00,2023-06-24 20:54:55+00:00,309,"Enhancement,Performance,Needs Discussion,Closing Candidate",0,0,2022-08,2022
48140,issue,closed,2022-08-18 21:57:20+00:00,2023-04-25 20:12:08+00:00,249,"Interval,Typing",0,0,2022-08,2022
48136,issue,closed,2022-08-18 07:49:18+00:00,2024-07-16 21:58:35+00:00,698,"Bug,IO SQL,Needs Triage",1,0,2022-08,2022
48135,issue,closed,2022-08-18 06:44:09+00:00,2026-05-05 21:34:24+00:00,1356,"Bug,Groupby,Apply",1,0,2022-08,2022
48127,issue,closed,2022-08-17 17:31:56+00:00,2022-08-17 20:21:27+00:00,0,"Usage Question,IO CSV",0,0,2022-08,2022
48124,issue,closed,2022-08-17 13:16:48+00:00,2022-08-23 12:59:13+00:00,5,"Bug,Indexing,Regression",1,0,2022-08,2022
48123,issue,closed,2022-08-17 12:28:12+00:00,2025-09-06 23:00:32+00:00,1116,"Bug,Timedelta,Reduction Operations",1,0,2022-08,2022
48121,issue,closed,2022-08-17 08:14:34+00:00,2022-08-17 16:22:21+00:00,0,"Duplicate Report,Python 3.11",0,0,2022-08,2022
48103,issue,closed,2022-08-16 06:15:08+00:00,2023-01-11 07:33:58+00:00,148,"Bug,Needs Triage",1,0,2022-08,2022
48101,issue,closed,2022-08-15 23:09:17+00:00,2022-08-19 16:36:28+00:00,3,"Docs,Dtype Conversions",0,0,2022-08,2022
48098,issue,closed,2022-08-15 22:17:09+00:00,2022-08-16 15:52:17+00:00,0,"Bug,Needs Triage",1,0,2022-08,2022
48097,issue,closed,2022-08-15 21:28:40+00:00,2022-08-17 16:51:05+00:00,1,"Docs,Index",0,0,2022-08,2022
48092,issue,closed,2022-08-15 18:46:19+00:00,2022-08-15 20:24:42+00:00,0,Output-Formatting,0,0,2022-08,2022
48091,issue,closed,2022-08-15 17:58:52+00:00,2022-08-19 14:35:22+00:00,3,"Usage Question,Needs Triage",0,0,2022-08,2022
48090,issue,closed,2022-08-15 17:46:28+00:00,2022-08-23 14:58:30+00:00,7,Regression,0,0,2022-08,2022
48089,issue,closed,2022-08-15 17:03:11+00:00,2022-08-16 18:25:36+00:00,1,Docs,0,0,2022-08,2022
48086,issue,closed,2022-08-15 12:27:14+00:00,2022-08-25 12:01:36+00:00,9,"Enhancement,Needs Triage",0,0,2022-08,2022
48084,issue,closed,2022-08-15 12:12:58+00:00,2024-07-16 21:58:06+00:00,701,"Enhancement,MultiIndex,Needs Triage",0,0,2022-08,2022
48079,issue,closed,2022-08-14 10:49:18+00:00,2022-08-16 18:11:19+00:00,2,"Usage Question,Closing Candidate",0,0,2022-08,2022
48074,issue,closed,2022-08-13 21:12:11+00:00,2022-08-15 05:25:54+00:00,1,"Datetime,Usage Question",0,0,2022-08,2022
48071,issue,closed,2022-08-13 14:56:45+00:00,2024-08-24 19:34:49+00:00,742,"Enhancement,Groupby,NA - MaskedArrays,Closing Candidate",0,0,2022-08,2022
48068,issue,closed,2022-08-13 07:51:42+00:00,2022-08-13 19:44:05+00:00,0,Typing,0,0,2022-08,2022
48061,issue,closed,2022-08-12 17:28:56+00:00,2022-08-14 16:04:10+00:00,1,Code Style,0,0,2022-08,2022
48060,issue,closed,2022-08-12 16:23:26+00:00,2022-11-28 20:29:07+00:00,108,Docs,0,0,2022-08,2022
48056,issue,closed,2022-08-12 12:35:24+00:00,2022-12-09 16:42:58+00:00,119,"Bug,Needs Info",1,0,2022-08,2022
48049,issue,closed,2022-08-11 22:31:40+00:00,2022-08-13 17:19:13+00:00,1,"Enhancement,Needs Discussion,IO Pickle,Upstream issue",0,0,2022-08,2022
48048,issue,closed,2022-08-11 22:31:20+00:00,2022-09-19 23:21:58+00:00,39,"Enhancement,IO SAS",0,0,2022-08,2022
48046,issue,closed,2022-08-11 21:31:51+00:00,2022-08-16 15:43:10+00:00,4,CI,0,0,2022-08,2022
48035,issue,closed,2022-08-11 09:20:20+00:00,2022-09-01 20:24:38+00:00,21,Docs,0,0,2022-08,2022
48032,issue,closed,2022-08-11 01:46:37+00:00,2022-10-14 08:48:30+00:00,64,"Bug,Reshaping,Dtype Conversions,MultiIndex,ExtensionArray",1,0,2022-08,2022
48028,issue,closed,2022-08-10 21:33:14+00:00,2022-09-12 18:21:53+00:00,32,"Groupby,Clean",0,0,2022-08,2022
48026,issue,closed,2022-08-10 20:12:39+00:00,2022-08-24 20:33:22+00:00,14,"Bug,Dependencies",1,0,2022-08,2022
48024,issue,closed,2022-08-10 16:14:31+00:00,2022-08-11 00:55:25+00:00,0,"Bug,Reshaping",1,0,2022-08,2022
48021,issue,closed,2022-08-10 09:26:36+00:00,2023-08-23 00:30:48+00:00,377,Duplicate Report,0,0,2022-08,2022
48020,issue,closed,2022-08-10 05:15:25+00:00,2023-01-03 17:52:11+00:00,146,"Bug,IO CSV,Needs Info",1,0,2022-08,2022
48019,issue,closed,2022-08-10 05:13:01+00:00,2022-08-16 18:26:26+00:00,6,"Docs,IO Excel",0,0,2022-08,2022
48014,issue,closed,2022-08-09 07:05:15+00:00,2022-10-17 20:23:33+00:00,69,"Dependencies,Arrow",0,0,2022-08,2022
48012,issue,closed,2022-08-09 06:28:33+00:00,2022-09-15 17:36:48+00:00,37,"Docs,Web",0,0,2022-08,2022
48001,issue,closed,2022-08-07 15:45:21+00:00,2022-08-15 15:56:59+00:00,8,Needs Info,0,0,2022-08,2022
47997,issue,closed,2022-08-07 02:38:05+00:00,2022-08-07 06:20:58+00:00,0,,0,0,2022-08,2022
47992,issue,closed,2022-08-06 20:35:56+00:00,2022-08-28 22:58:17+00:00,22,"Enhancement,Needs Triage",0,0,2022-08,2022
47985,issue,closed,2022-08-05 19:38:04+00:00,2022-09-27 20:21:25+00:00,53,"Bug,Groupby,Regression,Apply",1,0,2022-08,2022
47983,issue,closed,2022-08-05 14:53:13+00:00,2022-08-11 17:38:22+00:00,6,"Upstream issue,IO XML",0,0,2022-08,2022
47978,issue,closed,2022-08-05 11:51:43+00:00,2022-08-16 10:57:07+00:00,10,"Build,Dependencies",0,0,2022-08,2022
47977,issue,closed,2022-08-05 10:58:05+00:00,2022-08-05 11:38:45+00:00,0,"Enhancement,Needs Triage",0,0,2022-08,2022
47976,issue,closed,2022-08-05 10:25:47+00:00,2022-08-05 10:26:59+00:00,0,"Docs,Needs Triage",0,0,2022-08,2022
47974,issue,closed,2022-08-04 22:29:49+00:00,2022-12-17 19:04:58+00:00,134,"Docs,Groupby",0,0,2022-08,2022
47971,issue,closed,2022-08-04 21:13:04+00:00,2024-11-21 16:23:09+00:00,839,"Bug,Reshaping,Needs Tests",1,0,2022-08,2022
47969,issue,closed,2022-08-04 18:57:00+00:00,2022-08-04 19:17:35+00:00,0,"Usage Question,IO CSV",0,0,2022-08,2022
47966,issue,closed,2022-08-04 14:53:42+00:00,2022-08-04 16:52:19+00:00,0,"Bug,Groupby,Apply",1,0,2022-08,2022
47964,issue,closed,2022-08-04 14:19:13+00:00,2025-03-27 15:29:13+00:00,966,Code Style,0,0,2022-08,2022
47961,issue,closed,2022-08-04 11:00:14+00:00,2023-05-18 21:21:06+00:00,287,"Bug,IO CSV,Arrow",1,0,2022-08,2022
47960,issue,closed,2022-08-04 07:37:52+00:00,2024-11-19 03:01:03+00:00,837,"Admin,Needs Discussion,Web",0,0,2022-08,2022
47955,issue,closed,2022-08-04 02:52:57+00:00,2022-08-16 17:40:52+00:00,12,"Datetime,Performance,Reshaping,Regression",0,0,2022-08,2022
47953,issue,closed,2022-08-03 23:06:10+00:00,2023-06-23 15:15:02+00:00,323,"Bug,Timedelta,Timestamp",1,0,2022-08,2022
47945,issue,closed,2022-08-03 17:52:17+00:00,2022-08-04 06:25:10+00:00,0,CI,0,0,2022-08,2022
47944,issue,closed,2022-08-03 15:28:28+00:00,2022-11-21 21:56:00+00:00,110,"Docs,Arrow",0,0,2022-08,2022
47943,issue,closed,2022-08-03 14:51:17+00:00,2022-08-03 22:48:43+00:00,0,"Typing,Closing Candidate",0,0,2022-08,2022
47942,issue,closed,2022-08-03 11:47:33+00:00,2024-01-18 17:03:45+00:00,533,"Bug,Groupby,Reduction Operations",1,0,2022-08,2022
47941,issue,closed,2022-08-03 09:44:48+00:00,2022-08-19 15:28:43+00:00,16,"Usage Question,Index,Closing Candidate",0,0,2022-08,2022
47933,issue,closed,2022-08-02 19:52:30+00:00,2022-08-19 10:49:31+00:00,16,"Build,CI",0,0,2022-08,2022
47928,issue,closed,2022-08-02 05:22:31+00:00,2022-08-11 17:12:43+00:00,9,,0,0,2022-08,2022
47920,issue,closed,2022-08-01 20:59:32+00:00,2022-08-01 21:06:20+00:00,0,"Reshaping,Usage Question",0,0,2022-08,2022
47919,issue,closed,2022-08-01 20:42:52+00:00,2022-08-17 22:00:09+00:00,16,"Testing,Warnings",0,0,2022-08,2022
47917,issue,closed,2022-08-01 20:27:29+00:00,2022-08-04 20:30:36+00:00,3,"Groupby,Usage Question",0,0,2022-08,2022
47915,issue,closed,2022-08-01 14:02:13+00:00,2022-08-02 07:57:47+00:00,0,Enhancement,0,0,2022-08,2022
47914,issue,closed,2022-08-01 13:22:55+00:00,2022-08-05 12:48:23+00:00,3,"Enhancement,Needs Triage",0,0,2022-08,2022
47911,issue,closed,2022-08-01 01:19:10+00:00,2022-08-15 17:08:21+00:00,14,"Docs,Strings,Nested Data",0,0,2022-08,2022
47910,issue,closed,2022-07-31 15:37:49+00:00,2022-09-04 21:21:00+00:00,35,"Enhancement,Output-Formatting",0,0,2022-07,2022
47907,issue,closed,2022-07-31 12:12:47+00:00,2022-08-21 16:06:00+00:00,21,"Bug,Warnings",1,0,2022-07,2022
47906,issue,closed,2022-07-31 09:05:47+00:00,2022-07-31 13:39:23+00:00,0,,0,0,2022-07,2022
47904,issue,closed,2022-07-30 23:00:32+00:00,2022-07-31 07:10:26+00:00,0,"Enhancement,Needs Triage",0,0,2022-07,2022
47903,issue,closed,2022-07-30 13:40:41+00:00,2022-07-30 15:09:26+00:00,0,"Bug,Needs Triage",1,0,2022-07,2022
47902,issue,closed,2022-07-30 11:06:52+00:00,2022-08-01 18:28:15+00:00,2,"Bug,IO XML",1,0,2022-07,2022
47899,issue,closed,2022-07-29 16:12:35+00:00,2023-01-19 16:05:45+00:00,173,"Bug,IO HTML",1,0,2022-07,2022
47897,issue,closed,2022-07-29 13:55:27+00:00,2022-08-01 18:26:32+00:00,3,"Bug,Needs Triage",1,0,2022-07,2022
47896,issue,closed,2022-07-29 13:30:17+00:00,2022-07-29 14:54:28+00:00,0,"Bug,Needs Info,Needs Triage",1,0,2022-07,2022
47895,issue,closed,2022-07-29 12:43:52+00:00,2022-08-09 19:10:47+00:00,11,Docs,0,0,2022-07,2022
47893,issue,closed,2022-07-29 01:54:14+00:00,2022-07-29 16:41:22+00:00,0,"Groupby,Usage Question,MultiIndex",0,0,2022-07,2022
47883,issue,closed,2022-07-28 11:55:00+00:00,2022-08-05 04:22:07+00:00,7,"Bug,Needs Triage",1,0,2022-07,2022
47882,issue,closed,2022-07-28 11:27:09+00:00,2024-07-16 21:54:24+00:00,719,"Bug,Indexing,Needs Triage,datetime.date",1,0,2022-07,2022
47880,issue,closed,2022-07-27 21:48:57+00:00,2022-08-01 18:30:57+00:00,4,"Enhancement,Timestamp",0,0,2022-07,2022
47879,issue,closed,2022-07-27 18:43:03+00:00,2022-11-22 21:38:27+00:00,118,"Performance,Index,IO Pickle",0,0,2022-07,2022
47878,issue,closed,2022-07-27 18:02:10+00:00,2022-07-29 23:42:28+00:00,2,"Performance,MultiIndex",0,0,2022-07,2022
47874,issue,closed,2022-07-27 12:03:25+00:00,2022-08-08 12:20:31+00:00,12,"Bug,Needs Triage",1,0,2022-07,2022
47873,issue,closed,2022-07-27 10:01:21+00:00,2022-07-27 17:19:35+00:00,0,"Bug,Needs Triage",1,0,2022-07,2022
47872,issue,closed,2022-07-27 09:58:41+00:00,2024-09-09 21:38:06+00:00,775,"Enhancement,Performance,Strings",0,0,2022-07,2022
47868,issue,closed,2022-07-26 23:23:44+00:00,2022-07-27 16:02:45+00:00,0,"Bug,Needs Triage",1,0,2022-07,2022
47867,issue,closed,2022-07-26 23:02:29+00:00,2022-08-03 22:55:50+00:00,7,"Bug,Indexing,Regression,MultiIndex",1,0,2022-07,2022
47863,issue,closed,2022-07-26 15:22:49+00:00,2022-07-26 15:24:03+00:00,0,"Bug,Needs Triage",1,0,2022-07,2022
47862,issue,closed,2022-07-26 11:56:13+00:00,2023-06-12 18:12:30+00:00,321,"Docs,Algos,Deprecate,Needs Discussion",0,0,2022-07,2022
47861,issue,closed,2022-07-26 11:18:18+00:00,2022-08-09 19:12:31+00:00,14,"Docs,Visualization",0,0,2022-07,2022
47857,issue,closed,2022-07-26 07:38:28+00:00,2022-07-26 18:06:08+00:00,0,"Docs,Needs Triage",0,0,2022-07,2022
47856,issue,closed,2022-07-26 02:57:42+00:00,2022-08-10 00:12:35+00:00,14,"Bug,Needs Triage",1,0,2022-07,2022
47855,issue,closed,2022-07-26 02:14:01+00:00,2022-07-26 02:20:18+00:00,0,"Bug,Needs Triage",1,0,2022-07,2022
47852,issue,closed,2022-07-25 21:12:56+00:00,2024-07-16 21:53:03+00:00,722,"Enhancement,IO JSON,Needs Triage",0,0,2022-07,2022
47845,issue,closed,2022-07-25 03:46:31+00:00,2024-05-19 18:44:18+00:00,664,"Enhancement,Closing Candidate",0,0,2022-07,2022
47844,issue,closed,2022-07-25 03:04:20+00:00,2022-09-15 16:55:02+00:00,52,"Docs,Dtype Conversions,Blocker,Non-Nano",0,0,2022-07,2022
47838,issue,closed,2022-07-24 15:35:10+00:00,2022-08-01 18:51:07+00:00,8,"Bug,Indexing,Styler",1,0,2022-07,2022
47837,issue,closed,2022-07-24 14:54:06+00:00,2022-08-01 18:38:04+00:00,8,"Bug,Needs Info",1,0,2022-07,2022
47836,issue,closed,2022-07-24 13:53:42+00:00,2022-07-29 01:33:20+00:00,4,"Deprecate,Window",0,0,2022-07,2022
47835,issue,closed,2022-07-24 00:53:34+00:00,2022-07-24 02:34:50+00:00,0,,0,0,2022-07,2022
47832,issue,closed,2022-07-23 21:01:59+00:00,2024-11-07 07:57:34+00:00,837,"Bug,IO Parquet,Needs Tests",1,0,2022-07,2022
47829,issue,closed,2022-07-23 10:36:33+00:00,2022-08-03 20:30:01+00:00,11,"Testing,Warnings",0,0,2022-07,2022
47823,issue,closed,2022-07-22 19:39:45+00:00,2023-03-13 18:16:38+00:00,233,"Testing,Unreliable Test,Non-Nano",0,0,2022-07,2022
47822,issue,closed,2022-07-22 16:03:46+00:00,2022-07-22 19:17:20+00:00,0,Usage Question,0,0,2022-07,2022
47820,issue,closed,2022-07-22 11:54:50+00:00,2022-09-09 11:19:42+00:00,48,"Build,Needs Info",0,0,2022-07,2022
47819,issue,closed,2022-07-22 06:35:52+00:00,2022-08-31 17:14:37+00:00,40,Enhancement,0,0,2022-07,2022
47815,issue,closed,2022-07-21 09:33:16+00:00,2022-11-19 14:32:10+00:00,121,"Enhancement,Groupby,Algos,Needs Info",0,0,2022-07,2022
47814,issue,closed,2022-07-21 08:07:48+00:00,2022-07-22 20:44:14+00:00,1,Duplicate Report,0,0,2022-07,2022
47812,issue,closed,2022-07-21 02:47:17+00:00,2022-07-28 23:05:58+00:00,7,"Bug,Reshaping,Categorical",1,0,2022-07,2022
47809,issue,closed,2022-07-21 00:44:56+00:00,2022-07-22 17:32:21+00:00,1,"Bug,Needs Triage",1,0,2022-07,2022
47802,issue,closed,2022-07-20 15:28:40+00:00,2022-07-22 20:52:01+00:00,2,"Bug,Needs Triage",1,0,2022-07,2022
47800,issue,closed,2022-07-20 13:27:10+00:00,2022-07-22 21:06:37+00:00,2,Usage Question,0,0,2022-07,2022
47799,issue,closed,2022-07-20 13:02:35+00:00,2022-08-08 21:35:58+00:00,19,"Docs,Indexing",0,0,2022-07,2022
47798,issue,closed,2022-07-20 10:14:16+00:00,2022-07-22 19:33:19+00:00,2,"Bug,Typing,Needs Triage",1,0,2022-07,2022
47797,issue,closed,2022-07-20 06:13:43+00:00,2022-07-22 21:14:53+00:00,2,"IO Parquet,Upstream issue,Arrow",0,0,2022-07,2022
47790,issue,closed,2022-07-19 12:00:22+00:00,2025-11-07 17:53:31+00:00,1207,"Enhancement,Docs",0,0,2022-07,2022
47789,issue,closed,2022-07-19 11:59:45+00:00,2022-07-21 17:07:44+00:00,2,"Bug,Interchange",1,0,2022-07,2022
47788,issue,closed,2022-07-19 09:00:22+00:00,2022-07-20 00:35:29+00:00,0,"Docs,IO CSV",0,0,2022-07,2022
47787,issue,closed,2022-07-19 06:49:26+00:00,2022-08-17 01:38:31+00:00,28,"Bug,Groupby,Missing-data",1,0,2022-07,2022
47786,issue,closed,2022-07-19 06:24:39+00:00,2022-08-01 18:37:31+00:00,13,"Docs,Needs Info",0,0,2022-07,2022
47785,issue,closed,2022-07-19 01:05:09+00:00,2022-07-28 18:12:57+00:00,9,Docs,0,0,2022-07,2022
47776,issue,closed,2022-07-18 00:59:23+00:00,2026-03-25 16:17:51+00:00,1346,"Bug,Internals,ExtensionArray",1,0,2022-07,2022
47772,issue,closed,2022-07-17 20:08:45+00:00,2023-09-20 17:04:25+00:00,429,"Indexing,Deprecate,Interval,cut",0,0,2022-07,2022
47760,issue,closed,2022-07-16 22:10:44+00:00,2022-08-01 17:11:30+00:00,15,"Enhancement,Typing,Needs Triage",0,0,2022-07,2022
47759,issue,closed,2022-07-16 21:49:48+00:00,2025-10-17 22:30:53+00:00,1189,Admin,0,0,2022-07,2022
47753,issue,closed,2022-07-16 18:55:55+00:00,2022-07-18 17:37:41+00:00,1,"Bug,Needs Triage",1,0,2022-07,2022
47748,issue,closed,2022-07-16 12:26:26+00:00,2022-07-16 14:56:41+00:00,0,"Enhancement,Needs Triage",0,0,2022-07,2022
47743,issue,closed,2022-07-15 18:18:57+00:00,2022-07-25 02:13:20+00:00,9,"Bug,Groupby,Missing-data,Apply,Closing Candidate",1,0,2022-07,2022
47740,issue,closed,2022-07-15 16:55:51+00:00,2022-07-18 19:07:48+00:00,3,"Docs,Needs Triage",0,0,2022-07,2022
47739,issue,closed,2022-07-15 16:28:55+00:00,2022-07-15 17:19:56+00:00,0,"Bug,Needs Triage",1,0,2022-07,2022
47737,issue,closed,2022-07-15 14:44:11+00:00,2022-12-11 11:27:29+00:00,148,Build,0,0,2022-07,2022
47735,issue,closed,2022-07-15 09:57:03+00:00,2022-07-25 16:35:30+00:00,10,"Docs,expressions",0,0,2022-07,2022
47733,issue,closed,2022-07-15 04:17:50+00:00,2022-07-15 04:35:22+00:00,0,"Bug,Needs Triage",1,0,2022-07,2022
47725,issue,closed,2022-07-14 23:11:36+00:00,2022-12-11 11:30:41+00:00,149,"Dependencies,Upstream issue",0,0,2022-07,2022
47723,issue,closed,2022-07-14 22:20:52+00:00,2022-07-15 20:50:50+00:00,0,"Bug,Groupby,Numeric Operations",1,0,2022-07,2022
47722,issue,closed,2022-07-14 16:20:24+00:00,2022-07-15 17:20:14+00:00,1,"Usage Question,DataFrame,Closing Candidate",0,0,2022-07,2022
47721,issue,closed,2022-07-14 15:10:26+00:00,2025-11-10 18:12:57+00:00,1215,"Bug,Window,Reduction Operations",1,0,2022-07,2022
47713,issue,closed,2022-07-14 02:11:30+00:00,2022-07-14 20:41:37+00:00,0,"Bug,Needs Triage",1,0,2022-07,2022
47707,issue,closed,2022-07-13 19:42:18+00:00,2022-07-14 19:37:08+00:00,0,"Reshaping,Usage Question,Closing Candidate",0,0,2022-07,2022
47705,issue,closed,2022-07-13 17:32:00+00:00,2022-10-03 20:27:32+00:00,82,"Bug,Groupby,Resample",1,0,2022-07,2022
47704,issue,closed,2022-07-13 16:52:42+00:00,2022-07-13 18:53:12+00:00,0,"Usage Question,MultiIndex",0,0,2022-07,2022
47703,issue,closed,2022-07-13 16:48:55+00:00,2022-07-18 10:19:47+00:00,4,Copy / view semantics,0,0,2022-07,2022
47702,issue,closed,2022-07-13 13:51:29+00:00,2026-03-15 22:29:58+00:00,1341,"Performance,IO Parquet,Arrow",0,0,2022-07,2022
47700,issue,closed,2022-07-13 10:02:16+00:00,2024-07-26 09:41:39+00:00,743,"Enhancement,Needs Discussion",0,0,2022-07,2022
47698,issue,closed,2022-07-13 07:58:44+00:00,2022-08-01 18:39:18+00:00,19,"Build,Usage Question,Needs Info",0,0,2022-07,2022
47697,issue,closed,2022-07-13 06:45:44+00:00,2024-03-25 17:19:17+00:00,621,"Visualization,Closing Candidate",0,0,2022-07,2022
47694,issue,closed,2022-07-13 03:07:15+00:00,2024-11-19 02:55:32+00:00,859,Admin,0,0,2022-07,2022
47693,issue,closed,2022-07-13 01:46:55+00:00,2024-12-14 16:26:00+00:00,885,"Bug,Groupby,Missing-data,Closing Candidate",1,0,2022-07,2022
47687,issue,closed,2022-07-12 20:57:35+00:00,2022-11-18 18:40:59+00:00,128,"Bug,Indexing,MultiIndex",1,0,2022-07,2022
47683,issue,closed,2022-07-12 17:23:14+00:00,2022-07-12 19:10:32+00:00,0,"Bug,Docs",1,0,2022-07,2022
47681,issue,closed,2022-07-12 15:32:42+00:00,2022-07-12 21:29:25+00:00,0,"Bug,Needs Triage",1,0,2022-07,2022
47680,issue,closed,2022-07-12 12:14:21+00:00,2023-03-29 18:21:10+00:00,260,"Enhancement,IO XML",0,0,2022-07,2022
47677,issue,closed,2022-07-12 09:22:41+00:00,2022-08-16 21:23:47+00:00,35,"Indexing,Regression,Categorical",0,0,2022-07,2022
47667,issue,closed,2022-07-11 13:54:35+00:00,2024-05-16 17:21:13+00:00,675,"Bug,Performance,Strings,Accessors",1,0,2022-07,2022
47663,issue,closed,2022-07-11 00:49:54+00:00,2022-07-15 14:23:47+00:00,4,"Index,Closing Candidate",0,0,2022-07,2022
47651,issue,closed,2022-07-09 13:12:23+00:00,2023-01-17 12:43:17+00:00,191,"Docs,Timedelta",0,0,2022-07,2022
47649,issue,closed,2022-07-09 02:53:02+00:00,2022-08-23 12:10:46+00:00,45,"Bug,Missing-data,Regression,MultiIndex",1,0,2022-07,2022
47648,issue,closed,2022-07-08 21:18:44+00:00,2022-07-09 00:14:45+00:00,0,"Enhancement,Closing Candidate",0,0,2022-07,2022
47640,issue,closed,2022-07-08 15:37:10+00:00,2022-07-08 19:59:25+00:00,0,"Enhancement,Typing",0,0,2022-07,2022
47639,issue,closed,2022-07-08 12:53:17+00:00,2025-10-27 18:11:29+00:00,1207,"Bug,Missing-data,Needs Tests",1,0,2022-07,2022
47628,issue,closed,2022-07-07 20:38:49+00:00,2022-07-18 22:29:09+00:00,11,"Regression,Strings,NA - MaskedArrays",0,0,2022-07,2022
47625,issue,closed,2022-07-07 13:27:48+00:00,2024-07-16 21:50:00+00:00,740,"Bug,Visualization,Needs Triage",1,0,2022-07,2022
47614,issue,closed,2022-07-06 16:59:29+00:00,2026-04-04 16:52:33+00:00,1367,"Performance,Interval,cut",0,0,2022-07,2022
47611,issue,closed,2022-07-06 14:44:43+00:00,2022-07-06 14:53:32+00:00,0,"Enhancement,Duplicate Report,IO CSV",0,0,2022-07,2022
47610,issue,closed,2022-07-06 12:20:22+00:00,2022-07-06 13:00:52+00:00,0,"Usage Question,Strings,Closing Candidate",0,0,2022-07,2022
47606,issue,closed,2022-07-06 05:06:43+00:00,2022-07-08 16:23:11+00:00,2,Docs,0,0,2022-07,2022
47599,issue,closed,2022-07-05 14:24:12+00:00,2022-07-06 09:31:39+00:00,0,"Bug,Needs Triage",1,0,2022-07,2022
47596,issue,closed,2022-07-05 08:35:28+00:00,2022-07-11 16:17:10+00:00,6,"Bug,Indexing,Duplicate Report,MultiIndex",1,0,2022-07,2022
47593,issue,closed,2022-07-04 11:06:40+00:00,2022-08-11 18:15:31+00:00,38,"Usage Question,IO SQL",0,0,2022-07,2022
47592,issue,closed,2022-07-04 06:33:09+00:00,2023-11-21 17:58:34+00:00,505,"Usage Question,Timezones,Closing Candidate",0,0,2022-07,2022
47580,issue,closed,2022-07-02 08:30:11+00:00,2022-07-05 16:54:14+00:00,3,"Usage Question,Series",0,0,2022-07,2022
47578,issue,closed,2022-07-01 22:55:26+00:00,2022-07-03 14:18:45+00:00,1,"Bug,Indexing,Regression",1,0,2022-07,2022
47577,issue,closed,2022-07-01 22:26:06+00:00,2023-06-25 20:24:49+00:00,358,"Bug,Indexing,Needs Discussion,NA - MaskedArrays",1,0,2022-07,2022
47576,issue,closed,2022-07-01 22:20:14+00:00,2022-12-09 13:52:47+00:00,160,"Bug,IO CSV,Warnings,Closing Candidate",1,0,2022-07,2022
47571,issue,closed,2022-07-01 16:54:21+00:00,2022-10-14 17:06:31+00:00,105,"Enhancement,Dtype Conversions,Error Reporting",0,0,2022-07,2022
47569,issue,closed,2022-07-01 13:28:24+00:00,2022-08-04 18:48:15+00:00,34,"CI,Typing",0,0,2022-07,2022
47567,issue,closed,2022-07-01 09:28:28+00:00,2022-07-06 00:08:30+00:00,4,"Indexing,Usage Question,Closing Candidate",0,0,2022-07,2022
47566,issue,closed,2022-07-01 07:55:40+00:00,2022-07-01 18:39:02+00:00,0,"Bug,Duplicate Report,IO CSV",1,0,2022-07,2022
47563,issue,closed,2022-07-01 05:58:50+00:00,2022-08-16 00:07:01+00:00,45,"Visualization,Deprecate",0,0,2022-07,2022
47556,issue,closed,2022-06-30 23:57:27+00:00,2022-07-01 00:38:18+00:00,0,"Bug,Needs Info",1,0,2022-06,2022
47549,issue,closed,2022-06-29 14:53:13+00:00,2022-07-07 05:59:58+00:00,7,"Indexing,Usage Question,MultiIndex",0,0,2022-06,2022
47548,issue,closed,2022-06-29 11:10:18+00:00,2022-07-01 17:50:11+00:00,2,"Bug,Typing,Needs Triage",1,0,2022-06,2022
47545,issue,closed,2022-06-29 08:36:18+00:00,2022-07-08 14:13:20+00:00,9,"Bug,Duplicate Report",1,0,2022-06,2022
47544,issue,closed,2022-06-29 08:35:24+00:00,2024-11-09 12:09:31+00:00,864,"Bug,IO Excel,Closing Candidate",1,0,2022-06,2022
47542,issue,closed,2022-06-29 07:22:20+00:00,2022-08-15 04:23:00+00:00,46,"Apply,Closing Candidate",0,0,2022-06,2022
47541,issue,closed,2022-06-29 07:21:25+00:00,2022-06-29 08:57:31+00:00,0,"Enhancement,Needs Triage",0,0,2022-06,2022
47530,issue,closed,2022-06-28 14:42:50+00:00,2022-11-25 19:14:50+00:00,150,Web,0,0,2022-06,2022
47529,issue,closed,2022-06-28 12:46:08+00:00,2023-04-21 02:18:09+00:00,296,"Docs,Groupby",0,0,2022-06,2022
47527,issue,closed,2022-06-28 08:32:22+00:00,2022-07-21 17:26:43+00:00,23,"Bug,Missing-data",1,0,2022-06,2022
47526,issue,closed,2022-06-28 08:12:26+00:00,2022-07-01 17:52:44+00:00,3,Docs,0,0,2022-06,2022
47525,issue,closed,2022-06-28 07:55:55+00:00,2022-08-10 05:01:17+00:00,42,Docs,0,0,2022-06,2022
47521,issue,closed,2022-06-27 22:52:42+00:00,2024-01-28 02:23:44+00:00,579,Typing,0,0,2022-06,2022
47519,issue,closed,2022-06-27 16:46:56+00:00,2024-05-31 22:10:28+00:00,704,"Bug,Visualization,Needs Info",1,0,2022-06,2022
47503,issue,closed,2022-06-25 03:22:53+00:00,2026-02-20 16:50:27+00:00,1336,"Bug,Indexing,setitem-with-expansion",1,0,2022-06,2022
47502,issue,closed,2022-06-25 00:53:19+00:00,2022-06-25 01:39:11+00:00,0,,0,0,2022-06,2022
47501,issue,closed,2022-06-24 23:32:27+00:00,2022-06-30 20:28:18+00:00,5,"Performance,Reshaping,Regression",0,0,2022-06,2022
47500,issue,closed,2022-06-24 19:43:43+00:00,2022-07-13 18:22:06+00:00,18,"Needs Discussion,API - Consistency,Nuisance Columns",0,0,2022-06,2022
47495,issue,closed,2022-06-24 12:07:35+00:00,2022-08-15 17:07:11+00:00,52,"Bug,Error Reporting",1,0,2022-06,2022
47494,issue,closed,2022-06-24 11:41:22+00:00,2026-05-09 00:02:41+00:00,1414,"Docs,Apply,Window",0,0,2022-06,2022
47489,issue,closed,2022-06-23 16:40:36+00:00,2024-03-26 17:26:10+00:00,642,"Bug,IO LaTeX,Styler",1,0,2022-06,2022
47488,issue,closed,2022-06-23 15:12:34+00:00,2022-07-02 23:07:09+00:00,9,"Closing Candidate,Upstream issue",0,0,2022-06,2022
47487,issue,closed,2022-06-23 15:01:46+00:00,2022-07-03 15:27:34+00:00,10,"Bug,IO Excel",1,0,2022-06,2022
47485,issue,closed,2022-06-23 11:58:55+00:00,2022-09-02 19:21:36+00:00,71,Release,0,0,2022-06,2022
47484,issue,closed,2022-06-23 08:25:50+00:00,2022-12-09 16:44:36+00:00,169,"Usage Question,Needs Info,IO Parquet",0,0,2022-06,2022
47483,issue,closed,2022-06-23 03:37:05+00:00,2022-07-08 16:19:57+00:00,15,"Bug,IO XML",1,0,2022-06,2022
47480,issue,closed,2022-06-23 01:34:40+00:00,2023-01-16 19:02:05+00:00,207,"Needs Tests,replace,NA - MaskedArrays",0,0,2022-06,2022
47477,issue,closed,2022-06-23 00:04:53+00:00,2022-08-08 22:12:23+00:00,46,"Bug,Reshaping,Regression,NA - MaskedArrays",1,0,2022-06,2022
47471,issue,closed,2022-06-22 21:11:55+00:00,2023-11-01 12:18:39+00:00,496,"Bug,Timezones",1,0,2022-06,2022
47465,issue,closed,2022-06-22 15:01:13+00:00,2024-03-22 17:50:29+00:00,639,"Bug,Period",1,0,2022-06,2022
47461,issue,closed,2022-06-22 13:28:03+00:00,2025-11-06 00:06:18+00:00,1232,"Bug,Window,Reduction Operations",1,0,2022-06,2022
47458,issue,closed,2022-06-22 10:12:10+00:00,2022-06-22 10:59:52+00:00,0,"Enhancement,Reshaping,Closing Candidate",0,0,2022-06,2022
47456,issue,closed,2022-06-22 09:08:30+00:00,2022-06-27 10:59:45+00:00,5,Needs Info,0,0,2022-06,2022
47455,issue,closed,2022-06-22 08:44:04+00:00,2022-06-22 09:00:55+00:00,0,"Enhancement,Duplicate Report",0,0,2022-06,2022
47450,issue,closed,2022-06-21 20:07:43+00:00,2022-06-24 10:24:57+00:00,2,"Bug,Error Reporting,DataFrame,Constructors",1,0,2022-06,2022
47449,issue,closed,2022-06-21 19:09:02+00:00,2022-08-19 10:21:25+00:00,58,"Bug,Regression,expressions",1,0,2022-06,2022
47447,issue,closed,2022-06-21 18:40:42+00:00,2022-08-01 19:24:31+00:00,41,"Docs,Reshaping",0,0,2022-06,2022
47443,issue,closed,2022-06-21 07:12:18+00:00,2024-02-02 00:53:07+00:00,590,"CI,Windows",0,0,2022-06,2022
47432,issue,closed,2022-06-20 15:16:16+00:00,2022-12-09 16:48:39+00:00,172,"Performance,Closing Candidate",0,0,2022-06,2022
47429,issue,closed,2022-06-20 14:04:49+00:00,2022-06-20 14:17:18+00:00,0,Upstream issue,0,0,2022-06,2022
47426,issue,closed,2022-06-19 23:54:23+00:00,2026-05-16 17:22:26+00:00,1426,Docs,0,0,2022-06,2022
47424,issue,closed,2022-06-19 19:32:37+00:00,2022-06-20 15:44:17+00:00,0,"Bug,Indexing,Needs Triage",1,0,2022-06,2022
47423,issue,closed,2022-06-19 18:58:06+00:00,2022-06-23 20:49:58+00:00,4,"Strings,Deprecate",0,0,2022-06,2022
47422,issue,closed,2022-06-19 15:39:16+00:00,2022-06-27 22:26:49+00:00,8,"Bug,IO XML",1,0,2022-06,2022
47413,issue,closed,2022-06-18 02:32:27+00:00,2022-06-18 04:25:19+00:00,0,,0,0,2022-06,2022
47402,issue,closed,2022-06-17 10:49:24+00:00,2024-05-19 18:45:12+00:00,702,"Bug,IO Network,Needs Info,Closing Candidate",1,0,2022-06,2022
47401,issue,closed,2022-06-17 10:36:48+00:00,2022-06-29 03:09:46+00:00,11,"Bug,IO Excel,Needs Info",1,0,2022-06,2022
47400,issue,closed,2022-06-17 09:49:25+00:00,2022-06-24 21:10:11+00:00,7,"IO CSV,Deprecate,Needs Triage",0,0,2022-06,2022
47392,issue,closed,2022-06-16 21:03:58+00:00,2022-06-16 21:10:11+00:00,0,"Indexing,Performance,Duplicate Report",0,0,2022-06,2022
47391,issue,closed,2022-06-16 20:39:22+00:00,2022-06-22 12:07:12+00:00,5,"CI,Upstream issue",0,0,2022-06,2022
47386,issue,closed,2022-06-16 12:18:15+00:00,2022-06-24 13:58:06+00:00,8,"Copy / view semantics,Closing Candidate",0,0,2022-06,2022
47385,issue,closed,2022-06-16 09:43:42+00:00,2022-06-26 19:08:42+00:00,10,Warnings,0,0,2022-06,2022
47384,issue,closed,2022-06-16 09:34:13+00:00,2024-07-16 21:47:52+00:00,761,"Docs,Needs Triage",0,0,2022-06,2022
47383,issue,closed,2022-06-16 09:21:51+00:00,2022-06-17 06:12:02+00:00,0,"Bug,Index,Needs Triage",1,0,2022-06,2022
47382,issue,closed,2022-06-16 08:01:11+00:00,2023-10-30 17:02:00+00:00,501,"Numeric Operations,ExtensionArray,Needs Tests,Index",0,0,2022-06,2022
47381,issue,closed,2022-06-16 07:57:28+00:00,2022-07-20 12:02:50+00:00,34,"Indexing,Copy / view semantics",0,0,2022-06,2022
47379,issue,closed,2022-06-16 04:58:43+00:00,2022-06-16 22:59:31+00:00,0,,0,0,2022-06,2022
47370,issue,closed,2022-06-15 15:25:41+00:00,2022-06-17 14:36:06+00:00,1,"Bug,Duplicate Report,Numeric Operations,Dependencies",1,0,2022-06,2022
47368,issue,closed,2022-06-15 12:58:32+00:00,2022-06-15 13:01:56+00:00,0,"Enhancement,Constructors",0,0,2022-06,2022
47365,issue,closed,2022-06-15 11:47:47+00:00,2022-08-20 18:49:33+00:00,66,"Bug,Interval,Blocker for rc",1,0,2022-06,2022
47363,issue,closed,2022-06-15 10:26:51+00:00,2022-06-15 14:12:10+00:00,0,"Bug,Needs Triage",1,0,2022-06,2022
47362,issue,closed,2022-06-15 08:29:51+00:00,2022-07-11 21:00:02+00:00,26,"Bug,Resample",1,0,2022-06,2022
47353,issue,closed,2022-06-14 18:40:46+00:00,2022-06-14 18:42:44+00:00,0,,0,0,2022-06,2022
47352,issue,closed,2022-06-14 18:34:31+00:00,2022-06-29 17:09:19+00:00,14,"Performance,IO Excel,Needs Triage",0,0,2022-06,2022
47348,issue,closed,2022-06-14 17:38:28+00:00,2022-06-27 22:55:31+00:00,13,"Bug,Groupby,MultiIndex,Needs Triage",1,0,2022-06,2022
47345,issue,closed,2022-06-14 14:13:29+00:00,2023-02-24 18:08:12+00:00,255,"Performance,IO Parquet,NA - MaskedArrays",0,0,2022-06,2022
47343,issue,closed,2022-06-14 12:17:24+00:00,2022-06-21 23:10:46+00:00,7,"Bug,IO XML",1,0,2022-06,2022
47339,issue,closed,2022-06-13 21:50:47+00:00,2026-04-02 17:17:27+00:00,1388,"Performance,IO SAS",0,0,2022-06,2022
47335,issue,closed,2022-06-13 19:24:06+00:00,2022-06-13 19:28:10+00:00,0,"Enhancement,Needs Triage",0,0,2022-06,2022
47332,issue,closed,2022-06-13 12:46:14+00:00,2022-08-12 00:44:11+00:00,59,"Testing,Windows",0,0,2022-06,2022
47329,issue,closed,2022-06-13 09:23:53+00:00,2022-07-03 14:25:18+00:00,20,"Bug,Index",1,0,2022-06,2022
47328,issue,closed,2022-06-13 09:05:11+00:00,2022-06-23 21:50:33+00:00,10,"Bug,Testing",1,0,2022-06,2022
47305,issue,closed,2022-06-10 20:51:40+00:00,2023-03-11 12:34:26+00:00,273,"Build,CI,Unreliable Test",0,0,2022-06,2022
47303,issue,closed,2022-06-10 08:34:32+00:00,2022-06-10 12:18:08+00:00,0,"Usage Question,IO CSV,Closing Candidate",0,0,2022-06,2022
47301,issue,closed,2022-06-10 03:39:04+00:00,2022-06-24 14:00:09+00:00,14,"Bug,Resample,Closing Candidate",1,0,2022-06,2022
47294,issue,closed,2022-06-09 15:24:43+00:00,2022-07-10 15:54:04+00:00,31,"Bug,Indexing,Regression",1,0,2022-06,2022
47291,issue,closed,2022-06-09 10:28:25+00:00,2022-06-09 16:18:04+00:00,0,"Usage Question,MultiIndex,Closing Candidate",0,0,2022-06,2022
47290,issue,closed,2022-06-09 08:11:05+00:00,2024-08-24 20:09:27+00:00,807,"Enhancement,Performance,IO Excel",0,0,2022-06,2022
47289,issue,closed,2022-06-09 02:03:26+00:00,2022-06-10 00:25:43+00:00,0,"Bug,Indexing,Usage Question",1,0,2022-06,2022
47288,issue,closed,2022-06-08 22:35:53+00:00,2022-09-07 20:30:34+00:00,90,"Build,Closing Candidate,OS X",0,0,2022-06,2022
47286,issue,closed,2022-06-08 15:51:29+00:00,2023-01-08 20:41:31+00:00,214,"Bug,Groupby,Algos",1,0,2022-06,2022
47284,issue,closed,2022-06-08 12:45:44+00:00,2022-06-22 20:41:29+00:00,14,"Bug,Indexing,Missing-data,Regression,NA - MaskedArrays",1,0,2022-06,2022
47282,issue,closed,2022-06-08 10:19:03+00:00,2023-07-06 20:31:33+00:00,393,Docs,0,0,2022-06,2022
47276,issue,closed,2022-06-07 19:48:09+00:00,2022-06-10 23:12:43+00:00,3,"Bug,IO Stata",1,0,2022-06,2022
47270,issue,closed,2022-06-07 09:08:14+00:00,2022-06-07 11:18:08+00:00,0,"Usage Question,Needs Triage",0,0,2022-06,2022
47269,issue,closed,2022-06-07 09:06:06+00:00,2022-06-09 03:45:59+00:00,1,"Bug,IO Excel,Needs Info",1,0,2022-06,2022
47263,issue,closed,2022-06-07 01:23:38+00:00,2022-06-08 16:53:37+00:00,1,"Bug,Dtype Conversions,MultiIndex",1,0,2022-06,2022
47247,issue,closed,2022-06-05 20:45:25+00:00,2022-06-07 16:00:30+00:00,1,"Enhancement,Needs Triage",0,0,2022-06,2022
47242,issue,closed,2022-06-05 16:20:59+00:00,2022-06-09 08:31:39+00:00,3,"Enhancement,Needs Triage",0,0,2022-06,2022
47241,issue,closed,2022-06-05 16:12:18+00:00,2022-06-05 16:25:31+00:00,0,"Docs,Needs Info,Closing Candidate",0,0,2022-06,2022
47238,issue,closed,2022-06-05 11:35:19+00:00,2022-06-06 04:38:35+00:00,0,"Enhancement,Duplicate Report,metadata",0,0,2022-06,2022
47224,issue,closed,2022-06-04 15:24:40+00:00,2026-04-07 18:22:28+00:00,1403,"Docs,Indexing",0,0,2022-06,2022
47223,issue,closed,2022-06-04 14:07:40+00:00,2022-06-08 01:22:47+00:00,3,"Usage Question,Numeric Operations,Needs Info",0,0,2022-06,2022
47216,issue,closed,2022-06-03 22:03:21+00:00,2022-06-30 20:09:10+00:00,26,"Bug,Indexing",1,0,2022-06,2022
47215,issue,closed,2022-06-03 21:51:16+00:00,2022-08-02 20:32:54+00:00,59,"API Design,Constructors",0,0,2022-06,2022
47214,issue,closed,2022-06-03 20:31:09+00:00,2022-06-08 12:28:20+00:00,4,"Bug,Missing-data,Duplicate Report,NA - MaskedArrays",1,0,2022-06,2022
47213,issue,closed,2022-06-03 20:02:25+00:00,2022-06-06 17:56:53+00:00,2,"Bug,Needs Triage",1,0,2022-06,2022
47210,issue,closed,2022-06-03 19:05:39+00:00,2022-06-24 15:08:46+00:00,20,"Enhancement,Closing Candidate",0,0,2022-06,2022
47207,issue,closed,2022-06-03 14:02:28+00:00,2022-06-15 11:48:10+00:00,11,"Bug,Regression,Warnings",1,0,2022-06,2022
47203,issue,closed,2022-06-02 20:12:06+00:00,2022-06-05 22:48:08+00:00,3,"Bug,Needs Triage",1,0,2022-06,2022
47202,issue,closed,2022-06-02 19:47:39+00:00,2022-06-02 21:40:50+00:00,0,"Bug,Needs Triage",1,0,2022-06,2022
47201,issue,closed,2022-06-02 17:49:13+00:00,2022-06-02 18:25:59+00:00,0,"Docs,Needs Triage",0,0,2022-06,2022
47189,issue,closed,2022-06-01 09:31:39+00:00,2022-07-03 11:38:39+00:00,32,"IO CSV,Closing Candidate",0,0,2022-06,2022
47188,issue,closed,2022-06-01 08:28:40+00:00,2022-06-21 18:09:33+00:00,20,"Bug,Regression,Copy / view semantics",1,0,2022-06,2022
47182,issue,closed,2022-05-31 11:59:20+00:00,2023-05-14 11:25:29+00:00,347,"Bug,IO JSON,Nested Data",1,0,2022-05,2022
47181,issue,closed,2022-05-31 10:08:53+00:00,2022-05-31 12:12:52+00:00,0,"Usage Question,Window",0,0,2022-05,2022
47180,issue,closed,2022-05-31 08:22:42+00:00,2024-07-16 21:44:49+00:00,777,"Enhancement,Timedelta,Needs Triage",0,0,2022-05,2022
47176,issue,closed,2022-05-30 18:44:03+00:00,2024-05-08 22:37:51+00:00,709,"Enhancement,IO Stata",0,0,2022-05,2022
47173,issue,closed,2022-05-30 16:01:53+00:00,2022-06-08 10:59:18+00:00,8,"Bug,Duplicate Report,MultiIndex",1,0,2022-05,2022
47172,issue,closed,2022-05-30 14:29:02+00:00,2022-08-26 10:02:50+00:00,87,"Bug,Indexing,Performance,Regression",1,0,2022-05,2022
47171,issue,closed,2022-05-30 13:30:55+00:00,2022-07-05 23:11:22+00:00,36,"Bug,Regression,Duplicate Report,cut",1,0,2022-05,2022
47169,issue,closed,2022-05-30 11:57:50+00:00,2023-11-21 18:53:49+00:00,540,"Testing,CI,OS X",0,0,2022-05,2022
47166,issue,closed,2022-05-30 08:53:53+00:00,2022-05-31 21:57:35+00:00,1,"Bug,Groupby,Duplicate Report,Nuisance Columns",1,0,2022-05,2022
47163,issue,closed,2022-05-29 06:32:05+00:00,2022-08-11 18:16:39+00:00,74,"Bug,Needs Triage",1,0,2022-05,2022
47156,issue,closed,2022-05-28 02:04:32+00:00,2022-05-29 11:17:26+00:00,1,"Bug,Duplicate Report,cut",1,0,2022-05,2022
47155,issue,closed,2022-05-27 23:33:06+00:00,2022-05-28 13:57:25+00:00,0,"Bug,Needs Info,Needs Triage",1,0,2022-05,2022
47148,issue,closed,2022-05-27 16:10:02+00:00,2022-06-10 23:49:34+00:00,14,"Docs,API Design,Needs Discussion,ExtensionArray",0,0,2022-05,2022
47146,issue,closed,2022-05-27 14:10:47+00:00,2022-05-27 20:56:46+00:00,0,"Docs,Needs Triage",0,0,2022-05,2022
47138,issue,closed,2022-05-27 10:02:55+00:00,2023-11-29 22:42:25+00:00,551,"Bug,IO CSV,Needs Discussion",1,0,2022-05,2022
47136,issue,closed,2022-05-27 09:46:38+00:00,2022-05-30 20:49:41+00:00,3,"Bug,IO Data,Error Reporting",1,0,2022-05,2022
47134,issue,closed,2022-05-27 04:04:38+00:00,2022-09-03 15:37:42+00:00,99,Docs,0,0,2022-05,2022
47132,issue,closed,2022-05-26 22:25:32+00:00,2024-08-25 17:53:54+00:00,821,"Docs,Reduction Operations,cov/corr",0,0,2022-05,2022
47129,issue,closed,2022-05-26 16:30:12+00:00,2022-05-26 21:09:57+00:00,0,"Docs,Timezones",0,0,2022-05,2022
47128,issue,closed,2022-05-26 12:12:08+00:00,2022-06-05 22:56:48+00:00,10,"Bug,Indexing,Regression,Copy / view semantics",1,0,2022-05,2022
47127,issue,closed,2022-05-26 09:28:53+00:00,2022-06-05 22:47:18+00:00,10,"Bug,Reshaping,Regression",1,0,2022-05,2022
47125,issue,closed,2022-05-26 02:20:29+00:00,2022-12-17 20:54:51+00:00,205,"Bug,Indexing,Needs Discussion,NA - MaskedArrays",1,0,2022-05,2022
47117,issue,closed,2022-05-25 13:08:51+00:00,2025-11-12 13:48:30+00:00,1267,"Enhancement,API Design,Numeric Operations,Needs Discussion,NA - MaskedArrays",0,0,2022-05,2022
47112,issue,closed,2022-05-25 08:43:49+00:00,2022-05-27 08:58:32+00:00,2,"Indexing,Usage Question",0,0,2022-05,2022
47106,issue,closed,2022-05-24 17:16:21+00:00,2022-05-24 18:07:13+00:00,0,,0,0,2022-05,2022
47105,issue,closed,2022-05-24 17:05:32+00:00,2022-06-15 11:41:16+00:00,21,"Bug,Missing-data,Regression,Numeric Operations",1,0,2022-05,2022
47103,issue,closed,2022-05-24 15:04:15+00:00,2023-02-16 21:59:56+00:00,268,"Bug,Styler,Nested Data",1,0,2022-05,2022
47102,issue,closed,2022-05-24 12:10:12+00:00,2026-05-10 00:38:34+00:00,1446,"Bug,IO HDF5",1,0,2022-05,2022
47100,issue,closed,2022-05-23 22:59:44+00:00,2022-05-27 15:47:23+00:00,3,Docs,0,0,2022-05,2022
47098,issue,closed,2022-05-23 19:48:04+00:00,2022-06-06 23:04:24+00:00,14,"Reshaping,Usage Question,MultiIndex,Closing Candidate",0,0,2022-05,2022
47095,issue,closed,2022-05-23 08:31:13+00:00,2022-05-23 09:04:46+00:00,0,"Usage Question,Needs Triage",0,0,2022-05,2022
47094,issue,closed,2022-05-23 07:57:37+00:00,2022-06-24 15:25:05+00:00,32,"Usage Question,Closing Candidate",0,0,2022-05,2022
47092,issue,closed,2022-05-22 16:58:15+00:00,2022-05-27 09:38:16+00:00,4,"Bug,Groupby,Duplicate Report,Apply",1,0,2022-05,2022
47090,issue,closed,2022-05-22 07:26:52+00:00,2022-05-24 18:41:39+00:00,2,"Bug,Frequency,IO Pickle",1,0,2022-05,2022
47088,issue,closed,2022-05-21 22:24:44+00:00,2022-05-21 22:39:39+00:00,0,"Bug,Needs Triage",1,0,2022-05,2022
47084,issue,closed,2022-05-21 17:13:51+00:00,2022-06-05 22:26:55+00:00,15,"Bug,expressions",1,0,2022-05,2022
47079,issue,closed,2022-05-21 03:22:37+00:00,2022-05-27 12:53:31+00:00,6,"Bug,Resample",1,0,2022-05,2022
47071,issue,closed,2022-05-20 10:59:01+00:00,2022-08-22 19:46:22+00:00,94,"Bug,Regression,Compat",1,0,2022-05,2022
47069,issue,closed,2022-05-20 07:05:07+00:00,2022-05-20 17:06:32+00:00,0,"Bug,Needs Triage",1,0,2022-05,2022
47063,issue,closed,2022-05-19 20:04:58+00:00,2022-05-20 11:55:35+00:00,0,"Bug,Typing,Closing Candidate",1,0,2022-05,2022
47060,issue,closed,2022-05-19 10:28:57+00:00,2022-05-20 13:44:24+00:00,1,"Bug,IO Excel",1,0,2022-05,2022
47058,issue,closed,2022-05-18 20:49:47+00:00,2022-05-25 21:34:06+00:00,7,"Docs,IO CSV,Needs Triage",0,0,2022-05,2022
47056,issue,closed,2022-05-18 16:33:32+00:00,2022-05-18 17:00:02+00:00,0,"Bug,Duplicate Report",1,0,2022-05,2022
47055,issue,closed,2022-05-18 12:33:47+00:00,2022-06-08 16:31:21+00:00,21,"Bug,Needs Tests",1,0,2022-05,2022
47054,issue,closed,2022-05-18 07:56:18+00:00,2022-05-18 08:11:01+00:00,0,Usage Question,0,0,2022-05,2022
47053,issue,closed,2022-05-18 06:50:39+00:00,2022-05-19 12:00:28+00:00,1,"Bug,Regression,IO HTML,IO LaTeX,Styler",1,0,2022-05,2022
47052,issue,closed,2022-05-18 06:50:05+00:00,2022-05-18 16:26:39+00:00,0,"Usage Question,Window",0,0,2022-05,2022
47043,issue,closed,2022-05-17 21:14:48+00:00,2025-11-07 23:51:11+00:00,1270,"Indexing,datetime.date",0,0,2022-05,2022
47042,issue,closed,2022-05-17 18:44:26+00:00,2023-03-27 20:23:11+00:00,314,Docs,0,0,2022-05,2022
47039,issue,closed,2022-05-17 07:36:23+00:00,2022-05-28 10:10:47+00:00,11,"Bug,Datetime,Regression,Index",1,0,2022-05,2022
47030,issue,closed,2022-05-15 12:26:39+00:00,2022-05-26 23:01:13+00:00,11,Docs,0,0,2022-05,2022
47023,issue,closed,2022-05-14 13:19:35+00:00,2022-05-18 19:58:34+00:00,4,"Bug,Needs Info,Benchmark",1,0,2022-05,2022
47013,issue,closed,2022-05-13 12:46:07+00:00,2022-05-15 09:39:41+00:00,1,"Bug,Duplicate Report,Algos,hashing",1,0,2022-05,2022
47008,issue,closed,2022-05-12 17:21:23+00:00,2022-05-12 18:03:30+00:00,0,Usage Question,0,0,2022-05,2022
47006,issue,closed,2022-05-12 09:12:00+00:00,2026-03-21 16:02:19+00:00,1409,"Bug,Datetime,Indexing,Regression",1,0,2022-05,2022
47003,issue,closed,2022-05-11 19:59:31+00:00,2022-05-18 13:21:25+00:00,6,"Docs,Window",0,0,2022-05,2022
47002,issue,closed,2022-05-11 18:30:11+00:00,2022-05-13 16:21:51+00:00,1,Usage Question,0,0,2022-05,2022
47000,issue,closed,2022-05-11 16:31:01+00:00,2022-05-11 17:32:48+00:00,0,Docs,0,0,2022-05,2022
46999,issue,closed,2022-05-11 15:14:09+00:00,2022-06-07 18:59:04+00:00,27,"Bug,Datetime,Interval",1,0,2022-05,2022
46998,issue,closed,2022-05-11 14:34:42+00:00,2025-08-05 16:43:39+00:00,1182,"Enhancement,Timezones,Needs Discussion,ExtensionArray,Closing Candidate",0,0,2022-05,2022
46997,issue,closed,2022-05-11 10:40:31+00:00,2022-05-27 14:18:44+00:00,16,"Bug,IO CSV",1,0,2022-05,2022
46996,issue,closed,2022-05-11 08:00:51+00:00,2022-08-11 18:55:23+00:00,92,"Usage Question,Timezones",0,0,2022-05,2022
46995,issue,closed,2022-05-11 06:46:55+00:00,2022-05-21 19:36:39+00:00,10,"Bug,Groupby,Regression,Duplicate Report",1,0,2022-05,2022
46989,issue,closed,2022-05-10 20:36:20+00:00,2024-07-16 21:42:38+00:00,798,"Enhancement,Groupby,Needs Triage",0,0,2022-05,2022
46988,issue,closed,2022-05-10 17:24:14+00:00,2022-06-06 17:57:14+00:00,27,"Bug,Regression,IO Excel",1,0,2022-05,2022
56692,issue,closed,2023-12-31 15:53:36+00:00,2024-03-05 00:29:18+00:00,64,"Bug,IO Excel,Dependencies",1,0,2023-12,2023
56690,issue,closed,2023-12-31 14:06:49+00:00,2024-01-01 00:02:29+00:00,0,"Bug,Needs Triage",1,0,2023-12,2023
56678,issue,closed,2023-12-29 13:24:28+00:00,2024-03-18 02:01:37+00:00,79,"Dtype Conversions,Usage Question,Closing Candidate",0,0,2023-12,2023
56676,issue,closed,2023-12-29 04:27:42+00:00,2024-01-05 18:08:23+00:00,7,"Bug,Dtype Conversions,Needs Triage,Arrow",1,0,2023-12,2023
56674,issue,closed,2023-12-29 02:29:31+00:00,2024-01-16 02:42:39+00:00,18,"Bug,Needs Triage",1,0,2023-12,2023
56652,issue,closed,2023-12-28 07:50:11+00:00,2024-01-03 18:41:24+00:00,6,"Bug,Strings,Arrow",1,0,2023-12,2023
56651,issue,closed,2023-12-28 02:03:06+00:00,2023-12-28 21:44:05+00:00,0,"Bug,Testing",1,0,2023-12,2023
56649,issue,closed,2023-12-28 00:05:30+00:00,2023-12-28 01:24:19+00:00,0,"Bug,Needs Triage",1,0,2023-12,2023
56646,issue,closed,2023-12-27 23:08:47+00:00,2024-01-08 21:40:06+00:00,11,"Bug,Testing,Regression,Blocker",1,0,2023-12,2023
56645,issue,closed,2023-12-27 22:37:03+00:00,2023-12-28 15:37:54+00:00,0,"Bug,Regression,Numeric Operations,Arrow",1,0,2023-12,2023
56642,issue,closed,2023-12-27 21:16:17+00:00,2026-03-18 00:14:41+00:00,811,"Deprecate,IO Parquet,Blocked",0,0,2023-12,2023
56638,issue,closed,2023-12-27 18:24:35+00:00,2023-12-27 18:25:53+00:00,0,"Docs,Needs Triage",0,0,2023-12,2023
56631,issue,closed,2023-12-27 11:41:06+00:00,2023-12-27 18:45:05+00:00,0,"Enhancement,Needs Triage",0,0,2023-12,2023
56630,issue,closed,2023-12-27 08:13:05+00:00,2023-12-27 14:53:06+00:00,0,"Usage Question,Needs Triage",0,0,2023-12,2023
56623,issue,closed,2023-12-26 10:01:51+00:00,2023-12-26 19:50:33+00:00,0,"Enhancement,Needs Triage",0,0,2023-12,2023
56622,issue,closed,2023-12-26 05:02:22+00:00,2023-12-27 19:02:56+00:00,1,"Docs,Copy / view semantics",0,0,2023-12,2023
56619,issue,closed,2023-12-25 19:53:16+00:00,2026-03-23 16:57:31+00:00,818,"Performance,Needs Discussion,ExtensionArray",0,0,2023-12,2023
56610,issue,closed,2023-12-24 02:47:35+00:00,2023-12-26 19:29:28+00:00,2,"Bug,Dtype Conversions,Closing Candidate",1,0,2023-12,2023
56609,issue,closed,2023-12-23 11:02:28+00:00,2023-12-23 22:14:34+00:00,0,"Bug,Needs Triage",1,0,2023-12,2023
56607,issue,closed,2023-12-23 01:46:03+00:00,2024-01-07 16:18:48+00:00,15,"Bug,Error Reporting,Transformations",1,0,2023-12,2023
56606,issue,closed,2023-12-22 23:42:01+00:00,2023-12-28 17:25:40+00:00,5,"Bug,Needs Triage",1,0,2023-12,2023
56605,issue,closed,2023-12-22 22:18:49+00:00,2024-02-15 21:08:59+00:00,54,"Enhancement,Styler",0,0,2023-12,2023
56602,issue,closed,2023-12-22 15:53:06+00:00,2023-12-23 18:55:48+00:00,1,"Usage Question,Needs Triage",0,0,2023-12,2023
56601,issue,closed,2023-12-22 14:32:25+00:00,2023-12-24 17:18:58+00:00,2,,0,0,2023-12,2023
56600,issue,closed,2023-12-22 14:14:42+00:00,2026-03-31 16:23:50+00:00,830,"Bug,Needs Triage,setitem-with-expansion",1,0,2023-12,2023
56599,issue,closed,2023-12-22 14:00:06+00:00,2024-03-20 17:06:57+00:00,89,"Bug,Needs Triage",1,0,2023-12,2023
56592,issue,closed,2023-12-21 20:41:40+00:00,2024-01-15 18:15:50+00:00,24,Docs,0,0,2023-12,2023
56591,issue,closed,2023-12-21 20:27:42+00:00,2024-05-19 18:38:17+00:00,149,"Bug,IO HTML,Needs Triage,Closing Candidate",1,0,2023-12,2023
56588,issue,closed,2023-12-21 17:28:33+00:00,2026-04-21 01:21:06+00:00,851,"Usage Question,Period,Needs Info",0,0,2023-12,2023
56586,issue,closed,2023-12-21 16:16:55+00:00,2026-03-25 17:53:30+00:00,825,"Bug,Numeric Operations,Frequency,Non-Nano",1,0,2023-12,2023
56581,issue,closed,2023-12-20 21:02:47+00:00,2023-12-21 01:30:51+00:00,0,"Bug,Dtype Conversions",1,0,2023-12,2023
56579,issue,closed,2023-12-20 18:37:22+00:00,2023-12-21 21:01:18+00:00,1,"Bug,Strings",1,0,2023-12,2023
56578,issue,closed,2023-12-20 18:37:11+00:00,2023-12-20 23:36:50+00:00,0,"Enhancement,Closing Candidate",0,0,2023-12,2023
56576,issue,closed,2023-12-20 09:22:50+00:00,2023-12-27 10:41:41+00:00,7,"Bug,Timezones,Warnings,Closing Candidate",1,0,2023-12,2023
56575,issue,closed,2023-12-20 08:04:51+00:00,2023-12-26 19:32:07+00:00,6,"Enhancement,Closing Candidate",0,0,2023-12,2023
56574,issue,closed,2023-12-20 07:22:53+00:00,2023-12-20 08:49:50+00:00,0,"Bug,Needs Triage",1,0,2023-12,2023
56573,issue,closed,2023-12-20 04:07:54+00:00,2023-12-21 20:59:21+00:00,1,"Bug,Missing-data,Reshaping",1,0,2023-12,2023
56564,issue,closed,2023-12-19 15:21:07+00:00,2026-03-17 20:34:26+00:00,819,"Performance,Reshaping",0,0,2023-12,2023
56563,issue,closed,2023-12-19 14:07:11+00:00,2023-12-22 00:35:03+00:00,2,"Build,Compat",0,0,2023-12,2023
56562,issue,closed,2023-12-19 13:43:19+00:00,2023-12-19 15:31:33+00:00,0,"Bug,Groupby,Duplicate Report,Apply",1,0,2023-12,2023
56560,issue,closed,2023-12-19 07:18:57+00:00,2026-04-23 17:19:18+00:00,856,"Usage Question,IO HDF5,Needs Triage",0,0,2023-12,2023
56555,issue,closed,2023-12-19 00:00:58+00:00,2024-04-14 19:18:22+00:00,117,"Enhancement,Testing",0,0,2023-12,2023
56542,issue,closed,2023-12-17 23:24:05+00:00,2026-03-20 10:34:49+00:00,823,"IO Excel,Deprecate",0,0,2023-12,2023
56537,issue,closed,2023-12-17 19:29:09+00:00,2023-12-19 23:40:46+00:00,2,"Enhancement,Needs Triage",0,0,2023-12,2023
56530,issue,closed,2023-12-17 11:35:34+00:00,2023-12-19 17:21:28+00:00,2,"Bug,Window,Closing Candidate",1,0,2023-12,2023
56517,issue,closed,2023-12-15 15:45:38+00:00,2023-12-15 22:52:36+00:00,0,"Bug,Needs Triage",1,0,2023-12,2023
56514,issue,closed,2023-12-15 03:15:12+00:00,2023-12-19 17:20:50+00:00,4,"Bug,Numeric Operations",1,0,2023-12,2023
56507,issue,closed,2023-12-14 21:05:21+00:00,2025-07-17 11:35:24+00:00,580,"Closing Candidate,Vote",0,0,2023-12,2023
56505,issue,closed,2023-12-14 17:19:36+00:00,2026-03-22 19:24:53+00:00,829,"Performance,Strings",0,0,2023-12,2023
56503,issue,closed,2023-12-14 16:29:43+00:00,2024-02-16 17:57:47+00:00,64,"Bug,Dtype Conversions,Warnings,PDEP6-related",1,0,2023-12,2023
56502,issue,closed,2023-12-14 16:24:18+00:00,2024-08-26 20:16:40+00:00,256,"Bug,Dtype Conversions,Needs Info",1,0,2023-12,2023
56499,issue,closed,2023-12-14 15:24:28+00:00,2025-08-27 18:31:10+00:00,622,"Enhancement,Needs Triage,Closing Candidate",0,0,2023-12,2023
56497,issue,closed,2023-12-14 14:06:22+00:00,2023-12-14 17:33:27+00:00,0,,0,0,2023-12,2023
56492,issue,closed,2023-12-13 20:56:44+00:00,2023-12-19 17:43:43+00:00,5,"Enhancement,Missing-data",0,0,2023-12,2023
56486,issue,closed,2023-12-13 17:11:05+00:00,2023-12-14 23:07:54+00:00,1,"Bug,Reshaping,Arrow",1,0,2023-12,2023
56483,issue,closed,2023-12-13 15:37:59+00:00,2024-01-05 18:03:30+00:00,23,"Bug,Docs,IO Data",1,0,2023-12,2023
56480,issue,closed,2023-12-13 06:38:59+00:00,2026-03-31 16:44:40+00:00,839,"Bug,IO CSV,Needs Triage",1,0,2023-12,2023
56478,issue,closed,2023-12-13 01:01:52+00:00,2023-12-18 19:39:14+00:00,5,"Bug,Sorting",1,0,2023-12,2023
56475,issue,closed,2023-12-12 19:00:53+00:00,2023-12-19 20:09:25+00:00,7,Docs,0,0,2023-12,2023
56472,issue,closed,2023-12-12 17:09:49+00:00,2023-12-12 17:32:17+00:00,0,"Bug,Needs Triage",1,0,2023-12,2023
56468,issue,closed,2023-12-12 05:49:10+00:00,2023-12-12 15:29:42+00:00,0,Enhancement,0,0,2023-12,2023
56463,issue,closed,2023-12-11 22:04:10+00:00,2023-12-14 23:06:56+00:00,3,"Bug,Needs Info",1,0,2023-12,2023
56462,issue,closed,2023-12-11 21:46:49+00:00,2023-12-13 02:33:27+00:00,1,"Enhancement,Needs Triage",0,0,2023-12,2023
56455,issue,closed,2023-12-11 12:14:59+00:00,2023-12-28 17:33:27+00:00,17,"Bug,Datetime,Missing-data,Reshaping",1,0,2023-12,2023
56452,issue,closed,2023-12-11 09:45:31+00:00,2023-12-18 07:47:24+00:00,6,"Bug,Output-Formatting,Numeric Operations,Closing Candidate",1,0,2023-12,2023
56451,issue,closed,2023-12-11 08:51:30+00:00,2023-12-22 03:20:35+00:00,10,"Bug,Duplicate Report,PDEP missing values",1,0,2023-12,2023
56447,issue,closed,2023-12-11 02:31:24+00:00,2023-12-15 22:55:04+00:00,4,"Enhancement,Closing Candidate",0,0,2023-12,2023
56433,issue,closed,2023-12-10 10:05:25+00:00,2023-12-10 19:13:10+00:00,0,"Bug,Needs Triage",1,0,2023-12,2023
56430,issue,closed,2023-12-10 00:54:41+00:00,2026-03-31 15:52:19+00:00,842,"API Design,ExtensionArray,Constructors,ExtensionArray - New Method Request",0,0,2023-12,2023
56411,issue,closed,2023-12-08 21:00:17+00:00,2023-12-08 23:41:58+00:00,0,"Bug,Needs Triage",1,0,2023-12,2023
56410,issue,closed,2023-12-08 20:36:32+00:00,2024-04-23 17:04:01+00:00,136,Bug,1,0,2023-12,2023
56409,issue,closed,2023-12-08 19:45:09+00:00,2024-01-21 23:04:02+00:00,44,"Bug,Timedelta,Upstream issue,Arrow",1,0,2023-12,2023
56405,issue,closed,2023-12-08 18:30:37+00:00,2024-01-10 21:31:28+00:00,33,"Enhancement,Error Reporting",0,0,2023-12,2023
56404,issue,closed,2023-12-08 18:05:59+00:00,2023-12-08 20:06:06+00:00,0,"Bug,Needs Triage",1,0,2023-12,2023
56401,issue,closed,2023-12-08 13:26:21+00:00,2024-05-07 21:39:48+00:00,151,"Bug,Needs Triage",1,0,2023-12,2023
56398,issue,closed,2023-12-08 08:47:46+00:00,2026-05-08 17:50:57+00:00,882,"Bug,Timezones,Timestamp",1,0,2023-12,2023
56397,issue,closed,2023-12-08 07:25:50+00:00,2025-11-02 12:44:53+00:00,695,"Docs,Groupby",0,0,2023-12,2023
56394,issue,closed,2023-12-08 01:08:51+00:00,2023-12-08 17:39:49+00:00,0,"Bug,Needs Triage",1,0,2023-12,2023
56386,issue,closed,2023-12-07 20:41:43+00:00,2023-12-09 09:16:05+00:00,1,"Styler,Closing Candidate",0,0,2023-12,2023
56379,issue,closed,2023-12-07 18:00:49+00:00,2024-06-09 02:30:40+00:00,184,"Bug,Needs Triage",1,0,2023-12,2023
56376,issue,closed,2023-12-07 11:51:14+00:00,2025-09-08 16:52:25+00:00,641,"Bug,Reshaping,Categorical",1,0,2023-12,2023
56361,issue,closed,2023-12-06 16:56:09+00:00,2023-12-07 23:13:17+00:00,1,"Bug,Needs Triage",1,0,2023-12,2023
56359,issue,closed,2023-12-06 06:27:14+00:00,2024-01-15 16:01:45+00:00,40,"Enhancement,Typing",0,0,2023-12,2023
56356,issue,closed,2023-12-06 04:53:36+00:00,2024-08-27 16:49:43+00:00,265,"Enhancement,IO Data",0,0,2023-12,2023
56353,issue,closed,2023-12-06 01:51:16+00:00,2023-12-07 23:12:30+00:00,1,"Docs,Needs Triage",0,0,2023-12,2023
56351,issue,closed,2023-12-06 01:41:58+00:00,2023-12-06 01:54:59+00:00,0,"Bug,Needs Triage",1,0,2023-12,2023
56340,issue,closed,2023-12-05 08:24:29+00:00,2023-12-28 21:44:06+00:00,23,"Testing,Regression",0,0,2023-12,2023
56337,issue,closed,2023-12-05 01:55:09+00:00,2025-08-05 16:58:09+00:00,609,"Bug,IO HTML,Needs Info,Needs Triage",1,0,2023-12,2023
56330,issue,closed,2023-12-04 22:33:45+00:00,2024-01-23 21:23:13+00:00,49,"Bug,Error Reporting",1,0,2023-12,2023
56329,issue,closed,2023-12-04 22:27:32+00:00,2026-01-20 17:40:22+00:00,777,"Bug,Missing-data,Categorical,Needs Tests,PDEP6-related",1,0,2023-12,2023
56323,issue,closed,2023-12-04 16:00:56+00:00,2023-12-05 00:27:39+00:00,0,"Bug,Needs Triage",1,0,2023-12,2023
56318,issue,closed,2023-12-04 12:49:45+00:00,2023-12-08 17:55:39+00:00,4,"CI,Unreliable Test",0,0,2023-12,2023
56317,issue,closed,2023-12-04 12:19:38+00:00,2024-04-30 19:56:41+00:00,148,"Performance,Needs Triage",0,0,2023-12,2023
56305,issue,closed,2023-12-03 12:48:50+00:00,2023-12-07 23:15:01+00:00,4,"Build,Needs Info",0,0,2023-12,2023
56302,issue,closed,2023-12-02 21:21:36+00:00,2023-12-04 13:01:17+00:00,1,"Bug,Needs Info",1,0,2023-12,2023
56301,issue,closed,2023-12-02 20:48:19+00:00,2026-03-18 00:14:33+00:00,836,"Docs,Needs Discussion,Closing Candidate",0,0,2023-12,2023
56299,issue,closed,2023-12-02 19:02:00+00:00,2023-12-06 18:22:18+00:00,3,Docs,0,0,2023-12,2023
56292,issue,closed,2023-12-02 00:05:35+00:00,2024-03-18 02:03:27+00:00,107,"Bug,Closing Candidate,Upstream issue,Arrow",1,0,2023-12,2023
56287,issue,closed,2023-12-01 21:10:33+00:00,2023-12-02 00:02:01+00:00,0,"Bug,Needs Triage",1,0,2023-12,2023
56285,issue,closed,2023-12-01 17:04:04+00:00,2023-12-21 22:15:51+00:00,20,"Bug,NA - MaskedArrays,Arrow",1,0,2023-12,2023
56283,issue,closed,2023-12-01 16:41:35+00:00,2023-12-11 19:06:18+00:00,10,"Needs Tests,Styler",0,0,2023-12,2023
56279,issue,closed,2023-12-01 10:22:57+00:00,2026-05-09 16:31:20+00:00,890,"Bug,Closing Candidate,Upstream issue",1,0,2023-12,2023
56273,issue,closed,2023-12-01 00:10:17+00:00,2023-12-10 19:11:15+00:00,9,"Bug,Arrow",1,0,2023-12,2023
56271,issue,closed,2023-11-30 23:57:23+00:00,2023-12-05 23:22:47+00:00,4,"Bug,Strings,Arrow",1,0,2023-11,2023
56270,issue,closed,2023-11-30 23:34:59+00:00,2023-12-01 01:48:05+00:00,0,"Bug,Needs Triage",1,0,2023-11,2023
56269,issue,closed,2023-11-30 23:21:18+00:00,2023-11-30 23:22:52+00:00,0,"Bug,Needs Triage",1,0,2023-11,2023
56268,issue,closed,2023-11-30 23:03:36+00:00,2023-12-05 23:24:44+00:00,5,"Bug,Strings,Arrow",1,0,2023-11,2023
56267,issue,closed,2023-11-30 22:48:51+00:00,2024-01-10 01:27:06+00:00,40,"Enhancement,Missing-data,NA - MaskedArrays,Arrow",0,0,2023-11,2023
56266,issue,closed,2023-11-30 22:40:03+00:00,2023-12-05 23:29:13+00:00,5,"Bug,Dtype Conversions,Arrow",1,0,2023-11,2023
56259,issue,closed,2023-11-30 14:16:27+00:00,2023-12-21 21:05:40+00:00,21,"Bug,Strings,Arrow",1,0,2023-11,2023
56257,issue,closed,2023-11-30 11:05:35+00:00,2025-03-07 01:04:20+00:00,462,"Bug,Needs Triage",1,0,2023-11,2023
56256,issue,closed,2023-11-30 11:00:42+00:00,2023-12-05 21:57:21+00:00,5,"Docs,Needs Triage",0,0,2023-11,2023
56255,issue,closed,2023-11-30 10:56:17+00:00,2023-12-07 23:17:18+00:00,7,"Dependencies,Closing Candidate",0,0,2023-11,2023
56236,issue,closed,2023-11-29 04:09:41+00:00,2023-12-04 18:27:37+00:00,5,"Reshaping,Categorical,Deprecate",0,0,2023-11,2023
56227,issue,closed,2023-11-28 17:38:42+00:00,2023-11-29 18:00:50+00:00,1,"Bug,Missing-data",1,0,2023-11,2023
56226,issue,closed,2023-11-28 16:45:53+00:00,2024-01-10 19:05:44+00:00,43,"Groupby,Deprecate,Closing Candidate",0,0,2023-11,2023
56224,issue,closed,2023-11-28 15:16:01+00:00,2023-11-29 03:23:33+00:00,0,"Bug,Closing Candidate",1,0,2023-11,2023
56223,issue,closed,2023-11-28 14:49:48+00:00,2025-11-05 18:28:31+00:00,708,"Bug,Indexing,API - Consistency,inplace",1,0,2023-11,2023
56221,issue,closed,2023-11-28 12:43:12+00:00,2023-11-29 22:36:06+00:00,1,"Bug,Needs Triage",1,0,2023-11,2023
56218,issue,closed,2023-11-28 05:20:35+00:00,2023-12-09 04:03:29+00:00,10,"Bug,Needs Triage",1,0,2023-11,2023
56204,issue,closed,2023-11-27 11:13:45+00:00,2023-12-20 21:04:38+00:00,23,"Bug,PDEP6-related",1,0,2023-11,2023
56177,issue,closed,2023-11-26 17:10:20+00:00,2023-12-08 22:38:11+00:00,12,Release,0,0,2023-11,2023
56171,issue,closed,2023-11-26 00:00:26+00:00,2023-11-26 13:52:14+00:00,0,"Bug,Needs Triage",1,0,2023-11,2023
56164,issue,closed,2023-11-25 03:12:12+00:00,2026-02-12 16:19:46+00:00,810,"Period,Index,API - Consistency,Timestamp",0,0,2023-11,2023
56148,issue,closed,2023-11-24 13:41:29+00:00,2023-11-26 04:35:44+00:00,1,"Refactor,Groupby,Deprecate",0,0,2023-11,2023
56147,issue,closed,2023-11-24 13:39:46+00:00,2024-08-16 19:01:59+00:00,266,"Bug,Needs Triage",1,0,2023-11,2023
56137,issue,closed,2023-11-23 17:07:33+00:00,2026-03-23 22:17:45+00:00,851,"Docs,setops",0,0,2023-11,2023
56136,issue,closed,2023-11-23 16:41:40+00:00,2025-08-12 17:42:28+00:00,628,"Bug,IO CSV,NA - MaskedArrays,Arrow",1,0,2023-11,2023
56134,issue,closed,2023-11-23 16:32:33+00:00,2024-08-16 19:01:54+00:00,267,"Bug,Needs Triage",1,0,2023-11,2023
56131,issue,closed,2023-11-23 12:34:14+00:00,2023-12-28 21:44:06+00:00,35,"Bug,Testing",1,0,2023-11,2023
56129,issue,closed,2023-11-23 04:28:36+00:00,2026-05-09 16:14:31+00:00,898,"Enhancement,IO CSV,Needs Discussion,Closing Candidate",0,0,2023-11,2023
56119,issue,closed,2023-11-22 20:08:37+00:00,2023-11-23 10:43:45+00:00,0,"Bug,Needs Info",1,0,2023-11,2023
56115,issue,closed,2023-11-22 17:28:03+00:00,2023-12-17 20:21:02+00:00,25,"Performance,Needs Triage",0,0,2023-11,2023
56105,issue,closed,2023-11-21 22:57:01+00:00,2023-11-22 22:23:25+00:00,0,"Bug,Needs Triage",1,0,2023-11,2023
56104,issue,closed,2023-11-21 22:50:44+00:00,2023-11-21 22:55:26+00:00,0,"Bug,Needs Triage",1,0,2023-11,2023
56097,issue,closed,2023-11-21 09:58:10+00:00,2023-12-28 18:59:36+00:00,37,"Bug,Missing-data,Series",1,0,2023-11,2023
56087,issue,closed,2023-11-20 21:39:05+00:00,2023-11-21 15:39:07+00:00,0,"Docs,Needs Triage",0,0,2023-11,2023
56081,issue,closed,2023-11-20 14:01:55+00:00,2024-04-05 16:50:16+00:00,137,"Bug,Algos",1,0,2023-11,2023
56079,issue,closed,2023-11-20 11:24:52+00:00,2023-11-22 22:25:51+00:00,2,"Enhancement,Needs Triage,Closing Candidate",0,0,2023-11,2023
56065,issue,closed,2023-11-19 16:26:11+00:00,2024-01-02 19:15:34+00:00,44,"Enhancement,Nested Data,Arrow",0,0,2023-11,2023
56024,issue,closed,2023-11-17 16:19:12+00:00,2024-07-29 18:02:25+00:00,255,"Bug,Indexing,Needs Tests",1,0,2023-11,2023
56019,issue,closed,2023-11-17 10:00:33+00:00,2025-06-02 17:13:25+00:00,563,"Deprecate,Copy / view semantics",0,0,2023-11,2023
56014,issue,closed,2023-11-16 23:58:07+00:00,2026-03-02 19:56:50+00:00,836,"Bug,IO SAS",1,0,2023-11,2023
56012,issue,closed,2023-11-16 23:12:02+00:00,2023-12-21 22:45:22+00:00,34,"Deprecate,Needs Discussion",0,0,2023-11,2023
56010,issue,closed,2023-11-16 23:03:42+00:00,2026-02-20 16:50:27+00:00,826,"Timedelta,setitem-with-expansion",0,0,2023-11,2023
56008,issue,closed,2023-11-16 22:56:46+00:00,2023-12-21 22:45:37+00:00,34,"Bug,Strings,Arrow",1,0,2023-11,2023
56007,issue,closed,2023-11-16 22:50:51+00:00,2026-03-20 11:37:09+00:00,854,"Algos,Deprecate,Sorting",0,0,2023-11,2023
55997,issue,closed,2023-11-16 15:42:57+00:00,2023-12-14 23:15:02+00:00,28,"Bug,Dtype Conversions,Arrow",1,0,2023-11,2023
55996,issue,closed,2023-11-16 15:41:18+00:00,2023-11-26 16:46:38+00:00,10,"IO JSON,Clean",0,0,2023-11,2023
55992,issue,closed,2023-11-16 13:05:24+00:00,2023-12-09 19:00:19+00:00,23,"Bug,Reshaping",1,0,2023-11,2023
55989,issue,closed,2023-11-16 11:31:50+00:00,2023-12-09 01:06:35+00:00,22,"Bug,Resample,Arrow",1,0,2023-11,2023
55988,issue,closed,2023-11-16 09:24:54+00:00,2023-11-17 00:35:22+00:00,0,"Bug,Needs Info",1,0,2023-11,2023
55982,issue,closed,2023-11-16 01:53:02+00:00,2023-12-06 00:53:44+00:00,19,"Enhancement,CI",0,0,2023-11,2023
55975,issue,closed,2023-11-15 17:13:11+00:00,2023-11-15 18:04:37+00:00,0,"Usage Question,Needs Triage",0,0,2023-11,2023
55972,issue,closed,2023-11-15 15:18:34+00:00,2023-11-29 17:56:35+00:00,14,"Groupby,Performance",0,0,2023-11,2023
55970,issue,closed,2023-11-15 10:28:52+00:00,2024-01-11 02:34:34+00:00,56,"Usage Question,PDEP missing values",0,0,2023-11,2023
55960,issue,closed,2023-11-14 18:02:16+00:00,2023-11-15 23:20:02+00:00,1,"Bug,Needs Triage",1,0,2023-11,2023
55956,issue,closed,2023-11-14 14:55:22+00:00,2023-11-22 23:20:38+00:00,8,"Bug,Indexing,Error Reporting",1,0,2023-11,2023
55955,issue,closed,2023-11-14 06:07:18+00:00,2026-05-08 00:15:36+00:00,905,"Docs,Timezones",0,0,2023-11,2023
55954,issue,closed,2023-11-14 02:12:44+00:00,2026-05-03 17:38:53+00:00,901,"Bug,Timestamp",1,0,2023-11,2023
55951,issue,closed,2023-11-13 23:20:58+00:00,2023-11-17 23:02:33+00:00,3,"Bug,Groupby,Algos",1,0,2023-11,2023
55947,issue,closed,2023-11-13 22:10:28+00:00,2023-11-14 11:34:54+00:00,0,"Docs,Needs Triage",0,0,2023-11,2023
55946,issue,closed,2023-11-13 22:10:05+00:00,2023-11-30 17:25:07+00:00,16,"Resample,Deprecate",0,0,2023-11,2023
55936,issue,closed,2023-11-13 12:56:38+00:00,2024-01-08 21:15:16+00:00,56,"Bug,NA - MaskedArrays",1,0,2023-11,2023
55932,issue,closed,2023-11-13 07:49:57+00:00,2026-05-07 16:21:35+00:00,906,"Bug,Needs Triage,Timestamp",1,0,2023-11,2023
55928,issue,closed,2023-11-12 15:03:13+00:00,2023-12-22 06:18:23+00:00,39,"Bug,Warnings,Closing Candidate",1,0,2023-11,2023
55919,issue,closed,2023-11-10 22:58:05+00:00,2024-02-07 05:01:41+00:00,88,"Bug,Groupby,Missing-data",1,0,2023-11,2023
55914,issue,closed,2023-11-10 14:34:44+00:00,2023-11-10 14:37:37+00:00,0,"Build,Needs Triage",0,0,2023-11,2023
55897,issue,closed,2023-11-09 20:05:12+00:00,2025-08-21 16:12:19+00:00,650,"Refactor,Visualization,Deprecate,API - Consistency",0,0,2023-11,2023
55893,issue,closed,2023-11-09 13:22:16+00:00,2023-11-09 16:21:41+00:00,0,"Bug,Needs Triage",1,0,2023-11,2023
55891,issue,closed,2023-11-09 03:34:41+00:00,2023-11-09 05:34:59+00:00,0,"Usage Question,Needs Triage",0,0,2023-11,2023
55884,issue,closed,2023-11-08 22:06:36+00:00,2023-11-14 01:09:10+00:00,5,"Reshaping,Error Reporting",0,0,2023-11,2023
55883,issue,closed,2023-11-08 18:29:54+00:00,2024-02-23 23:13:07+00:00,107,"Bug,Needs Triage",1,0,2023-11,2023
55882,issue,closed,2023-11-08 17:40:58+00:00,2023-11-27 18:41:03+00:00,19,"Bug,Testing,Blocker for rc",1,0,2023-11,2023
55880,issue,closed,2023-11-08 06:11:43+00:00,2023-11-14 03:07:19+00:00,5,"Bug,Reshaping,Duplicate Report,datetime.date",1,0,2023-11,2023
55879,issue,closed,2023-11-08 05:57:56+00:00,2023-12-07 18:04:14+00:00,29,"Bug,Non-Nano",1,0,2023-11,2023
55875,issue,closed,2023-11-07 22:20:00+00:00,2023-11-09 20:42:25+00:00,1,"Build,Usage Question",0,0,2023-11,2023
55874,issue,closed,2023-11-07 21:41:07+00:00,2023-11-24 22:58:57+00:00,17,"Docs,Needs Triage",0,0,2023-11,2023
55873,issue,closed,2023-11-07 21:09:44+00:00,2023-11-07 21:29:37+00:00,0,"Enhancement,Needs Triage",0,0,2023-11,2023
55869,issue,closed,2023-11-07 18:49:23+00:00,2024-05-31 22:02:45+00:00,206,,0,0,2023-11,2023
55867,issue,closed,2023-11-07 17:50:02+00:00,2023-11-15 01:52:07+00:00,7,"Bug,Needs Triage",1,0,2023-11,2023
55866,issue,closed,2023-11-07 16:49:19+00:00,2023-11-07 17:23:31+00:00,0,"Bug,Needs Triage",1,0,2023-11,2023
55849,issue,closed,2023-11-06 18:23:23+00:00,2023-12-28 19:32:02+00:00,52,"Bug,Window,Arrow",1,0,2023-11,2023
55845,issue,closed,2023-11-06 15:50:55+00:00,2024-01-25 16:25:05+00:00,80,"Performance,Regression,Series",0,0,2023-11,2023
55843,issue,closed,2023-11-06 15:22:18+00:00,2023-11-07 15:41:57+00:00,1,"IO Excel,Typing",0,0,2023-11,2023
55842,issue,closed,2023-11-06 14:45:54+00:00,2024-05-15 17:31:23+00:00,191,"Docs,Needs Discussion",0,0,2023-11,2023
55836,issue,closed,2023-11-05 18:42:45+00:00,2023-11-06 07:10:20+00:00,0,"Bug,IO SQL,Strings,Needs Info,Needs Triage",1,0,2023-11,2023
55835,issue,closed,2023-11-05 18:34:48+00:00,2023-11-05 18:35:26+00:00,0,,0,0,2023-11,2023
55834,issue,closed,2023-11-05 14:54:48+00:00,2024-11-16 19:21:23+00:00,377,"API Design,Strings,Arrow",0,0,2023-11,2023
55833,issue,closed,2023-11-05 14:43:19+00:00,2025-10-20 17:31:19+00:00,715,"Indexing,API Design,Strings,Arrow",0,0,2023-11,2023
55827,issue,closed,2023-11-04 16:22:16+00:00,2025-11-23 20:52:19+00:00,750,"Bug,IO JSON,Non-Nano",1,0,2023-11,2023
55826,issue,closed,2023-11-04 15:45:11+00:00,2023-11-05 12:25:52+00:00,0,"Bug,Numeric Operations,Subclassing",1,0,2023-11,2023
55824,issue,closed,2023-11-04 01:37:25+00:00,2024-02-27 22:36:44+00:00,115,"Bug,Dtype Conversions",1,0,2023-11,2023
55820,issue,closed,2023-11-04 00:35:08+00:00,2023-11-20 18:37:52+00:00,16,"Bug,Deprecate,Index,API - Consistency",1,0,2023-11,2023
55815,issue,closed,2023-11-03 21:15:25+00:00,2024-01-23 00:35:03+00:00,80,"Bug,Reshaping",1,0,2023-11,2023
55808,issue,closed,2023-11-03 07:50:33+00:00,2023-11-03 22:09:19+00:00,0,"Docs,Needs Info,Closing Candidate",0,0,2023-11,2023
55803,issue,closed,2023-11-02 16:47:39+00:00,2026-04-04 18:54:03+00:00,884,"Docs,IO CSV,Needs Triage",0,0,2023-11,2023
55802,issue,closed,2023-11-02 16:26:21+00:00,2023-11-03 18:00:09+00:00,1,"Bug,Needs Triage",1,0,2023-11,2023
55800,issue,closed,2023-11-02 07:58:55+00:00,2023-11-03 18:02:25+00:00,1,"Bug,Needs Triage",1,0,2023-11,2023
55799,issue,closed,2023-11-02 02:00:18+00:00,2023-11-04 15:34:54+00:00,2,"Bug,Needs Triage,Arrow",1,0,2023-11,2023
55794,issue,closed,2023-11-01 18:09:38+00:00,2025-12-02 17:46:02+00:00,761,"Bug,Frequency,Needs Tests",1,0,2023-11,2023
55791,issue,closed,2023-11-01 14:32:40+00:00,2026-05-13 21:56:35+00:00,924,"Bug,Dtype Conversions,Warnings,PDEP6-related",1,0,2023-11,2023
55790,issue,closed,2023-11-01 13:50:55+00:00,2026-05-08 23:57:05+00:00,919,"Docs,IO Fixed Width,Needs Triage",0,0,2023-11,2023
55789,issue,closed,2023-11-01 12:56:22+00:00,2023-11-01 17:14:51+00:00,0,"Bug,Needs Triage",1,0,2023-11,2023
55787,issue,closed,2023-11-01 09:45:18+00:00,2023-11-01 17:17:20+00:00,0,"Bug,Missing-data",1,0,2023-11,2023
55786,issue,closed,2023-11-01 08:15:35+00:00,2026-03-25 17:54:48+00:00,875,"Performance,Needs Triage",0,0,2023-11,2023
55785,issue,closed,2023-11-01 01:54:53+00:00,2023-11-07 15:47:35+00:00,6,"Bug,Needs Triage",1,0,2023-11,2023
55783,issue,closed,2023-10-31 23:02:51+00:00,2024-03-18 02:02:47+00:00,138,"Enhancement,Closing Candidate",0,0,2023-10,2023
55782,issue,closed,2023-10-31 22:01:59+00:00,2025-07-18 00:53:24+00:00,625,"API Design,Error Reporting",0,0,2023-10,2023
55779,issue,closed,2023-10-31 21:05:05+00:00,2025-07-11 00:49:28+00:00,618,"Datetime,Performance,API Design,Constructors",0,0,2023-10,2023
55776,issue,closed,2023-10-31 11:07:30+00:00,2024-04-19 00:01:55+00:00,170,"Docs,Categorical,IO Parquet",0,0,2023-10,2023
55775,issue,closed,2023-10-31 11:01:39+00:00,2023-10-31 21:47:48+00:00,0,"Bug,Needs Triage",1,0,2023-10,2023
55774,issue,closed,2023-10-31 10:47:15+00:00,2024-05-19 18:38:39+00:00,201,"Bug,Reshaping,Closing Candidate",1,0,2023-10,2023
55773,issue,closed,2023-10-31 07:21:15+00:00,2026-05-13 21:47:47+00:00,925,"Bug,Indexing,Needs Triage",1,0,2023-10,2023
55769,issue,closed,2023-10-30 21:48:48+00:00,2023-10-30 23:54:23+00:00,0,"Bug,Needs Triage",1,0,2023-10,2023
55767,issue,closed,2023-10-30 18:24:40+00:00,2025-04-15 00:59:24+00:00,532,Performance,0,0,2023-10,2023
55765,issue,closed,2023-10-30 15:15:55+00:00,2023-11-07 20:11:42+00:00,8,"Bug,IO Data",1,0,2023-10,2023
55763,issue,closed,2023-10-30 12:27:19+00:00,2023-11-09 07:55:02+00:00,9,"Regression,Subclassing",0,0,2023-10,2023
55760,issue,closed,2023-10-30 11:32:17+00:00,2023-11-02 02:11:52+00:00,2,"Bug,IO Excel,Closing Candidate,Upstream issue",1,0,2023-10,2023
55753,issue,closed,2023-10-29 21:41:41+00:00,2023-11-14 22:38:39+00:00,16,"Regression,Apply",0,0,2023-10,2023
55752,issue,closed,2023-10-29 20:30:38+00:00,2023-10-31 16:33:34+00:00,1,"Bug,Needs Triage",1,0,2023-10,2023
55737,issue,closed,2023-10-27 21:22:45+00:00,2023-11-20 17:55:31+00:00,23,"Bug,Needs Triage",1,0,2023-10,2023
55733,issue,closed,2023-10-27 16:54:03+00:00,2023-11-01 14:29:15+00:00,4,"Bug,Indexing,Warnings",1,0,2023-10,2023
55730,issue,closed,2023-10-27 14:20:57+00:00,2023-11-06 17:23:47+00:00,10,"Bug,Needs Triage",1,0,2023-10,2023
55729,issue,closed,2023-10-27 13:59:28+00:00,2023-10-29 22:04:11+00:00,2,"Bug,Closing Candidate",1,0,2023-10,2023
55725,issue,closed,2023-10-27 10:42:08+00:00,2025-08-20 22:25:58+00:00,663,"Enhancement,IO Data,IO Format Request",0,0,2023-10,2023
55721,issue,closed,2023-10-27 09:02:24+00:00,2025-11-05 20:40:57+00:00,740,"Missing-data,Strings,IO Parquet,Arrow",0,0,2023-10,2023
55718,issue,closed,2023-10-27 02:52:26+00:00,2023-11-16 02:17:28+00:00,19,"Groupby,Missing-data,Deprecate,Transformations",0,0,2023-10,2023
55717,issue,closed,2023-10-27 02:11:37+00:00,2023-11-21 18:50:37+00:00,25,"Bug,Duplicate Report",1,0,2023-10,2023
55715,issue,closed,2023-10-26 22:48:58+00:00,2025-10-29 20:51:08+00:00,733,"Bug,Interval",1,0,2023-10,2023
55713,issue,closed,2023-10-26 22:38:02+00:00,2023-11-26 16:59:42+00:00,30,Release,0,0,2023-10,2023
55709,issue,closed,2023-10-26 21:41:22+00:00,2023-12-09 18:57:28+00:00,43,"API Design,Deprecate",0,0,2023-10,2023
55693,issue,closed,2023-10-25 23:48:37+00:00,2023-11-09 15:51:51+00:00,14,"Bug,Datetime,Timezones,Constructors",1,0,2023-10,2023
55689,issue,closed,2023-10-25 21:53:13+00:00,2024-04-21 17:41:21+00:00,178,"Enhancement,IO SAS,Typing",0,0,2023-10,2023
55683,issue,closed,2023-10-25 12:32:22+00:00,2023-10-30 17:02:58+00:00,5,"Bug,IO Data,DataFrame",1,0,2023-10,2023
55681,issue,closed,2023-10-25 10:35:07+00:00,2023-10-26 01:00:19+00:00,0,"Usage Question,Apply,Window",0,0,2023-10,2023
55677,issue,closed,2023-10-25 01:43:37+00:00,2023-12-05 00:27:38+00:00,40,"Bug,Needs Triage",1,0,2023-10,2023
55668,issue,closed,2023-10-24 20:07:28+00:00,2026-03-29 18:08:04+00:00,886,"Bug,PDEP missing values",1,0,2023-10,2023
55664,issue,closed,2023-10-24 14:37:40+00:00,2023-10-31 09:23:53+00:00,6,"Docs,Needs Triage",0,0,2023-10,2023
55662,issue,closed,2023-10-24 13:47:30+00:00,2023-10-25 01:22:29+00:00,0,"Enhancement,Closing Candidate",0,0,2023-10,2023
55659,issue,closed,2023-10-24 02:26:00+00:00,2023-10-24 15:44:04+00:00,0,"Enhancement,Needs Triage",0,0,2023-10,2023
55657,issue,closed,2023-10-24 02:04:04+00:00,2023-11-01 12:18:38+00:00,8,"Bug,Needs Triage,Timestamp",1,0,2023-10,2023
55648,issue,closed,2023-10-23 15:54:02+00:00,2024-05-31 22:12:14+00:00,221,"Enhancement,Needs Info,Needs Triage",0,0,2023-10,2023
55647,issue,closed,2023-10-23 14:14:29+00:00,2026-01-30 21:33:00+00:00,830,"Docs,IO Data,NA - MaskedArrays,Closing Candidate",0,0,2023-10,2023
55646,issue,closed,2023-10-23 13:55:40+00:00,2023-10-23 16:53:07+00:00,0,"Enhancement,Needs Triage",0,0,2023-10,2023
55645,issue,closed,2023-10-23 12:39:00+00:00,2023-12-22 15:24:10+00:00,60,"Enhancement,Build,ARM",0,0,2023-10,2023
55638,issue,closed,2023-10-22 21:31:52+00:00,2025-09-09 16:21:48+00:00,687,"Testing,Deprecate,Blocked",0,0,2023-10,2023
55630,issue,closed,2023-10-22 18:20:20+00:00,2023-11-07 02:30:10+00:00,15,"Bug,Missing-data,Output-Formatting",1,0,2023-10,2023
55624,issue,closed,2023-10-22 08:36:05+00:00,2023-10-26 02:27:12+00:00,3,"Bug,Needs Info,Needs Triage",1,0,2023-10,2023
55623,issue,closed,2023-10-21 23:37:11+00:00,2023-12-21 15:30:31+00:00,60,"Datetime,Timedelta,Deprecate",0,0,2023-10,2023
55615,issue,closed,2023-10-21 01:57:25+00:00,2023-10-21 05:30:59+00:00,0,"Build,Needs Triage",0,0,2023-10,2023
55610,issue,closed,2023-10-20 16:38:45+00:00,2023-11-21 18:38:51+00:00,32,"Needs Info,Closing Candidate",0,0,2023-10,2023
55606,issue,closed,2023-10-20 14:21:40+00:00,2023-10-26 13:59:17+00:00,5,"Regression,Strings,IO Parquet",0,0,2023-10,2023
55605,issue,closed,2023-10-20 07:36:32+00:00,2026-04-09 15:35:40+00:00,902,"Docs,hashing",0,0,2023-10,2023
55604,issue,closed,2023-10-20 05:49:55+00:00,2023-10-23 18:08:36+00:00,3,"Bug,Needs Triage",1,0,2023-10,2023
55601,issue,closed,2023-10-19 19:14:18+00:00,2025-08-29 18:19:42+00:00,679,"Indexing,Index",0,0,2023-10,2023
55599,issue,closed,2023-10-19 17:27:56+00:00,2023-10-19 22:52:32+00:00,0,"Docs,Groupby,Reshaping",0,0,2023-10,2023
55593,issue,closed,2023-10-19 10:06:28+00:00,2023-10-19 15:58:55+00:00,0,"Bug,Needs Triage",1,0,2023-10,2023
55590,issue,closed,2023-10-19 05:56:02+00:00,2023-10-19 06:30:21+00:00,0,"Bug,Needs Triage",1,0,2023-10,2023
55587,issue,closed,2023-10-19 04:07:14+00:00,2024-05-19 18:25:19+00:00,213,"Performance,Needs Triage",0,0,2023-10,2023
55573,issue,closed,2023-10-18 13:27:06+00:00,2023-10-19 14:14:46+00:00,1,"Bug,IO Excel,Closing Candidate",1,0,2023-10,2023
55572,issue,closed,2023-10-18 11:59:05+00:00,2025-03-24 19:13:31+00:00,523,"Bug,Regression,Resample",1,0,2023-10,2023
55571,issue,closed,2023-10-18 09:39:52+00:00,2026-04-02 23:55:44+00:00,897,"Enhancement,Needs Discussion,IO Parquet",0,0,2023-10,2023
55570,issue,closed,2023-10-18 09:30:39+00:00,2023-11-03 17:32:19+00:00,16,"Docs,Needs Triage",0,0,2023-10,2023
55569,issue,closed,2023-10-18 02:39:03+00:00,2026-03-25 19:10:17+00:00,889,"API Design,IO CSV,Deprecate",0,0,2023-10,2023
55564,issue,closed,2023-10-17 15:40:02+00:00,2024-05-31 18:40:06+00:00,227,"Enhancement,Datetime,Constructors,Non-Nano",0,0,2023-10,2023
55561,issue,closed,2023-10-17 14:24:00+00:00,2023-10-18 20:30:24+00:00,1,"Bug,Numeric Operations,Needs Triage,Arrow",1,0,2023-10,2023
55557,issue,closed,2023-10-17 10:14:17+00:00,2023-10-21 21:19:59+00:00,4,"Bug,Needs Triage",1,0,2023-10,2023
55554,issue,closed,2023-10-16 23:11:27+00:00,2023-10-26 09:57:50+00:00,9,"Regression,IO SQL",0,0,2023-10,2023
55548,issue,closed,2023-10-16 19:11:38+00:00,2023-11-21 18:29:44+00:00,35,"Enhancement,Closing Candidate",0,0,2023-10,2023
55547,issue,closed,2023-10-16 18:01:10+00:00,2023-10-16 18:01:16+00:00,0,"Docs,Needs Triage",0,0,2023-10,2023
55546,issue,closed,2023-10-16 18:00:30+00:00,2023-10-16 18:06:57+00:00,0,"Enhancement,Needs Triage",0,0,2023-10,2023
55541,issue,closed,2023-10-16 09:10:12+00:00,2023-10-19 21:11:59+00:00,3,"Groupby,Performance,Regression,Duplicate Report",0,0,2023-10,2023
55535,issue,closed,2023-10-15 16:47:24+00:00,2026-02-27 00:21:32+00:00,865,"Enhancement,Groupby,Performance",0,0,2023-10,2023
55528,issue,closed,2023-10-15 09:15:04+00:00,2024-08-01 02:18:45+00:00,290,Dependencies,0,0,2023-10,2023
55526,issue,closed,2023-10-15 05:48:34+00:00,2023-10-15 13:50:02+00:00,0,"Bug,Indexing",1,0,2023-10,2023
55525,issue,closed,2023-10-14 21:48:10+00:00,2023-11-14 15:41:04+00:00,30,"Deprecate,Dependencies",0,0,2023-10,2023
55520,issue,closed,2023-10-14 15:41:39+00:00,2023-10-25 17:14:05+00:00,11,"Bug,Groupby,Regression,numba",1,0,2023-10,2023
55519,issue,closed,2023-10-14 15:15:18+00:00,2024-04-01 17:36:42+00:00,170,Community,0,0,2023-10,2023
55517,issue,closed,2023-10-14 13:26:17+00:00,2023-10-16 16:39:03+00:00,2,"Build,Needs Info",0,0,2023-10,2023
55516,issue,closed,2023-10-14 13:15:45+00:00,2024-05-21 16:13:03+00:00,220,"Bug,Reshaping",1,0,2023-10,2023
55514,issue,closed,2023-10-14 02:51:16+00:00,2023-10-16 16:38:36+00:00,2,"Bug,Needs Triage",1,0,2023-10,2023
55512,issue,closed,2023-10-13 22:03:36+00:00,2023-10-19 16:40:56+00:00,5,"Bug,Missing-data,Numeric Operations",1,0,2023-10,2023
55511,issue,closed,2023-10-13 17:02:41+00:00,2023-11-01 19:16:29+00:00,19,Vote,0,0,2023-10,2023
55509,issue,closed,2023-10-13 16:11:46+00:00,2024-03-02 18:57:29+00:00,141,"Bug,Dtype Conversions",1,0,2023-10,2023
55504,issue,closed,2023-10-13 02:33:35+00:00,2026-05-18 21:26:23+00:00,948,"API Design,Frequency,Deprecate",0,0,2023-10,2023
55498,issue,closed,2023-10-12 17:46:36+00:00,2023-12-19 23:35:23+00:00,68,"Frequency,Deprecate",0,0,2023-10,2023
55497,issue,closed,2023-10-12 16:45:08+00:00,2023-10-15 07:30:33+00:00,2,"Enhancement,Needs Triage",0,0,2023-10,2023
55489,issue,closed,2023-10-11 19:26:39+00:00,2023-10-30 16:43:55+00:00,18,"Docs,IO Excel",0,0,2023-10,2023
55487,issue,closed,2023-10-11 16:01:31+00:00,2024-05-31 18:40:06+00:00,233,"Bug,Non-Nano",1,0,2023-10,2023
55484,issue,closed,2023-10-11 02:57:08+00:00,2026-05-07 17:34:23+00:00,939,"Bug,Reshaping,NA - MaskedArrays",1,0,2023-10,2023
55480,issue,closed,2023-10-10 23:21:00+00:00,2023-10-12 12:59:50+00:00,1,"Build,Usage Question,Closing Candidate,Upstream issue",0,0,2023-10,2023
55476,issue,closed,2023-10-10 14:51:14+00:00,2023-10-27 02:18:41+00:00,16,Docs,0,0,2023-10,2023
55471,issue,closed,2023-10-10 06:22:50+00:00,2024-08-24 19:29:32+00:00,319,"Enhancement,Categorical,Needs Triage",0,0,2023-10,2023
55470,issue,closed,2023-10-10 03:55:23+00:00,2023-11-18 03:49:45+00:00,38,"Deprecate,Needs Discussion,Apply",0,0,2023-10,2023
55465,issue,closed,2023-10-09 23:06:49+00:00,2026-03-15 22:27:03+00:00,887,"Testing,CI,Clean",0,0,2023-10,2023
55462,issue,closed,2023-10-09 22:53:07+00:00,2025-10-31 20:36:34+00:00,752,"Datetime,Needs Discussion",0,0,2023-10,2023
55456,issue,closed,2023-10-09 16:00:46+00:00,2023-11-21 18:28:39+00:00,43,Closing Candidate,0,0,2023-10,2023
55455,issue,closed,2023-10-09 14:53:44+00:00,2023-11-17 18:45:49+00:00,39,,0,0,2023-10,2023
55454,issue,closed,2023-10-09 14:49:41+00:00,2023-10-09 22:39:50+00:00,0,"CI,Compat",0,0,2023-10,2023
55453,issue,closed,2023-10-09 13:39:53+00:00,2023-10-25 01:35:17+00:00,15,"Datetime,Reshaping,Regression",0,0,2023-10,2023
55452,issue,closed,2023-10-09 13:09:46+00:00,2023-10-10 13:33:25+00:00,1,"Usage Question,Closing Candidate",0,0,2023-10,2023
55451,issue,closed,2023-10-09 09:26:52+00:00,2024-02-04 15:18:28+00:00,118,"Bug,Needs Triage,Copy / view semantics",1,0,2023-10,2023
55449,issue,closed,2023-10-09 03:29:52+00:00,2024-08-24 19:46:39+00:00,320,"Enhancement,MultiIndex",0,0,2023-10,2023
55436,issue,closed,2023-10-07 13:44:34+00:00,2023-10-08 22:56:49+00:00,1,Docs,0,0,2023-10,2023
55435,issue,closed,2023-10-07 11:00:22+00:00,2024-05-24 15:32:16+00:00,230,"Docs,MultiIndex",0,0,2023-10,2023
55431,issue,closed,2023-10-06 22:37:01+00:00,2024-04-29 18:49:52+00:00,205,"Datetime,Algos,Needs Tests",0,0,2023-10,2023
55424,issue,closed,2023-10-06 10:22:40+00:00,2023-10-06 20:33:12+00:00,0,"Build,Needs Info,Upstream issue",0,0,2023-10,2023
55423,issue,closed,2023-10-06 09:21:34+00:00,2026-03-20 00:51:37+00:00,895,"Bug,Datetime,Dtype Conversions,Needs Tests,setitem-with-expansion",1,0,2023-10,2023
55420,issue,closed,2023-10-06 02:10:16+00:00,2023-10-06 02:34:06+00:00,0,"Bug,Regression,Duplicate Report,Warnings",1,0,2023-10,2023
55419,issue,closed,2023-10-06 00:59:31+00:00,2023-10-06 03:54:31+00:00,0,"Bug,Needs Triage,Closing Candidate",1,0,2023-10,2023
55413,issue,closed,2023-10-05 17:46:12+00:00,2023-10-13 16:57:42+00:00,7,"Deprecate,Needs Discussion,Index",0,0,2023-10,2023
55404,issue,closed,2023-10-04 19:00:36+00:00,2023-10-05 16:02:22+00:00,0,"Enhancement,Needs Triage",0,0,2023-10,2023
55403,issue,closed,2023-10-04 18:15:36+00:00,2023-10-16 17:53:49+00:00,11,"Bug,Dtype Conversions,IO JSON,DataFrame",1,0,2023-10,2023
55399,issue,closed,2023-10-04 13:04:12+00:00,2023-12-06 01:42:31+00:00,62,"Enhancement,Dtype Conversions,Arrow",0,0,2023-10,2023
55398,issue,closed,2023-10-04 13:01:03+00:00,2024-01-08 18:05:15+00:00,96,"Bug,DataFrame,replace,NA - MaskedArrays",1,0,2023-10,2023
55388,issue,closed,2023-10-03 23:21:51+00:00,2024-01-10 16:39:04+00:00,98,"Internals,Clean,Index",0,0,2023-10,2023
55379,issue,closed,2023-10-03 18:58:16+00:00,2023-10-28 00:23:19+00:00,24,"Bug,Regression,MultiIndex",1,0,2023-10,2023
55375,issue,closed,2023-10-03 16:17:41+00:00,2023-10-03 17:56:23+00:00,0,"Bug,Needs Triage",1,0,2023-10,2023
55374,issue,closed,2023-10-03 15:57:48+00:00,2024-01-26 22:51:27+00:00,115,"Bug,Non-Nano",1,0,2023-10,2023
55371,issue,closed,2023-10-03 13:08:46+00:00,2025-08-05 17:14:50+00:00,672,"Usage Question,Needs Triage",0,0,2023-10,2023
55351,issue,closed,2023-10-02 08:58:10+00:00,2023-10-12 21:06:42+00:00,10,"Bug,Warnings,Transformations",1,0,2023-10,2023
55345,issue,closed,2023-10-01 17:28:07+00:00,2026-05-01 01:38:49+00:00,942,"Bug,Datetime,Error Reporting",1,0,2023-10,2023
55344,issue,closed,2023-10-01 13:59:14+00:00,2023-10-01 14:35:14+00:00,0,"Bug,Needs Triage",1,0,2023-10,2023
55343,issue,closed,2023-10-01 03:47:25+00:00,2025-11-10 18:12:56+00:00,771,"Bug,Window,Needs Triage,Reduction Operations",1,0,2023-10,2023
55336,issue,closed,2023-09-30 16:57:40+00:00,2023-09-30 18:03:26+00:00,0,"Bug,Needs Triage",1,0,2023-09,2023
55335,issue,closed,2023-09-30 16:55:54+00:00,2026-04-02 16:40:28+00:00,914,"Bug,Reshaping,Categorical,Index",1,0,2023-09,2023
55334,issue,closed,2023-09-30 16:31:23+00:00,2023-10-01 14:07:58+00:00,0,"Bug,Groupby,Closing Candidate,Filters",1,0,2023-09,2023
55333,issue,closed,2023-09-30 16:30:44+00:00,2026-03-31 22:29:15+00:00,913,"Bug,Testing,Reshaping,Period",1,0,2023-09,2023
55332,issue,closed,2023-09-30 10:45:42+00:00,2024-03-27 17:48:17+00:00,179,"Bug,DataFrame,NA - MaskedArrays,Interchange",1,0,2023-09,2023
55329,issue,closed,2023-09-29 21:05:55+00:00,2023-09-29 21:16:25+00:00,0,"Enhancement,Needs Triage",0,0,2023-09,2023
55326,issue,closed,2023-09-29 18:36:22+00:00,2024-05-08 22:34:01+00:00,222,"Bug,Groupby,Dtype Conversions,Categorical,Transformations",1,0,2023-09,2023
55323,issue,closed,2023-09-29 12:59:49+00:00,2023-11-03 17:31:22+00:00,35,"Enhancement,Arrow",0,0,2023-09,2023
55322,issue,closed,2023-09-29 07:42:26+00:00,2023-12-06 20:13:02+00:00,68,"Bug,Timezones,Upstream issue,Arrow",1,0,2023-09,2023
55321,issue,closed,2023-09-28 23:30:39+00:00,2023-10-01 13:23:14+00:00,2,"Bug,Closing Candidate",1,0,2023-09,2023
55318,issue,closed,2023-09-28 21:01:00+00:00,2024-05-28 21:49:41+00:00,243,Docs,0,0,2023-09,2023
55317,issue,closed,2023-09-28 19:18:32+00:00,2023-10-06 09:21:58+00:00,7,"Bug,Needs Triage",1,0,2023-09,2023
55316,issue,closed,2023-09-28 15:46:25+00:00,2023-09-28 21:59:34+00:00,0,"Usage Question,Needs Info",0,0,2023-09,2023
55315,issue,closed,2023-09-28 15:14:36+00:00,2023-09-29 23:07:20+00:00,1,"Bug,MultiIndex,Closing Candidate",1,0,2023-09,2023
55311,issue,closed,2023-09-27 20:40:36+00:00,2023-10-07 14:22:53+00:00,9,Docs,0,0,2023-09,2023
55307,issue,closed,2023-09-27 14:59:10+00:00,2023-09-27 16:34:43+00:00,0,"Enhancement,Needs Triage",0,0,2023-09,2023
55302,issue,closed,2023-09-26 20:17:34+00:00,2023-09-26 21:02:18+00:00,0,"Bug,Needs Triage",1,0,2023-09,2023
55301,issue,closed,2023-09-26 20:06:46+00:00,2026-05-01 01:46:45+00:00,947,"Bug,Dtype Conversions,Error Reporting,Non-Nano",1,0,2023-09,2023
55299,issue,closed,2023-09-26 15:54:17+00:00,2023-09-29 18:09:33+00:00,3,"Bug,Window",1,0,2023-09,2023
55298,issue,closed,2023-09-26 15:15:56+00:00,2024-08-24 19:27:26+00:00,333,"Enhancement,Needs Triage",0,0,2023-09,2023
55296,issue,closed,2023-09-26 10:38:12+00:00,2023-11-03 23:38:08+00:00,38,"Bug,Performance,Upstream issue,Arrow",1,0,2023-09,2023
55295,issue,closed,2023-09-26 10:33:35+00:00,2023-09-26 15:41:34+00:00,0,"Bug,Needs Triage",1,0,2023-09,2023
55294,issue,closed,2023-09-26 10:27:46+00:00,2023-09-26 10:36:18+00:00,0,"Bug,Needs Triage",1,0,2023-09,2023
55293,issue,closed,2023-09-26 08:52:47+00:00,2026-04-03 20:38:06+00:00,920,"Bug,Datetime,Regression,Needs Triage",1,0,2023-09,2023
55290,issue,closed,2023-09-25 22:46:58+00:00,2023-09-26 00:11:07+00:00,0,"Build,Needs Triage",0,0,2023-09,2023
55287,issue,closed,2023-09-25 17:44:34+00:00,2023-09-30 18:06:11+00:00,5,"Usage Question,Needs Triage",0,0,2023-09,2023
55286,issue,closed,2023-09-25 17:29:25+00:00,2026-03-31 16:24:36+00:00,917,"Bug,IO SQL,Needs Triage",1,0,2023-09,2023
55285,issue,closed,2023-09-25 16:56:50+00:00,2023-09-25 18:06:52+00:00,0,"Build,Needs Triage",0,0,2023-09,2023
55282,issue,closed,2023-09-25 14:58:05+00:00,2023-09-26 15:57:43+00:00,1,"Bug,Datetime",1,0,2023-09,2023
55281,issue,closed,2023-09-25 13:39:49+00:00,2023-09-26 15:57:43+00:00,1,"Bug,Datetime",1,0,2023-09,2023
55274,issue,closed,2023-09-25 07:28:09+00:00,2023-09-25 18:20:30+00:00,0,"Bug,Needs Triage",1,0,2023-09,2023
55272,issue,closed,2023-09-25 02:49:06+00:00,2023-10-30 21:49:56+00:00,35,"Missing-data,Usage Question,Window",0,0,2023-09,2023
55271,issue,closed,2023-09-25 02:03:00+00:00,2023-09-26 15:57:42+00:00,1,Bug,1,0,2023-09,2023
55266,issue,closed,2023-09-24 17:35:53+00:00,2023-09-25 16:38:25+00:00,0,"Enhancement,Needs Triage",0,0,2023-09,2023
55264,issue,closed,2023-09-24 14:26:24+00:00,2023-11-18 02:35:03+00:00,54,"Deprecate,Needs Discussion",0,0,2023-09,2023
55256,issue,closed,2023-09-23 15:01:05+00:00,2026-03-10 15:21:36+00:00,899,"Groupby,Performance,Regression,Copy / view semantics,Closing Candidate,Transformations",0,0,2023-09,2023
55254,issue,closed,2023-09-23 01:24:49+00:00,2023-10-03 21:56:42+00:00,10,"Bug,Needs Triage",1,0,2023-09,2023
55250,issue,closed,2023-09-22 18:34:46+00:00,2023-09-23 13:15:13+00:00,0,"Bug,Reshaping,Closing Candidate",1,0,2023-09,2023
55247,issue,closed,2023-09-22 15:47:51+00:00,2024-01-11 01:32:56+00:00,110,"Compat,numba",0,0,2023-09,2023
55245,issue,closed,2023-09-22 13:39:34+00:00,2023-10-22 13:41:15+00:00,30,"Performance,Regression,hashing,Copy / view semantics",0,0,2023-09,2023
55244,issue,closed,2023-09-22 12:40:33+00:00,2023-09-22 14:11:02+00:00,0,"Bug,Needs Triage",1,0,2023-09,2023
55242,issue,closed,2023-09-22 12:10:05+00:00,2023-09-22 12:30:29+00:00,0,"Bug,Needs Triage",1,0,2023-09,2023
55239,issue,closed,2023-09-22 09:31:43+00:00,2024-03-28 23:23:51+00:00,188,Docs,0,0,2023-09,2023
55238,issue,closed,2023-09-22 08:59:34+00:00,2023-09-25 18:42:46+00:00,3,"Bug,Timezones,Index,setops,Non-Nano",1,0,2023-09,2023
55237,issue,closed,2023-09-22 08:59:25+00:00,2023-09-23 00:10:02+00:00,0,"Enhancement,Needs Triage",0,0,2023-09,2023
55231,issue,closed,2023-09-21 16:55:06+00:00,2025-09-19 11:40:41+00:00,728,"Enhancement,Typing",0,0,2023-09,2023
55230,issue,closed,2023-09-21 15:13:37+00:00,2023-09-25 12:51:32+00:00,3,"Bug,IO Parquet,Needs Triage,Arrow",1,0,2023-09,2023
55229,issue,closed,2023-09-21 12:25:35+00:00,2023-10-28 00:20:03+00:00,36,Release,0,0,2023-09,2023
55228,issue,closed,2023-09-21 12:03:34+00:00,2023-11-16 17:44:00+00:00,56,"Bug,Warnings",1,0,2023-09,2023
55224,issue,closed,2023-09-21 07:09:28+00:00,2024-01-29 00:04:26+00:00,129,"Bug,Algos,ExtensionArray",1,0,2023-09,2023
55223,issue,closed,2023-09-20 18:39:07+00:00,2023-10-11 00:02:21+00:00,20,"Bug,IO Excel,Closing Candidate",1,0,2023-09,2023
55215,issue,closed,2023-09-20 06:48:03+00:00,2023-09-20 15:53:16+00:00,0,"Usage Question,Needs Triage",0,0,2023-09,2023
55214,issue,closed,2023-09-20 05:09:47+00:00,2025-11-07 17:53:32+00:00,779,"Build,Needs Triage",0,0,2023-09,2023
55202,issue,closed,2023-09-19 15:02:08+00:00,2025-11-05 08:19:15+00:00,777,"Performance,Multi-Block,Closing Candidate",0,0,2023-09,2023
55200,issue,closed,2023-09-19 14:17:01+00:00,2023-10-30 16:59:37+00:00,41,"Bug,IO Excel",1,0,2023-09,2023
55199,issue,closed,2023-09-19 12:17:57+00:00,2023-09-19 15:40:58+00:00,0,"Build,Needs Triage",0,0,2023-09,2023
55195,issue,closed,2023-09-19 07:51:21+00:00,2023-09-20 02:22:03+00:00,0,"Bug,Duplicate Report,Needs Info,Needs Triage",1,0,2023-09,2023
55188,issue,closed,2023-09-18 20:31:20+00:00,2023-09-21 22:42:52+00:00,3,"Usage Question,Styler,Closing Candidate",0,0,2023-09,2023
55187,issue,closed,2023-09-18 18:58:00+00:00,2023-09-22 23:48:54+00:00,4,"Docs,Needs Triage",0,0,2023-09,2023
55181,issue,closed,2023-09-18 10:44:25+00:00,2023-11-20 17:42:09+00:00,63,"Bug,Sparse,Needs Triage",1,0,2023-09,2023
55178,issue,closed,2023-09-17 11:56:01+00:00,2025-10-19 19:06:01+00:00,763,"Enhancement,Output-Formatting",0,0,2023-09,2023
55174,issue,closed,2023-09-16 16:52:25+00:00,2026-05-08 17:59:22+00:00,965,"Deprecate,Needs Discussion",0,0,2023-09,2023
55170,issue,closed,2023-09-16 15:44:06+00:00,2025-11-07 17:53:31+00:00,783,"Build,Needs Info",0,0,2023-09,2023
55164,issue,closed,2023-09-16 14:08:25+00:00,2023-12-22 15:34:41+00:00,97,Docs,0,0,2023-09,2023
55160,issue,closed,2023-09-16 10:21:34+00:00,2023-10-07 15:23:15+00:00,21,Docs,0,0,2023-09,2023
55158,issue,closed,2023-09-16 09:21:08+00:00,2023-09-18 16:24:45+00:00,2,"Docs,Needs Triage",0,0,2023-09,2023
55152,issue,closed,2023-09-15 21:57:28+00:00,2025-12-02 16:03:26+00:00,808,Clean,0,0,2023-09,2023
55148,issue,closed,2023-09-15 17:03:14+00:00,2023-10-07 11:00:56+00:00,21,"Docs,MultiIndex",0,0,2023-09,2023
55147,issue,closed,2023-09-15 16:49:47+00:00,2023-12-09 18:27:43+00:00,85,"Deprecate,replace",0,0,2023-09,2023
55146,issue,closed,2023-09-15 14:27:49+00:00,2024-02-23 07:47:20+00:00,160,"Build,Usage Question,Closing Candidate",0,0,2023-09,2023
55143,issue,closed,2023-09-15 07:07:46+00:00,2023-09-15 18:28:22+00:00,0,"Needs Info,Typing",0,0,2023-09,2023
55137,issue,closed,2023-09-14 15:26:35+00:00,2023-12-05 00:22:34+00:00,81,"Bug,Regression,IO Pickle",1,0,2023-09,2023
55136,issue,closed,2023-09-14 15:18:41+00:00,2026-03-20 00:39:05+00:00,917,"Bug,Datetime,Needs Tests,Describe/info/etc",1,0,2023-09,2023
55135,issue,closed,2023-09-14 13:32:26+00:00,2023-09-28 17:58:20+00:00,14,"IO HTML,Styler,Closing Candidate",0,0,2023-09,2023
55134,issue,closed,2023-09-14 10:31:08+00:00,2023-09-19 22:25:38+00:00,5,"Deprecate,Needs Discussion,Apply",0,0,2023-09,2023
55133,issue,closed,2023-09-14 07:43:41+00:00,2023-09-18 19:42:39+00:00,4,Docs,0,0,2023-09,2023
55132,issue,closed,2023-09-13 22:15:32+00:00,2024-01-10 16:37:40+00:00,118,"Reshaping,Regression,Non-Nano",0,0,2023-09,2023
55127,issue,closed,2023-09-13 19:59:09+00:00,2025-09-29 20:59:42+00:00,747,"Bug,NA - MaskedArrays,Needs Triage,PDEP missing values",1,0,2023-09,2023
55125,issue,closed,2023-09-13 18:26:08+00:00,2025-07-30 17:14:49+00:00,685,"Build,Docs",0,0,2023-09,2023
55123,issue,closed,2023-09-13 13:09:28+00:00,2026-05-15 21:12:58+00:00,975,"Bug,Sparse,Needs Tests,Reduction Operations",1,0,2023-09,2023
55121,issue,closed,2023-09-13 09:55:23+00:00,2025-08-05 01:53:58+00:00,691,"Enhancement,Algos,Needs Discussion,Closing Candidate",0,0,2023-09,2023
55120,issue,closed,2023-09-13 09:14:05+00:00,2023-10-26 12:50:25+00:00,43,"Regression,Subclassing",0,0,2023-09,2023
55118,issue,closed,2023-09-13 07:53:39+00:00,2026-03-31 20:36:02+00:00,930,"Bug,IO Parquet",1,0,2023-09,2023
55116,issue,closed,2023-09-13 05:20:10+00:00,2024-11-02 23:26:08+00:00,416,"Bug,Docs",1,0,2023-09,2023
55111,issue,closed,2023-09-12 20:41:35+00:00,2026-03-29 16:18:09+00:00,928,"Bug,Datetime,Internals",1,0,2023-09,2023
55106,issue,closed,2023-09-12 09:00:59+00:00,2023-10-26 02:14:59+00:00,43,"Bug,Non-Nano",1,0,2023-09,2023
55105,issue,closed,2023-09-12 01:54:47+00:00,2023-09-12 02:17:54+00:00,0,"Bug,Needs Triage",1,0,2023-09,2023
55103,issue,closed,2023-09-12 00:43:41+00:00,2023-09-13 22:58:37+00:00,1,"Bug,Needs Triage",1,0,2023-09,2023
55096,issue,closed,2023-09-11 19:05:47+00:00,2024-05-31 18:40:06+00:00,262,"Enhancement,Non-Nano",0,0,2023-09,2023
55095,issue,closed,2023-09-11 18:57:10+00:00,2023-09-26 18:12:51+00:00,14,Vote,0,0,2023-09,2023
55092,issue,closed,2023-09-11 13:59:00+00:00,2023-09-11 16:43:42+00:00,0,"Bug,Needs Triage",1,0,2023-09,2023
55091,issue,closed,2023-09-11 12:53:34+00:00,2024-04-22 18:55:38+00:00,224,"Bug,Needs Triage",1,0,2023-09,2023
55090,issue,closed,2023-09-11 10:50:30+00:00,2023-09-11 10:53:19+00:00,0,"Enhancement,Needs Triage",0,0,2023-09,2023
55088,issue,closed,2023-09-11 09:54:42+00:00,2023-11-27 02:43:06+00:00,76,"Bug,IO HDF5",1,0,2023-09,2023
55087,issue,closed,2023-09-11 08:27:19+00:00,2024-07-05 00:13:38+00:00,297,Bug,1,0,2023-09,2023
55081,issue,closed,2023-09-09 23:11:11+00:00,2023-12-07 23:58:28+00:00,89,"Dtype Conversions,Strings,Closing Candidate",0,0,2023-09,2023
55080,issue,closed,2023-09-09 19:03:42+00:00,2023-10-31 16:33:34+00:00,51,"Bug,Datetime,Regression,Needs Triage",1,0,2023-09,2023
55075,issue,closed,2023-09-09 02:56:56+00:00,2023-09-09 16:02:35+00:00,0,"Bug,Needs Triage",1,0,2023-09,2023
55070,issue,closed,2023-09-08 17:55:51+00:00,2023-09-09 13:46:01+00:00,0,"Bug,Groupby,Duplicate Report,Apply",1,0,2023-09,2023
55069,issue,closed,2023-09-08 17:35:18+00:00,2024-02-01 19:04:30+00:00,146,"Bug,Interchange",1,0,2023-09,2023
55067,issue,closed,2023-09-08 14:55:16+00:00,2023-12-29 18:16:13+00:00,112,"Bug,Regression,Non-Nano",1,0,2023-09,2023
55066,issue,closed,2023-09-08 14:53:38+00:00,2023-09-11 19:16:03+00:00,3,"Docs,Groupby,Error Reporting",0,0,2023-09,2023
55064,issue,closed,2023-09-08 09:50:35+00:00,2023-10-09 18:33:15+00:00,31,"Bug,Resample",1,0,2023-09,2023
55061,issue,closed,2023-09-08 06:21:32+00:00,2023-09-08 12:22:47+00:00,0,"Bug,Needs Triage",1,0,2023-09,2023
55060,issue,closed,2023-09-08 05:45:20+00:00,2023-11-21 18:29:24+00:00,74,"Usage Question,metadata,Closing Candidate",0,0,2023-09,2023
55059,issue,closed,2023-09-08 03:04:33+00:00,2023-09-09 20:44:40+00:00,1,"Docs,Typing",0,0,2023-09,2023
55049,issue,closed,2023-09-07 13:32:31+00:00,2023-09-07 15:37:32+00:00,0,"Bug,Needs Triage",1,0,2023-09,2023
55047,issue,closed,2023-09-07 10:24:12+00:00,2023-09-07 18:48:37+00:00,0,"Bug,Needs Triage",1,0,2023-09,2023
55046,issue,closed,2023-09-07 07:59:35+00:00,2026-05-09 16:05:41+00:00,975,"IO JSON,Master Tracker,Closing Candidate",0,0,2023-09,2023
55043,issue,closed,2023-09-07 01:31:58+00:00,2023-09-20 01:53:52+00:00,13,Deprecate,0,0,2023-09,2023
55041,issue,closed,2023-09-07 00:20:16+00:00,2024-06-04 18:20:14+00:00,271,"Bug,Groupby,Apply",1,0,2023-09,2023
55032,issue,closed,2023-09-06 17:04:56+00:00,2023-09-06 17:10:31+00:00,0,"Bug,Needs Triage",1,0,2023-09,2023
55031,issue,closed,2023-09-06 15:07:56+00:00,2023-09-15 20:06:26+00:00,9,"Groupby,Performance,Arrow,Timestamp",0,0,2023-09,2023
55027,issue,closed,2023-09-06 09:33:53+00:00,2023-11-09 15:48:14+00:00,64,"Enhancement,Needs Triage",0,0,2023-09,2023
55026,issue,closed,2023-09-06 08:35:30+00:00,2023-10-26 02:15:00+00:00,49,"Bug,Non-Nano",1,0,2023-09,2023
55025,issue,closed,2023-09-06 07:56:47+00:00,2023-09-22 19:55:12+00:00,16,"Bug,Warnings",1,0,2023-09,2023
55024,issue,closed,2023-09-06 03:42:29+00:00,2023-09-07 03:47:52+00:00,1,"Bug,Needs Triage",1,0,2023-09,2023
55020,issue,closed,2023-09-05 20:44:49+00:00,2023-09-08 20:33:48+00:00,2,"Bug,Arrow",1,0,2023-09,2023
55015,issue,closed,2023-09-05 17:56:53+00:00,2023-09-18 16:54:14+00:00,12,"Bug,Output-Formatting,Timezones,Interval",1,0,2023-09,2023
55014,issue,closed,2023-09-05 17:51:43+00:00,2024-05-31 18:40:05+00:00,269,"Bug,Non-Nano",1,0,2023-09,2023
55012,issue,closed,2023-09-05 15:55:08+00:00,2023-09-06 02:54:37+00:00,0,"Bug,Index,Closing Candidate,setops",1,0,2023-09,2023
55011,issue,closed,2023-09-05 15:24:55+00:00,2026-05-01 16:14:18+00:00,969,"Bug,Output-Formatting,Error Reporting",1,0,2023-09,2023
55009,issue,closed,2023-09-05 15:06:10+00:00,2023-09-13 17:15:00+00:00,8,"Bug,Apply",1,0,2023-09,2023
55006,issue,closed,2023-09-05 09:17:40+00:00,2023-09-07 16:32:54+00:00,2,"Bug,Groupby,Regression,Apply",1,0,2023-09,2023
55005,issue,closed,2023-09-04 16:53:59+00:00,2023-09-05 17:51:46+00:00,1,"Bug,Needs Triage",1,0,2023-09,2023
55003,issue,closed,2023-09-04 15:57:28+00:00,2023-09-13 17:10:11+00:00,9,"Bug,Arrow",1,0,2023-09,2023
54995,issue,closed,2023-09-04 11:22:18+00:00,2024-08-24 19:27:05+00:00,355,"Enhancement,Needs Triage",0,0,2023-09,2023
54994,issue,closed,2023-09-04 11:14:40+00:00,2023-09-13 20:05:10+00:00,9,"Bug,IO Excel",1,0,2023-09,2023
54990,issue,closed,2023-09-04 03:18:36+00:00,2023-12-06 00:32:45+00:00,92,"Enhancement,Upstream issue,Arrow",0,0,2023-09,2023
54987,issue,closed,2023-09-03 22:25:37+00:00,2024-05-21 16:13:02+00:00,260,"Bug,Reshaping",1,0,2023-09,2023
54981,issue,closed,2023-09-03 14:07:15+00:00,2023-09-06 22:40:25+00:00,3,"Bug,Warnings",1,0,2023-09,2023
54980,issue,closed,2023-09-03 13:29:15+00:00,2023-09-05 22:41:53+00:00,2,"Bug,Indexing,Regression",1,0,2023-09,2023
54979,issue,closed,2023-09-03 08:23:39+00:00,2024-08-26 19:48:58+00:00,358,"Build,Docs",0,0,2023-09,2023
54978,issue,closed,2023-09-03 08:18:39+00:00,2023-09-03 14:12:50+00:00,0,"Build,Needs Triage",0,0,2023-09,2023
54970,issue,closed,2023-09-02 19:42:42+00:00,2025-09-06 11:29:48+00:00,734,"Warnings,Community",0,0,2023-09,2023
54963,issue,closed,2023-09-02 16:16:58+00:00,2024-08-24 19:45:08+00:00,357,"Enhancement,Needs Triage",0,0,2023-09,2023
54953,issue,closed,2023-09-02 11:35:45+00:00,2023-09-02 12:31:49+00:00,0,"Bug,Needs Triage",1,0,2023-09,2023
54948,issue,closed,2023-09-02 09:33:56+00:00,2023-09-02 21:32:21+00:00,0,"Bug,Reshaping",1,0,2023-09,2023
54946,issue,closed,2023-09-02 01:50:42+00:00,2023-09-14 03:02:32+00:00,12,,0,0,2023-09,2023
54944,issue,closed,2023-09-01 22:39:34+00:00,2023-09-20 01:50:05+00:00,18,"Bug,Error Reporting,Arrow",1,0,2023-09,2023
54942,issue,closed,2023-09-01 21:29:20+00:00,2023-10-23 17:32:03+00:00,51,"Bug,Strings",1,0,2023-09,2023
54941,issue,closed,2023-09-01 21:05:45+00:00,2023-09-18 16:56:13+00:00,16,"Bug,Visualization",1,0,2023-09,2023
54938,issue,closed,2023-09-01 20:17:35+00:00,2023-09-18 16:15:11+00:00,16,"Enhancement,Arrow,Accessors",0,0,2023-09,2023
54934,issue,closed,2023-09-01 16:29:28+00:00,2023-09-02 18:14:41+00:00,1,"Bug,Regression,MultiIndex,Interval",1,0,2023-09,2023
54931,issue,closed,2023-09-01 15:47:32+00:00,2023-09-02 18:14:06+00:00,1,"Bug,Regression,IO CSV",1,0,2023-09,2023
54929,issue,closed,2023-09-01 12:21:13+00:00,2026-05-08 19:04:07+00:00,980,"Error Reporting,Apply,API - Consistency",0,0,2023-09,2023
54923,issue,closed,2023-09-01 09:42:43+00:00,2023-09-01 13:14:34+00:00,0,"Bug,Needs Triage",1,0,2023-09,2023
54920,issue,closed,2023-09-01 05:35:52+00:00,2023-09-05 18:43:27+00:00,4,"Bug,Missing-data,Regression",1,0,2023-09,2023
54918,issue,closed,2023-09-01 00:27:30+00:00,2023-09-02 18:14:06+00:00,1,"Bug,Regression,IO CSV",1,0,2023-09,2023
54911,issue,closed,2023-08-31 18:23:36+00:00,2023-12-06 20:12:32+00:00,97,"Bug,Upstream issue,Arrow",1,0,2023-08,2023
54910,issue,closed,2023-08-31 17:55:56+00:00,2023-09-03 20:42:15+00:00,3,"Docs,Needs Triage",0,0,2023-08,2023
54909,issue,closed,2023-08-31 17:48:01+00:00,2023-08-31 21:11:09+00:00,0,"Bug,Needs Triage",1,0,2023-08,2023
54904,issue,closed,2023-08-31 16:04:53+00:00,2023-09-02 12:07:17+00:00,1,"Bug,Regression,Algos",1,0,2023-08,2023
54903,issue,closed,2023-08-31 15:45:54+00:00,2023-09-01 23:46:37+00:00,1,"Build,Needs Info",0,0,2023-08,2023
54902,issue,closed,2023-08-31 15:00:33+00:00,2024-01-22 18:13:44+00:00,144,Release,0,0,2023-08,2023
54901,issue,closed,2023-08-31 15:00:13+00:00,2023-09-21 12:25:15+00:00,20,Release,0,0,2023-08,2023
54897,issue,closed,2023-08-31 13:00:55+00:00,2023-08-31 21:14:06+00:00,0,"Closing Candidate,Upstream issue,Arrow",0,0,2023-08,2023
54892,issue,closed,2023-08-31 08:48:09+00:00,2023-08-31 16:23:10+00:00,0,"Docs,Needs Triage",0,0,2023-08,2023
54889,issue,closed,2023-08-31 05:09:31+00:00,2023-09-02 17:01:35+00:00,2,Build,0,0,2023-08,2023
54888,issue,closed,2023-08-31 05:00:25+00:00,2023-09-20 16:59:57+00:00,20,Build,0,0,2023-08,2023
54877,issue,closed,2023-08-30 20:52:28+00:00,2023-09-04 09:09:42+00:00,4,Regression,0,0,2023-08,2023
54876,issue,closed,2023-08-30 20:21:18+00:00,2026-03-29 18:08:03+00:00,941,"Bug,Missing-data,PDEP missing values",1,0,2023-08,2023
54875,issue,closed,2023-08-30 20:04:43+00:00,2023-08-31 13:54:08+00:00,0,"Bug,Indexing,Regression",1,0,2023-08,2023
54873,issue,closed,2023-08-30 19:27:18+00:00,2023-08-31 20:17:29+00:00,1,"Docs,Regression,Deprecate",0,0,2023-08,2023
54871,issue,closed,2023-08-30 18:07:53+00:00,2023-08-30 18:25:57+00:00,0,"Enhancement,Needs Triage",0,0,2023-08,2023
54870,issue,closed,2023-08-30 16:42:52+00:00,2023-09-01 11:14:12+00:00,1,"Bug,Regression",1,0,2023-08,2023
54869,issue,closed,2023-08-30 15:00:16+00:00,2026-05-09 16:26:23+00:00,983,"Period,Constructors,Closing Candidate",0,0,2023-08,2023
54868,issue,closed,2023-08-30 14:22:00+00:00,2023-09-01 00:12:55+00:00,1,"Regression,IO CSV",0,0,2023-08,2023
54867,issue,closed,2023-08-30 12:50:48+00:00,2024-07-17 22:41:29+00:00,322,"Enhancement,Performance,Needs Triage",0,0,2023-08,2023
54862,issue,closed,2023-08-29 19:46:07+00:00,2025-11-07 17:53:32+00:00,800,"Enhancement,Build,Needs Triage",0,0,2023-08,2023
54858,issue,closed,2023-08-29 17:48:29+00:00,2023-09-01 16:17:41+00:00,2,"Groupby,Regression",0,0,2023-08,2023
54857,issue,closed,2023-08-29 17:33:13+00:00,2023-09-01 16:17:56+00:00,2,"Regression,Algos",0,0,2023-08,2023
54853,issue,closed,2023-08-29 16:43:47+00:00,2023-08-30 19:23:46+00:00,1,"Docs,Compat,Dependencies",0,0,2023-08,2023
54848,issue,closed,2023-08-29 14:40:27+00:00,2023-09-05 18:45:44+00:00,7,"Reshaping,Regression,Strings,ExtensionArray,NA - MaskedArrays",0,0,2023-08,2023
54847,issue,closed,2023-08-29 13:53:47+00:00,2023-12-17 20:40:37+00:00,110,"Bug,Regression,Algos",1,0,2023-08,2023
54844,issue,closed,2023-08-29 12:33:16+00:00,2023-08-29 20:29:58+00:00,0,"Bug,Algos,Arrow",1,0,2023-08,2023
54836,issue,closed,2023-08-29 05:18:59+00:00,2023-08-31 20:58:08+00:00,2,"Algos,Categorical,Needs Tests",0,0,2023-08,2023
54833,issue,closed,2023-08-29 01:27:04+00:00,2023-09-18 21:37:34+00:00,20,"Enhancement,Reshaping,ExtensionArray",0,0,2023-08,2023
54831,issue,closed,2023-08-28 21:35:26+00:00,2023-08-29 15:52:23+00:00,0,ExtensionArray,0,0,2023-08,2023
54822,issue,closed,2023-08-28 18:03:07+00:00,2023-08-29 19:58:05+00:00,1,"Docs,Needs Triage",0,0,2023-08,2023
54817,issue,closed,2023-08-28 16:16:11+00:00,2023-08-28 21:01:40+00:00,0,Regression,0,0,2023-08,2023
54811,issue,closed,2023-08-28 13:55:27+00:00,2024-07-17 22:39:10+00:00,324,"Bug,Needs Triage",1,0,2023-08,2023
54810,issue,closed,2023-08-28 13:39:07+00:00,2026-01-31 13:21:45+00:00,886,"Bug,Constructors",1,0,2023-08,2023
54808,issue,closed,2023-08-28 13:11:31+00:00,2023-09-01 16:55:51+00:00,4,Arrow,0,0,2023-08,2023
54807,issue,closed,2023-08-28 13:01:25+00:00,2024-09-02 18:47:40+00:00,371,"API Design,Strings,Arrow",0,0,2023-08,2023
54805,issue,closed,2023-08-28 12:39:17+00:00,2024-10-28 15:03:01+00:00,427,"API Design,Strings",0,0,2023-08,2023
54798,issue,closed,2023-08-28 11:44:33+00:00,2025-09-12 17:32:54+00:00,746,"Bug,Strings,Arrow",1,0,2023-08,2023
54797,issue,closed,2023-08-28 11:23:27+00:00,2023-08-28 17:35:16+00:00,0,"Bug,Strings",1,0,2023-08,2023
54793,issue,closed,2023-08-28 10:15:19+00:00,2023-08-29 08:36:22+00:00,0,Strings,0,0,2023-08,2023
54788,issue,closed,2023-08-28 06:43:12+00:00,2026-03-18 00:33:10+00:00,932,"Bug,Datetime,Closing Candidate",1,0,2023-08,2023
54782,issue,closed,2023-08-27 20:25:10+00:00,2023-08-28 20:16:02+00:00,0,,0,0,2023-08,2023
54781,issue,closed,2023-08-27 17:50:55+00:00,2024-02-23 17:12:44+00:00,179,"Bug,Interchange",1,0,2023-08,2023
54777,issue,closed,2023-08-27 04:34:38+00:00,2023-08-31 16:34:28+00:00,4,"Bug,Arrow",1,0,2023-08,2023
54775,issue,closed,2023-08-26 21:20:41+00:00,2023-08-28 10:35:00+00:00,1,"Bug,Groupby,Categorical",1,0,2023-08,2023
54772,issue,closed,2023-08-26 18:07:45+00:00,2023-08-29 16:06:41+00:00,2,Docs,0,0,2023-08,2023
54771,issue,closed,2023-08-26 14:18:31+00:00,2023-08-26 15:44:56+00:00,0,"Bug,Needs Triage",1,0,2023-08,2023
54770,issue,closed,2023-08-26 13:06:23+00:00,2024-03-09 20:09:44+00:00,196,"Bug,Sparse,NA - MaskedArrays",1,0,2023-08,2023
54769,issue,closed,2023-08-26 11:27:13+00:00,2023-09-11 15:29:44+00:00,16,"Bug,Reshaping",1,0,2023-08,2023
54763,issue,closed,2023-08-25 21:47:47+00:00,2026-05-08 17:52:17+00:00,986,"Bug,Timezones,Timestamp",1,0,2023-08,2023
54756,issue,closed,2023-08-25 14:41:20+00:00,2023-09-16 02:03:23+00:00,21,"CI,Dependencies,Upstream issue",0,0,2023-08,2023
54754,issue,closed,2023-08-25 14:07:31+00:00,2025-09-15 17:30:55+00:00,752,"Performance,Strings,Reduction Operations",0,0,2023-08,2023
54753,issue,closed,2023-08-25 13:18:38+00:00,2026-04-29 21:36:47+00:00,978,"Bug,IO Pickle",1,0,2023-08,2023
54751,issue,closed,2023-08-25 09:40:42+00:00,2023-08-25 18:59:19+00:00,0,"Bug,Groupby,Regression,Blocker",1,0,2023-08,2023
54749,issue,closed,2023-08-25 09:19:13+00:00,2023-08-26 07:57:42+00:00,0,Blocker,0,0,2023-08,2023
54748,issue,closed,2023-08-25 07:36:18+00:00,2023-08-25 08:26:35+00:00,0,"Enhancement,Needs Triage",0,0,2023-08,2023
54745,issue,closed,2023-08-25 01:20:09+00:00,2023-08-28 15:16:42+00:00,3,"Bug,Regression,Index",1,0,2023-08,2023
54741,issue,closed,2023-08-24 22:24:38+00:00,2023-08-25 13:44:17+00:00,0,Needs Info,0,0,2023-08,2023
54732,issue,closed,2023-08-24 18:32:06+00:00,2024-05-31 22:03:53+00:00,281,,0,0,2023-08,2023
54727,issue,closed,2023-08-24 16:49:56+00:00,2023-10-27 02:19:24+00:00,63,"Enhancement,Datetime",0,0,2023-08,2023
54724,issue,closed,2023-08-24 13:30:02+00:00,2023-08-24 19:30:04+00:00,0,Docs,0,0,2023-08,2023
54723,issue,closed,2023-08-24 09:12:17+00:00,2023-08-29 08:17:39+00:00,4,"Bug,Groupby,Duplicate Report,Apply",1,0,2023-08,2023
54722,issue,closed,2023-08-23 23:16:39+00:00,2023-09-25 18:43:42+00:00,32,"Bug,Needs Triage",1,0,2023-08,2023
54715,issue,closed,2023-08-23 17:23:43+00:00,2023-08-30 16:47:05+00:00,6,"Docs,Needs Triage",0,0,2023-08,2023
54712,issue,closed,2023-08-23 15:51:09+00:00,2023-09-05 18:12:14+00:00,13,"Docs,Needs Triage",0,0,2023-08,2023
54709,issue,closed,2023-08-23 14:07:44+00:00,2023-08-24 17:11:58+00:00,1,"Bug,Needs Triage",1,0,2023-08,2023
54706,issue,closed,2023-08-23 09:25:28+00:00,2023-08-28 08:44:00+00:00,4,"Bug,Needs Triage",1,0,2023-08,2023
54695,issue,closed,2023-08-22 20:22:41+00:00,2024-07-17 22:33:49+00:00,330,"Bug,Output-Formatting,MultiIndex,Needs Triage",1,0,2023-08,2023
54686,issue,closed,2023-08-22 10:57:28+00:00,2023-08-29 10:24:57+00:00,6,"Build,Regression",0,0,2023-08,2023
54682,issue,closed,2023-08-22 08:39:41+00:00,2026-03-18 00:20:53+00:00,938,"Bug,Timedelta,Closing Candidate,Non-Nano",1,0,2023-08,2023
54671,issue,closed,2023-08-21 19:43:30+00:00,2024-01-08 21:17:59+00:00,140,"Bug,IO Stata,NA - MaskedArrays,Arrow",1,0,2023-08,2023
54667,issue,closed,2023-08-21 17:34:40+00:00,2023-08-22 18:48:24+00:00,1,"Bug,duplicated,Arrow",1,0,2023-08,2023
54665,issue,closed,2023-08-21 16:59:28+00:00,2023-08-29 05:05:10+00:00,7,"Bug,Needs Triage",1,0,2023-08,2023
54661,issue,closed,2023-08-21 15:07:29+00:00,2023-10-04 15:46:03+00:00,44,"Bug,Dtype Conversions,Strings",1,0,2023-08,2023
54660,issue,closed,2023-08-21 12:37:49+00:00,2023-08-28 09:36:23+00:00,6,"Indexing,API Design,Blocker",0,0,2023-08,2023
54659,issue,closed,2023-08-21 11:15:29+00:00,2024-07-17 22:32:23+00:00,331,"Bug,IO Pickle,Needs Triage",1,0,2023-08,2023
54654,issue,closed,2023-08-20 22:11:11+00:00,2023-10-29 17:22:57+00:00,69,"Bug,Dtype Conversions,Strings",1,0,2023-08,2023
54650,issue,closed,2023-08-20 17:03:05+00:00,2023-08-22 13:36:23+00:00,1,"CI,Upstream issue,Arrow",0,0,2023-08,2023
54648,issue,closed,2023-08-20 16:35:22+00:00,2024-01-28 19:28:24+00:00,161,"Docs,Needs Triage",0,0,2023-08,2023
54646,issue,closed,2023-08-20 14:11:43+00:00,2026-04-03 22:14:56+00:00,957,"Bug,Reshaping,Internals,Index",1,0,2023-08,2023
54645,issue,closed,2023-08-19 20:36:01+00:00,2023-08-19 20:41:33+00:00,0,"Datetime,Usage Question",0,0,2023-08,2023
54644,issue,closed,2023-08-19 19:04:19+00:00,2023-08-30 19:03:58+00:00,10,"Build,Needs Info",0,0,2023-08,2023
54628,issue,closed,2023-08-18 18:06:50+00:00,2024-01-26 19:59:37+00:00,161,"Bug,Performance",1,0,2023-08,2023
54627,issue,closed,2023-08-18 16:26:11+00:00,2026-03-06 20:59:12+00:00,931,"Bug,Groupby,Needs Tests,Arrow,pyarrow dtype retention",1,0,2023-08,2023
54623,issue,closed,2023-08-18 14:00:41+00:00,2023-08-22 23:55:28+00:00,4,"Bug,Datetime,Output-Formatting,Timezones,Non-Nano",1,0,2023-08,2023
54622,issue,closed,2023-08-18 13:49:42+00:00,2023-08-21 18:44:24+00:00,3,"Bug,Indexing,Regression",1,0,2023-08,2023
54600,issue,closed,2023-08-17 11:38:25+00:00,2023-08-22 16:36:40+00:00,5,"Docs,Needs Triage",0,0,2023-08,2023
54592,issue,closed,2023-08-17 07:27:51+00:00,2023-08-24 16:13:21+00:00,7,"Regression,Blocker,Constructors",0,0,2023-08,2023
54589,issue,closed,2023-08-16 22:01:00+00:00,2023-10-08 13:41:27+00:00,52,"Docs,Admin",0,0,2023-08,2023
54580,issue,closed,2023-08-16 13:26:02+00:00,2023-08-22 22:51:55+00:00,6,"Bug,Needs Triage",1,0,2023-08,2023
54577,issue,closed,2023-08-16 12:20:38+00:00,2024-07-17 22:28:23+00:00,336,"Bug,Needs Triage",1,0,2023-08,2023
54565,issue,closed,2023-08-15 21:14:42+00:00,2023-08-16 11:47:43+00:00,0,"Build,Needs Info",0,0,2023-08,2023
54564,issue,closed,2023-08-15 20:41:22+00:00,2023-08-21 18:40:16+00:00,5,"Bug,Missing-data,IO SQL,IO Excel",1,0,2023-08,2023
54561,issue,closed,2023-08-15 19:39:30+00:00,2024-08-26 20:14:40+00:00,377,"Bug,Visualization",1,0,2023-08,2023
54555,issue,closed,2023-08-15 14:33:25+00:00,2024-08-23 21:41:07+00:00,374,"Docs,Datetime,Index",0,0,2023-08,2023
54554,issue,closed,2023-08-15 14:32:33+00:00,2025-11-26 19:23:51+00:00,834,"Bug,Numeric Operations,Timedelta,Index",1,0,2023-08,2023
54552,issue,closed,2023-08-15 12:10:18+00:00,2023-12-08 00:00:48+00:00,114,"Enhancement,IO Excel,Needs Discussion,Closing Candidate",0,0,2023-08,2023
54550,issue,closed,2023-08-15 02:56:46+00:00,2023-08-26 19:12:10+00:00,11,"Indexing,Performance",0,0,2023-08,2023
54547,issue,closed,2023-08-14 23:35:36+00:00,2023-09-22 16:50:53+00:00,38,"Docs,Reduction Operations",0,0,2023-08,2023
54542,issue,closed,2023-08-14 11:03:21+00:00,2023-08-15 17:48:15+00:00,1,"Bug,Needs Triage",1,0,2023-08,2023
54531,issue,closed,2023-08-13 17:11:55+00:00,2023-08-14 14:46:49+00:00,0,"Enhancement,Needs Triage",0,0,2023-08,2023
54519,issue,closed,2023-08-12 22:16:41+00:00,2024-07-17 22:25:42+00:00,340,"Bug,Needs Triage",1,0,2023-08,2023
54518,issue,closed,2023-08-12 20:45:30+00:00,2025-11-10 18:12:56+00:00,820,"Bug,Window",1,0,2023-08,2023
54505,issue,closed,2023-08-11 19:29:06+00:00,2023-08-12 12:47:39+00:00,0,Closing Candidate,0,0,2023-08,2023
54495,issue,closed,2023-08-11 10:06:37+00:00,2023-08-22 18:22:54+00:00,11,"Bug,Arrow",1,0,2023-08,2023
54494,issue,closed,2023-08-11 08:57:04+00:00,2023-11-21 18:30:15+00:00,102,"Typing,Closing Candidate",0,0,2023-08,2023
54492,issue,closed,2023-08-11 03:24:07+00:00,2023-08-15 18:59:36+00:00,4,Docs,0,0,2023-08,2023
54481,issue,closed,2023-08-10 08:44:25+00:00,2023-08-10 11:08:53+00:00,0,"Bug,Needs Triage",1,0,2023-08,2023
54480,issue,closed,2023-08-10 07:45:57+00:00,2023-09-22 23:46:33+00:00,43,"Enhancement,IO CSV,Arrow",0,0,2023-08,2023
54479,issue,closed,2023-08-10 00:02:23+00:00,2025-11-08 18:23:27+00:00,821,"Bug,Timezones,Closing Candidate,OS X",1,0,2023-08,2023
54478,issue,closed,2023-08-09 22:39:17+00:00,2023-08-11 08:38:52+00:00,1,"Bug,Unreliable Test,Warnings,PyPy",1,0,2023-08,2023
54475,issue,closed,2023-08-09 19:38:48+00:00,2025-07-16 23:50:27+00:00,707,"API Design,Numeric Operations",0,0,2023-08,2023
54473,issue,closed,2023-08-09 16:44:14+00:00,2023-08-09 16:59:02+00:00,0,"Bug,Needs Triage",1,0,2023-08,2023
54471,issue,closed,2023-08-09 15:16:28+00:00,2023-08-09 15:36:37+00:00,0,"Bug,Needs Triage",1,0,2023-08,2023
54467,issue,closed,2023-08-09 08:49:01+00:00,2023-11-02 16:35:31+00:00,85,"Enhancement,Datetime,Deprecate",0,0,2023-08,2023
54466,issue,closed,2023-08-09 05:31:08+00:00,2025-11-03 16:44:42+00:00,817,"Community,Arrow",0,0,2023-08,2023
54462,issue,closed,2023-08-08 14:39:34+00:00,2023-08-08 14:42:39+00:00,0,"Bug,Needs Triage",1,0,2023-08,2023
54459,issue,closed,2023-08-08 03:39:32+00:00,2023-09-27 16:50:47+00:00,50,"Bug,IO CSV,Arrow",1,0,2023-08,2023
54454,issue,closed,2023-08-07 22:50:31+00:00,2023-08-18 17:00:32+00:00,10,Docs,0,0,2023-08,2023
54452,issue,closed,2023-08-07 18:26:40+00:00,2023-08-07 18:30:22+00:00,0,"Bug,Needs Triage",1,0,2023-08,2023
54447,issue,closed,2023-08-07 13:28:25+00:00,2023-09-07 16:28:47+00:00,31,"Build,Python 3.12",0,0,2023-08,2023
54444,issue,closed,2023-08-07 01:36:46+00:00,2023-08-07 08:43:05+00:00,0,"Bug,Needs Triage",1,0,2023-08,2023
54442,issue,closed,2023-08-06 18:59:32+00:00,2023-10-31 17:50:18+00:00,85,"Bug,Datetime,Series,Non-Nano",1,0,2023-08,2023
54439,issue,closed,2023-08-06 17:12:36+00:00,2024-07-17 22:22:31+00:00,346,"Docs,Needs Triage",0,0,2023-08,2023
54420,issue,closed,2023-08-04 21:45:05+00:00,2023-08-07 20:22:05+00:00,2,"Testing,ExtensionArray",0,0,2023-08,2023
54409,issue,closed,2023-08-04 14:09:45+00:00,2025-09-10 18:37:50+00:00,768,"Bug,Indexing,Timezones,Needs Tests",1,0,2023-08,2023
54402,issue,closed,2023-08-04 09:33:22+00:00,2023-08-04 10:10:40+00:00,0,"Datetime,Closing Candidate",0,0,2023-08,2023
54400,issue,closed,2023-08-04 07:15:36+00:00,2026-03-18 00:25:55+00:00,956,"Missing-data,Closing Candidate",0,0,2023-08,2023
54392,issue,closed,2023-08-03 20:58:04+00:00,2023-12-06 20:14:16+00:00,124,"Bug,IO Parquet,Upstream issue,Arrow",1,0,2023-08,2023
54391,issue,closed,2023-08-03 20:51:52+00:00,2023-08-04 21:24:00+00:00,1,"Bug,IO SAS,Segfault,ARM",1,0,2023-08,2023
54389,issue,closed,2023-08-03 19:22:15+00:00,2023-08-13 12:47:39+00:00,9,"Performance,Reduction Operations",0,0,2023-08,2023
54385,issue,closed,2023-08-03 13:41:16+00:00,2025-11-06 00:04:40+00:00,825,"Bug,DataFrame,Nested Data",1,0,2023-08,2023
54382,issue,closed,2023-08-03 09:14:56+00:00,2025-06-13 16:11:43+00:00,680,Docs,0,0,2023-08,2023
54381,issue,closed,2023-08-03 04:29:23+00:00,2023-08-03 07:54:20+00:00,0,"Enhancement,Needs Triage",0,0,2023-08,2023
54380,issue,closed,2023-08-03 03:15:41+00:00,2025-12-01 19:14:21+00:00,851,"Bug,Window",1,0,2023-08,2023
54378,issue,closed,2023-08-02 20:53:07+00:00,2023-08-03 22:57:46+00:00,1,"Enhancement,Typing,Closing Candidate,Upstream issue",0,0,2023-08,2023
54373,issue,closed,2023-08-02 12:26:13+00:00,2024-05-31 22:09:18+00:00,303,"Performance,Reshaping,Needs Info",0,0,2023-08,2023
54371,issue,closed,2023-08-02 05:47:33+00:00,2023-08-03 22:08:21+00:00,1,"Bug,NA - MaskedArrays",1,0,2023-08,2023
54358,issue,closed,2023-08-01 18:30:48+00:00,2023-08-01 19:58:17+00:00,0,"Bug,Needs Triage",1,0,2023-08,2023
54352,issue,closed,2023-08-01 11:56:39+00:00,2023-09-15 09:10:54+00:00,44,"Performance,Needs Triage",0,0,2023-08,2023
54347,issue,closed,2023-08-01 06:54:17+00:00,2024-06-25 20:04:59+00:00,329,"Groupby,MultiIndex,Needs Tests",0,0,2023-08,2023
54336,issue,closed,2023-07-31 23:20:33+00:00,2024-07-17 22:17:22+00:00,351,"Enhancement,Needs Triage",0,0,2023-07,2023
54326,issue,closed,2023-07-31 16:39:29+00:00,2023-08-01 16:56:08+00:00,1,"Visualization,Deprecate,Clean",0,0,2023-07,2023
54321,issue,closed,2023-07-31 13:21:22+00:00,2023-11-06 09:40:44+00:00,97,"Enhancement,IO Parquet,metadata",0,0,2023-07,2023
54320,issue,closed,2023-07-31 11:39:02+00:00,2026-05-09 16:34:52+00:00,1013,"Docs,Datetime,Closing Candidate",0,0,2023-07,2023
54319,issue,closed,2023-07-31 09:18:10+00:00,2023-08-01 16:31:14+00:00,1,"Docs,Reshaping",0,0,2023-07,2023
54315,issue,closed,2023-07-30 17:41:03+00:00,2024-04-15 17:13:22+00:00,259,"Timedelta,Arrow",0,0,2023-07,2023
54312,issue,closed,2023-07-30 15:12:10+00:00,2023-07-30 17:38:54+00:00,0,,0,0,2023-07,2023
54310,issue,closed,2023-07-30 11:11:57+00:00,2023-07-30 11:14:36+00:00,0,"Bug,Needs Triage",1,0,2023-07,2023
54307,issue,closed,2023-07-29 14:40:13+00:00,2023-07-30 13:46:50+00:00,0,"Duplicate Report,Compat",0,0,2023-07,2023
54305,issue,closed,2023-07-29 10:58:40+00:00,2024-03-18 02:07:25+00:00,232,"Bug,Indexing,MultiIndex,Closing Candidate",1,0,2023-07,2023
54296,issue,closed,2023-07-28 19:52:32+00:00,2023-09-08 20:32:22+00:00,42,"IO CSV,Warnings",0,0,2023-07,2023
54295,issue,closed,2023-07-28 19:49:19+00:00,2026-05-09 11:59:20+00:00,1015,"Docs,Resample",0,0,2023-07,2023
54285,issue,closed,2023-07-28 14:02:51+00:00,2023-08-23 15:50:26+00:00,26,"Docs,IO CSV,IO Excel",0,0,2023-07,2023
54284,issue,closed,2023-07-28 11:44:50+00:00,2023-08-06 12:08:18+00:00,9,"Usage Question,IO Excel,Closing Candidate",0,0,2023-07,2023
54280,issue,closed,2023-07-27 21:26:49+00:00,2023-07-28 00:13:48+00:00,0,"Docs,Needs Info",0,0,2023-07,2023
54275,issue,closed,2023-07-27 11:34:08+00:00,2023-11-09 13:45:10+00:00,105,Deprecate,0,0,2023-07,2023
54274,issue,closed,2023-07-27 07:29:19+00:00,2024-05-31 22:10:01+00:00,309,"Bug,IO SQL,Needs Info",1,0,2023-07,2023
54273,issue,closed,2023-07-27 03:23:14+00:00,2023-07-28 17:30:34+00:00,1,"Bug,Needs Triage",1,0,2023-07,2023
54270,issue,closed,2023-07-26 21:05:01+00:00,2023-07-27 16:17:36+00:00,0,"Enhancement,Numeric Operations,Timedelta,Interval,Timestamp",0,0,2023-07,2023
54264,issue,closed,2023-07-26 09:06:14+00:00,2023-10-10 18:57:48+00:00,76,"Enhancement,IO Data,metadata",0,0,2023-07,2023
54262,issue,closed,2023-07-26 04:47:03+00:00,2023-07-26 15:33:42+00:00,0,"Enhancement,Needs Triage",0,0,2023-07,2023
54259,issue,closed,2023-07-25 17:39:40+00:00,2023-08-01 21:15:51+00:00,7,"Bug,Needs Triage",1,0,2023-07,2023
54255,issue,closed,2023-07-25 14:08:38+00:00,2023-10-11 06:29:01+00:00,77,,0,0,2023-07,2023
54253,issue,closed,2023-07-25 13:27:03+00:00,2023-07-25 14:52:39+00:00,0,"Build,Usage Question",0,0,2023-07,2023
54251,issue,closed,2023-07-25 12:00:57+00:00,2023-08-04 16:52:29+00:00,10,"Bug,Dtype Conversions",1,0,2023-07,2023
54249,issue,closed,2023-07-25 07:22:45+00:00,2023-09-01 11:54:10+00:00,38,"Reshaping,Closing Candidate",0,0,2023-07,2023
54239,issue,closed,2023-07-24 10:14:20+00:00,2023-07-25 18:33:22+00:00,1,"Bug,Interchange",1,0,2023-07,2023
54237,issue,closed,2023-07-24 06:36:54+00:00,2023-09-13 09:40:09+00:00,51,"Groupby,Performance,Needs Info,Apply",0,0,2023-07,2023
54235,issue,closed,2023-07-23 16:48:04+00:00,2025-07-16 03:25:05+00:00,723,"Period,Deprecate,Needs Discussion",0,0,2023-07,2023
54231,issue,closed,2023-07-23 00:10:21+00:00,2026-04-22 21:58:19+00:00,1004,"Bug,Docs",1,0,2023-07,2023
54229,issue,closed,2023-07-22 19:20:05+00:00,2023-08-23 21:15:49+00:00,32,"IO Data,Deprecate",0,0,2023-07,2023
54227,issue,closed,2023-07-22 08:56:11+00:00,2025-08-27 18:30:12+00:00,767,"Enhancement,Output-Formatting,Needs Discussion",0,0,2023-07,2023
54212,issue,closed,2023-07-20 17:42:58+00:00,2023-08-31 08:41:57+00:00,41,"Bug,Needs Triage",1,0,2023-07,2023
54208,issue,closed,2023-07-20 15:50:57+00:00,2023-07-20 16:26:54+00:00,0,"Performance,Needs Triage",0,0,2023-07,2023
54207,issue,closed,2023-07-20 15:45:59+00:00,2023-07-20 15:51:10+00:00,0,"Bug,Needs Triage",1,0,2023-07,2023
54206,issue,closed,2023-07-20 11:49:08+00:00,2023-09-22 02:30:53+00:00,63,"Bug,Groupby,NA - MaskedArrays,Transformations",1,0,2023-07,2023
54203,issue,closed,2023-07-20 07:34:41+00:00,2025-06-02 17:31:41+00:00,683,"Bug,Window,Reduction Operations",1,0,2023-07,2023
54195,issue,closed,2023-07-19 14:42:46+00:00,2024-03-18 02:08:13+00:00,242,"Bug,Output-Formatting,Closing Candidate",1,0,2023-07,2023
54193,issue,closed,2023-07-19 14:06:44+00:00,2026-05-16 15:31:12+00:00,1032,"Error Reporting,Algos,Describe/info/etc",0,0,2023-07,2023
54192,issue,closed,2023-07-19 12:59:59+00:00,2023-07-25 22:14:20+00:00,6,"Bug,IO LaTeX",1,0,2023-07,2023
54191,issue,closed,2023-07-19 12:31:05+00:00,2023-08-09 17:00:44+00:00,21,Needs Tests,0,0,2023-07,2023
54190,issue,closed,2023-07-19 10:52:27+00:00,2025-11-13 13:51:27+00:00,848,"Bug,Strings,IO Parquet,Arrow",1,0,2023-07,2023
54182,issue,closed,2023-07-18 19:40:10+00:00,2023-07-18 23:50:02+00:00,0,"Bug,Apply,Closing Candidate",1,0,2023-07,2023
54178,issue,closed,2023-07-18 03:11:27+00:00,2024-04-29 13:29:30+00:00,286,"Build,Usage Question",0,0,2023-07,2023
54173,issue,closed,2023-07-18 00:15:49+00:00,2023-07-24 18:07:14+00:00,6,"Bug,Strings",1,0,2023-07,2023
54167,issue,closed,2023-07-17 17:51:30+00:00,2023-08-08 19:53:18+00:00,22,"Bug,Output-Formatting,IO HTML,Complex",1,0,2023-07,2023
54163,issue,closed,2023-07-17 14:02:29+00:00,2023-07-17 21:28:09+00:00,0,"Bug,Needs Triage",1,0,2023-07,2023
54161,issue,closed,2023-07-17 10:21:48+00:00,2023-07-17 20:57:17+00:00,0,"Bug,Groupby,Missing-data,Closing Candidate",1,0,2023-07,2023
54154,issue,closed,2023-07-16 07:28:16+00:00,2024-02-15 21:19:49+00:00,214,"Refactor,IO Excel",0,0,2023-07,2023
54152,issue,closed,2023-07-16 00:49:44+00:00,2023-08-06 15:30:17+00:00,21,"Usage Question,Copy / view semantics",0,0,2023-07,2023
54134,issue,closed,2023-07-15 14:23:25+00:00,2023-10-04 16:38:18+00:00,81,"Bug,metadata",1,0,2023-07,2023
54124,issue,closed,2023-07-14 07:53:54+00:00,2024-08-25 18:44:59+00:00,408,"Build,ARM,OS X",0,0,2023-07,2023
54123,issue,closed,2023-07-14 03:09:59+00:00,2023-07-14 04:11:39+00:00,0,"Docs,Needs Triage",0,0,2023-07,2023
54121,issue,closed,2023-07-13 23:44:46+00:00,2026-05-15 16:15:20+00:00,1036,"Docs,IO JSON",0,0,2023-07,2023
54120,issue,closed,2023-07-13 23:41:30+00:00,2023-07-14 04:00:39+00:00,0,"Build,Closing Candidate",0,0,2023-07,2023
54107,issue,closed,2023-07-13 15:17:17+00:00,2023-07-21 07:59:30+00:00,7,Docs,0,0,2023-07,2023
54106,issue,closed,2023-07-13 14:39:29+00:00,2023-08-09 05:29:24+00:00,26,Vote,0,0,2023-07,2023
54094,issue,closed,2023-07-12 14:29:20+00:00,2024-09-04 16:54:02+00:00,420,"Enhancement,Datetime,Needs Discussion,Index",0,0,2023-07,2023
54093,issue,closed,2023-07-12 03:07:41+00:00,2023-07-18 03:08:21+00:00,6,"Bug,Datetime,Index",1,0,2023-07,2023
54092,issue,closed,2023-07-12 02:25:09+00:00,2023-11-21 18:37:53+00:00,132,"Build,Needs Info",0,0,2023-07,2023
54089,issue,closed,2023-07-11 20:20:56+00:00,2023-07-11 21:16:13+00:00,0,"Docs,Needs Triage",0,0,2023-07,2023
54083,issue,closed,2023-07-11 16:06:35+00:00,2023-07-11 17:10:59+00:00,0,"Bug,Needs Triage",1,0,2023-07,2023
54082,issue,closed,2023-07-11 14:31:51+00:00,2024-04-28 11:35:38+00:00,291,"IO LaTeX,Styler,Closing Candidate",0,0,2023-07,2023
54080,issue,closed,2023-07-11 12:12:00+00:00,2023-07-11 12:22:28+00:00,0,"Enhancement,Needs Triage",0,0,2023-07,2023
54076,issue,closed,2023-07-11 08:07:55+00:00,2024-08-26 20:08:01+00:00,412,"Enhancement,Needs Info",0,0,2023-07,2023
54072,issue,closed,2023-07-10 21:53:30+00:00,2026-04-16 17:45:32+00:00,1010,"Testing,Index",0,0,2023-07,2023
54071,issue,closed,2023-07-10 21:49:03+00:00,2023-07-11 04:02:06+00:00,0,"Bug,Groupby,Needs Info,Window",1,0,2023-07,2023
54070,issue,closed,2023-07-10 21:18:47+00:00,2023-11-21 19:22:55+00:00,133,"Bug,IO CSV,IO Network,Upstream issue",1,0,2023-07,2023
54069,issue,closed,2023-07-10 20:53:23+00:00,2023-07-11 03:22:35+00:00,0,"Bug,Numeric Operations,Closing Candidate",1,0,2023-07,2023
54063,issue,closed,2023-07-10 09:48:56+00:00,2023-08-30 17:30:43+00:00,51,"Bug,Arrow",1,0,2023-07,2023
54062,issue,closed,2023-07-10 09:34:29+00:00,2023-07-18 16:50:52+00:00,8,"Bug,Arrow",1,0,2023-07,2023
54059,issue,closed,2023-07-09 21:05:46+00:00,2023-07-17 17:40:57+00:00,7,"Error Reporting,Timedelta,Timestamp",0,0,2023-07,2023
54056,issue,closed,2023-07-09 17:26:49+00:00,2023-07-11 08:54:06+00:00,1,Warnings,0,0,2023-07,2023
54055,issue,closed,2023-07-09 14:25:55+00:00,2023-07-11 21:18:00+00:00,2,"Bug,Reshaping,Series",1,0,2023-07,2023
54054,issue,closed,2023-07-09 14:06:44+00:00,2023-07-09 21:26:39+00:00,0,"Bug,Needs Triage",1,0,2023-07,2023
54050,issue,closed,2023-07-08 00:31:54+00:00,2023-11-21 18:30:35+00:00,136,"Docs,Community,Closing Candidate",0,0,2023-07,2023
54048,issue,closed,2023-07-07 22:22:51+00:00,2024-05-31 18:40:05+00:00,328,"Enhancement,Dtype Conversions,IO CSV,Non-Nano",0,0,2023-07,2023
54045,issue,closed,2023-07-07 20:19:48+00:00,2025-10-13 17:16:43+00:00,828,Docs,0,0,2023-07,2023
54036,issue,closed,2023-07-07 13:04:01+00:00,2023-07-07 17:48:43+00:00,0,"Bug,Needs Triage",1,0,2023-07,2023
54033,issue,closed,2023-07-07 09:33:08+00:00,2023-07-12 15:40:26+00:00,5,"Enhancement,Series",0,0,2023-07,2023
54032,issue,closed,2023-07-07 06:36:43+00:00,2023-07-07 08:46:31+00:00,0,"Bug,Needs Triage",1,0,2023-07,2023
54031,issue,closed,2023-07-07 05:25:28+00:00,2023-07-07 08:48:41+00:00,0,"Bug,Needs Triage",1,0,2023-07,2023
54029,issue,closed,2023-07-07 02:37:35+00:00,2023-07-11 13:33:59+00:00,4,"Bug,Datetime,Dtype Conversions",1,0,2023-07,2023
54028,issue,closed,2023-07-06 22:17:10+00:00,2023-08-08 16:37:46+00:00,32,Docs,0,0,2023-07,2023
54022,issue,closed,2023-07-06 17:48:05+00:00,2023-07-06 21:05:22+00:00,0,"Docs,Copy / view semantics",0,0,2023-07,2023
54021,issue,closed,2023-07-06 11:09:17+00:00,2024-07-17 22:08:42+00:00,377,"Bug,Needs Triage",1,0,2023-07,2023
54016,issue,closed,2023-07-06 01:55:15+00:00,2024-07-17 22:03:28+00:00,377,"Bug,Datetime,Needs Triage",1,0,2023-07,2023
54007,issue,closed,2023-07-05 16:05:45+00:00,2023-07-05 22:10:23+00:00,0,"Bug,Needs Triage",1,0,2023-07,2023
54005,issue,closed,2023-07-05 13:22:03+00:00,2023-07-07 08:45:11+00:00,1,"Enhancement,Reshaping,Needs Info",0,0,2023-07,2023
54003,issue,closed,2023-07-05 10:56:53+00:00,2023-07-05 14:58:18+00:00,0,"Bug,Error Reporting,Needs Discussion,Constructors,Closing Candidate",1,0,2023-07,2023
53997,issue,closed,2023-07-04 13:59:25+00:00,2023-07-05 11:50:09+00:00,0,"Bug,Needs Triage",1,0,2023-07,2023
53983,issue,closed,2023-07-03 15:17:32+00:00,2023-07-19 15:41:36+00:00,16,"Bug,Needs Triage",1,0,2023-07,2023
53979,issue,closed,2023-07-03 13:55:46+00:00,2023-07-18 20:24:35+00:00,15,"Bug,Arrow",1,0,2023-07,2023
53978,issue,closed,2023-07-03 12:25:29+00:00,2023-07-06 19:48:36+00:00,3,Build,0,0,2023-07,2023
53969,issue,closed,2023-07-02 13:17:59+00:00,2023-07-13 20:19:53+00:00,11,"Reshaping,Regression,Needs Discussion",0,0,2023-07,2023
53951,issue,closed,2023-06-30 18:06:57+00:00,2023-07-13 18:23:39+00:00,13,"Bug,IO Parquet,Arrow",1,0,2023-06,2023
53945,issue,closed,2023-06-30 09:36:08+00:00,2026-03-02 23:56:24+00:00,976,Performance,0,0,2023-06,2023
53939,issue,closed,2023-06-29 21:57:35+00:00,2024-04-06 15:59:04+00:00,281,"Bug,Needs Triage",1,0,2023-06,2023
53935,issue,closed,2023-06-29 19:10:55+00:00,2023-07-11 17:32:56+00:00,11,"Bug,Categorical",1,0,2023-06,2023
53934,issue,closed,2023-06-29 18:24:49+00:00,2023-07-06 21:11:20+00:00,7,"Missing-data,Typing",0,0,2023-06,2023
53933,issue,closed,2023-06-29 18:18:10+00:00,2024-05-16 03:52:35+00:00,321,"API Design,Needs Discussion,numba",0,0,2023-06,2023
53928,issue,closed,2023-06-29 15:40:33+00:00,2023-08-12 13:18:56+00:00,43,"Dtype Conversions,Usage Question",0,0,2023-06,2023
53926,issue,closed,2023-06-29 10:02:37+00:00,2023-06-29 10:09:41+00:00,0,,0,0,2023-06,2023
53924,issue,closed,2023-06-29 08:26:41+00:00,2023-06-30 02:55:53+00:00,0,"Bug,IO Excel,Upstream issue",1,0,2023-06,2023
53910,issue,closed,2023-06-28 16:30:48+00:00,2026-03-14 16:55:55+00:00,990,"Deprecate,Needs Discussion",0,0,2023-06,2023
53908,issue,closed,2023-06-28 13:53:29+00:00,2023-07-19 18:23:52+00:00,21,"Bug,Needs Triage",1,0,2023-06,2023
53907,issue,closed,2023-06-28 13:37:15+00:00,2023-06-28 13:37:26+00:00,0,"Bug,Needs Triage",1,0,2023-06,2023
53904,issue,closed,2023-06-28 11:11:09+00:00,2025-09-05 18:51:41+00:00,800,"Enhancement,Groupby,Needs Discussion",0,0,2023-06,2023
53900,issue,closed,2023-06-28 04:52:38+00:00,2023-06-28 15:46:49+00:00,0,"Enhancement,Needs Triage",0,0,2023-06,2023
53898,issue,closed,2023-06-28 04:36:10+00:00,2023-07-10 17:36:15+00:00,12,"Bug,Missing-data,Multi-Block",1,0,2023-06,2023
53896,issue,closed,2023-06-28 03:16:28+00:00,2023-08-11 07:47:27+00:00,44,Release,0,0,2023-06,2023
53887,issue,closed,2023-06-27 18:23:02+00:00,2026-03-29 18:08:02+00:00,1005,"Bug,Missing-data,NA - MaskedArrays,PDEP missing values",1,0,2023-06,2023
53885,issue,closed,2023-06-27 17:26:54+00:00,2023-07-18 23:01:36+00:00,21,"Bug,Needs Triage",1,0,2023-06,2023
53878,issue,closed,2023-06-27 06:30:49+00:00,2023-07-13 08:54:09+00:00,16,Docs,0,0,2023-06,2023
53868,issue,closed,2023-06-26 20:14:08+00:00,2025-09-08 18:25:53+00:00,804,"Reshaping,Dtype Conversions,Deprecate,Needs Discussion",0,0,2023-06,2023
53867,issue,closed,2023-06-26 20:04:14+00:00,2023-06-26 22:16:00+00:00,0,"Enhancement,Needs Triage",0,0,2023-06,2023
53857,issue,closed,2023-06-26 12:29:15+00:00,2023-07-07 19:08:44+00:00,11,"IO Data,Compat",0,0,2023-06,2023
53854,issue,closed,2023-06-26 09:26:14+00:00,2023-06-26 20:18:52+00:00,0,"Bug,IO SQL,Arrow",1,0,2023-06,2023
53853,issue,closed,2023-06-26 07:46:26+00:00,2023-07-03 20:07:40+00:00,7,"Bug,replace",1,0,2023-06,2023
53851,issue,closed,2023-06-26 04:45:55+00:00,2023-06-28 10:17:56+00:00,2,"Docs,Benchmark",0,0,2023-06,2023
53847,issue,closed,2023-06-25 21:27:43+00:00,2023-06-26 17:32:37+00:00,0,Docs,0,0,2023-06,2023
53846,issue,closed,2023-06-25 19:51:45+00:00,2023-10-19 16:42:45+00:00,115,"Bug,Strings,Arrow,pyarrow dtype retention",1,0,2023-06,2023
53843,issue,closed,2023-06-25 15:19:31+00:00,2026-04-06 03:37:09+00:00,1015,"Enhancement,Interval,Series,Closing Candidate",0,0,2023-06,2023
53841,issue,closed,2023-06-25 13:13:58+00:00,2023-06-26 17:46:50+00:00,1,"Bug,Needs Triage",1,0,2023-06,2023
53840,issue,closed,2023-06-25 12:57:18+00:00,2023-06-26 16:49:59+00:00,1,,0,0,2023-06,2023
53837,issue,closed,2023-06-25 04:57:19+00:00,2023-06-26 17:41:24+00:00,1,"Docs,Needs Triage",0,0,2023-06,2023
53835,issue,closed,2023-06-25 04:23:10+00:00,2023-06-26 17:42:15+00:00,1,Docs,0,0,2023-06,2023
53833,issue,closed,2023-06-25 00:52:30+00:00,2023-12-06 20:14:54+00:00,164,"Bug,Strings,Upstream issue,Arrow",1,0,2023-06,2023
53831,issue,closed,2023-06-24 17:55:41+00:00,2023-07-24 17:45:10+00:00,29,"Bug,Groupby,Dtype Conversions,NA - MaskedArrays,Arrow",1,0,2023-06,2023
53826,issue,closed,2023-06-23 21:13:49+00:00,2023-06-27 17:08:06+00:00,3,"Reshaping,Clean",0,0,2023-06,2023
53824,issue,closed,2023-06-23 20:47:05+00:00,2023-06-28 16:10:23+00:00,4,"Bug,Reshaping",1,0,2023-06,2023
53813,issue,closed,2023-06-23 04:25:02+00:00,2023-08-20 22:12:58+00:00,58,"Bug,IO CSV,Needs Triage",1,0,2023-06,2023
53811,issue,closed,2023-06-23 00:06:03+00:00,2023-07-17 16:54:18+00:00,24,"Bug,IO XML",1,0,2023-06,2023
53802,issue,closed,2023-06-22 21:43:10+00:00,2025-09-09 16:33:45+00:00,809,"Datetime,Missing-data,Dtype Conversions,Deprecate",0,0,2023-06,2023
53801,issue,closed,2023-06-22 21:38:54+00:00,2025-07-16 21:40:24+00:00,755,"Enhancement,Error Reporting,Timedelta",0,0,2023-06,2023
53799,issue,closed,2023-06-22 17:37:38+00:00,2023-06-22 17:52:09+00:00,0,"Bug,Needs Triage",1,0,2023-06,2023
53798,issue,closed,2023-06-22 17:19:41+00:00,2023-12-06 20:09:34+00:00,167,"Bug,Upstream issue,Arrow",1,0,2023-06,2023
53793,issue,closed,2023-06-22 11:39:01+00:00,2023-07-11 20:44:58+00:00,19,"Bug,Groupby,Performance,Needs Info,Closing Candidate",1,0,2023-06,2023
53791,issue,closed,2023-06-22 06:55:25+00:00,2023-06-26 03:07:11+00:00,3,"Unreliable Test,ARM",0,0,2023-06,2023
53786,issue,closed,2023-06-22 02:49:43+00:00,2023-06-23 17:37:31+00:00,1,"Bug,Reshaping",1,0,2023-06,2023
53783,issue,closed,2023-06-22 01:02:38+00:00,2026-03-31 15:38:56+00:00,1013,"Reshaping,Deprecate,Needs Discussion",0,0,2023-06,2023
53777,issue,closed,2023-06-21 20:12:02+00:00,2023-08-01 17:34:09+00:00,40,"Docs,Needs Info,Warnings",0,0,2023-06,2023
53770,issue,closed,2023-06-21 13:31:50+00:00,2023-06-21 19:52:05+00:00,0,Docs,0,0,2023-06,2023
53767,issue,closed,2023-06-21 09:23:50+00:00,2023-06-27 17:29:09+00:00,6,"IO Data,Deprecate",0,0,2023-06,2023
53763,issue,closed,2023-06-21 05:43:46+00:00,2023-06-26 17:45:54+00:00,5,Docs,0,0,2023-06,2023
53762,issue,closed,2023-06-21 03:39:40+00:00,2023-06-22 16:19:34+00:00,1,"Bug,Needs Triage",1,0,2023-06,2023
53761,issue,closed,2023-06-21 02:42:39+00:00,2023-08-03 01:43:10+00:00,42,"Bug,Reshaping,Deprecate,Needs Discussion",1,0,2023-06,2023
53759,issue,closed,2023-06-21 02:07:04+00:00,2023-06-21 16:25:57+00:00,0,"Groupby,Performance",0,0,2023-06,2023
53739,issue,closed,2023-06-20 15:06:28+00:00,2023-08-29 10:31:58+00:00,69,"Enhancement,Groupby,Transformations",0,0,2023-06,2023
53738,issue,closed,2023-06-20 10:05:22+00:00,2023-06-27 15:22:06+00:00,7,"Bug,Non-Nano,Timestamp",1,0,2023-06,2023
53737,issue,closed,2023-06-20 09:58:28+00:00,2023-06-20 16:34:44+00:00,0,"Performance,Needs Triage",0,0,2023-06,2023
53733,issue,closed,2023-06-20 02:58:35+00:00,2023-06-20 18:57:15+00:00,0,"Bug,Needs Triage",1,0,2023-06,2023
53729,issue,closed,2023-06-19 17:35:55+00:00,2024-07-17 21:55:47+00:00,394,"Bug,Indexing,Needs Triage",1,0,2023-06,2023
53724,issue,closed,2023-06-19 14:34:52+00:00,2023-06-21 10:10:53+00:00,1,"Docs,Needs Triage",0,0,2023-06,2023
53720,issue,closed,2023-06-19 09:58:28+00:00,2025-03-28 20:44:09+00:00,648,"Bug,Algos,Strings",1,0,2023-06,2023
53718,issue,closed,2023-06-19 08:17:12+00:00,2023-08-10 18:29:44+00:00,52,"Docs,Copy / view semantics",0,0,2023-06,2023
53713,issue,closed,2023-06-18 10:32:00+00:00,2024-07-17 21:52:10+00:00,395,"Usage Question,Needs Triage",0,0,2023-06,2023
53712,issue,closed,2023-06-18 09:59:53+00:00,2023-06-20 16:29:23+00:00,2,"Enhancement,IO Data,Upstream issue",0,0,2023-06,2023
53705,issue,closed,2023-06-16 23:16:18+00:00,2023-06-19 02:10:35+00:00,2,"Bug,Groupby",1,0,2023-06,2023
53700,issue,closed,2023-06-16 18:04:50+00:00,2023-06-19 14:00:04+00:00,2,Closing Candidate,0,0,2023-06,2023
53696,issue,closed,2023-06-15 23:18:17+00:00,2025-07-11 00:50:35+00:00,756,"Performance,Reshaping,API Design,ExtensionArray",0,0,2023-06,2023
53695,issue,closed,2023-06-15 22:15:44+00:00,2025-07-16 03:25:33+00:00,761,"API Design,Deprecate,Needs Discussion,Constructors,NA - MaskedArrays,PDEP missing values",0,0,2023-06,2023
53694,issue,closed,2023-06-15 22:14:29+00:00,2023-07-18 20:32:54+00:00,32,"Refactor,API Design,ExtensionArray",0,0,2023-06,2023
53692,issue,closed,2023-06-15 18:04:02+00:00,2023-06-21 14:27:04+00:00,5,Deprecate,0,0,2023-06,2023
53688,issue,closed,2023-06-15 15:16:42+00:00,2023-06-15 22:07:50+00:00,0,"Bug,Groupby,Closing Candidate,Transformations",1,0,2023-06,2023
53687,issue,closed,2023-06-15 13:13:54+00:00,2023-07-10 17:54:14+00:00,25,"Bug,Needs Triage",1,0,2023-06,2023
53686,issue,closed,2023-06-15 12:56:01+00:00,2023-07-25 22:07:18+00:00,40,"Bug,IO JSON,Non-Nano",1,0,2023-06,2023
53685,issue,closed,2023-06-15 12:28:39+00:00,2023-07-11 18:09:55+00:00,26,Build,0,0,2023-06,2023
53684,issue,closed,2023-06-15 10:13:57+00:00,2024-07-17 21:51:18+00:00,398,"Bug,Visualization,Needs Triage",1,0,2023-06,2023
53676,issue,closed,2023-06-14 19:47:22+00:00,2024-05-31 22:06:13+00:00,352,,0,0,2023-06,2023
53674,issue,closed,2023-06-14 18:30:30+00:00,2023-12-11 17:32:44+00:00,179,Docs,0,0,2023-06,2023
53673,issue,closed,2023-06-14 18:16:19+00:00,2026-05-13 16:52:24+00:00,1063,Docs,0,0,2023-06,2023
53669,issue,closed,2023-06-14 14:34:30+00:00,2023-06-14 17:01:26+00:00,0,"Docs,Needs Triage",0,0,2023-06,2023
53668,issue,closed,2023-06-14 14:05:07+00:00,2023-06-26 09:20:08+00:00,11,"Bug,Timestamp",1,0,2023-06,2023
53665,issue,closed,2023-06-14 11:48:46+00:00,2023-11-07 01:19:55+00:00,145,"Enhancement,Compat,Python 3.12",0,0,2023-06,2023
53664,issue,closed,2023-06-14 11:30:10+00:00,2023-06-20 17:15:35+00:00,6,"Bug,Resample",1,0,2023-06,2023
53663,issue,closed,2023-06-14 09:04:03+00:00,2024-01-14 14:27:13+00:00,214,"Bug,Groupby",1,0,2023-06,2023
53662,issue,closed,2023-06-14 07:15:47+00:00,2023-07-25 07:29:01+00:00,41,"Bug,Resample",1,0,2023-06,2023
53658,issue,closed,2023-06-13 23:09:27+00:00,2023-06-20 18:29:15+00:00,6,"Bug,Needs Triage",1,0,2023-06,2023
53653,issue,closed,2023-06-13 20:11:02+00:00,2023-11-21 18:28:22+00:00,160,"Enhancement,Dtype Conversions,Needs Discussion,Closing Candidate",0,0,2023-06,2023
53649,issue,closed,2023-06-13 16:52:56+00:00,2023-06-14 03:05:06+00:00,0,"Bug,Groupby,Apply",1,0,2023-06,2023
53648,issue,closed,2023-06-13 15:24:01+00:00,2023-06-20 20:50:04+00:00,7,"Bug,Arrow",1,0,2023-06,2023
53645,issue,closed,2023-06-13 10:40:36+00:00,2023-06-13 18:33:23+00:00,0,"Bug,Needs Triage",1,0,2023-06,2023
53644,issue,closed,2023-06-13 10:32:49+00:00,2023-06-20 22:41:08+00:00,7,"Bug,Indexing,Arrow",1,0,2023-06,2023
53640,issue,closed,2023-06-13 05:08:52+00:00,2023-10-30 17:01:22+00:00,139,"Bug,Reshaping",1,0,2023-06,2023
53639,issue,closed,2023-06-13 03:56:00+00:00,2026-03-13 20:32:56+00:00,1004,"Bug,Reduction Operations",1,0,2023-06,2023
53636,issue,closed,2023-06-13 02:14:30+00:00,2023-06-13 16:25:49+00:00,0,"Bug,Reshaping",1,0,2023-06,2023
53633,issue,closed,2023-06-13 01:07:02+00:00,2024-07-17 21:48:56+00:00,400,"Bug,Needs Triage",1,0,2023-06,2023
53631,issue,closed,2023-06-12 23:08:27+00:00,2023-06-13 17:11:22+00:00,0,"Missing-data,API Design,Deprecate",0,0,2023-06,2023
53630,issue,closed,2023-06-12 22:08:03+00:00,2023-06-14 15:30:06+00:00,1,"Build,Needs Info,OS X",0,0,2023-06,2023
53629,issue,closed,2023-06-12 21:51:29+00:00,2023-06-12 23:22:00+00:00,0,"Bug,Needs Triage",1,0,2023-06,2023
53627,issue,closed,2023-06-12 20:38:25+00:00,2023-06-20 17:57:47+00:00,7,"Bug,Complex,Constructors",1,0,2023-06,2023
53626,issue,closed,2023-06-12 20:35:12+00:00,2023-06-13 17:17:50+00:00,0,Docs,0,0,2023-06,2023
53622,issue,closed,2023-06-12 16:29:45+00:00,2023-06-12 19:15:05+00:00,0,"Bug,Needs Triage",1,0,2023-06,2023
53621,issue,closed,2023-06-12 16:04:14+00:00,2023-07-31 16:48:33+00:00,49,"Missing-data,API Design,ExtensionArray",0,0,2023-06,2023
53617,issue,closed,2023-06-12 11:56:11+00:00,2023-06-21 01:41:12+00:00,8,"Bug,Constructors,Arrow",1,0,2023-06,2023
53616,issue,closed,2023-06-12 09:56:07+00:00,2023-06-15 00:06:19+00:00,2,"Bug,Copy / view semantics",1,0,2023-06,2023
53615,issue,closed,2023-06-12 09:48:04+00:00,2023-06-12 09:53:02+00:00,0,"Usage Question,Needs Triage",0,0,2023-06,2023
53606,issue,closed,2023-06-11 21:00:12+00:00,2023-06-14 02:53:15+00:00,2,"Bug,Groupby,Reduction Operations",1,0,2023-06,2023
53604,issue,closed,2023-06-11 16:46:16+00:00,2024-07-17 21:47:40+00:00,402,"Bug,Datetime,Needs Triage",1,0,2023-06,2023
53600,issue,closed,2023-06-11 08:38:35+00:00,2023-06-13 06:17:06+00:00,1,Usage Question,0,0,2023-06,2023
53596,issue,closed,2023-06-11 03:25:21+00:00,2023-06-11 23:09:57+00:00,0,Docs,0,0,2023-06,2023
53589,issue,closed,2023-06-10 11:59:30+00:00,2023-06-10 14:50:31+00:00,0,"Bug,Needs Triage",1,0,2023-06,2023
53587,issue,closed,2023-06-10 11:04:25+00:00,2023-06-10 12:26:39+00:00,0,Needs Info,0,0,2023-06,2023
53586,issue,closed,2023-06-10 10:24:58+00:00,2023-06-10 10:50:17+00:00,0,,0,0,2023-06,2023
53583,issue,closed,2023-06-10 02:08:10+00:00,2023-06-27 08:30:17+00:00,17,"Enhancement,Groupby,Needs Triage",0,0,2023-06,2023
53581,issue,closed,2023-06-09 23:23:59+00:00,2023-06-12 20:44:23+00:00,2,"Missing-data,Deprecate",0,0,2023-06,2023
53574,issue,closed,2023-06-09 12:30:52+00:00,2023-06-20 17:52:54+00:00,11,"Performance,MultiIndex",0,0,2023-06,2023
53570,issue,closed,2023-06-08 20:39:53+00:00,2023-06-14 02:46:07+00:00,5,"Bug,Period,Needs Triage,Timestamp",1,0,2023-06,2023
53562,issue,closed,2023-06-08 13:01:41+00:00,2026-05-03 17:36:44+00:00,1060,"Bug,Period",1,0,2023-06,2023
53560,issue,closed,2023-06-08 08:31:47+00:00,2023-06-24 09:36:55+00:00,16,"Usage Question,Needs Info,replace,Needs Triage",0,0,2023-06,2023
53553,issue,closed,2023-06-07 13:49:19+00:00,2023-06-26 04:11:01+00:00,18,"Bug,Visualization,Compat",1,0,2023-06,2023
53547,issue,closed,2023-06-07 00:05:42+00:00,2023-07-18 16:04:45+00:00,41,"Enhancement,ExtensionArray,Reduction Operations,Closing Candidate",0,0,2023-06,2023
53546,issue,closed,2023-06-06 20:51:38+00:00,2023-06-12 18:10:34+00:00,5,"Docs,Indexing",0,0,2023-06,2023
53545,issue,closed,2023-06-06 20:19:05+00:00,2023-06-19 01:46:41+00:00,12,"Groupby,Deprecate",0,0,2023-06,2023
53537,issue,closed,2023-06-06 13:59:48+00:00,2023-06-06 17:44:58+00:00,0,"Bug,Needs Triage",1,0,2023-06,2023
53534,issue,closed,2023-06-06 10:06:53+00:00,2023-06-21 13:08:08+00:00,15,"Bug,IO Excel,Needs Info",1,0,2023-06,2023
53533,issue,closed,2023-06-06 10:05:25+00:00,2023-11-07 17:29:39+00:00,154,"Bug,Indexing",1,0,2023-06,2023
53531,issue,closed,2023-06-05 22:47:52+00:00,2024-02-07 04:52:04+00:00,246,"API Design,MultiIndex",0,0,2023-06,2023
53529,issue,closed,2023-06-05 19:46:09+00:00,2026-01-05 19:16:19+00:00,944,"API Design,Index,Copy / view semantics",0,0,2023-06,2023
53527,issue,closed,2023-06-05 14:37:17+00:00,2023-06-13 22:17:06+00:00,8,"Bug,Dtype Conversions,Apply,Arrow",1,0,2023-06,2023
53525,issue,closed,2023-06-05 12:23:38+00:00,2024-07-17 21:31:55+00:00,408,"Bug,Needs Triage",1,0,2023-06,2023
53523,issue,closed,2023-06-05 08:50:36+00:00,2023-07-27 18:49:12+00:00,52,"Bug,IO SQL,Needs Info",1,0,2023-06,2023
53518,issue,closed,2023-06-04 13:51:11+00:00,2023-06-05 17:51:31+00:00,1,"Bug,Groupby,Filters",1,0,2023-06,2023
53516,issue,closed,2023-06-04 02:55:51+00:00,2023-06-05 08:25:05+00:00,1,"Build,Needs Info",0,0,2023-06,2023
53515,issue,closed,2023-06-03 20:25:10+00:00,2023-10-17 15:55:37+00:00,135,"Bug,Reshaping,Deprecate",1,0,2023-06,2023
53512,issue,closed,2023-06-03 09:54:56+00:00,2023-06-04 11:37:57+00:00,1,"Bug,Reshaping",1,0,2023-06,2023
53507,issue,closed,2023-06-02 22:04:09+00:00,2023-06-05 18:01:03+00:00,2,"Docs,Needs Triage",0,0,2023-06,2023
53503,issue,closed,2023-06-02 17:40:40+00:00,2023-06-02 20:59:28+00:00,0,Docs,0,0,2023-06,2023
53500,issue,closed,2023-06-02 15:45:14+00:00,2023-06-06 20:53:57+00:00,4,"Bug,Groupby",1,0,2023-06,2023
53498,issue,closed,2023-06-02 07:23:57+00:00,2026-03-27 16:00:19+00:00,1029,"Bug,Missing-data,Error Reporting,MultiIndex",1,0,2023-06,2023
53497,issue,closed,2023-06-02 00:59:14+00:00,2023-06-20 20:44:37+00:00,18,"Bug,Non-Nano",1,0,2023-06,2023
53491,issue,closed,2023-06-01 18:42:09+00:00,2024-01-04 21:52:03+00:00,217,"Missing-data,Blocker,Deprecate,Transformations",0,0,2023-06,2023
53490,issue,closed,2023-06-01 18:22:44+00:00,2023-06-13 17:31:18+00:00,11,"Bug,Index,setops",1,0,2023-06,2023
53488,issue,closed,2023-06-01 16:37:38+00:00,2026-03-18 00:10:06+00:00,1020,"Build,Performance,Internals,Closing Candidate",0,0,2023-06,2023
53481,issue,closed,2023-06-01 02:35:16+00:00,2023-12-18 19:32:20+00:00,200,"Period,Resample,Deprecate,Needs Discussion",0,0,2023-06,2023
53480,issue,closed,2023-06-01 02:28:10+00:00,2023-06-02 16:07:37+00:00,1,"Build,Closing Candidate",0,0,2023-06,2023
53470,issue,closed,2023-05-31 15:14:41+00:00,2023-07-22 20:30:50+00:00,52,"Bug,Datetime",1,0,2023-05,2023
53467,issue,closed,2023-05-31 13:23:12+00:00,2023-05-31 18:37:21+00:00,0,"Bug,Needs Triage",1,0,2023-05,2023
53464,issue,closed,2023-05-31 04:03:37+00:00,2023-06-07 12:21:03+00:00,7,"Bug,Needs Info,Styler",1,0,2023-05,2023
53460,issue,closed,2023-05-31 01:02:18+00:00,2023-08-03 23:12:55+00:00,64,"Testing,API Design,ExtensionArray",0,0,2023-05,2023
53459,issue,closed,2023-05-31 00:25:56+00:00,2023-06-01 22:26:30+00:00,1,"Bug,Datetime,Closing Candidate",1,0,2023-05,2023
53452,issue,closed,2023-05-30 17:15:49+00:00,2023-10-02 16:50:58+00:00,124,"Bug,MultiIndex",1,0,2023-05,2023
53451,issue,closed,2023-05-30 15:35:54+00:00,2023-07-08 17:27:49+00:00,39,Docs,0,0,2023-05,2023
53449,issue,closed,2023-05-30 07:17:38+00:00,2023-05-30 21:52:36+00:00,0,"Compat,numba",0,0,2023-05,2023
53446,issue,closed,2023-05-29 23:13:01+00:00,2023-07-24 17:35:44+00:00,55,"Period,Deprecate,Needs Discussion",0,0,2023-05,2023
53436,issue,closed,2023-05-29 13:50:46+00:00,2023-06-01 18:32:13+00:00,3,Code Style,0,0,2023-05,2023
53433,issue,closed,2023-05-29 08:43:39+00:00,2023-05-29 16:37:42+00:00,0,"Usage Question,IO CSV,Closing Candidate",0,0,2023-05,2023
53430,issue,closed,2023-05-29 06:48:58+00:00,2023-06-29 14:16:01+00:00,31,Release,0,0,2023-05,2023
53427,issue,closed,2023-05-28 17:00:08+00:00,2023-05-28 17:04:57+00:00,0,"Bug,Needs Triage",1,0,2023-05,2023
53425,issue,closed,2023-05-28 16:09:16+00:00,2023-07-07 17:05:14+00:00,40,"Deprecate,Apply",0,0,2023-05,2023
53414,issue,closed,2023-05-27 15:31:44+00:00,2023-06-01 18:35:50+00:00,5,Docs,0,0,2023-05,2023
53404,issue,closed,2023-05-26 14:26:25+00:00,2023-09-29 16:34:45+00:00,126,Docs,0,0,2023-05,2023
53402,issue,closed,2023-05-26 12:59:24+00:00,2023-05-26 18:33:18+00:00,0,"Docs,Needs Triage",0,0,2023-05,2023
53401,issue,closed,2023-05-26 12:19:42+00:00,2023-05-30 18:43:08+00:00,4,"Bug,Numeric Operations",1,0,2023-05,2023
53395,issue,closed,2023-05-26 05:38:33+00:00,2023-05-28 07:55:52+00:00,2,Docs,0,0,2023-05,2023
53394,issue,closed,2023-05-25 23:30:48+00:00,2023-06-07 21:31:02+00:00,12,"Missing-data,Deprecate",0,0,2023-05,2023
53390,issue,closed,2023-05-25 17:17:52+00:00,2023-05-31 17:19:37+00:00,6,"Bug,IO CSV,Arrow",1,0,2023-05,2023
53387,issue,closed,2023-05-25 15:59:10+00:00,2023-07-18 19:21:47+00:00,54,"Indexing,Performance",0,0,2023-05,2023
53386,issue,closed,2023-05-25 11:23:25+00:00,2023-05-26 15:40:16+00:00,1,"Bug,MultiIndex",1,0,2023-05,2023
53384,issue,closed,2023-05-25 01:04:30+00:00,2025-09-24 02:04:47+00:00,853,Build,0,0,2023-05,2023
53377,issue,closed,2023-05-24 20:12:40+00:00,2023-05-24 20:16:39+00:00,0,"Docs,Needs Triage",0,0,2023-05,2023
53376,issue,closed,2023-05-24 19:45:46+00:00,2023-06-01 03:05:35+00:00,7,"Needs Info,Closing Candidate",0,0,2023-05,2023
53373,issue,closed,2023-05-24 16:49:32+00:00,2023-06-30 17:44:53+00:00,37,"Reshaping,Arrow",0,0,2023-05,2023
53369,issue,closed,2023-05-24 13:56:52+00:00,2023-07-14 17:49:44+00:00,51,"Bug,Period",1,0,2023-05,2023
53358,issue,closed,2023-05-23 20:20:41+00:00,2023-07-07 17:06:55+00:00,44,Needs Tests,0,0,2023-05,2023
53355,issue,closed,2023-05-23 17:06:05+00:00,2023-05-23 17:48:57+00:00,0,"Bug,Needs Triage",1,0,2023-05,2023
53354,issue,closed,2023-05-23 15:29:05+00:00,2023-05-30 20:07:26+00:00,7,"Docs,Needs Info",0,0,2023-05,2023
53351,issue,closed,2023-05-23 13:07:37+00:00,2023-06-12 17:28:59+00:00,20,Docs,0,0,2023-05,2023
53350,issue,closed,2023-05-23 10:38:17+00:00,2023-05-23 11:00:25+00:00,0,"Docs,Needs Info",0,0,2023-05,2023
53348,issue,closed,2023-05-23 06:07:04+00:00,2023-05-24 15:18:49+00:00,1,"Usage Question,IO CSV",0,0,2023-05,2023
53340,issue,closed,2023-05-22 17:25:26+00:00,2023-06-02 07:28:39+00:00,10,Admin,0,0,2023-05,2023
53337,issue,closed,2023-05-22 15:44:29+00:00,2023-11-21 18:37:01+00:00,183,"Enhancement,Groupby,Needs Discussion,Needs Info",0,0,2023-05,2023
53328,issue,closed,2023-05-21 21:48:16+00:00,2023-05-24 01:55:40+00:00,2,"Bug,Output-Formatting,Arrow",1,0,2023-05,2023
53323,issue,closed,2023-05-21 03:37:03+00:00,2023-07-19 22:05:44+00:00,59,"Bug,IO HDF5",1,0,2023-05,2023
53315,issue,closed,2023-05-20 12:10:30+00:00,2023-05-27 10:16:01+00:00,6,"Build,Docs",0,0,2023-05,2023
53313,issue,closed,2023-05-20 00:39:51+00:00,2023-06-13 22:21:18+00:00,24,"Bug,Closing Candidate,Arrow",1,0,2023-05,2023
53307,issue,closed,2023-05-19 17:09:33+00:00,2026-03-17 17:29:50+00:00,1033,"Bug,Datetime,Reshaping,Needs Tests",1,0,2023-05,2023
53303,issue,closed,2023-05-19 10:48:31+00:00,2023-05-19 22:47:00+00:00,0,"Bug,Reshaping",1,0,2023-05,2023
53302,issue,closed,2023-05-19 09:48:15+00:00,2023-11-21 18:27:52+00:00,186,"Usage Question,IO CSV,Closing Candidate",0,0,2023-05,2023
53300,issue,closed,2023-05-19 02:18:11+00:00,2023-05-22 23:00:17+00:00,3,"Bug,IO Pickle,Needs Triage",1,0,2023-05,2023
53293,issue,closed,2023-05-18 19:03:05+00:00,2023-06-11 16:47:19+00:00,23,"Bug,Testing,Datetime,Needs Info",1,0,2023-05,2023
53290,issue,closed,2023-05-18 15:29:52+00:00,2023-06-12 08:29:37+00:00,24,"Bug,Indexing,Closing Candidate",1,0,2023-05,2023
53289,issue,closed,2023-05-18 15:01:16+00:00,2023-11-21 18:51:33+00:00,187,"Bug,Duplicate Report,Window,Reduction Operations",1,0,2023-05,2023
53286,issue,closed,2023-05-18 12:34:35+00:00,2024-01-24 12:35:51+00:00,251,Docs,0,0,2023-05,2023
53285,issue,closed,2023-05-18 10:13:06+00:00,2023-05-20 08:07:27+00:00,1,"Usage Question,IO CSV",0,0,2023-05,2023
53281,issue,closed,2023-05-17 21:06:38+00:00,2024-05-23 10:14:41+00:00,371,"Bug,Enhancement,Visualization",1,0,2023-05,2023
53278,issue,closed,2023-05-17 17:51:14+00:00,2023-12-06 20:15:19+00:00,203,"Bug,Datetime,Upstream issue,Arrow",1,0,2023-05,2023
53271,issue,closed,2023-05-17 14:28:58+00:00,2023-05-22 10:22:41+00:00,4,Docs,0,0,2023-05,2023
53270,issue,closed,2023-05-17 14:08:06+00:00,2023-05-17 15:42:41+00:00,0,"Bug,Needs Triage",1,0,2023-05,2023
53267,issue,closed,2023-05-17 13:31:43+00:00,2023-05-18 09:35:59+00:00,0,"Bug,Indexing",1,0,2023-05,2023
53265,issue,closed,2023-05-17 09:03:42+00:00,2023-05-22 18:01:30+00:00,5,"Bug,Algos",1,0,2023-05,2023
53258,issue,closed,2023-05-16 15:42:45+00:00,2023-05-18 16:22:06+00:00,2,"API - Consistency,Reduction Operations,Nuisance Columns",0,0,2023-05,2023
53255,issue,closed,2023-05-16 09:21:11+00:00,2023-05-18 19:57:55+00:00,2,"Bug,Numeric Operations,Index",1,0,2023-05,2023
53252,issue,closed,2023-05-16 07:41:43+00:00,2025-09-09 02:18:59+00:00,846,"Enhancement,IO JSON,Needs Discussion",0,0,2023-05,2023
53250,issue,closed,2023-05-16 07:09:01+00:00,2023-05-16 18:38:18+00:00,0,"API Design,Timezones",0,0,2023-05,2023
53249,issue,closed,2023-05-16 02:01:53+00:00,2023-05-17 19:48:59+00:00,1,"Usage Question,IO Parquet,Closing Candidate",0,0,2023-05,2023
53243,issue,closed,2023-05-15 20:10:26+00:00,2023-11-21 18:36:19+00:00,189,"Enhancement,IO SQL,Needs Info,Upstream issue",0,0,2023-05,2023
53239,issue,closed,2023-05-15 19:07:27+00:00,2026-04-18 18:22:58+00:00,1068,"Performance,API Design,Needs Discussion,numba",0,0,2023-05,2023
53238,issue,closed,2023-05-15 18:34:26+00:00,2023-05-16 15:34:21+00:00,0,"Bug,IO Excel,Closing Candidate",1,0,2023-05,2023
53236,issue,closed,2023-05-15 16:24:22+00:00,2023-05-23 20:35:10+00:00,8,Compat,0,0,2023-05,2023
53229,issue,closed,2023-05-15 07:05:53+00:00,2023-05-30 17:46:05+00:00,15,"Bug,IO CSV",1,0,2023-05,2023
53225,issue,closed,2023-05-14 14:56:25+00:00,2023-05-14 14:59:41+00:00,0,"Bug,Needs Triage",1,0,2023-05,2023
53224,issue,closed,2023-05-14 10:43:47+00:00,2023-07-31 18:11:45+00:00,78,"Build,Blocker for rc",0,0,2023-05,2023
53217,issue,closed,2023-05-13 20:12:23+00:00,2026-03-30 18:11:17+00:00,1051,"Enhancement,Index,Closing Candidate",0,0,2023-05,2023
53206,issue,closed,2023-05-12 20:34:59+00:00,2023-05-13 01:39:17+00:00,0,"Bug,Missing-data,Timedelta,Timestamp",1,0,2023-05,2023
53204,issue,closed,2023-05-12 19:36:08+00:00,2023-11-21 18:27:37+00:00,192,"Bug,Needs Info,Closing Candidate",1,0,2023-05,2023
53200,issue,closed,2023-05-12 16:15:22+00:00,2023-05-14 16:15:34+00:00,2,"Bug,Reshaping,Non-Nano",1,0,2023-05,2023
53199,issue,closed,2023-05-12 16:01:00+00:00,2023-05-15 18:30:01+00:00,3,"Bug,Missing-data,DataFrame,inplace",1,0,2023-05,2023
53198,issue,closed,2023-05-12 15:56:45+00:00,2025-10-27 20:50:43+00:00,899,"Bug,Non-Nano",1,0,2023-05,2023
53197,issue,closed,2023-05-12 15:49:21+00:00,2023-05-12 15:52:17+00:00,0,,0,0,2023-05,2023
53196,issue,closed,2023-05-12 09:06:42+00:00,2023-11-21 18:27:11+00:00,193,"Bug,IO CSV,Needs Info,Closing Candidate",1,0,2023-05,2023
53193,issue,closed,2023-05-12 05:50:13+00:00,2023-05-14 05:30:59+00:00,1,"Bug,Indexing,Dtype Conversions",1,0,2023-05,2023
53192,issue,closed,2023-05-12 02:25:24+00:00,2023-11-21 18:51:10+00:00,193,"Bug,Performance,Duplicate Report,IO HTML",1,0,2023-05,2023
53185,issue,closed,2023-05-11 16:52:57+00:00,2023-05-11 20:10:13+00:00,0,"Performance,Needs Info",0,0,2023-05,2023
53180,issue,closed,2023-05-11 15:14:12+00:00,2023-05-11 23:45:30+00:00,0,"Docs,Blocker",0,0,2023-05,2023
53176,issue,closed,2023-05-11 11:46:19+00:00,2023-05-11 16:01:17+00:00,0,"Bug,Missing-data,Index",1,0,2023-05,2023
53174,issue,closed,2023-05-11 10:19:13+00:00,2023-05-11 17:08:19+00:00,0,"Docs,Closing Candidate",0,0,2023-05,2023
53172,issue,closed,2023-05-10 23:01:53+00:00,2023-05-11 06:59:41+00:00,0,"Bug,Needs Triage",1,0,2023-05,2023
53169,issue,closed,2023-05-10 16:05:31+00:00,2023-05-10 16:08:47+00:00,0,"Bug,Needs Triage",1,0,2023-05,2023
53167,issue,closed,2023-05-10 15:06:58+00:00,2023-05-11 01:04:37+00:00,0,,0,0,2023-05,2023
53166,issue,closed,2023-05-10 14:31:17+00:00,2023-12-07 23:59:53+00:00,211,"Bug,API - Consistency,Closing Candidate",1,0,2023-05,2023
53164,issue,closed,2023-05-10 13:49:17+00:00,2023-05-10 13:54:02+00:00,0,"Bug,Needs Triage",1,0,2023-05,2023
53163,issue,closed,2023-05-10 10:06:35+00:00,2023-05-12 09:19:35+00:00,1,"Bug,Groupby,Apply",1,0,2023-05,2023
53162,issue,closed,2023-05-10 06:58:14+00:00,2023-05-10 11:03:58+00:00,0,Usage Question,0,0,2023-05,2023
53157,issue,closed,2023-05-09 17:06:08+00:00,2023-08-23 00:30:49+00:00,105,Docs,0,0,2023-05,2023
53156,issue,closed,2023-05-09 17:03:39+00:00,2023-05-14 17:11:53+00:00,5,"Bug,expressions,Closing Candidate",1,0,2023-05,2023
53155,issue,closed,2023-05-09 16:54:16+00:00,2023-05-15 20:36:54+00:00,6,"Bug,Arrow,Interchange",1,0,2023-05,2023
53154,issue,closed,2023-05-09 15:29:03+00:00,2025-10-31 20:37:22+00:00,906,"Bug,Datetime,Indexing,Arrow",1,0,2023-05,2023
53147,issue,closed,2023-05-08 22:52:32+00:00,2023-05-17 15:38:36+00:00,8,"Bug,Datetime,Dtype Conversions",1,0,2023-05,2023
53140,issue,closed,2023-05-08 19:23:53+00:00,2023-05-08 19:24:45+00:00,0,"Bug,Needs Triage",1,0,2023-05,2023
53137,issue,closed,2023-05-08 15:16:46+00:00,2023-05-09 23:19:27+00:00,1,"Bug,IO CSV,Closing Candidate,Arrow",1,0,2023-05,2023
53134,issue,closed,2023-05-08 07:46:23+00:00,2023-07-18 18:12:02+00:00,71,Needs Info,0,0,2023-05,2023
53133,issue,closed,2023-05-08 03:06:27+00:00,2023-05-08 05:36:39+00:00,0,"Bug,Needs Triage",1,0,2023-05,2023
53128,issue,closed,2023-05-07 14:30:03+00:00,2023-07-11 20:50:22+00:00,65,"Bug,Groupby,Closing Candidate",1,0,2023-05,2023
53119,issue,closed,2023-05-06 12:10:48+00:00,2023-05-09 08:16:51+00:00,2,"Indexing,Performance,Closing Candidate",0,0,2023-05,2023
53117,issue,closed,2023-05-06 09:14:03+00:00,2023-05-08 13:14:36+00:00,2,"Regression,IO SQL",0,0,2023-05,2023
53115,issue,closed,2023-05-05 22:36:43+00:00,2025-05-23 17:25:27+00:00,748,"Bug,Error Reporting,cov/corr",1,0,2023-05,2023
53111,issue,closed,2023-05-05 20:28:51+00:00,2023-12-09 18:32:20+00:00,217,"API Design,Deprecate,datetime.date",0,0,2023-05,2023
53100,issue,closed,2023-05-05 13:19:16+00:00,2023-07-19 00:14:14+00:00,74,"Bug,Regression,DataFrame,Constructors",1,0,2023-05,2023
53098,issue,closed,2023-05-05 10:51:43+00:00,2026-04-10 17:37:38+00:00,1071,"Error Reporting,Reduction Operations",0,0,2023-05,2023
53097,issue,closed,2023-05-05 08:28:25+00:00,2023-05-08 16:36:19+00:00,3,Docs,0,0,2023-05,2023
53093,issue,closed,2023-05-05 00:40:38+00:00,2023-05-05 19:26:25+00:00,0,"Bug,Regression,MultiIndex",1,0,2023-05,2023
53092,issue,closed,2023-05-04 23:51:48+00:00,2023-05-09 16:43:40+00:00,4,"Docs,Needs Triage",0,0,2023-05,2023
53090,issue,closed,2023-05-04 23:39:48+00:00,2024-07-17 21:24:18+00:00,439,"Bug,Visualization,Needs Triage",1,0,2023-05,2023
53083,issue,closed,2023-05-04 20:53:52+00:00,2023-12-06 20:02:39+00:00,215,"Bug,Dtype Conversions,Arrow",1,0,2023-05,2023
53077,issue,closed,2023-05-04 15:01:56+00:00,2023-05-04 17:45:06+00:00,0,"Bug,Interchange",1,0,2023-05,2023
53074,issue,closed,2023-05-04 14:00:46+00:00,2023-05-04 17:23:48+00:00,0,"Enhancement,IO CSV,DataFrame",0,0,2023-05,2023
53072,issue,closed,2023-05-04 13:26:43+00:00,2024-04-11 15:20:50+00:00,343,"Enhancement,API - Consistency,Transformations",0,0,2023-05,2023
53071,issue,closed,2023-05-04 13:24:26+00:00,2024-08-06 21:03:04+00:00,460,"Bug,Groupby,Clean",1,0,2023-05,2023
53068,issue,closed,2023-05-04 05:16:56+00:00,2023-11-21 18:35:51+00:00,201,"Bug,Build,Needs Info",1,0,2023-05,2023
53065,issue,closed,2023-05-04 00:55:11+00:00,2023-05-05 21:36:32+00:00,1,"Usage Question,Needs Triage",0,0,2023-05,2023
53058,issue,closed,2023-05-03 20:34:21+00:00,2023-07-11 01:51:49+00:00,68,"Deprecate,Constructors,API - Consistency",0,0,2023-05,2023
53054,issue,closed,2023-05-03 15:05:35+00:00,2023-05-05 17:15:04+00:00,2,"Bug,Output-Formatting,Regression",1,0,2023-05,2023
53053,issue,closed,2023-05-03 14:56:47+00:00,2023-05-04 17:21:42+00:00,1,"Regression,MultiIndex",0,0,2023-05,2023
53051,issue,closed,2023-05-03 08:11:23+00:00,2025-04-14 17:00:05+00:00,712,"Bug,Reshaping,Arrow",1,0,2023-05,2023
53047,issue,closed,2023-05-02 21:49:08+00:00,2023-08-31 14:59:50+00:00,120,Release,0,0,2023-05,2023
53046,issue,closed,2023-05-02 21:36:59+00:00,2024-04-20 16:38:14+00:00,353,"IO SQL,Typing",0,0,2023-05,2023
53038,issue,closed,2023-05-02 15:25:01+00:00,2023-06-12 17:24:55+00:00,41,"Docs,Period,datetime.date,Timestamp",0,0,2023-05,2023
53037,issue,closed,2023-05-02 14:44:52+00:00,2023-05-02 16:35:49+00:00,0,"Bug,Needs Triage",1,0,2023-05,2023
53036,issue,closed,2023-05-02 14:04:41+00:00,2024-07-17 21:23:01+00:00,442,"Bug,Dtype Conversions,IO Parquet,Arrow",1,0,2023-05,2023
53034,issue,closed,2023-05-02 13:10:34+00:00,2023-05-02 13:11:47+00:00,0,"Bug,Needs Triage",1,0,2023-05,2023
53032,issue,closed,2023-05-02 03:44:25+00:00,2023-05-02 16:37:55+00:00,0,"Enhancement,Needs Triage",0,0,2023-05,2023
53030,issue,closed,2023-05-02 00:15:12+00:00,2025-07-29 16:13:53+00:00,819,"Bug,Groupby,Apply,Arrow,pyarrow dtype retention",1,0,2023-05,2023
53024,issue,closed,2023-05-01 20:24:57+00:00,2023-12-06 20:01:43+00:00,218,"Bug,Error Reporting,Strings,Upstream issue,Arrow",1,0,2023-05,2023
53020,issue,closed,2023-05-01 14:58:44+00:00,2023-05-09 18:04:05+00:00,8,"Bug,Timestamp",1,0,2023-05,2023
53019,issue,closed,2023-05-01 13:36:23+00:00,2023-05-01 17:11:31+00:00,0,"Bug,Needs Triage",1,0,2023-05,2023
53018,issue,closed,2023-05-01 13:32:57+00:00,2023-05-02 01:47:01+00:00,0,"Bug,Duplicate Report,Needs Triage",1,0,2023-05,2023
53016,issue,closed,2023-05-01 08:05:09+00:00,2023-05-01 08:17:21+00:00,0,"Bug,Needs Triage",1,0,2023-05,2023
53009,issue,closed,2023-04-30 08:02:55+00:00,2023-05-12 17:20:31+00:00,12,"Bug,Groupby,Reduction Operations",1,0,2023-04,2023
53002,issue,closed,2023-04-29 13:56:46+00:00,2023-04-29 23:37:17+00:00,0,"Bug,Needs Triage",1,0,2023-04,2023
53000,issue,closed,2023-04-29 13:16:39+00:00,2023-05-05 11:45:36+00:00,5,"Output-Formatting,Period,Needs Tests",0,0,2023-04,2023
52990,issue,closed,2023-04-28 22:42:56+00:00,2023-12-21 18:36:13+00:00,236,"Enhancement,CI",0,0,2023-04,2023
52987,issue,closed,2023-04-28 21:23:52+00:00,2025-11-06 16:25:20+00:00,922,"Bug,Strings,Needs Tests,Arrow",1,0,2023-04,2023
52980,issue,closed,2023-04-28 14:41:55+00:00,2025-09-09 20:25:41+00:00,865,"Performance,Needs Discussion",0,0,2023-04,2023
52979,issue,closed,2023-04-28 12:34:30+00:00,2023-06-02 21:03:39+00:00,35,"Enhancement,IO Data",0,0,2023-04,2023
52977,issue,closed,2023-04-28 08:44:02+00:00,2023-06-13 15:22:53+00:00,46,"Bug,Reduction Operations",1,0,2023-04,2023
52972,issue,closed,2023-04-27 23:56:16+00:00,2024-04-24 23:26:30+00:00,362,"Performance,Dtype Conversions",0,0,2023-04,2023
52969,issue,closed,2023-04-27 20:09:13+00:00,2023-07-20 15:25:38+00:00,83,"Bug,Regression,IO SQL",1,0,2023-04,2023
52963,issue,closed,2023-04-27 14:40:21+00:00,2023-05-19 07:47:20+00:00,21,Code Style,0,0,2023-04,2023
52960,issue,closed,2023-04-27 13:24:01+00:00,2023-05-05 18:05:49+00:00,8,"Bug,Regression,MultiIndex",1,0,2023-04,2023
52958,issue,closed,2023-04-27 10:24:10+00:00,2023-04-27 12:35:22+00:00,0,"Bug,Needs Triage",1,0,2023-04,2023
52948,issue,closed,2023-04-26 21:36:06+00:00,2023-04-26 21:47:21+00:00,0,"Bug,Needs Triage",1,0,2023-04,2023
52946,issue,closed,2023-04-26 21:00:42+00:00,2023-04-27 13:28:22+00:00,0,IO CSV,0,0,2023-04,2023
52939,issue,closed,2023-04-26 18:19:30+00:00,2023-04-30 01:59:18+00:00,3,"Docs,Dependencies",0,0,2023-04,2023
60632,issue,closed,2024-12-31 13:21:15+00:00,2026-04-10 21:14:24+00:00,465,"Docs,Indexing,Needs Discussion,Closing Candidate",0,0,2024-12,2024
60610,issue,closed,2024-12-27 16:30:38+00:00,2024-12-30 15:08:41+00:00,2,Docs,0,0,2024-12,2024
60609,issue,closed,2024-12-26 18:14:51+00:00,2025-01-02 14:37:34+00:00,6,,0,0,2024-12,2024
60606,issue,closed,2024-12-26 03:07:01+00:00,2024-12-26 16:54:35+00:00,0,"Build,Needs Triage",0,0,2024-12,2024
60604,issue,closed,2024-12-24 23:37:57+00:00,2024-12-26 21:47:33+00:00,1,"Bug,Groupby",1,0,2024-12,2024
60603,issue,closed,2024-12-24 23:07:41+00:00,2026-05-09 16:25:18+00:00,500,"Bug,Groupby,Closing Candidate",1,0,2024-12,2024
60602,issue,closed,2024-12-24 19:46:22+00:00,2024-12-26 22:47:06+00:00,2,"Usage Question,expressions,Closing Candidate",0,0,2024-12,2024
60600,issue,closed,2024-12-23 23:43:44+00:00,2025-06-30 18:25:44+00:00,188,"Bug,Indexing,Dtype Conversions",1,0,2024-12,2024
60592,issue,closed,2024-12-20 14:47:31+00:00,2024-12-20 15:11:45+00:00,0,"Bug,Apply",1,0,2024-12,2024
60589,issue,closed,2024-12-19 04:30:31+00:00,2025-10-23 12:36:47+00:00,308,"Bug,Localization",1,0,2024-12,2024
60587,issue,closed,2024-12-18 07:58:48+00:00,2024-12-20 10:16:47+00:00,2,"Bug,Needs Triage",1,0,2024-12,2024
60583,issue,closed,2024-12-16 23:06:17+00:00,2025-09-10 18:55:12+00:00,267,"Bug,Timestamp",1,0,2024-12,2024
60581,issue,closed,2024-12-16 14:58:52+00:00,2024-12-16 22:24:24+00:00,0,"Bug,Datetime,Closing Candidate",1,0,2024-12,2024
60580,issue,closed,2024-12-16 14:32:17+00:00,2024-12-16 17:28:46+00:00,0,"Bug,Needs Triage,Nested Data",1,0,2024-12,2024
60578,issue,closed,2024-12-16 00:53:23+00:00,2024-12-17 13:53:40+00:00,1,"Bug,IO Excel",1,0,2024-12,2024
60576,issue,closed,2024-12-15 14:08:53+00:00,2025-01-13 15:31:59+00:00,29,Closing Candidate,0,0,2024-12,2024
60575,issue,closed,2024-12-15 13:58:58+00:00,2024-12-15 14:07:24+00:00,0,,0,0,2024-12,2024
60573,issue,closed,2024-12-15 11:15:59+00:00,2025-08-05 16:52:15+00:00,233,"Bug,Closing Candidate,Arrow",1,0,2024-12,2024
60568,issue,closed,2024-12-14 20:47:46+00:00,2024-12-16 19:03:09+00:00,1,"Bug,metadata",1,0,2024-12,2024
60567,issue,closed,2024-12-14 16:29:58+00:00,2025-02-24 23:29:41+00:00,72,"Groupby,Missing-data,Arrow",0,0,2024-12,2024
60564,issue,closed,2024-12-14 10:44:50+00:00,2024-12-14 12:48:31+00:00,0,"Bug,Duplicate Report,Arrow,PDEP missing values",1,0,2024-12,2024
60563,issue,closed,2024-12-14 00:59:58+00:00,2025-02-19 17:13:50+00:00,67,"Bug,Algos,Categorical,Arrow",1,0,2024-12,2024
60554,issue,closed,2024-12-12 21:32:29+00:00,2025-08-05 16:23:35+00:00,235,"Bug,Build,Needs Info,Closing Candidate",1,0,2024-12,2024
60552,issue,closed,2024-12-12 14:36:28+00:00,2024-12-13 14:25:08+00:00,0,"Enhancement,MultiIndex,Needs Info",0,0,2024-12,2024
60550,issue,closed,2024-12-12 09:20:43+00:00,2025-03-21 21:13:05+00:00,99,Enhancement,0,0,2024-12,2024
60542,issue,closed,2024-12-11 19:12:28+00:00,2024-12-17 01:51:52+00:00,5,Docs,0,0,2024-12,2024
60536,issue,closed,2024-12-10 22:48:21+00:00,2026-03-29 18:01:27+00:00,473,"Bug,IO Stata",1,0,2024-12,2024
60534,issue,closed,2024-12-10 11:02:00+00:00,2024-12-10 11:32:25+00:00,0,"Bug,Needs Triage",1,0,2024-12,2024
60522,issue,closed,2024-12-07 22:26:50+00:00,2024-12-09 18:35:23+00:00,1,"Bug,Series,Arrow",1,0,2024-12,2024
60517,issue,closed,2024-12-07 07:58:29+00:00,2024-12-09 18:32:31+00:00,2,"Clean,Dependencies",0,0,2024-12,2024
60515,issue,closed,2024-12-07 06:39:22+00:00,2024-12-08 14:04:33+00:00,1,Docs,0,0,2024-12,2024
60506,issue,closed,2024-12-06 09:06:18+00:00,2024-12-09 18:46:15+00:00,3,"Bug,Datetime",1,0,2024-12,2024
60504,issue,closed,2024-12-06 05:52:50+00:00,2024-12-08 14:20:04+00:00,2,"Bug,Reshaping",1,0,2024-12,2024
60503,issue,closed,2024-12-06 01:09:26+00:00,2026-02-02 02:23:52+00:00,423,"Enhancement,Output-Formatting",0,0,2024-12,2024
60500,issue,closed,2024-12-05 19:50:36+00:00,2024-12-05 20:24:41+00:00,0,"Enhancement,Needs Triage",0,0,2024-12,2024
60499,issue,closed,2024-12-05 18:29:58+00:00,2024-12-05 21:22:37+00:00,0,"Bug,Missing-data,Constructors",1,0,2024-12,2024
60498,issue,closed,2024-12-05 14:21:26+00:00,2025-01-15 16:19:39+00:00,41,"Bug,Indexing",1,0,2024-12,2024
60497,issue,closed,2024-12-05 13:18:12+00:00,2024-12-05 21:25:21+00:00,0,"Docs,Reshaping",0,0,2024-12,2024
60496,issue,closed,2024-12-05 13:02:11+00:00,2025-07-26 19:03:29+00:00,233,Strings,0,0,2024-12,2024
60495,issue,closed,2024-12-05 09:17:26+00:00,2025-01-01 01:43:47+00:00,26,"Build,Dependencies",0,0,2024-12,2024
60494,issue,closed,2024-12-05 02:15:27+00:00,2025-04-01 16:50:17+00:00,117,"Bug,expressions",1,0,2024-12,2024
60492,issue,closed,2024-12-04 13:15:06+00:00,2024-12-09 18:31:42+00:00,5,"Docs,Needs Triage",0,0,2024-12,2024
60490,issue,closed,2024-12-04 09:59:15+00:00,2024-12-06 18:12:09+00:00,2,"Docs,Needs Triage",0,0,2024-12,2024
60489,issue,closed,2024-12-04 07:01:25+00:00,2024-12-31 13:26:51+00:00,27,"Bug,Datetime",1,0,2024-12,2024
60488,issue,closed,2024-12-04 00:50:30+00:00,2025-01-14 01:56:33+00:00,41,"Enhancement,Typing",0,0,2024-12,2024
60485,issue,closed,2024-12-03 19:33:08+00:00,2025-02-08 12:52:15+00:00,66,"Docs,Window",0,0,2024-12,2024
60472,issue,closed,2024-12-02 19:02:21+00:00,2025-04-24 21:34:19+00:00,143,"Enhancement,Needs Info,Window,Closing Candidate",0,0,2024-12,2024
60471,issue,closed,2024-12-02 16:40:19+00:00,2024-12-06 18:13:47+00:00,4,"Bug,Groupby,Apply",1,0,2024-12,2024
60469,issue,closed,2024-12-02 16:14:00+00:00,2026-04-21 17:22:18+00:00,505,"Performance,Copy / view semantics",0,0,2024-12,2024
60467,issue,closed,2024-12-02 13:18:15+00:00,2024-12-02 18:23:34+00:00,0,"Usage Question,Needs Triage",0,0,2024-12,2024
60466,issue,closed,2024-12-02 07:11:25+00:00,2025-07-23 09:26:39+00:00,233,"Performance,Needs Info,Arrow",0,0,2024-12,2024
60456,issue,closed,2024-11-30 16:06:11+00:00,2025-02-27 01:28:37+00:00,88,"Usage Question,Closing Candidate",0,0,2024-11,2024
60455,issue,closed,2024-11-30 14:50:24+00:00,2024-12-03 20:32:16+00:00,3,"Bug,Output-Formatting,metadata,Needs Triage",1,0,2024-11,2024
60445,issue,closed,2024-11-28 23:21:10+00:00,2025-09-07 07:48:51+00:00,282,Python 3.14,0,0,2024-11,2024
60439,issue,closed,2024-11-28 16:21:34+00:00,2024-11-29 07:11:36+00:00,0,"Bug,Needs Triage,Closing Candidate",1,0,2024-11,2024
60438,issue,closed,2024-11-28 14:48:52+00:00,2024-11-28 21:10:12+00:00,0,Usage Question,0,0,2024-11,2024
60431,issue,closed,2024-11-27 16:04:52+00:00,2024-12-01 14:55:48+00:00,3,"Bug,Duplicate Report,IO CSV,Closing Candidate,Arrow",1,0,2024-11,2024
60429,issue,closed,2024-11-27 04:36:42+00:00,2024-12-03 21:21:21+00:00,6,"Build,Docs",0,0,2024-11,2024
60428,issue,closed,2024-11-27 02:33:19+00:00,2025-08-05 16:26:45+00:00,251,"Enhancement,hashing,Closing Candidate",0,0,2024-11,2024
60427,issue,closed,2024-11-26 21:38:24+00:00,2025-01-27 20:54:26+00:00,61,"Bug,Reshaping",1,0,2024-11,2024
60425,issue,closed,2024-11-26 16:09:50+00:00,2024-11-29 15:07:14+00:00,2,"Bug,Needs Triage",1,0,2024-11,2024
60424,issue,closed,2024-11-26 15:41:54+00:00,2024-11-26 21:01:06+00:00,0,"Bug,Apply",1,0,2024-11,2024
60421,issue,closed,2024-11-26 14:14:29+00:00,2024-11-26 15:04:04+00:00,0,"Bug,Needs Triage",1,0,2024-11,2024
60410,issue,closed,2024-11-25 03:53:39+00:00,2024-11-25 18:36:09+00:00,0,"Docs,Needs Triage",0,0,2024-11,2024
60396,issue,closed,2024-11-22 13:56:14+00:00,2024-11-22 18:56:42+00:00,0,"Bug,Needs Triage",1,0,2024-11,2024
60394,issue,closed,2024-11-22 08:21:07+00:00,2025-08-05 16:37:01+00:00,256,"Enhancement,Needs Discussion,duplicated,Closing Candidate",0,0,2024-11,2024
60393,issue,closed,2024-11-22 03:24:45+00:00,2024-11-26 00:01:49+00:00,3,"Bug,Output-Formatting,Complex",1,0,2024-11,2024
60391,issue,closed,2024-11-21 21:39:02+00:00,2025-08-05 16:33:24+00:00,256,"Enhancement,Datetime,Closing Candidate",0,0,2024-11,2024
60389,issue,closed,2024-11-21 14:09:50+00:00,2024-11-25 18:40:39+00:00,4,"Bug,Interval,Transformations",1,0,2024-11,2024
60388,issue,closed,2024-11-21 13:35:16+00:00,2024-12-03 00:14:58+00:00,11,"Bug,Indexing,Missing-data,MultiIndex,PDEP missing values",1,0,2024-11,2024
60385,issue,closed,2024-11-21 07:51:28+00:00,2025-04-24 21:34:42+00:00,154,"Enhancement,Algos,Closing Candidate",0,0,2024-11,2024
60384,issue,closed,2024-11-21 06:33:11+00:00,2024-11-26 21:28:40+00:00,5,Typing,0,0,2024-11,2024
60380,issue,closed,2024-11-20 23:01:52+00:00,2024-11-21 21:56:22+00:00,0,"Bug,Apply",1,0,2024-11,2024
60379,issue,closed,2024-11-20 21:20:25+00:00,2024-11-21 22:07:21+00:00,1,"Bug,Groupby,Apply,duplicated",1,0,2024-11,2024
60370,issue,closed,2024-11-20 07:21:32+00:00,2024-12-03 01:37:45+00:00,12,,0,0,2024-11,2024
60369,issue,closed,2024-11-20 07:05:18+00:00,2024-11-22 20:15:05+00:00,2,Docs,0,0,2024-11,2024
60368,issue,closed,2024-11-20 05:15:40+00:00,2024-12-16 20:10:23+00:00,26,"Docs,Needs Triage",0,0,2024-11,2024
60366,issue,closed,2024-11-20 02:33:27+00:00,2024-12-09 18:37:06+00:00,19,"Clean,expressions",0,0,2024-11,2024
60365,issue,closed,2024-11-20 00:32:40+00:00,2026-01-30 21:24:56+00:00,436,Docs,0,0,2024-11,2024
60364,issue,closed,2024-11-19 20:05:36+00:00,2024-12-02 19:09:40+00:00,12,"Build,Docs",0,0,2024-11,2024
60363,issue,closed,2024-11-19 18:11:21+00:00,2024-12-03 20:31:36+00:00,14,"Docs,IO CSV",0,0,2024-11,2024
60361,issue,closed,2024-11-19 15:11:33+00:00,2024-11-20 04:21:24+00:00,0,"Web,Closing Candidate",0,0,2024-11,2024
60360,issue,closed,2024-11-19 03:00:21+00:00,2025-02-24 07:42:07+00:00,97,Web,0,0,2024-11,2024
60358,issue,closed,2024-11-19 00:58:22+00:00,2024-11-21 16:31:20+00:00,2,"Enhancement,CI",0,0,2024-11,2024
60355,issue,closed,2024-11-18 16:41:58+00:00,2024-11-19 07:48:06+00:00,0,"Bug,Indexing,Needs Info",1,0,2024-11,2024
60353,issue,closed,2024-11-18 13:20:21+00:00,2025-03-12 23:50:31+00:00,114,"Bug,IO HDF5,Timezones,Needs Tests",1,0,2024-11,2024
60351,issue,closed,2024-11-18 04:26:12+00:00,2025-06-30 18:21:52+00:00,224,"Enhancement,Reshaping,Needs Info,metadata",0,0,2024-11,2024
60348,issue,closed,2024-11-17 12:38:51+00:00,2025-11-04 17:28:15+00:00,352,"Docs,Strings",0,0,2024-11,2024
60343,issue,closed,2024-11-17 08:31:05+00:00,2025-01-26 11:29:26+00:00,70,"Bug,Strings,Constructors",1,0,2024-11,2024
60341,issue,closed,2024-11-16 20:27:52+00:00,2024-11-20 14:47:34+00:00,3,"Bug,Non-Nano,Timestamp",1,0,2024-11,2024
60340,issue,closed,2024-11-16 19:39:50+00:00,2025-01-13 08:33:09+00:00,57,Compat,0,0,2024-11,2024
60338,issue,closed,2024-11-16 17:19:29+00:00,2025-04-09 18:35:43+00:00,144,"API Design,Strings,Index",0,0,2024-11,2024
60322,issue,closed,2024-11-15 11:40:32+00:00,2024-11-17 13:40:59+00:00,2,"Bug,Duplicate Report,Timestamp",1,0,2024-11,2024
60309,issue,closed,2024-11-14 09:54:06+00:00,2025-09-22 02:33:33+00:00,311,"Indexing,Regression",0,0,2024-11,2024
60307,issue,closed,2024-11-13 22:05:30+00:00,2024-11-14 17:18:58+00:00,0,"Docs,IO Data",0,0,2024-11,2024
60303,issue,closed,2024-11-13 16:45:24+00:00,2025-11-25 19:00:19+00:00,377,"Bug,Groupby,Reduction Operations",1,0,2024-11,2024
60301,issue,closed,2024-11-13 14:36:21+00:00,2025-08-26 21:36:59+00:00,286,"Docs,API Design,Strings",0,0,2024-11,2024
60298,issue,closed,2024-11-13 09:52:08+00:00,2025-04-24 21:34:01+00:00,162,"Enhancement,Closing Candidate",0,0,2024-11,2024
60287,issue,closed,2024-11-12 13:43:06+00:00,2025-09-08 16:40:21+00:00,300,"API Design,Strings,NA - MaskedArrays",0,0,2024-11,2024
60282,issue,closed,2024-11-12 10:18:23+00:00,2024-11-12 21:41:47+00:00,0,"Bug,Strings,replace",1,0,2024-11,2024
60276,issue,closed,2024-11-10 17:52:08+00:00,2024-11-10 19:53:08+00:00,0,"Bug,Internals,Needs Triage,Closing Candidate",1,0,2024-11,2024
60275,issue,closed,2024-11-10 16:03:58+00:00,2024-11-13 21:07:35+00:00,3,"Docs,IO Excel",0,0,2024-11,2024
60274,issue,closed,2024-11-10 15:43:32+00:00,2024-11-13 21:02:28+00:00,3,"Bug,IO Excel,MultiIndex",1,0,2024-11,2024
60273,issue,closed,2024-11-10 03:53:44+00:00,2025-03-17 16:55:32+00:00,127,"Bug,Indexing,Period",1,0,2024-11,2024
60272,issue,closed,2024-11-09 22:40:41+00:00,2024-11-10 16:08:10+00:00,0,"Enhancement,IO JSON,Closing Candidate",0,0,2024-11,2024
60258,issue,closed,2024-11-08 22:34:50+00:00,2025-08-28 17:46:45+00:00,292,Clean,0,0,2024-11,2024
60244,issue,closed,2024-11-08 14:21:54+00:00,2024-11-08 21:48:49+00:00,0,"Bug,Missing-data,Closing Candidate",1,0,2024-11,2024
60237,issue,closed,2024-11-08 06:29:30+00:00,2025-02-18 20:36:00+00:00,102,"Bug,Dtype Conversions,Arrow,Localization",1,0,2024-11,2024
60236,issue,closed,2024-11-08 04:12:29+00:00,2024-11-29 13:28:13+00:00,21,"Bug,MultiIndex,Closing Candidate",1,0,2024-11,2024
60234,issue,closed,2024-11-07 21:39:53+00:00,2025-07-29 20:52:05+00:00,263,"Bug,Numeric Operations,Strings",1,0,2024-11,2024
60229,issue,closed,2024-11-07 15:55:19+00:00,2025-03-10 16:06:55+00:00,123,"Bug,Groupby,Strings",1,0,2024-11,2024
60228,issue,closed,2024-11-07 15:29:13+00:00,2025-09-29 11:36:07+00:00,325,"Bug,Numeric Operations,Strings",1,0,2024-11,2024
60227,issue,closed,2024-11-07 13:46:35+00:00,2024-11-12 21:46:06+00:00,5,"Docs,Missing-data",0,0,2024-11,2024
60224,issue,closed,2024-11-07 02:53:49+00:00,2024-11-08 01:53:40+00:00,0,"Bug,Build,Needs Triage",1,0,2024-11,2024
60213,issue,closed,2024-11-06 09:49:06+00:00,2025-08-05 16:51:36+00:00,272,"Performance,Algos,Closing Candidate",0,0,2024-11,2024
60210,issue,closed,2024-11-06 04:12:26+00:00,2024-12-03 00:16:34+00:00,26,"Bug,IO HTML",1,0,2024-11,2024
60204,issue,closed,2024-11-05 23:24:05+00:00,2026-03-30 02:51:49+00:00,509,"Bug,Numeric Operations,Needs Discussion,Closing Candidate",1,0,2024-11,2024
60203,issue,closed,2024-11-05 21:14:25+00:00,2024-11-12 22:06:48+00:00,7,"Indexing,Performance,Closing Candidate",0,0,2024-11,2024
60199,issue,closed,2024-11-05 18:35:21+00:00,2024-11-12 21:25:39+00:00,7,Enhancement,0,0,2024-11,2024
60194,issue,closed,2024-11-05 14:28:50+00:00,2024-11-05 16:56:01+00:00,0,"Bug,Needs Discussion,ExtensionArray",1,0,2024-11,2024
60190,issue,closed,2024-11-05 00:05:31+00:00,2024-11-29 13:51:46+00:00,24,"Bug,Output-Formatting",1,0,2024-11,2024
60184,issue,closed,2024-11-04 15:13:25+00:00,2025-04-13 17:20:29+00:00,160,Build,0,0,2024-11,2024
60181,issue,closed,2024-11-04 12:51:07+00:00,2024-11-04 18:12:39+00:00,0,"Docs,Datetime",0,0,2024-11,2024
60179,issue,closed,2024-11-04 10:38:49+00:00,2026-03-15 22:29:19+00:00,496,"Groupby,Performance,Sparse",0,0,2024-11,2024
60169,issue,closed,2024-11-01 18:22:03+00:00,2024-11-02 12:09:24+00:00,0,"Bug,Timezones",1,0,2024-11,2024
60164,issue,closed,2024-11-01 10:59:00+00:00,2024-11-01 20:58:30+00:00,0,"Bug,Needs Triage",1,0,2024-11,2024
60163,issue,closed,2024-11-01 04:08:53+00:00,2024-11-02 13:59:52+00:00,1,Usage Question,0,0,2024-11,2024
60161,issue,closed,2024-10-31 16:17:41+00:00,2026-05-09 16:36:49+00:00,555,"Enhancement,Missing-data,Needs Discussion,Closing Candidate",0,0,2024-10,2024
60149,issue,closed,2024-10-30 22:34:39+00:00,2025-06-22 17:34:51+00:00,234,"Bug,Docs,Windows",1,0,2024-10,2024
60148,issue,closed,2024-10-30 20:16:19+00:00,2025-02-04 17:50:50+00:00,96,"Docs,IO HTML",0,0,2024-10,2024
60139,issue,closed,2024-10-30 12:47:47+00:00,2024-10-30 18:49:00+00:00,0,"Usage Question,Needs Triage",0,0,2024-10,2024
60129,issue,closed,2024-10-30 07:30:04+00:00,2025-11-18 03:10:37+00:00,383,"Bug,Dtype Conversions,Complex",1,0,2024-10,2024
60126,issue,closed,2024-10-29 21:30:43+00:00,2024-12-17 19:43:39+00:00,48,Vote,0,0,2024-10,2024
60124,issue,closed,2024-10-29 15:52:00+00:00,2025-07-23 09:38:16+00:00,266,"Bug,IO SQL,Needs Info",1,0,2024-10,2024
60123,issue,closed,2024-10-29 12:20:18+00:00,2024-10-30 23:06:54+00:00,1,Strings,0,0,2024-10,2024
60113,issue,closed,2024-10-28 07:09:09+00:00,2024-10-29 15:16:59+00:00,1,"Bug,Needs Info",1,0,2024-10,2024
60111,issue,closed,2024-10-26 21:01:20+00:00,2025-08-05 16:35:31+00:00,282,"Enhancement,Needs Discussion,Closing Candidate",0,0,2024-10,2024
60107,issue,closed,2024-10-25 20:31:09+00:00,2024-10-31 15:56:56+00:00,5,"Bug,IO Stata,Needs Triage",1,0,2024-10,2024
60106,issue,closed,2024-10-25 10:15:44+00:00,2026-03-29 18:08:01+00:00,520,"Bug,Missing-data,Needs Discussion,NA - MaskedArrays,PDEP missing values",1,0,2024-10,2024
60104,issue,closed,2024-10-24 23:50:01+00:00,2026-04-16 17:41:48+00:00,538,"Bug,Indexing",1,0,2024-10,2024
60102,issue,closed,2024-10-24 18:49:30+00:00,2024-11-05 18:41:40+00:00,11,"Bug,Datetime,Transformations",1,0,2024-10,2024
60101,issue,closed,2024-10-24 15:36:46+00:00,2024-10-29 06:56:48+00:00,4,"Bug,Dtype Conversions,Closing Candidate",1,0,2024-10,2024
60099,issue,closed,2024-10-24 13:30:21+00:00,2024-11-22 20:20:40+00:00,29,"Bug,IO Excel,Period,MultiIndex",1,0,2024-10,2024
60098,issue,closed,2024-10-24 11:48:50+00:00,2025-05-19 16:14:48+00:00,207,"Performance,Regression,isin",0,0,2024-10,2024
60093,issue,closed,2024-10-24 01:10:17+00:00,2024-10-24 13:49:14+00:00,0,Closing Candidate,0,0,2024-10,2024
60092,issue,closed,2024-10-23 22:30:41+00:00,2024-11-02 13:48:26+00:00,9,Bug,1,0,2024-10,2024
60091,issue,closed,2024-10-23 20:14:20+00:00,2024-10-27 13:32:55+00:00,3,"Bug,Reshaping",1,0,2024-10,2024
60088,issue,closed,2024-10-23 14:28:57+00:00,2026-03-09 15:12:05+00:00,502,"Bug,IO Excel",1,0,2024-10,2024
60087,issue,closed,2024-10-23 13:34:28+00:00,2024-10-28 13:34:10+00:00,4,"Groupby,Usage Question,Needs Info,Apply",0,0,2024-10,2024
60086,issue,closed,2024-10-23 12:07:53+00:00,2025-08-05 17:00:34+00:00,286,"Bug,Needs Info",1,0,2024-10,2024
60085,issue,closed,2024-10-23 01:34:05+00:00,2024-12-15 20:45:43+00:00,53,"IO SQL,Typing",0,0,2024-10,2024
60084,issue,closed,2024-10-22 21:13:08+00:00,2024-11-17 13:52:52+00:00,25,"Bug,Needs Tests,hashing,Timestamp",1,0,2024-10,2024
60083,issue,closed,2024-10-22 20:23:03+00:00,2024-10-23 20:20:07+00:00,0,"Docs,Closing Candidate",0,0,2024-10,2024
60082,issue,closed,2024-10-22 16:18:11+00:00,2025-08-05 16:51:20+00:00,287,"Bug,IO CSV,Closing Candidate",1,0,2024-10,2024
60080,issue,closed,2024-10-21 20:39:27+00:00,2025-05-30 18:21:54+00:00,220,"Bug,Dtype Conversions,Timezones",1,0,2024-10,2024
60078,issue,closed,2024-10-21 04:14:59+00:00,2025-04-02 21:35:53+00:00,163,"Bug,Upstream issue",1,0,2024-10,2024
60074,issue,closed,2024-10-19 15:46:52+00:00,2024-10-20 16:31:27+00:00,1,"Bug,Needs Triage",1,0,2024-10,2024
60071,issue,closed,2024-10-18 18:50:34+00:00,2024-10-18 22:52:38+00:00,0,"Bug,Needs Triage",1,0,2024-10,2024
60070,issue,closed,2024-10-18 17:14:01+00:00,2025-08-05 16:32:45+00:00,290,"Groupby,Performance,metadata,Closing Candidate",0,0,2024-10,2024
60066,issue,closed,2024-10-18 03:03:51+00:00,2024-10-30 19:31:20+00:00,12,"Performance,ExtensionArray,Constructors",0,0,2024-10,2024
60064,issue,closed,2024-10-17 17:10:59+00:00,2024-11-07 21:30:25+00:00,21,"Bug,Timedelta,Constructors",1,0,2024-10,2024
60063,issue,closed,2024-10-17 09:39:26+00:00,2024-10-30 19:23:13+00:00,13,"Bug,IO LaTeX,Styler",1,0,2024-10,2024
60062,issue,closed,2024-10-17 06:28:30+00:00,2024-10-18 05:41:46+00:00,0,"Bug,IO Excel,Needs Triage",1,0,2024-10,2024
60059,issue,closed,2024-10-16 13:47:54+00:00,2025-08-09 20:00:33+00:00,297,"Build,Dependencies",0,0,2024-10,2024
60053,issue,closed,2024-10-16 02:05:01+00:00,2024-10-26 18:47:11+00:00,10,"Bug,Window",1,0,2024-10,2024
60049,issue,closed,2024-10-15 12:51:41+00:00,2025-06-13 14:22:05+00:00,241,"Bug,Duplicate Report,Constructors,NA - MaskedArrays,Closing Candidate",1,0,2024-10,2024
60048,issue,closed,2024-10-15 12:29:00+00:00,2024-10-28 20:36:53+00:00,13,"Enhancement,Typing",0,0,2024-10,2024
60044,issue,closed,2024-10-15 01:43:12+00:00,2024-10-29 20:57:27+00:00,14,"Docs,Timedelta",0,0,2024-10,2024
60042,issue,closed,2024-10-14 20:10:34+00:00,2024-10-15 02:53:03+00:00,0,"Bug,Needs Triage",1,0,2024-10,2024
60041,issue,closed,2024-10-14 17:39:09+00:00,2024-10-25 12:03:52+00:00,10,"Docs,Duplicate Report,Closing Candidate",0,0,2024-10,2024
60039,issue,closed,2024-10-14 13:38:44+00:00,2025-08-05 17:01:43+00:00,295,"Bug,Docs,Needs Info",1,0,2024-10,2024
60028,issue,closed,2024-10-13 19:04:18+00:00,2024-11-11 21:16:01+00:00,29,"Bug,IO CSV",1,0,2024-10,2024
60026,issue,closed,2024-10-13 14:09:22+00:00,2024-10-13 20:31:16+00:00,0,"Bug,Needs Triage,Closing Candidate",1,0,2024-10,2024
60025,issue,closed,2024-10-13 00:01:49+00:00,2025-05-20 02:42:45+00:00,219,"Enhancement,Timezones",0,0,2024-10,2024
60024,issue,closed,2024-10-12 14:50:45+00:00,2025-04-30 16:21:25+00:00,200,Docs,0,0,2024-10,2024
60023,issue,closed,2024-10-11 21:47:06+00:00,2025-08-05 16:35:54+00:00,297,Closing Candidate,0,0,2024-10,2024
60017,issue,closed,2024-10-10 23:02:46+00:00,2024-10-27 14:04:33+00:00,16,"Usage Question,Sparse,Needs Info",0,0,2024-10,2024
60016,issue,closed,2024-10-10 22:25:38+00:00,2026-05-17 16:48:16+00:00,583,"Build,Usage Question,Closing Candidate,Upstream issue",0,0,2024-10,2024
60010,issue,closed,2024-10-09 17:31:31+00:00,2024-10-29 20:46:49+00:00,20,Docs,0,0,2024-10,2024
60009,issue,closed,2024-10-09 17:22:06+00:00,2024-10-29 20:50:35+00:00,20,Docs,0,0,2024-10,2024
60003,issue,closed,2024-10-08 10:30:01+00:00,2024-10-08 18:36:42+00:00,0,"Enhancement,Needs Triage",0,0,2024-10,2024
59996,issue,closed,2024-10-07 14:44:17+00:00,2024-10-07 17:22:28+00:00,0,"Enhancement,Needs Triage",0,0,2024-10,2024
59992,issue,closed,2024-10-07 12:39:48+00:00,2024-10-07 20:14:06+00:00,0,"Groupby,Performance,Algos",0,0,2024-10,2024
59989,issue,closed,2024-10-07 10:29:02+00:00,2024-10-07 22:30:41+00:00,0,"Bug,Groupby,Regression,Algos",1,0,2024-10,2024
59978,issue,closed,2024-10-06 00:11:40+00:00,2024-10-09 18:18:55+00:00,3,Docs,0,0,2024-10,2024
59969,issue,closed,2024-10-04 15:46:15+00:00,2024-10-05 17:15:17+00:00,1,"Performance,Needs Info",0,0,2024-10,2024
59968,issue,closed,2024-10-04 14:19:40+00:00,2024-10-08 02:35:05+00:00,3,Docs,0,0,2024-10,2024
59965,issue,closed,2024-10-04 11:24:31+00:00,2026-03-22 14:53:03+00:00,534,"Bug,Missing-data,ExtensionArray,Needs Tests,Reduction Operations,PDEP missing values",1,0,2024-10,2024
59961,issue,closed,2024-10-04 09:44:12+00:00,2024-10-05 13:37:42+00:00,1,"Bug,Duplicate Report,Closing Candidate,PDEP missing values",1,0,2024-10,2024
59960,issue,closed,2024-10-04 09:42:55+00:00,2024-10-06 11:48:57+00:00,2,"Bug,Visualization,Regression,Closing Candidate",1,0,2024-10,2024
59957,issue,closed,2024-10-04 06:30:31+00:00,2024-10-04 17:58:50+00:00,0,"Bug,Needs Triage",1,0,2024-10,2024
59956,issue,closed,2024-10-04 06:25:07+00:00,2024-10-12 14:26:01+00:00,8,"Enhancement,Performance,Needs Info",0,0,2024-10,2024
59953,issue,closed,2024-10-03 13:59:42+00:00,2024-12-28 14:48:45+00:00,86,"Visualization,Usage Question,Needs Info",0,0,2024-10,2024
59951,issue,closed,2024-10-03 09:38:36+00:00,2024-10-03 17:42:14+00:00,0,"Bug,Needs Triage",1,0,2024-10,2024
59950,issue,closed,2024-10-03 09:07:39+00:00,2024-11-05 19:00:31+00:00,33,"Bug,expressions",1,0,2024-10,2024
59949,issue,closed,2024-10-03 06:27:51+00:00,2024-10-03 17:43:44+00:00,0,"Enhancement,Needs Triage",0,0,2024-10,2024
59944,issue,closed,2024-10-02 20:29:14+00:00,2024-10-05 17:12:10+00:00,2,"Bug,Dtype Conversions,Timedelta,Timestamp",1,0,2024-10,2024
59938,issue,closed,2024-10-02 10:47:47+00:00,2024-10-04 21:19:58+00:00,2,"Bug,Categorical,Apply",1,0,2024-10,2024
59934,issue,closed,2024-10-02 08:22:10+00:00,2025-03-17 19:44:23+00:00,166,"Bug,Categorical,Arrow",1,0,2024-10,2024
59933,issue,closed,2024-10-01 23:40:51+00:00,2025-03-01 19:17:21+00:00,150,"Bug,Indexing",1,0,2024-10,2024
59932,issue,closed,2024-10-01 17:07:38+00:00,2024-11-04 20:19:57+00:00,34,"Bug,Compat",1,0,2024-10,2024
59931,issue,closed,2024-10-01 12:44:14+00:00,2026-05-17 13:22:36+00:00,593,"Enhancement,Needs Info,Closing Candidate,datetime.date",0,0,2024-10,2024
59927,issue,closed,2024-09-30 12:29:02+00:00,2024-10-01 17:01:11+00:00,1,,0,0,2024-09,2024
59923,issue,closed,2024-09-30 03:50:15+00:00,2024-09-30 05:23:52+00:00,0,"Build,Needs Triage",0,0,2024-09,2024
59922,issue,closed,2024-09-29 22:20:53+00:00,2026-04-03 02:50:26+00:00,550,"Bug,Indexing,Closing Candidate",1,0,2024-09,2024
59915,issue,closed,2024-09-28 16:06:49+00:00,2024-09-29 13:21:21+00:00,0,"Bug,Apply",1,0,2024-09,2024
59913,issue,closed,2024-09-28 13:54:05+00:00,2024-10-04 22:09:53+00:00,6,"Bug,Sparse,Subclassing",1,0,2024-09,2024
59905,issue,closed,2024-09-27 01:33:27+00:00,2024-09-30 20:47:42+00:00,3,"Bug,Build,ARM",1,0,2024-09,2024
59904,issue,closed,2024-09-26 13:22:38+00:00,2024-11-15 18:20:12+00:00,50,"Bug,Missing-data,IO CSV,Needs Tests,Arrow",1,0,2024-09,2024
59902,issue,closed,2024-09-26 12:20:49+00:00,2024-10-30 18:33:15+00:00,34,"Docs,Timedelta",0,0,2024-09,2024
59899,issue,closed,2024-09-26 07:08:22+00:00,2025-09-08 20:58:23+00:00,347,"API Design,Categorical,Astype",0,0,2024-09,2024
59895,issue,closed,2024-09-25 22:49:29+00:00,2025-08-20 16:00:18+00:00,328,"Refactor,ExtensionArray",0,0,2024-09,2024
59892,issue,closed,2024-09-25 18:15:13+00:00,2024-09-28 12:07:29+00:00,2,"Bug,Constructors",1,0,2024-09,2024
59891,issue,closed,2024-09-25 14:58:10+00:00,2024-09-27 03:38:29+00:00,1,"Bug,PDEP missing values",1,0,2024-09,2024
59890,issue,closed,2024-09-25 13:54:25+00:00,2025-02-26 21:09:27+00:00,154,"Docs,Needs Discussion",0,0,2024-09,2024
59886,issue,closed,2024-09-25 09:42:40+00:00,2024-09-30 10:12:49+00:00,5,"Bug,Needs Triage",1,0,2024-09,2024
59884,issue,closed,2024-09-25 08:53:52+00:00,2024-11-14 17:16:19+00:00,50,"Bug,Output-Formatting",1,0,2024-09,2024
59881,issue,closed,2024-09-23 22:55:12+00:00,2024-09-24 01:05:57+00:00,0,"Bug,Groupby",1,0,2024-09,2024
59879,issue,closed,2024-09-23 15:49:30+00:00,2025-01-02 19:49:07+00:00,101,"Bug,Strings,Index",1,0,2024-09,2024
59876,issue,closed,2024-09-23 09:28:23+00:00,2024-10-04 19:45:31+00:00,11,"Bug,Output-Formatting",1,0,2024-09,2024
59874,issue,closed,2024-09-22 23:44:50+00:00,2024-09-25 22:10:28+00:00,2,"Enhancement,Needs Discussion,Closing Candidate",0,0,2024-09,2024
59851,issue,closed,2024-09-20 16:11:58+00:00,2024-09-20 19:13:17+00:00,0,"Build,ARM",0,0,2024-09,2024
59845,issue,closed,2024-09-20 04:07:00+00:00,2025-10-14 22:21:13+00:00,389,"Bug,Needs Info,Closing Candidate,PDEP6-related",1,0,2024-09,2024
59839,issue,closed,2024-09-19 14:58:01+00:00,2024-09-25 22:11:32+00:00,6,"Enhancement,IO CSV,Needs Discussion,Closing Candidate",0,0,2024-09,2024
59838,issue,closed,2024-09-19 02:54:20+00:00,2024-09-20 01:56:16+00:00,0,Closing Candidate,0,0,2024-09,2024
59833,issue,closed,2024-09-18 14:06:30+00:00,2025-08-05 16:36:18+00:00,321,"Timezones,Compat,Dependencies,Closing Candidate",0,0,2024-09,2024
59832,issue,closed,2024-09-18 12:16:10+00:00,2024-10-06 11:40:44+00:00,17,"Bug,Missing-data,Categorical,Apply",1,0,2024-09,2024
59831,issue,closed,2024-09-18 10:13:33+00:00,2025-08-05 17:00:14+00:00,321,"Enhancement,Missing-data,Dtype Conversions,Needs Discussion,Needs Info,Closing Candidate",0,0,2024-09,2024
59829,issue,closed,2024-09-18 00:21:46+00:00,2024-09-18 00:29:22+00:00,0,"Bug,MultiIndex",1,0,2024-09,2024
59825,issue,closed,2024-09-17 08:56:32+00:00,2024-09-18 01:24:52+00:00,0,"Bug,Needs Triage",1,0,2024-09,2024
59824,issue,closed,2024-09-17 06:23:23+00:00,2024-09-17 10:15:51+00:00,0,"Usage Question,Needs Triage",0,0,2024-09,2024
59817,issue,closed,2024-09-16 09:21:28+00:00,2024-09-16 17:40:34+00:00,0,,0,0,2024-09,2024
59814,issue,closed,2024-09-16 01:29:06+00:00,2024-09-25 19:18:04+00:00,9,"Enhancement,Apply,API - Consistency",0,0,2024-09,2024
59806,issue,closed,2024-09-15 07:21:32+00:00,2024-09-29 18:55:19+00:00,14,"Docs,Strings",0,0,2024-09,2024
59790,issue,closed,2024-09-13 12:00:10+00:00,2024-09-16 17:29:46+00:00,3,"Enhancement,IO Excel,Closing Candidate",0,0,2024-09,2024
59789,issue,closed,2024-09-13 11:49:46+00:00,2024-09-30 21:50:18+00:00,17,"Docs,Series,Constructors",0,0,2024-09,2024
59783,issue,closed,2024-09-12 09:46:33+00:00,2024-10-08 18:41:40+00:00,26,"Docs,Accessors",0,0,2024-09,2024
59781,issue,closed,2024-09-11 15:33:12+00:00,2024-09-16 17:30:31+00:00,5,"Enhancement,Groupby,Apply,Closing Candidate",0,0,2024-09,2024
59779,issue,closed,2024-09-11 13:45:31+00:00,2024-09-14 14:16:54+00:00,3,"Bug,Copy / view semantics",1,0,2024-09,2024
59777,issue,closed,2024-09-11 12:27:43+00:00,2025-08-05 16:59:03+00:00,328,"Enhancement,IO Excel,Strings,Needs Info",0,0,2024-09,2024
59776,issue,closed,2024-09-11 09:29:52+00:00,2024-09-12 06:39:38+00:00,0,"Bug,Testing",1,0,2024-09,2024
59770,issue,closed,2024-09-10 11:50:51+00:00,2024-09-15 20:00:27+00:00,5,"Bug,replace,Copy / view semantics",1,0,2024-09,2024
59769,issue,closed,2024-09-10 08:11:55+00:00,2025-05-06 02:30:26+00:00,237,"Bug,Datetime",1,0,2024-09,2024
59763,issue,closed,2024-09-09 15:57:06+00:00,2024-09-25 19:22:50+00:00,16,"Docs,Upstream issue",0,0,2024-09,2024
59761,issue,closed,2024-09-09 12:57:28+00:00,2024-09-15 15:00:37+00:00,6,"Docs,Timedelta",0,0,2024-09,2024
59752,issue,closed,2024-09-08 18:36:18+00:00,2024-09-16 13:02:20+00:00,7,"Bug,Needs Info,Arrow",1,0,2024-09,2024
59740,issue,closed,2024-09-06 21:35:16+00:00,2024-09-06 23:31:37+00:00,0,"Bug,Closing Candidate",1,0,2024-09,2024
59739,issue,closed,2024-09-06 16:09:21+00:00,2025-06-02 17:22:50+00:00,269,"Bug,Sparse,Warnings",1,0,2024-09,2024
59726,issue,closed,2024-09-05 23:33:56+00:00,2024-09-06 18:43:01+00:00,0,Docs,0,0,2024-09,2024
59721,issue,closed,2024-09-05 17:46:34+00:00,2024-11-06 17:05:16+00:00,61,"Bug,IO HTML,Closing Candidate",1,0,2024-09,2024
59717,issue,closed,2024-09-05 09:53:46+00:00,2024-09-25 18:17:58+00:00,20,"Bug,IO Data",1,0,2024-09,2024
59712,issue,closed,2024-09-04 23:21:23+00:00,2024-10-01 20:33:43+00:00,26,"Bug,Groupby,Reduction Operations",1,0,2024-09,2024
59710,issue,closed,2024-09-04 22:49:07+00:00,2024-09-10 08:18:30+00:00,5,"Bug,Strings,Arrow",1,0,2024-09,2024
59704,issue,closed,2024-09-04 13:30:42+00:00,2024-09-04 17:33:00+00:00,0,"Bug,IO Excel",1,0,2024-09,2024
59698,issue,closed,2024-09-03 18:44:37+00:00,2025-03-17 16:54:40+00:00,194,"Docs,Code Style",0,0,2024-09,2024
59697,issue,closed,2024-09-03 18:43:55+00:00,2026-05-09 15:58:42+00:00,612,"Bug,Reshaping,Closing Candidate",1,0,2024-09,2024
59695,issue,closed,2024-09-03 14:22:57+00:00,2024-09-04 16:39:44+00:00,1,"Docs,Groupby",0,0,2024-09,2024
59694,issue,closed,2024-09-03 14:11:44+00:00,2025-08-05 16:57:44+00:00,336,"Bug,IO CSV,Needs Info",1,0,2024-09,2024
59693,issue,closed,2024-09-03 12:08:24+00:00,2024-10-30 18:51:53+00:00,57,"Docs,Web",0,0,2024-09,2024
59691,issue,closed,2024-09-03 10:06:38+00:00,2024-09-03 16:39:32+00:00,0,"Enhancement,Needs Triage",0,0,2024-09,2024
59689,issue,closed,2024-09-02 21:37:57+00:00,2024-11-02 17:06:36+00:00,60,"Build,Docs,Windows",0,0,2024-09,2024
59671,issue,closed,2024-08-30 20:10:23+00:00,2026-05-15 16:15:22+00:00,622,"Docs,Datetime,Accessors",0,0,2024-08,2024
59670,issue,closed,2024-08-30 19:34:56+00:00,2024-09-06 18:14:10+00:00,6,"Docs,IO Data",0,0,2024-08,2024
59668,issue,closed,2024-08-30 16:49:43+00:00,2024-08-30 18:04:34+00:00,0,"Bug,Needs Triage",1,0,2024-08,2024
59667,issue,closed,2024-08-30 16:26:33+00:00,2024-09-02 18:00:01+00:00,3,"Bug,Groupby,Apply,Closing Candidate,Subclassing",1,0,2024-08,2024
59666,issue,closed,2024-08-30 14:01:48+00:00,2024-12-03 00:15:59+00:00,94,"Bug,Apply,Window",1,0,2024-08,2024
59664,issue,closed,2024-08-30 12:00:31+00:00,2025-06-08 17:50:26+00:00,282,Release,0,0,2024-08,2024
59662,issue,closed,2024-08-30 09:54:51+00:00,2024-08-30 18:09:50+00:00,0,"Docs,Needs Triage",0,0,2024-08,2024
59659,issue,closed,2024-08-30 08:16:31+00:00,2024-10-28 21:05:20+00:00,59,"Enhancement,Error Reporting,Strings",0,0,2024-08,2024
59657,issue,closed,2024-08-30 07:27:56+00:00,2024-12-03 18:34:26+00:00,95,"Performance,Reshaping,Strings",0,0,2024-08,2024
59656,issue,closed,2024-08-30 01:02:35+00:00,2026-03-24 16:19:16+00:00,571,"Bug,Numeric Operations,Timedelta,Non-Nano",1,0,2024-08,2024
59653,issue,closed,2024-08-29 22:14:39+00:00,2025-11-06 17:10:45+00:00,433,"Bug,Numeric Operations,Timedelta",1,0,2024-08,2024
59650,issue,closed,2024-08-29 14:15:49+00:00,2025-08-05 16:54:27+00:00,341,"Bug,Datetime,Needs Info,Closing Candidate,Transformations",1,0,2024-08,2024
59645,issue,closed,2024-08-28 18:37:03+00:00,2024-08-29 15:54:12+00:00,0,"Enhancement,Needs Triage",0,0,2024-08,2024
59641,issue,closed,2024-08-28 16:02:46+00:00,2024-08-28 16:59:02+00:00,0,"Enhancement,Needs Triage",0,0,2024-08,2024
59640,issue,closed,2024-08-28 14:37:11+00:00,2024-08-29 20:28:23+00:00,1,,0,0,2024-08,2024
59639,issue,closed,2024-08-28 12:43:22+00:00,2024-08-28 16:54:06+00:00,0,"Enhancement,Needs Triage",0,0,2024-08,2024
59637,issue,closed,2024-08-28 03:43:57+00:00,2024-08-28 17:06:44+00:00,0,"Docs,Needs Triage",0,0,2024-08,2024
59635,issue,closed,2024-08-27 23:37:18+00:00,2024-08-27 23:42:49+00:00,0,"Enhancement,Needs Triage",0,0,2024-08,2024
59614,issue,closed,2024-08-26 15:33:50+00:00,2024-11-16 19:34:32+00:00,82,Bug,1,0,2024-08,2024
59613,issue,closed,2024-08-26 15:32:19+00:00,2024-08-26 15:49:40+00:00,0,,0,0,2024-08,2024
59612,issue,closed,2024-08-26 15:09:33+00:00,2024-08-30 20:47:40+00:00,4,,0,0,2024-08,2024
59606,issue,closed,2024-08-26 04:22:50+00:00,2024-08-27 00:35:10+00:00,0,"Docs,Needs Triage",0,0,2024-08,2024
59603,issue,closed,2024-08-25 15:33:38+00:00,2024-08-29 18:54:31+00:00,4,"Bug,Build",1,0,2024-08,2024
59593,issue,closed,2024-08-24 10:38:19+00:00,2024-08-25 18:12:01+00:00,1,"Enhancement,IO Excel,Closing Candidate",0,0,2024-08,2024
59592,issue,closed,2024-08-24 09:41:47+00:00,2025-02-25 17:47:59+00:00,185,"Docs,Code Style",0,0,2024-08,2024
59588,issue,closed,2024-08-23 17:52:29+00:00,2024-08-25 18:13:00+00:00,2,"Bug,IO Data,Closing Candidate",1,0,2024-08,2024
59585,issue,closed,2024-08-23 16:18:02+00:00,2026-05-10 04:34:20+00:00,624,"Enhancement,Needs Discussion,Needs Info,Closing Candidate,Arrow",0,0,2024-08,2024
59575,issue,closed,2024-08-21 14:06:05+00:00,2024-08-21 15:13:53+00:00,0,"Usage Question,Strings",0,0,2024-08,2024
59572,issue,closed,2024-08-21 05:08:33+00:00,2024-08-21 17:49:53+00:00,0,"Bug,Needs Triage",1,0,2024-08,2024
59571,issue,closed,2024-08-21 01:01:25+00:00,2025-07-16 21:30:17+00:00,329,"Datetime,Error Reporting",0,0,2024-08,2024
59561,issue,closed,2024-08-20 16:06:32+00:00,2024-08-31 16:46:28+00:00,11,"Bug,Strings,API - Consistency",1,0,2024-08,2024
59559,issue,closed,2024-08-20 11:26:11+00:00,2024-08-20 17:06:20+00:00,0,"Enhancement,Needs Triage",0,0,2024-08,2024
59557,issue,closed,2024-08-20 00:01:28+00:00,2024-08-21 19:33:03+00:00,1,"Docs,IO CSV",0,0,2024-08,2024
59548,issue,closed,2024-08-19 13:49:40+00:00,2025-08-05 16:49:28+00:00,351,"Enhancement,Testing,Needs Discussion,Closing Candidate",0,0,2024-08,2024
59543,issue,closed,2024-08-17 20:58:52+00:00,2024-08-24 19:50:31+00:00,6,"Enhancement,Needs Triage",0,0,2024-08,2024
59542,issue,closed,2024-08-17 20:09:46+00:00,2024-08-25 18:13:58+00:00,7,"Enhancement,Datetime,Closing Candidate",0,0,2024-08,2024
59532,issue,closed,2024-08-16 18:25:52+00:00,2024-08-19 19:59:35+00:00,3,Docs,0,0,2024-08,2024
59531,issue,closed,2024-08-16 17:51:17+00:00,2025-03-07 23:30:56+00:00,203,"Bug,Indexing",1,0,2024-08,2024
59530,issue,closed,2024-08-16 17:19:47+00:00,2024-08-18 13:05:04+00:00,1,"Bug,Typing,Closing Candidate",1,0,2024-08,2024
59527,issue,closed,2024-08-16 15:45:43+00:00,2025-08-05 16:56:05+00:00,354,"Build,Needs Info",0,0,2024-08,2024
59523,issue,closed,2024-08-15 08:50:39+00:00,2025-01-04 21:15:22+00:00,142,"Bug,IO Excel,Needs Info",1,0,2024-08,2024
59522,issue,closed,2024-08-15 08:03:00+00:00,2024-08-15 16:28:43+00:00,0,"Bug,Needs Triage",1,0,2024-08,2024
59516,issue,closed,2024-08-14 17:35:19+00:00,2025-03-19 18:12:53+00:00,217,"Bug,Dtype Conversions,IO JSON",1,0,2024-08,2024
59511,issue,closed,2024-08-14 12:58:05+00:00,2025-06-02 17:21:51+00:00,292,"Bug,IO JSON,Warnings",1,0,2024-08,2024
59510,issue,closed,2024-08-14 08:40:59+00:00,2024-08-25 18:14:21+00:00,11,"Docs,Closing Candidate",0,0,2024-08,2024
59504,issue,closed,2024-08-13 20:38:33+00:00,2024-08-14 16:03:05+00:00,0,"Build,Needs Info",0,0,2024-08,2024
59502,issue,closed,2024-08-13 17:47:39+00:00,2025-10-14 18:49:24+00:00,427,"Dtype Conversions,Deprecate",0,0,2024-08,2024
59499,issue,closed,2024-08-13 15:57:34+00:00,2024-08-13 17:42:02+00:00,0,"Bug,Needs Triage",1,0,2024-08,2024
59498,issue,closed,2024-08-13 15:51:41+00:00,2024-08-13 17:56:19+00:00,0,"Enhancement,Needs Triage",0,0,2024-08,2024
59497,issue,closed,2024-08-13 13:22:26+00:00,2025-08-05 16:56:43+00:00,357,"Bug,Needs Info",1,0,2024-08,2024
59494,issue,closed,2024-08-13 07:19:14+00:00,2024-08-19 10:44:04+00:00,6,"Performance,Needs Info,IO Parquet",0,0,2024-08,2024
59477,issue,closed,2024-08-11 05:30:48+00:00,2025-08-05 16:57:05+00:00,359,"Bug,Needs Info",1,0,2024-08,2024
59466,issue,closed,2024-08-10 02:33:30+00:00,2024-08-10 08:31:43+00:00,0,"Enhancement,Needs Triage",0,0,2024-08,2024
59465,issue,closed,2024-08-10 02:33:29+00:00,2025-08-05 16:55:44+00:00,360,"Enhancement,Needs Info,Transformations",0,0,2024-08,2024
59461,issue,closed,2024-08-09 15:23:04+00:00,2024-08-22 15:19:38+00:00,12,"Bug,Visualization",1,0,2024-08,2024
59459,issue,closed,2024-08-09 13:07:45+00:00,2025-11-07 17:53:32+00:00,455,"Build,Docs",0,0,2024-08,2024
59458,issue,closed,2024-08-09 11:59:24+00:00,2025-04-07 16:57:54+00:00,241,"Docs,Code Style",0,0,2024-08,2024
59454,issue,closed,2024-08-09 01:24:25+00:00,2024-08-18 13:02:58+00:00,9,"Bug,IO CSV,Upstream issue",1,0,2024-08,2024
59452,issue,closed,2024-08-08 19:51:56+00:00,2024-08-21 19:30:10+00:00,12,"Enhancement,Error Reporting,replace",0,0,2024-08,2024
59445,issue,closed,2024-08-07 22:44:38+00:00,2024-08-07 23:15:44+00:00,0,"Usage Question,Needs Triage",0,0,2024-08,2024
59440,issue,closed,2024-08-07 16:30:27+00:00,2024-09-03 21:53:02+00:00,27,"Enhancement,Testing",0,0,2024-08,2024
59438,issue,closed,2024-08-07 08:59:00+00:00,2024-08-07 18:16:18+00:00,0,"Bug,Needs Triage",1,0,2024-08,2024
59432,issue,closed,2024-08-06 23:09:18+00:00,2024-08-06 23:21:20+00:00,0,"Bug,Needs Triage",1,0,2024-08,2024
59429,issue,closed,2024-08-06 20:37:42+00:00,2024-11-07 21:32:56+00:00,93,"Bug,Visualization",1,0,2024-08,2024
59428,issue,closed,2024-08-06 17:07:04+00:00,2024-08-06 17:40:07+00:00,0,"Bug,Needs Triage",1,0,2024-08,2024
59426,issue,closed,2024-08-06 07:12:06+00:00,2024-08-06 07:59:30+00:00,0,,0,0,2024-08,2024
59422,issue,closed,2024-08-05 18:09:58+00:00,2024-08-22 15:24:06+00:00,16,"Enhancement,Reshaping,Error Reporting",0,0,2024-08,2024
59421,issue,closed,2024-08-05 18:06:43+00:00,2024-08-12 20:03:25+00:00,7,"Bug,Reshaping,Needs Info",1,0,2024-08,2024
59420,issue,closed,2024-08-05 17:47:25+00:00,2024-08-05 18:30:44+00:00,0,,0,0,2024-08,2024
59417,issue,closed,2024-08-05 14:48:15+00:00,2024-08-25 18:17:26+00:00,20,"Build,Windows,Closing Candidate",0,0,2024-08,2024
59415,issue,closed,2024-08-05 13:06:04+00:00,2024-08-05 20:39:04+00:00,0,"Bug,Missing-data,Warnings",1,0,2024-08,2024
59411,issue,closed,2024-08-05 01:50:07+00:00,2024-08-05 20:31:11+00:00,0,"Bug,Needs Triage",1,0,2024-08,2024
59405,issue,closed,2024-08-04 15:02:44+00:00,2024-08-06 17:03:56+00:00,2,Docs,0,0,2024-08,2024
59402,issue,closed,2024-08-04 11:53:57+00:00,2024-08-04 14:26:54+00:00,0,"Build,Needs Info",0,0,2024-08,2024
59390,issue,closed,2024-08-02 15:34:59+00:00,2024-08-12 17:06:53+00:00,10,"Enhancement,Missing-data,Closing Candidate",0,0,2024-08,2024
59387,issue,closed,2024-08-02 07:31:30+00:00,2024-08-09 17:17:12+00:00,7,"Enhancement,Closing Candidate",0,0,2024-08,2024
59386,issue,closed,2024-08-01 22:05:11+00:00,2024-08-07 17:07:20+00:00,5,Docs,0,0,2024-08,2024
59382,issue,closed,2024-08-01 13:27:18+00:00,2024-08-04 18:03:20+00:00,3,"Bug,Needs Info,OS X",1,0,2024-08,2024
59381,issue,closed,2024-08-01 12:57:33+00:00,2024-08-01 12:58:31+00:00,0,,0,0,2024-08,2024
59379,issue,closed,2024-08-01 04:59:47+00:00,2024-08-01 16:01:56+00:00,0,"Bug,Window",1,0,2024-08,2024
59378,issue,closed,2024-07-31 22:40:38+00:00,2024-08-19 21:00:16+00:00,18,"Bug,Visualization,Duplicate Report",1,0,2024-07,2024
59374,issue,closed,2024-07-31 18:26:44+00:00,2024-07-31 21:52:53+00:00,0,"Bug,Needs Triage",1,0,2024-07,2024
59372,issue,closed,2024-07-31 15:31:49+00:00,2024-08-08 15:20:25+00:00,7,"Bug,Python 3.13",1,0,2024-07,2024
59369,issue,closed,2024-07-31 12:54:42+00:00,2024-07-31 17:13:08+00:00,0,"Docs,Needs Triage",0,0,2024-07,2024
59362,issue,closed,2024-07-31 03:27:37+00:00,2024-07-31 12:37:34+00:00,0,,0,0,2024-07,2024
59359,issue,closed,2024-07-30 22:48:15+00:00,2025-08-05 16:39:03+00:00,370,"Docs,Needs Discussion,Closing Candidate",0,0,2024-07,2024
59358,issue,closed,2024-07-30 21:50:10+00:00,2024-07-31 12:38:03+00:00,0,"Docs,Needs Triage",0,0,2024-07,2024
59356,issue,closed,2024-07-30 19:31:29+00:00,2026-03-30 23:59:20+00:00,608,"Enhancement,Strings,Closing Candidate",0,0,2024-07,2024
59355,issue,closed,2024-07-30 15:35:25+00:00,2024-08-09 17:23:24+00:00,10,"Bug,cut",1,0,2024-07,2024
59351,issue,closed,2024-07-30 10:00:00+00:00,2024-07-30 17:11:55+00:00,0,"Usage Question,Needs Triage",0,0,2024-07,2024
59344,issue,closed,2024-07-29 13:18:00+00:00,2024-08-08 00:43:41+00:00,9,"Testing,Docs",0,0,2024-07,2024
59342,issue,closed,2024-07-29 08:56:03+00:00,2025-12-14 10:20:28+00:00,503,"Enhancement,Strings,Needs Discussion",0,0,2024-07,2024
59334,issue,closed,2024-07-26 22:51:08+00:00,2024-07-29 17:32:48+00:00,2,Docs,0,0,2024-07,2024
59333,issue,closed,2024-07-26 20:49:30+00:00,2024-07-26 21:24:42+00:00,0,"Bug,Needs Triage",1,0,2024-07,2024
59332,issue,closed,2024-07-26 19:23:28+00:00,2024-08-11 12:35:11+00:00,15,"Docs,IO Data",0,0,2024-07,2024
59328,issue,closed,2024-07-26 13:50:35+00:00,2025-07-07 11:08:57+00:00,345,"API Design,Strings",0,0,2024-07,2024
59315,issue,closed,2024-07-25 20:50:05+00:00,2024-07-26 09:19:49+00:00,0,"Build,Needs Triage",0,0,2024-07,2024
59314,issue,closed,2024-07-25 18:40:37+00:00,2024-08-02 16:47:28+00:00,7,"Docs,Needs Triage",0,0,2024-07,2024
59312,issue,closed,2024-07-25 16:16:32+00:00,2024-08-27 00:07:25+00:00,32,"Performance,IO CSV",0,0,2024-07,2024
59309,issue,closed,2024-07-25 11:14:33+00:00,2024-07-31 01:46:49+00:00,5,Docs,0,0,2024-07,2024
59307,issue,closed,2024-07-24 22:41:33+00:00,2024-10-06 17:33:16+00:00,73,"Docs,Groupby",0,0,2024-07,2024
59303,issue,closed,2024-07-24 04:10:46+00:00,2024-09-12 01:15:53+00:00,49,"Bug,Missing-data,IO CSV",1,0,2024-07,2024
59301,issue,closed,2024-07-23 14:03:53+00:00,2024-07-24 16:39:57+00:00,1,Docs,0,0,2024-07,2024
59298,issue,closed,2024-07-22 20:26:26+00:00,2024-08-27 00:10:32+00:00,35,"Bug,Datetime,Error Reporting",1,0,2024-07,2024
59294,issue,closed,2024-07-21 13:47:08+00:00,2024-07-22 17:22:18+00:00,1,"Indexing,Closing Candidate",0,0,2024-07,2024
59293,issue,closed,2024-07-21 06:53:08+00:00,2024-08-27 17:00:09+00:00,37,"Bug,IO SQL,Needs Info",1,0,2024-07,2024
59285,issue,closed,2024-07-20 04:07:26+00:00,2024-08-20 20:08:19+00:00,31,"Bug,expressions",1,0,2024-07,2024
59279,issue,closed,2024-07-19 13:13:31+00:00,2026-03-15 20:15:16+00:00,604,"Performance,IO Pickle",0,0,2024-07,2024
59277,issue,closed,2024-07-19 09:02:38+00:00,2024-07-25 09:24:03+00:00,6,"Bug,Needs Triage",1,0,2024-07,2024
59276,issue,closed,2024-07-19 08:36:33+00:00,2024-07-19 08:51:12+00:00,0,"Bug,Needs Triage",1,0,2024-07,2024
59274,issue,closed,2024-07-18 17:47:15+00:00,2024-08-10 17:10:40+00:00,22,"Enhancement,Reshaping,Error Reporting",0,0,2024-07,2024
59273,issue,closed,2024-07-18 15:58:36+00:00,2025-01-31 10:20:25+00:00,196,"Bug,Closing Candidate",1,0,2024-07,2024
59272,issue,closed,2024-07-18 11:56:00+00:00,2026-04-07 01:50:32+00:00,627,"Performance,Copy / view semantics,Closing Candidate",0,0,2024-07,2024
59271,issue,closed,2024-07-18 10:57:04+00:00,2024-07-19 19:10:59+00:00,1,"Bug,Needs Triage",1,0,2024-07,2024
59270,issue,closed,2024-07-18 10:31:16+00:00,2024-07-18 17:33:23+00:00,0,"Build,Usage Question",0,0,2024-07,2024
59267,issue,closed,2024-07-17 22:32:52+00:00,2024-07-22 20:51:06+00:00,4,"Docs,Closing Candidate",0,0,2024-07,2024
59263,issue,closed,2024-07-17 13:41:23+00:00,2024-07-17 17:14:53+00:00,0,"Enhancement,Needs Triage",0,0,2024-07,2024
59261,issue,closed,2024-07-17 10:50:43+00:00,2025-07-04 14:05:54+00:00,352,"Bug,Numeric Operations,Closing Candidate",1,0,2024-07,2024
59260,issue,closed,2024-07-17 08:16:40+00:00,2024-07-17 17:08:13+00:00,0,"Build,Needs Triage",0,0,2024-07,2024
59256,issue,closed,2024-07-16 15:24:31+00:00,2026-03-31 17:44:01+00:00,623,"Bug,Timestamp",1,0,2024-07,2024
59253,issue,closed,2024-07-16 12:29:12+00:00,2024-07-16 16:45:39+00:00,0,"Docs,Needs Triage",0,0,2024-07,2024
59252,issue,closed,2024-07-16 11:26:40+00:00,2024-11-05 13:13:53+00:00,112,"Bug,Window",1,0,2024-07,2024
59237,issue,closed,2024-07-12 09:30:14+00:00,2024-08-13 23:46:21+00:00,32,"Enhancement,duplicated",0,0,2024-07,2024
59233,issue,closed,2024-07-11 20:03:32+00:00,2024-11-10 14:07:16+00:00,121,"Bug,IO JSON,Needs Info",1,0,2024-07,2024
59232,issue,closed,2024-07-11 16:07:16+00:00,2024-07-12 10:43:12+00:00,0,,0,0,2024-07,2024
59231,issue,closed,2024-07-11 15:45:18+00:00,2024-07-22 17:27:30+00:00,11,,0,0,2024-07,2024
59226,issue,closed,2024-07-11 07:54:01+00:00,2024-07-12 17:53:54+00:00,1,"Enhancement,Needs Triage",0,0,2024-07,2024
59220,issue,closed,2024-07-10 00:02:57+00:00,2024-07-10 23:04:00+00:00,0,"Bug,Needs Triage",1,0,2024-07,2024
59218,issue,closed,2024-07-09 23:29:35+00:00,2024-07-16 09:10:27+00:00,6,"Bug,Needs Triage",1,0,2024-07,2024
59213,issue,closed,2024-07-08 21:18:03+00:00,2024-07-09 16:38:26+00:00,0,"Bug,Needs Triage",1,0,2024-07,2024
59204,issue,closed,2024-07-07 23:46:55+00:00,2024-07-08 13:52:25+00:00,0,"Bug,Categorical,Constructors",1,0,2024-07,2024
59203,issue,closed,2024-07-07 19:43:02+00:00,2024-07-08 15:17:52+00:00,0,"Bug,Needs Triage",1,0,2024-07,2024
59199,issue,closed,2024-07-07 13:26:43+00:00,2024-07-08 21:32:14+00:00,1,"Enhancement,Needs Triage",0,0,2024-07,2024
59196,issue,closed,2024-07-06 22:52:44+00:00,2025-02-21 07:03:19+00:00,229,"Bug,Needs Triage",1,0,2024-07,2024
59192,issue,closed,2024-07-05 17:46:13+00:00,2024-07-15 18:22:00+00:00,10,"Bug,Arrow",1,0,2024-07,2024
59186,issue,closed,2024-07-05 10:22:55+00:00,2025-12-11 00:04:18+00:00,523,"Bug,IO Excel",1,0,2024-07,2024
59184,issue,closed,2024-07-04 23:50:34+00:00,2024-07-08 15:35:41+00:00,3,"Bug,Needs Triage",1,0,2024-07,2024
59180,issue,closed,2024-07-04 08:44:47+00:00,2024-07-04 12:24:01+00:00,0,"Performance,IO Excel",0,0,2024-07,2024
59177,issue,closed,2024-07-03 19:13:18+00:00,2024-07-06 16:14:39+00:00,2,"Bug,Algos",1,0,2024-07,2024
59176,issue,closed,2024-07-03 16:50:08+00:00,2024-07-03 17:20:45+00:00,0,"Enhancement,Reshaping",0,0,2024-07,2024
59174,issue,closed,2024-07-03 15:21:40+00:00,2024-07-03 16:44:50+00:00,0,"Bug,Upstream issue",1,0,2024-07,2024
59166,issue,closed,2024-07-02 08:26:15+00:00,2024-07-02 15:54:21+00:00,0,"Usage Question,Needs Triage",0,0,2024-07,2024
59165,issue,closed,2024-07-02 05:31:40+00:00,2024-07-22 20:06:17+00:00,20,"Enhancement,cut",0,0,2024-07,2024
59160,issue,closed,2024-07-01 18:23:19+00:00,2024-07-22 20:34:47+00:00,21,Vote,0,0,2024-07,2024
59154,issue,closed,2024-07-01 12:17:56+00:00,2024-07-08 15:21:21+00:00,7,"Bug,Datetime,Arrow",1,0,2024-07,2024
59153,issue,closed,2024-07-01 08:25:20+00:00,2025-11-08 17:40:07+00:00,495,"Bug,Missing-data,MultiIndex,Needs Tests,setitem-with-expansion",1,0,2024-07,2024
59149,issue,closed,2024-06-30 13:36:09+00:00,2024-07-25 09:07:33+00:00,24,"Usage Question,Needs Triage",0,0,2024-06,2024
59147,issue,closed,2024-06-29 14:40:55+00:00,2024-07-08 17:06:35+00:00,9,"Bug,IO HTML",1,0,2024-06,2024
59138,issue,closed,2024-06-28 11:34:59+00:00,2024-06-28 13:23:09+00:00,0,"Usage Question,Closing Candidate",0,0,2024-06,2024
59132,issue,closed,2024-06-28 03:55:17+00:00,2024-07-03 02:31:43+00:00,4,"Bug,IO JSON,Closing Candidate",1,0,2024-06,2024
59131,issue,closed,2024-06-28 02:31:44+00:00,2024-06-28 08:31:51+00:00,0,"Bug,Needs Triage",1,0,2024-06,2024
59130,issue,closed,2024-06-28 00:31:12+00:00,2024-08-05 17:41:22+00:00,38,Docs,0,0,2024-06,2024
59126,issue,closed,2024-06-27 19:32:10+00:00,2024-06-29 18:15:40+00:00,1,"Bug,Needs Triage",1,0,2024-06,2024
59122,issue,closed,2024-06-27 14:50:16+00:00,2024-07-16 11:16:25+00:00,18,"Missing-data,Arrow",0,0,2024-06,2024
59121,issue,closed,2024-06-27 14:44:04+00:00,2024-06-28 01:45:05+00:00,0,"Bug,Needs Triage",1,0,2024-06,2024
59120,issue,closed,2024-06-27 12:13:40+00:00,2024-06-27 13:10:53+00:00,0,"Bug,IO HDF5,Non-Nano",1,0,2024-06,2024
59118,issue,closed,2024-06-27 03:33:38+00:00,2024-06-27 11:59:32+00:00,0,"Bug,Needs Triage",1,0,2024-06,2024
59110,issue,closed,2024-06-26 18:17:42+00:00,2024-07-01 16:36:57+00:00,4,"Bug,Needs Triage",1,0,2024-06,2024
59107,issue,closed,2024-06-26 11:42:19+00:00,2024-06-27 15:15:29+00:00,1,CI,0,0,2024-06,2024
59095,issue,closed,2024-06-25 12:39:47+00:00,2024-07-08 15:36:58+00:00,13,Docs,0,0,2024-06,2024
59093,issue,closed,2024-06-25 11:32:15+00:00,2024-06-25 17:20:13+00:00,0,"Bug,CI",1,0,2024-06,2024
59091,issue,closed,2024-06-25 09:30:30+00:00,2025-01-02 21:47:33+00:00,191,"Bug,Needs Triage",1,0,2024-06,2024
59087,issue,closed,2024-06-24 22:08:39+00:00,2024-07-31 17:25:38+00:00,36,"Enhancement,Needs Triage",0,0,2024-06,2024
59082,issue,closed,2024-06-24 15:19:09+00:00,2024-07-08 17:17:41+00:00,14,"Bug,Numeric Operations,Upstream issue,Arrow",1,0,2024-06,2024
59079,issue,closed,2024-06-24 08:41:58+00:00,2024-06-24 17:13:10+00:00,0,"Bug,IO CSV",1,0,2024-06,2024
59078,issue,closed,2024-06-24 08:12:05+00:00,2024-08-12 17:36:09+00:00,49,Docs,0,0,2024-06,2024
59077,issue,closed,2024-06-24 01:11:45+00:00,2024-07-30 17:20:08+00:00,36,Bug,1,0,2024-06,2024
59076,issue,closed,2024-06-23 18:39:53+00:00,2024-07-01 00:36:11+00:00,7,"Bug,Needs Triage",1,0,2024-06,2024
59063,issue,closed,2024-06-21 10:28:23+00:00,2024-06-27 15:13:45+00:00,6,"Bug,Needs Triage",1,0,2024-06,2024
59060,issue,closed,2024-06-20 23:52:12+00:00,2026-03-19 21:02:03+00:00,636,"Bug,Needs Tests,Constructors",1,0,2024-06,2024
59059,issue,closed,2024-06-20 15:35:14+00:00,2024-06-27 17:20:22+00:00,7,"Bug,Needs Triage",1,0,2024-06,2024
59057,issue,closed,2024-06-20 13:40:54+00:00,2025-07-14 16:32:39+00:00,389,"Enhancement,Build,Python 3.13",0,0,2024-06,2024
59054,issue,closed,2024-06-19 14:35:58+00:00,2024-06-19 19:52:19+00:00,0,"Bug,Needs Triage",1,0,2024-06,2024
59053,issue,closed,2024-06-19 14:07:23+00:00,2026-02-03 21:35:02+00:00,594,Bug,1,0,2024-06,2024
59052,issue,closed,2024-06-19 13:39:05+00:00,2024-06-19 17:27:46+00:00,0,"Build,Usage Question,Compat",0,0,2024-06,2024
59050,issue,closed,2024-06-19 07:53:27+00:00,2024-06-22 21:48:09+00:00,3,"Bug,Missing-data,ExtensionArray,Closing Candidate",1,0,2024-06,2024
59048,issue,closed,2024-06-19 01:30:08+00:00,2024-06-22 21:50:13+00:00,3,"Bug,Closing Candidate,Astype",1,0,2024-06,2024
59045,issue,closed,2024-06-18 16:16:33+00:00,2024-08-27 16:59:03+00:00,70,"Bug,Needs Info,Astype",1,0,2024-06,2024
59043,issue,closed,2024-06-18 11:23:50+00:00,2024-06-18 16:13:09+00:00,0,"Bug,expressions",1,0,2024-06,2024
59042,issue,closed,2024-06-18 09:44:04+00:00,2024-06-20 09:01:04+00:00,1,"Bug,IO Excel,Closing Candidate",1,0,2024-06,2024
59041,issue,closed,2024-06-18 05:54:58+00:00,2024-07-08 18:15:26+00:00,20,"Docs,isin",0,0,2024-06,2024
59038,issue,closed,2024-06-18 01:11:43+00:00,2024-06-18 14:00:41+00:00,0,"Build,Usage Question",0,0,2024-06,2024
59036,issue,closed,2024-06-17 22:11:59+00:00,2024-06-24 17:55:16+00:00,6,"Bug,Index,Needs Triage,datetime.date",1,0,2024-06,2024
59031,issue,closed,2024-06-17 13:55:42+00:00,2025-11-29 02:53:12+00:00,529,Non-Nano,0,0,2024-06,2024
59024,issue,closed,2024-06-17 04:22:06+00:00,2024-06-18 04:35:08+00:00,1,"Bug,Needs Info,Closing Candidate",1,0,2024-06,2024
59023,issue,closed,2024-06-17 00:49:44+00:00,2024-06-18 14:03:28+00:00,1,"Bug,Closing Candidate,Upstream issue",1,0,2024-06,2024
59022,issue,closed,2024-06-16 14:29:43+00:00,2024-06-17 17:17:20+00:00,1,Benchmark,0,0,2024-06,2024
59020,issue,closed,2024-06-16 08:11:52+00:00,2024-08-27 17:13:35+00:00,72,"Usage Question,Needs Triage",0,0,2024-06,2024
59019,issue,closed,2024-06-15 16:34:23+00:00,2024-06-15 17:09:43+00:00,0,"Bug,Needs Triage",1,0,2024-06,2024
59012,issue,closed,2024-06-14 07:12:55+00:00,2024-06-14 16:49:49+00:00,0,"Bug,Needs Triage",1,0,2024-06,2024
59010,issue,closed,2024-06-14 01:43:45+00:00,2024-06-14 22:52:55+00:00,0,Docs,0,0,2024-06,2024
59006,issue,closed,2024-06-13 19:30:21+00:00,2025-08-27 18:38:46+00:00,439,"Enhancement,Needs Discussion,ExtensionArray,Closing Candidate",0,0,2024-06,2024
59005,issue,closed,2024-06-13 19:06:34+00:00,2024-06-13 21:53:19+00:00,0,"Enhancement,IO Excel",0,0,2024-06,2024
59004,issue,closed,2024-06-13 18:39:51+00:00,2024-06-18 21:49:21+00:00,5,"Bug,IO HDF5,Non-Nano",1,0,2024-06,2024
59003,issue,closed,2024-06-13 18:29:53+00:00,2024-06-25 20:14:42+00:00,12,"Bug,Needs Triage",1,0,2024-06,2024
59000,issue,closed,2024-06-13 15:35:32+00:00,2024-06-13 17:52:54+00:00,0,"Bug,Build,Closing Candidate",1,0,2024-06,2024
58999,issue,closed,2024-06-13 13:49:25+00:00,2024-06-13 15:06:11+00:00,0,"Bug,Needs Triage",1,0,2024-06,2024
58997,issue,closed,2024-06-13 08:56:02+00:00,2024-06-13 15:19:01+00:00,0,Benchmark,0,0,2024-06,2024
58996,issue,closed,2024-06-13 08:14:57+00:00,2024-06-15 12:36:08+00:00,2,"Bug,IO CSV,Closing Candidate",1,0,2024-06,2024
58993,issue,closed,2024-06-13 00:36:19+00:00,2024-06-13 01:52:30+00:00,0,"Bug,IO Parquet,Closing Candidate",1,0,2024-06,2024
58991,issue,closed,2024-06-12 21:20:59+00:00,2024-06-15 10:46:38+00:00,2,"Bug,Reshaping,Duplicate Report",1,0,2024-06,2024
58990,issue,closed,2024-06-12 18:27:19+00:00,2024-06-13 17:34:25+00:00,0,Docs,0,0,2024-06,2024
58989,issue,closed,2024-06-12 18:26:30+00:00,2025-11-19 01:25:39+00:00,524,"Datetime,Non-Nano,Timestamp",0,0,2024-06,2024
58987,issue,closed,2024-06-12 14:22:48+00:00,2024-06-12 14:33:46+00:00,0,"Bug,Needs Triage",1,0,2024-06,2024
58983,issue,closed,2024-06-12 06:25:40+00:00,2024-06-12 16:44:43+00:00,0,"Bug,Needs Triage",1,0,2024-06,2024
58980,issue,closed,2024-06-12 03:18:20+00:00,2024-06-13 22:02:31+00:00,1,"Bug,Groupby,Apply",1,0,2024-06,2024
58977,issue,closed,2024-06-11 07:25:14+00:00,2025-10-31 16:54:15+00:00,507,"Bug,Needs Triage,combine/combine_first/update",1,0,2024-06,2024
58969,issue,closed,2024-06-10 16:02:47+00:00,2024-06-10 20:05:46+00:00,0,"Bug,Needs Triage",1,0,2024-06,2024
58965,issue,closed,2024-06-09 17:53:38+00:00,2024-06-10 16:51:08+00:00,0,,0,0,2024-06,2024
58964,issue,closed,2024-06-09 16:38:44+00:00,2025-11-18 14:18:10+00:00,526,"Bug,Interval,Needs Triage",1,0,2024-06,2024
58963,issue,closed,2024-06-09 05:25:12+00:00,2024-10-09 21:16:55+00:00,122,"Performance,Needs Triage",0,0,2024-06,2024
58962,issue,closed,2024-06-08 19:04:55+00:00,2026-05-06 08:45:13+00:00,696,"Performance,Regression",0,0,2024-06,2024
58956,issue,closed,2024-06-07 14:07:32+00:00,2024-06-07 17:30:49+00:00,0,"Performance,Needs Triage",0,0,2024-06,2024
58954,issue,closed,2024-06-07 11:37:26+00:00,2025-09-04 22:01:10+00:00,454,"Bug,Indexing,Categorical",1,0,2024-06,2024
58952,issue,closed,2024-06-06 22:24:43+00:00,2024-08-27 16:58:32+00:00,81,"Docs,Needs Info,PDEP6-related",0,0,2024-06,2024
58949,issue,closed,2024-06-06 18:50:28+00:00,2024-06-07 18:52:48+00:00,1,"Bug,Needs Info",1,0,2024-06,2024
58944,issue,closed,2024-06-06 06:33:38+00:00,2024-08-26 19:47:29+00:00,81,"Build,Needs Info",0,0,2024-06,2024
58943,issue,closed,2024-06-06 05:45:02+00:00,2024-06-06 15:53:16+00:00,0,"Bug,Needs Triage",1,0,2024-06,2024
58941,issue,closed,2024-06-06 05:22:13+00:00,2024-06-06 15:01:03+00:00,0,Docs,0,0,2024-06,2024
58938,issue,closed,2024-06-05 20:18:13+00:00,2024-06-21 17:59:47+00:00,15,"Docs,Missing-data,Dtype Conversions",0,0,2024-06,2024
58932,issue,closed,2024-06-05 14:40:13+00:00,2024-06-05 14:53:55+00:00,0,"Bug,Needs Triage",1,0,2024-06,2024
58929,issue,closed,2024-06-05 12:46:14+00:00,2024-06-05 17:07:39+00:00,0,"Bug,Needs Triage",1,0,2024-06,2024
58927,issue,closed,2024-06-05 11:00:24+00:00,2024-06-08 09:42:12+00:00,2,"Bug,Needs Triage",1,0,2024-06,2024
58926,issue,closed,2024-06-05 03:49:06+00:00,2025-03-17 16:33:42+00:00,285,"Bug,NA - MaskedArrays",1,0,2024-06,2024
58925,issue,closed,2024-06-04 23:21:51+00:00,2024-07-08 23:33:04+00:00,34,"Bug,IO JSON",1,0,2024-06,2024
58924,issue,closed,2024-06-04 20:47:27+00:00,2025-03-07 00:57:58+00:00,275,"Bug,Missing-data",1,0,2024-06,2024
58918,issue,closed,2024-06-04 16:29:56+00:00,2024-06-04 18:02:01+00:00,0,"Docs,Needs Triage",0,0,2024-06,2024
58913,issue,closed,2024-06-04 04:15:40+00:00,2024-06-10 16:46:13+00:00,6,"Bug,Needs Discussion,Constructors,Copy / view semantics",1,0,2024-06,2024
58911,issue,closed,2024-06-03 23:09:07+00:00,2024-06-04 02:34:34+00:00,0,"Bug,Needs Triage",1,0,2024-06,2024
58909,issue,closed,2024-06-03 20:53:50+00:00,2025-04-16 14:10:06+00:00,316,"Bug,Index",1,0,2024-06,2024
58907,issue,closed,2024-06-03 20:19:04+00:00,2024-06-15 12:36:59+00:00,11,"Bug,Closing Candidate,Upstream issue,Astype",1,0,2024-06,2024
58906,issue,closed,2024-06-03 19:11:30+00:00,2024-06-22 11:44:17+00:00,18,"Bug,Needs Triage",1,0,2024-06,2024
58901,issue,closed,2024-06-03 14:13:36+00:00,2024-06-03 17:58:37+00:00,0,"Bug,Needs Triage",1,0,2024-06,2024
58872,issue,closed,2024-05-31 14:27:50+00:00,2024-06-04 05:56:05+00:00,3,"Bug,Needs Discussion,Styler,Closing Candidate",1,0,2024-05,2024
58870,issue,closed,2024-05-30 22:28:29+00:00,2024-09-04 17:02:00+00:00,96,"Enhancement,IO CSV,Needs Discussion",0,0,2024-05,2024
58868,issue,closed,2024-05-30 18:04:01+00:00,2024-06-03 18:18:14+00:00,4,"Bug,Apply,Window,numba",1,0,2024-05,2024
58865,issue,closed,2024-05-29 22:03:06+00:00,2024-06-07 17:36:53+00:00,8,,0,0,2024-05,2024
58862,issue,closed,2024-05-29 16:12:05+00:00,2026-03-27 18:30:19+00:00,667,"Bug,IO Data,Deprecate",1,0,2024-05,2024
58860,issue,closed,2024-05-29 13:47:25+00:00,2024-08-27 16:58:11+00:00,90,"Bug,Needs Info",1,0,2024-05,2024
58859,issue,closed,2024-05-29 10:53:10+00:00,2024-07-17 17:09:06+00:00,49,"Bug,Datetime",1,0,2024-05,2024
58858,issue,closed,2024-05-29 09:56:41+00:00,2024-07-23 20:54:33+00:00,55,"Bug,Groupby,Deprecate,API - Consistency",1,0,2024-05,2024
58851,issue,closed,2024-05-28 21:38:51+00:00,2024-07-03 16:45:26+00:00,35,"Bug,Needs Triage",1,0,2024-05,2024
58849,issue,closed,2024-05-28 11:48:31+00:00,2024-05-29 07:35:28+00:00,0,"Bug,IO Excel,Needs Info",1,0,2024-05,2024
58829,issue,closed,2024-05-26 10:10:14+00:00,2025-08-05 16:50:36+00:00,436,"Bug,Build,Closing Candidate",1,0,2024-05,2024
58825,issue,closed,2024-05-24 22:16:22+00:00,2024-05-24 22:52:18+00:00,0,,0,0,2024-05,2024
58824,issue,closed,2024-05-24 21:56:05+00:00,2024-05-31 18:33:19+00:00,6,Docs,0,0,2024-05,2024
58820,issue,closed,2024-05-24 20:32:24+00:00,2024-05-24 20:48:36+00:00,0,"Bug,Needs Triage",1,0,2024-05,2024
58818,issue,closed,2024-05-24 09:12:47+00:00,2024-05-24 15:39:15+00:00,0,"Bug,Index,Closing Candidate,setops",1,0,2024-05,2024
58816,issue,closed,2024-05-23 21:45:45+00:00,2024-05-24 00:04:06+00:00,0,"Docs,Needs Discussion,Closing Candidate",0,0,2024-05,2024
58815,issue,closed,2024-05-23 16:18:33+00:00,2024-05-24 02:11:46+00:00,0,"Bug,Datetime,Duplicate Report,Index,datetime.date",1,0,2024-05,2024
58812,issue,closed,2024-05-22 23:17:18+00:00,2026-01-30 21:31:11+00:00,617,Docs,0,0,2024-05,2024
58811,issue,closed,2024-05-22 20:53:24+00:00,2024-06-14 16:55:02+00:00,22,"Bug,Groupby,Dtype Conversions,Transformations",1,0,2024-05,2024
58810,issue,closed,2024-05-22 20:17:04+00:00,2024-06-05 16:59:04+00:00,13,"Bug,Missing-data,Apply",1,0,2024-05,2024
58809,issue,closed,2024-05-22 19:16:14+00:00,2024-05-26 14:28:40+00:00,3,"Build,Needs Info,Segfault",0,0,2024-05,2024
58807,issue,closed,2024-05-22 00:24:13+00:00,2024-07-15 20:25:02+00:00,54,"Docs,Error Reporting,Apply",0,0,2024-05,2024
58799,issue,closed,2024-05-21 07:35:44+00:00,2024-05-27 12:58:12+00:00,6,"Enhancement,Categorical,IO Parquet",0,0,2024-05,2024
58790,issue,closed,2024-05-19 13:49:55+00:00,2024-05-19 18:07:19+00:00,0,,0,0,2024-05,2024
58789,issue,closed,2024-05-19 13:08:26+00:00,2024-05-19 16:17:36+00:00,0,"Bug,Needs Triage",1,0,2024-05,2024
58772,issue,closed,2024-05-18 09:42:00+00:00,2024-05-19 18:11:30+00:00,1,"Enhancement,Needs Discussion,Closing Candidate",0,0,2024-05,2024
58771,issue,closed,2024-05-18 07:35:52+00:00,2024-05-18 09:58:49+00:00,0,"Bug,Needs Triage",1,0,2024-05,2024
58760,issue,closed,2024-05-18 03:42:11+00:00,2024-05-19 18:12:18+00:00,1,"Enhancement,IO CSV,Closing Candidate",0,0,2024-05,2024
58748,issue,closed,2024-05-17 09:14:03+00:00,2024-06-12 21:07:44+00:00,26,"Bug,ExtensionArray,expressions",1,0,2024-05,2024
58747,issue,closed,2024-05-17 05:45:40+00:00,2024-05-17 11:29:31+00:00,0,"Bug,Needs Triage",1,0,2024-05,2024
58738,issue,closed,2024-05-16 16:21:41+00:00,2024-05-16 17:42:35+00:00,0,"Bug,Needs Triage",1,0,2024-05,2024
58737,issue,closed,2024-05-16 10:58:16+00:00,2024-05-19 18:13:50+00:00,3,"Usage Question,Closing Candidate",0,0,2024-05,2024
58734,issue,closed,2024-05-16 03:57:14+00:00,2024-10-07 21:17:29+00:00,144,"Enhancement,Python 3.13",0,0,2024-05,2024
58729,issue,closed,2024-05-15 11:37:43+00:00,2024-06-09 15:56:14+00:00,25,"Bug,Frequency",1,0,2024-05,2024
58723,issue,closed,2024-05-14 23:01:16+00:00,2024-05-15 00:06:15+00:00,0,"Bug,Needs Triage",1,0,2024-05,2024
58722,issue,closed,2024-05-14 22:52:37+00:00,2024-09-07 11:53:29+00:00,115,"Bug,Reshaping",1,0,2024-05,2024
58721,issue,closed,2024-05-14 21:33:23+00:00,2024-08-26 21:58:33+00:00,104,"Bug,Reshaping",1,0,2024-05,2024
58716,issue,closed,2024-05-14 15:53:32+00:00,2024-05-15 17:32:32+00:00,1,"Bug,Docs,Needs Triage,Copy / view semantics",1,0,2024-05,2024
58714,issue,closed,2024-05-14 09:30:45+00:00,2024-05-15 08:48:25+00:00,0,"Bug,Needs Triage",1,0,2024-05,2024
58713,issue,closed,2024-05-14 08:21:14+00:00,2024-11-01 16:56:02+00:00,171,"Bug,Reshaping,Windows",1,0,2024-05,2024
58712,issue,closed,2024-05-14 02:51:33+00:00,2024-06-11 16:11:37+00:00,28,"Bug,Apply,numba",1,0,2024-05,2024
58696,issue,closed,2024-05-13 09:48:27+00:00,2024-07-08 16:58:23+00:00,56,"Bug,Upstream issue,Arrow",1,0,2024-05,2024
58690,issue,closed,2024-05-12 19:28:56+00:00,2025-10-27 22:47:50+00:00,533,"Bug,Missing-data,Resample,Deprecate",1,0,2024-05,2024
58681,issue,closed,2024-05-12 10:22:54+00:00,2024-05-12 14:11:26+00:00,0,"Styler,Closing Candidate",0,0,2024-05,2024
58679,issue,closed,2024-05-12 09:07:17+00:00,2024-08-05 18:00:38+00:00,85,"IO CSV,Benchmark",0,0,2024-05,2024
58678,issue,closed,2024-05-12 09:04:31+00:00,2024-08-05 18:01:03+00:00,85,"Strings,Benchmark",0,0,2024-05,2024
58667,issue,closed,2024-05-10 18:46:30+00:00,2024-05-15 17:49:25+00:00,4,"Enhancement,Deprecate",0,0,2024-05,2024
58664,issue,closed,2024-05-10 10:41:27+00:00,2024-05-11 18:17:44+00:00,1,"Bug,Frequency",1,0,2024-05,2024
58663,issue,closed,2024-05-09 23:21:20+00:00,2025-08-06 17:29:10+00:00,453,"API Design,ExtensionArray",0,0,2024-05,2024
58654,issue,closed,2024-05-09 14:36:48+00:00,2024-05-10 20:27:43+00:00,1,"Build,Needs Triage",0,0,2024-05,2024
58644,issue,closed,2024-05-08 18:04:48+00:00,2024-05-16 20:54:32+00:00,8,"Bug,Groupby",1,0,2024-05,2024
58641,issue,closed,2024-05-08 16:19:12+00:00,2024-06-27 17:36:44+00:00,50,"Bug,Closing Candidate",1,0,2024-05,2024
58638,issue,closed,2024-05-08 15:21:12+00:00,2024-06-10 11:44:43+00:00,32,"Bug,Needs Triage",1,0,2024-05,2024
58632,issue,closed,2024-05-08 09:46:03+00:00,2024-09-19 19:39:10+00:00,134,"Build,Blocker",0,0,2024-05,2024
58621,issue,closed,2024-05-07 20:09:45+00:00,2025-10-29 18:39:14+00:00,539,"Bug,Needs Triage",1,0,2024-05,2024
58613,issue,closed,2024-05-07 11:13:06+00:00,2024-07-29 14:16:41+00:00,83,"API Design,Strings,Needs Discussion",0,0,2024-05,2024
58612,issue,closed,2024-05-07 10:29:02+00:00,2024-08-04 05:15:23+00:00,88,"Bug,Needs Triage",1,0,2024-05,2024
58604,issue,closed,2024-05-06 23:46:50+00:00,2024-05-07 15:18:34+00:00,0,"Bug,Needs Triage",1,0,2024-05,2024
58602,issue,closed,2024-05-06 22:11:21+00:00,2025-10-19 00:39:17+00:00,530,"Bug,Numeric Operations,NA - MaskedArrays,Needs Triage,Arrow",1,0,2024-05,2024
58594,issue,closed,2024-05-06 16:13:09+00:00,2024-07-18 15:54:02+00:00,72,"Bug,Needs Triage",1,0,2024-05,2024
58593,issue,closed,2024-05-06 14:07:22+00:00,2024-05-12 16:20:02+00:00,6,"Enhancement,Styler",0,0,2024-05,2024
58591,issue,closed,2024-05-06 11:47:34+00:00,2024-05-07 15:16:59+00:00,1,"Bug,Needs Triage",1,0,2024-05,2024
58584,issue,closed,2024-05-06 07:43:43+00:00,2024-05-06 08:54:38+00:00,0,"Bug,Needs Triage",1,0,2024-05,2024
58583,issue,closed,2024-05-06 04:17:23+00:00,2024-05-07 17:15:26+00:00,1,"Docs,Needs Triage",0,0,2024-05,2024
58581,issue,closed,2024-05-05 11:33:45+00:00,2024-09-10 14:35:20+00:00,128,"Strings,Arrow",0,0,2024-05,2024
58577,issue,closed,2024-05-04 20:16:07+00:00,2025-07-15 20:31:58+00:00,437,Docs,0,0,2024-05,2024
58559,issue,closed,2024-05-04 02:29:06+00:00,2024-05-23 11:12:00+00:00,19,"Bug,Needs Triage",1,0,2024-05,2024
58554,issue,closed,2024-05-03 18:35:32+00:00,2024-06-03 18:33:24+00:00,30,"Bug,Needs Triage",1,0,2024-05,2024
58552,issue,closed,2024-05-03 15:55:00+00:00,2025-06-29 21:56:54+00:00,422,"Enhancement,Arrow",0,0,2024-05,2024
58548,issue,closed,2024-05-03 11:00:59+00:00,2025-06-02 17:18:43+00:00,395,"Bug,Needs Triage",1,0,2024-05,2024
58547,issue,closed,2024-05-03 09:56:55+00:00,2024-10-03 23:09:30+00:00,153,"Enhancement,Reshaping,Needs Discussion",0,0,2024-05,2024
58546,issue,closed,2024-05-03 04:33:29+00:00,2024-05-04 00:25:32+00:00,0,"Docs,Needs Triage",0,0,2024-05,2024
58543,issue,closed,2024-05-03 01:16:05+00:00,2024-05-03 16:40:40+00:00,0,"Bug,Needs Triage",1,0,2024-05,2024
58539,issue,closed,2024-05-02 20:57:17+00:00,2026-01-30 21:29:52+00:00,638,Docs,0,0,2024-05,2024
58536,issue,closed,2024-05-02 18:01:07+00:00,2024-08-15 16:42:09+00:00,104,Docs,0,0,2024-05,2024
58531,issue,closed,2024-05-02 13:56:37+00:00,2024-05-02 14:02:39+00:00,0,"Docs,Needs Triage",0,0,2024-05,2024
58530,issue,closed,2024-05-02 13:27:22+00:00,2024-05-07 20:51:54+00:00,5,"Bug,Needs Triage",1,0,2024-05,2024
58524,issue,closed,2024-05-02 10:34:03+00:00,2026-01-05 18:27:39+00:00,613,"Bug,Frequency",1,0,2024-05,2024
58523,issue,closed,2024-05-02 10:21:08+00:00,2024-05-10 20:25:05+00:00,8,"Bug,Frequency",1,0,2024-05,2024
58520,issue,closed,2024-05-02 07:17:44+00:00,2024-10-05 14:00:21+00:00,156,"Bug,Reduction Operations",1,0,2024-05,2024
58516,issue,closed,2024-05-01 08:54:55+00:00,2024-05-02 16:09:54+00:00,1,"Docs,Reshaping",0,0,2024-05,2024
58505,issue,closed,2024-05-01 04:00:06+00:00,2025-07-15 20:32:11+00:00,440,Docs,0,0,2024-05,2024
58504,issue,closed,2024-05-01 03:47:57+00:00,2026-01-30 21:31:26+00:00,639,Docs,0,0,2024-05,2024
58502,issue,closed,2024-05-01 03:04:40+00:00,2024-05-01 21:18:34+00:00,0,"Bug,Needs Info",1,0,2024-05,2024
58498,issue,closed,2024-04-30 18:21:22+00:00,2024-05-12 21:04:38+00:00,12,,0,0,2024-04,2024
58496,issue,closed,2024-04-30 15:43:16+00:00,2024-05-01 00:02:22+00:00,0,"Bug,Needs Triage",1,0,2024-04,2024
58495,issue,closed,2024-04-30 14:05:07+00:00,2025-07-15 20:31:02+00:00,441,"Bug,Strings,Arrow",1,0,2024-04,2024
58488,issue,closed,2024-04-30 08:49:28+00:00,2024-05-09 19:08:23+00:00,9,"Docs,Needs Triage",0,0,2024-04,2024
58487,issue,closed,2024-04-30 08:44:59+00:00,2024-06-27 17:36:14+00:00,58,"Docs,Closing Candidate",0,0,2024-04,2024
58480,issue,closed,2024-04-29 21:25:20+00:00,2024-09-23 21:37:38+00:00,147,"Bug,Needs Triage",1,0,2024-04,2024
58475,issue,closed,2024-04-29 16:36:17+00:00,2025-08-27 19:06:46+00:00,485,"Enhancement,Timedelta,Needs Discussion,Timestamp",0,0,2024-04,2024
58474,issue,closed,2024-04-29 13:51:33+00:00,2024-05-10 23:01:49+00:00,11,"Error Reporting,Apply",0,0,2024-04,2024
58471,issue,closed,2024-04-29 11:04:15+00:00,2026-03-21 16:05:44+00:00,691,"Bug,Reshaping,Frequency,Needs Tests",1,0,2024-04,2024
58470,issue,closed,2024-04-29 08:35:36+00:00,2024-05-01 20:45:28+00:00,2,"Bug,IO Excel,Closing Candidate",1,0,2024-04,2024
58466,issue,closed,2024-04-28 19:52:20+00:00,2024-04-29 12:39:18+00:00,0,"Bug,Needs Triage",1,0,2024-04,2024
58465,issue,closed,2024-04-28 19:12:16+00:00,2024-05-06 17:04:55+00:00,7,"Docs,Transformations",0,0,2024-04,2024
58462,issue,closed,2024-04-28 15:10:16+00:00,2024-05-10 16:46:46+00:00,12,"Docs,Needs Triage",0,0,2024-04,2024
58450,issue,closed,2024-04-27 09:16:43+00:00,2024-05-07 16:10:22+00:00,10,,0,0,2024-04,2024
58446,issue,closed,2024-04-26 21:12:49+00:00,2024-05-06 18:24:28+00:00,9,"Groupby,Apply,Needs Tests",0,0,2024-04,2024
58444,issue,closed,2024-04-26 18:14:17+00:00,2024-04-26 20:58:43+00:00,0,"Bug,Duplicate Report,Window",1,0,2024-04,2024
58436,issue,closed,2024-04-25 21:09:53+00:00,2024-04-26 16:53:20+00:00,0,"Docs,Needs Triage",0,0,2024-04,2024
58427,issue,closed,2024-04-25 17:50:56+00:00,2025-07-03 22:49:58+00:00,434,"Bug,Missing-data,NA - MaskedArrays,Needs Triage",1,0,2024-04,2024
58425,issue,closed,2024-04-25 16:29:57+00:00,2024-04-30 00:26:39+00:00,4,"Bug,Needs Triage",1,0,2024-04,2024
58424,issue,closed,2024-04-25 16:12:34+00:00,2024-04-25 17:51:34+00:00,0,"Bug,Needs Triage",1,0,2024-04,2024
58421,issue,closed,2024-04-25 14:41:06+00:00,2025-09-08 16:43:20+00:00,501,"Bug,Datetime,setops,Arrow",1,0,2024-04,2024
58420,issue,closed,2024-04-25 14:24:19+00:00,2024-05-31 17:49:47+00:00,36,"Bug,Datetime,Arrow",1,0,2024-04,2024
58419,issue,closed,2024-04-25 12:30:33+00:00,2025-03-02 00:31:07+00:00,310,"Bug,Needs Triage",1,0,2024-04,2024
58409,issue,closed,2024-04-24 17:33:05+00:00,2024-05-19 18:28:17+00:00,25,"Enhancement,Closing Candidate",0,0,2024-04,2024
58403,issue,closed,2024-04-24 11:48:04+00:00,2025-10-31 20:27:37+00:00,555,"Bug,Datetime,Frequency,Arrow",1,0,2024-04,2024
58391,issue,closed,2024-04-23 20:53:48+00:00,2025-04-14 16:44:08+00:00,355,"Performance,Reshaping",0,0,2024-04,2024
58388,issue,closed,2024-04-23 19:19:50+00:00,2026-02-17 10:31:42+00:00,664,"Docs,Groupby,Needs Triage",0,0,2024-04,2024
58380,issue,closed,2024-04-23 08:36:17+00:00,2024-08-21 21:06:39+00:00,120,"Bug,Timezones,Resample",1,0,2024-04,2024
58373,issue,closed,2024-04-22 18:40:39+00:00,2024-05-02 02:50:11+00:00,9,"Bug,Needs Triage",1,0,2024-04,2024
58366,issue,closed,2024-04-22 00:53:50+00:00,2025-06-13 10:55:15+00:00,417,"Enhancement,Dtype Conversions,Duplicate Report,Needs Discussion,NA - MaskedArrays",0,0,2024-04,2024
58354,issue,closed,2024-04-21 17:17:42+00:00,2024-09-21 12:12:04+00:00,152,Release,0,0,2024-04,2024
58351,issue,closed,2024-04-21 16:18:35+00:00,2024-09-06 18:15:32+00:00,138,"Docs,Needs Triage",0,0,2024-04,2024
58345,issue,closed,2024-04-21 02:54:00+00:00,2024-06-27 17:37:14+00:00,67,"Bug,Groupby,Apply,Closing Candidate",1,0,2024-04,2024
58340,issue,closed,2024-04-20 17:04:00+00:00,2024-04-23 16:51:10+00:00,2,Docs,0,0,2024-04,2024
58338,issue,closed,2024-04-20 12:14:22+00:00,2024-09-25 19:14:50+00:00,158,"Docs,expressions",0,0,2024-04,2024
58327,issue,closed,2024-04-19 08:14:32+00:00,2024-07-11 16:30:42+00:00,83,"Bug,Needs Triage",1,0,2024-04,2024
58324,issue,closed,2024-04-18 23:23:30+00:00,2024-04-23 17:25:33+00:00,4,"Docs,Needs Triage",0,0,2024-04,2024
58317,issue,closed,2024-04-18 19:05:09+00:00,2026-04-14 21:52:22+00:00,726,"Bug,Indexing,Needs Triage,setitem-with-expansion",1,0,2024-04,2024
58316,issue,closed,2024-04-18 18:34:11+00:00,2026-02-16 09:54:11+00:00,668,"Regression,setitem-with-expansion",0,0,2024-04,2024
58315,issue,closed,2024-04-18 17:14:15+00:00,2026-03-18 17:17:46+00:00,699,"Usage Question,Closing Candidate,datetime.date",0,0,2024-04,2024
58307,issue,closed,2024-04-18 13:25:43+00:00,2024-04-29 12:26:33+00:00,10,"Bug,Datetime,Arrow",1,0,2024-04,2024
58306,issue,closed,2024-04-18 12:47:30+00:00,2024-04-18 13:34:59+00:00,0,"Usage Question,IO JSON",0,0,2024-04,2024
58304,issue,closed,2024-04-18 05:59:10+00:00,2024-04-25 09:42:16+00:00,7,"Bug,Needs Triage",1,0,2024-04,2024
58303,issue,closed,2024-04-18 03:10:08+00:00,2025-07-23 09:50:56+00:00,461,"Enhancement,Needs Triage,Closing Candidate",0,0,2024-04,2024
58300,issue,closed,2024-04-17 22:57:15+00:00,2024-05-31 18:40:08+00:00,43,"Bug,Non-Nano,Timestamp",1,0,2024-04,2024
58297,issue,closed,2024-04-17 20:29:25+00:00,2024-04-19 18:04:01+00:00,1,"Bug,Needs Triage",1,0,2024-04,2024
58291,issue,closed,2024-04-17 13:00:29+00:00,2024-05-01 21:05:27+00:00,14,"Bug,Groupby",1,0,2024-04,2024
58289,issue,closed,2024-04-17 11:28:13+00:00,2024-04-17 11:59:54+00:00,0,"Bug,Needs Triage",1,0,2024-04,2024
58288,issue,closed,2024-04-17 02:51:02+00:00,2024-04-17 20:56:35+00:00,0,"IO Data,Performance,Regression",0,0,2024-04,2024
58287,issue,closed,2024-04-17 02:49:04+00:00,2026-03-02 21:55:12+00:00,684,"Performance,Regression",0,0,2024-04,2024
58286,issue,closed,2024-04-17 02:45:10+00:00,2024-04-17 20:56:13+00:00,0,"Performance,Regression,Timedelta",0,0,2024-04,2024
58285,issue,closed,2024-04-17 02:43:16+00:00,2026-03-04 18:41:05+00:00,686,"Performance,Output-Formatting,Regression",0,0,2024-04,2024
58284,issue,closed,2024-04-17 00:52:32+00:00,2024-04-17 02:16:33+00:00,0,"Bug,Needs Triage",1,0,2024-04,2024
58283,issue,closed,2024-04-16 22:33:11+00:00,2025-11-04 12:49:22+00:00,566,"Enhancement,Groupby,Apply",0,0,2024-04,2024
58281,issue,closed,2024-04-16 21:30:35+00:00,2024-04-24 16:30:25+00:00,7,"Bug,Needs Triage",1,0,2024-04,2024
58277,issue,closed,2024-04-16 11:34:33+00:00,2024-04-16 13:01:45+00:00,0,"Usage Question,Needs Triage",0,0,2024-04,2024
58274,issue,closed,2024-04-16 07:12:35+00:00,2025-08-05 16:38:51+00:00,476,"Build,Needs Info,Closing Candidate",0,0,2024-04,2024
58264,issue,closed,2024-04-15 14:55:00+00:00,2024-04-15 16:31:04+00:00,0,"Bug,Needs Triage",1,0,2024-04,2024
58262,issue,closed,2024-04-15 04:59:28+00:00,2024-04-15 05:21:37+00:00,0,"Bug,Needs Triage",1,0,2024-04,2024
58260,issue,closed,2024-04-15 02:27:44+00:00,2024-07-08 17:55:04+00:00,84,"Bug,Needs Triage",1,0,2024-04,2024
58259,issue,closed,2024-04-15 01:50:10+00:00,2024-04-15 13:27:15+00:00,0,Build,0,0,2024-04,2024
58257,issue,closed,2024-04-14 16:51:47+00:00,2024-08-27 16:57:25+00:00,135,"Bug,IO CSV,Needs Info",1,0,2024-04,2024
58248,issue,closed,2024-04-13 13:02:46+00:00,2024-04-16 18:49:47+00:00,3,"Enhancement,Performance,IO HDF5",0,0,2024-04,2024
58247,issue,closed,2024-04-13 11:32:06+00:00,2026-03-20 19:03:36+00:00,706,"IO Excel,Deprecate",0,0,2024-04,2024
58246,issue,closed,2024-04-13 04:44:08+00:00,2024-04-15 16:47:32+00:00,2,"Docs,IO Excel",0,0,2024-04,2024
58244,issue,closed,2024-04-12 23:57:52+00:00,2024-04-20 18:09:04+00:00,7,"Bug,Typing",1,0,2024-04,2024
58243,issue,closed,2024-04-12 21:30:56+00:00,2025-06-23 17:34:48+00:00,436,"Bug,Needs Triage",1,0,2024-04,2024
58240,issue,closed,2024-04-12 20:31:43+00:00,2024-08-10 17:06:17+00:00,119,"Bug,Needs Triage",1,0,2024-04,2024
58239,issue,closed,2024-04-12 20:18:27+00:00,2024-04-29 18:04:52+00:00,16,"Bug,Visualization",1,0,2024-04,2024
58236,issue,closed,2024-04-12 17:57:19+00:00,2024-04-12 19:09:06+00:00,0,"Bug,Needs Triage",1,0,2024-04,2024
58234,issue,closed,2024-04-12 16:02:43+00:00,2024-05-19 18:29:43+00:00,37,"Enhancement,API Design,Needs Discussion,Closing Candidate",0,0,2024-04,2024
58233,issue,closed,2024-04-12 15:31:45+00:00,2026-04-07 13:10:50+00:00,724,"Bug,Performance,Copy / view semantics,Closing Candidate",1,0,2024-04,2024
58229,issue,closed,2024-04-12 00:49:09+00:00,2024-04-17 20:00:56+00:00,5,"Build,Needs Info",0,0,2024-04,2024
58222,issue,closed,2024-04-11 16:23:22+00:00,2024-06-27 17:37:23+00:00,77,"Bug,Needs Triage,Closing Candidate",1,0,2024-04,2024
58221,issue,closed,2024-04-11 14:31:32+00:00,2024-04-11 15:34:22+00:00,0,"Docs,Needs Triage",0,0,2024-04,2024
58220,issue,closed,2024-04-11 14:13:40+00:00,2025-09-11 21:35:06+00:00,518,"Enhancement,Datetime,Arrow",0,0,2024-04,2024
58219,issue,closed,2024-04-11 13:40:56+00:00,2024-04-11 18:37:47+00:00,0,Build,0,0,2024-04,2024
58216,issue,closed,2024-04-11 06:53:18+00:00,2026-03-31 16:42:34+00:00,719,"Bug,IO CSV,Needs Triage",1,0,2024-04,2024
58214,issue,closed,2024-04-10 18:08:33+00:00,2024-04-29 16:01:32+00:00,18,"Bug,API Design,Deprecate,Needs Discussion",1,0,2024-04,2024
58212,issue,closed,2024-04-10 17:41:35+00:00,2024-04-12 18:08:00+00:00,2,"Docs,Needs Triage",0,0,2024-04,2024
58196,issue,closed,2024-04-09 13:53:58+00:00,2024-04-10 03:46:23+00:00,0,"Enhancement,IO CSV,Closing Candidate",0,0,2024-04,2024
58194,issue,closed,2024-04-09 13:47:17+00:00,2024-04-09 21:53:29+00:00,0,,0,0,2024-04,2024
58191,issue,closed,2024-04-09 11:00:31+00:00,2024-05-31 22:16:31+00:00,52,"Build,Needs Info",0,0,2024-04,2024
58190,issue,closed,2024-04-08 23:38:54+00:00,2026-03-24 16:36:47+00:00,714,"Bug,Conditionals",1,0,2024-04,2024
58174,issue,closed,2024-04-07 14:02:00+00:00,2024-04-18 23:55:25+00:00,11,"Enhancement,IO CSV,Warnings",0,0,2024-04,2024
58173,issue,closed,2024-04-06 18:52:23+00:00,2024-06-03 18:08:37+00:00,57,"Bug,Needs Triage",1,0,2024-04,2024
58162,issue,closed,2024-04-05 18:10:36+00:00,2024-04-05 23:11:12+00:00,0,Testing,0,0,2024-04,2024
58160,issue,closed,2024-04-05 17:24:41+00:00,2024-07-08 17:57:11+00:00,94,"Bug,Needs Triage",1,0,2024-04,2024
58159,issue,closed,2024-04-05 15:58:31+00:00,2024-06-25 20:25:01+00:00,81,"Bug,IO Excel,NA - MaskedArrays",1,0,2024-04,2024
58154,issue,closed,2024-04-05 12:50:45+00:00,2024-04-09 16:55:41+00:00,4,"Enhancement,IO Stata",0,0,2024-04,2024
58151,issue,closed,2024-04-04 15:22:23+00:00,2024-05-13 19:57:57+00:00,39,"Bug,Needs Triage",1,0,2024-04,2024
58150,issue,closed,2024-04-04 15:03:47+00:00,2024-07-08 23:54:19+00:00,95,Benchmark,0,0,2024-04,2024
58149,issue,closed,2024-04-04 13:24:56+00:00,2024-07-26 19:44:58+00:00,113,"Bug,IO Stata,Needs Triage",1,0,2024-04,2024
58147,issue,closed,2024-04-04 08:35:19+00:00,2024-04-04 17:33:57+00:00,0,"Bug,Needs Triage",1,0,2024-04,2024
58146,issue,closed,2024-04-04 07:17:05+00:00,2024-04-05 12:41:02+00:00,1,"Bug,Groupby,Apply",1,0,2024-04,2024
58144,issue,closed,2024-04-03 22:24:47+00:00,2024-04-03 22:42:34+00:00,0,"Bug,Needs Triage",1,0,2024-04,2024
58134,issue,closed,2024-04-03 14:18:53+00:00,2024-08-26 19:52:36+00:00,145,Build,0,0,2024-04,2024
58133,issue,closed,2024-04-03 13:03:27+00:00,2024-04-05 12:41:19+00:00,1,"Bug,Needs Triage",1,0,2024-04,2024
58130,issue,closed,2024-04-03 11:08:13+00:00,2024-07-25 17:50:38+00:00,113,"Bug,Needs Triage",1,0,2024-04,2024
58128,issue,closed,2024-04-03 10:17:19+00:00,2024-04-08 12:39:24+00:00,5,"Bug,IO Excel,Upstream issue",1,0,2024-04,2024
58123,issue,closed,2024-04-02 19:57:06+00:00,2024-04-28 12:21:29+00:00,25,Usage Question,0,0,2024-04,2024
58120,issue,closed,2024-04-02 18:16:17+00:00,2024-07-25 09:25:14+00:00,113,,0,0,2024-04,2024
58116,issue,closed,2024-04-02 14:44:55+00:00,2024-04-18 18:32:46+00:00,16,"Bug,Needs Triage",1,0,2024-04,2024
58113,issue,closed,2024-04-01 22:11:03+00:00,2024-08-24 19:47:00+00:00,144,"Enhancement,Needs Triage",0,0,2024-04,2024
58108,issue,closed,2024-04-01 18:31:01+00:00,2024-06-27 17:38:17+00:00,86,"Enhancement,Needs Triage,Closing Candidate",0,0,2024-04,2024
58104,issue,closed,2024-04-01 17:16:50+00:00,2024-04-10 11:48:26+00:00,8,"Testing,Compat,Blocker",0,0,2024-04,2024
58094,issue,closed,2024-03-31 20:04:10+00:00,2024-04-02 01:41:33+00:00,1,,0,0,2024-03,2024
58086,issue,closed,2024-03-30 15:56:55+00:00,2024-04-01 17:08:55+00:00,2,"Bug,Needs Triage",1,0,2024-03,2024
58071,issue,closed,2024-03-29 11:24:21+00:00,2024-04-10 21:33:57+00:00,12,"Enhancement,Timedelta,Needs Discussion",0,0,2024-03,2024
58069,issue,closed,2024-03-29 09:58:08+00:00,2024-04-29 17:42:43+00:00,31,"Bug,expressions",1,0,2024-03,2024
58068,issue,closed,2024-03-29 07:18:05+00:00,2024-05-12 18:06:54+00:00,44,,0,0,2024-03,2024
58067,issue,closed,2024-03-29 07:15:34+00:00,2025-07-15 20:38:01+00:00,473,Docs,0,0,2024-03,2024
58066,issue,closed,2024-03-29 07:05:26+00:00,2024-04-29 18:51:19+00:00,31,,0,0,2024-03,2024
58065,issue,closed,2024-03-29 07:02:58+00:00,2024-07-17 19:17:03+00:00,110,Docs,0,0,2024-03,2024
58064,issue,closed,2024-03-29 07:01:15+00:00,2024-04-29 18:54:13+00:00,31,,0,0,2024-03,2024
58063,issue,closed,2024-03-29 06:39:46+00:00,2026-01-30 21:25:33+00:00,672,Docs,0,0,2024-03,2024
58055,issue,closed,2024-03-28 22:20:02+00:00,2025-07-07 16:42:40+00:00,465,"Bug,Testing,Output-Formatting",1,0,2024-03,2024
58054,issue,closed,2024-03-28 20:27:14+00:00,2025-11-04 22:08:31+00:00,586,"Bug,Numeric Operations,Timedelta,NA - MaskedArrays",1,0,2024-03,2024
58042,issue,closed,2024-03-28 11:59:58+00:00,2024-03-28 15:50:49+00:00,0,"Bug,Needs Triage",1,0,2024-03,2024
58041,issue,closed,2024-03-28 07:50:19+00:00,2024-04-08 16:48:32+00:00,11,"Bug,expressions",1,0,2024-03,2024
58033,issue,closed,2024-03-27 16:17:15+00:00,2024-05-25 20:41:03+00:00,59,"Bug,Needs Triage",1,0,2024-03,2024
58024,issue,closed,2024-03-26 23:57:54+00:00,2024-04-02 18:18:59+00:00,6,"Docs,Groupby",0,0,2024-03,2024
58013,issue,closed,2024-03-26 15:04:29+00:00,2024-04-04 15:17:17+00:00,9,"Missing-data,Performance,Regression,Benchmark,Reduction Operations",0,0,2024-03,2024
58007,issue,closed,2024-03-26 00:12:58+00:00,2025-11-07 18:18:27+00:00,591,Copy / view semantics,0,0,2024-03,2024
58001,issue,closed,2024-03-25 20:38:09+00:00,2024-05-03 16:46:02+00:00,38,"Bug,Missing-data,ExtensionArray",1,0,2024-03,2024
57994,issue,closed,2024-03-25 15:23:05+00:00,2024-03-29 18:34:35+00:00,4,"Docs,Indexing",0,0,2024-03,2024
57982,issue,closed,2024-03-24 12:41:44+00:00,2024-03-24 17:05:56+00:00,0,"Build,Closing Candidate",0,0,2024-03,2024
57980,issue,closed,2024-03-24 04:35:27+00:00,2024-05-19 18:31:22+00:00,56,"Styler,Closing Candidate",0,0,2024-03,2024
57972,issue,closed,2024-03-23 09:16:28+00:00,2025-09-22 17:27:15+00:00,548,"Bug,Reduction Operations",1,0,2024-03,2024
57964,issue,closed,2024-03-22 14:51:22+00:00,2024-03-22 16:59:44+00:00,0,"Bug,Needs Triage",1,0,2024-03,2024
57963,issue,closed,2024-03-22 12:54:08+00:00,2024-03-22 23:01:50+00:00,0,"Build,Needs Info,32bit",0,0,2024-03,2024
57962,issue,closed,2024-03-22 09:03:22+00:00,2026-05-14 17:46:47+00:00,783,"Bug,Indexing,Nested Data",1,0,2024-03,2024
57959,issue,closed,2024-03-22 04:58:45+00:00,2024-03-22 14:33:39+00:00,0,Docs,0,0,2024-03,2024
57956,issue,closed,2024-03-21 22:56:33+00:00,2024-03-28 00:13:59+00:00,6,"Bug,Needs Triage",1,0,2024-03,2024
57955,issue,closed,2024-03-21 22:08:21+00:00,2024-03-21 22:08:36+00:00,0,"Bug,Needs Triage",1,0,2024-03,2024
57954,issue,closed,2024-03-21 20:24:07+00:00,2024-03-28 18:10:57+00:00,6,"Bug,Error Reporting,IO CSV",1,0,2024-03,2024
57953,issue,closed,2024-03-21 18:31:01+00:00,2024-03-24 17:33:19+00:00,2,"Bug,IO Data,Usage Question,Closing Candidate",1,0,2024-03,2024
57950,issue,closed,2024-03-21 15:57:38+00:00,2026-03-22 00:16:59+00:00,730,"Performance,Closing Candidate",0,0,2024-03,2024
57948,issue,closed,2024-03-21 09:25:48+00:00,2025-10-18 18:16:02+00:00,576,"Bug,Arrow",1,0,2024-03,2024
57945,issue,closed,2024-03-21 01:44:55+00:00,2024-03-26 13:15:51+00:00,5,Build,0,0,2024-03,2024
57936,issue,closed,2024-03-20 21:11:54+00:00,2025-08-21 20:35:57+00:00,518,"Enhancement,API Design",0,0,2024-03,2024
57934,issue,closed,2024-03-20 18:25:04+00:00,2026-05-17 13:20:40+00:00,787,"Enhancement,Indexing,Needs Discussion",0,0,2024-03,2024
57932,issue,closed,2024-03-20 17:07:20+00:00,2024-08-27 16:56:51+00:00,159,"IO HTML,Deprecate,Needs Info,Dependencies",0,0,2024-03,2024
57931,issue,closed,2024-03-20 16:13:40+00:00,2024-03-21 03:05:37+00:00,0,Docs,0,0,2024-03,2024
57930,issue,closed,2024-03-20 14:26:22+00:00,2025-06-03 08:29:08+00:00,439,"Bug,Datetime,IO CSV,ExtensionArray,Arrow",1,0,2024-03,2024
57928,issue,closed,2024-03-20 13:24:55+00:00,2024-11-27 18:46:43+00:00,252,"Enhancement,Error Reporting,Dependencies,Arrow",0,0,2024-03,2024
57926,issue,closed,2024-03-20 09:23:14+00:00,2024-03-26 20:57:53+00:00,6,"Bug,Groupby,Missing-data,Reduction Operations,datetime.date",1,0,2024-03,2024
57922,issue,closed,2024-03-19 23:00:28+00:00,2024-07-22 22:47:12+00:00,124,"Bug,Indexing",1,0,2024-03,2024
57912,issue,closed,2024-03-19 12:05:56+00:00,2024-03-20 16:39:37+00:00,1,"Docs,Needs Triage",0,0,2024-03,2024
57911,issue,closed,2024-03-19 12:04:05+00:00,2024-08-06 01:06:28+00:00,139,"Bug,Regression,Index",1,0,2024-03,2024
57900,issue,closed,2024-03-18 20:49:45+00:00,2024-03-18 20:50:57+00:00,0,"Testing,CI",0,0,2024-03,2024
57891,issue,closed,2024-03-18 17:34:05+00:00,2024-05-08 16:51:59+00:00,50,"Enhancement,Build",0,0,2024-03,2024
57887,issue,closed,2024-03-18 16:37:46+00:00,2024-03-18 23:54:23+00:00,0,Docs,0,0,2024-03,2024
57885,issue,closed,2024-03-18 10:13:48+00:00,2024-03-18 20:32:09+00:00,0,"Bug,Needs Triage",1,0,2024-03,2024
57884,issue,closed,2024-03-18 09:29:04+00:00,2024-06-06 21:16:34+00:00,80,"Enhancement,Reshaping",0,0,2024-03,2024
57882,issue,closed,2024-03-18 07:30:32+00:00,2024-03-19 20:32:25+00:00,1,"Usage Question,Needs Triage",0,0,2024-03,2024
57876,issue,closed,2024-03-17 16:29:36+00:00,2025-04-23 21:47:18+00:00,402,"Bug,Needs Triage",1,0,2024-03,2024
57852,issue,closed,2024-03-15 13:16:07+00:00,2024-03-16 13:54:08+00:00,1,Reshaping,0,0,2024-03,2024
57850,issue,closed,2024-03-15 04:55:55+00:00,2024-03-18 23:54:47+00:00,3,Docs,0,0,2024-03,2024
57849,issue,closed,2024-03-15 04:02:34+00:00,2024-03-16 13:54:57+00:00,1,"Enhancement,Needs Triage",0,0,2024-03,2024
57838,issue,closed,2024-03-14 12:49:04+00:00,2025-10-31 20:16:06+00:00,596,"Bug,Datetime",1,0,2024-03,2024
57836,issue,closed,2024-03-14 07:27:32+00:00,2024-06-27 17:38:37+00:00,105,"Enhancement,IO CSV,Closing Candidate",0,0,2024-03,2024
57835,issue,closed,2024-03-14 03:52:26+00:00,2025-04-24 20:42:33+00:00,406,"Bug,Datetime",1,0,2024-03,2024
57831,issue,closed,2024-03-13 17:52:22+00:00,2024-03-15 21:43:33+00:00,2,Docs,0,0,2024-03,2024
57829,issue,closed,2024-03-13 11:57:05+00:00,2024-05-05 13:43:33+00:00,53,"Performance,MultiIndex",0,0,2024-03,2024
57828,issue,closed,2024-03-13 06:42:29+00:00,2024-03-16 17:24:06+00:00,3,"Docs,Copy / view semantics",0,0,2024-03,2024
57809,issue,closed,2024-03-11 16:18:19+00:00,2024-03-11 21:15:19+00:00,0,Closing Candidate,0,0,2024-03,2024
57798,issue,closed,2024-03-10 17:51:13+00:00,2024-03-18 01:07:19+00:00,7,"Enhancement,Typing",0,0,2024-03,2024
57792,issue,closed,2024-03-09 23:44:19+00:00,2024-04-01 18:42:55+00:00,22,"Docs,IO CSV",0,0,2024-03,2024
57781,issue,closed,2024-03-08 17:48:05+00:00,2025-10-27 20:42:37+00:00,598,"Bug,Timedelta,Needs Triage",1,0,2024-03,2024
57775,issue,closed,2024-03-08 00:24:14+00:00,2024-03-12 17:27:26+00:00,4,"Bug,Docs,Groupby,Apply",1,0,2024-03,2024
57762,issue,closed,2024-03-07 09:59:13+00:00,2024-03-20 21:10:56+00:00,13,"Bug,Interchange",1,0,2024-03,2024
57761,issue,closed,2024-03-07 09:49:14+00:00,2024-03-20 21:10:57+00:00,13,"Bug,Interchange",1,0,2024-03,2024
57753,issue,closed,2024-03-06 21:54:40+00:00,2024-03-08 17:52:33+00:00,1,"Docs,Reshaping",0,0,2024-03,2024
57749,issue,closed,2024-03-06 12:26:27+00:00,2025-09-09 18:36:10+00:00,552,"Bug,Non-Nano,Timestamp",1,0,2024-03,2024
57745,issue,closed,2024-03-06 03:50:28+00:00,2025-08-05 18:55:44+00:00,517,"Groupby,Missing-data,Deprecate,Reduction Operations",0,0,2024-03,2024
57739,issue,closed,2024-03-05 21:49:15+00:00,2024-11-04 20:19:57+00:00,243,Compat,0,0,2024-03,2024
57736,issue,closed,2024-03-05 17:10:42+00:00,2024-03-16 14:18:24+00:00,10,"Enhancement,Reshaping,Needs Discussion,Series,Closing Candidate",0,0,2024-03,2024
57735,issue,closed,2024-03-05 15:14:01+00:00,2024-07-29 19:42:56+00:00,146,"Bug,Indexing",1,0,2024-03,2024
57734,issue,closed,2024-03-05 14:17:44+00:00,2024-03-06 21:55:47+00:00,1,"Docs,Usage Question",0,0,2024-03,2024
57731,issue,closed,2024-03-05 02:15:31+00:00,2024-03-16 14:19:14+00:00,11,"Enhancement,Needs Triage",0,0,2024-03,2024
57724,issue,closed,2024-03-04 16:13:06+00:00,2024-07-09 00:04:46+00:00,126,"Bug,Needs Triage",1,0,2024-03,2024
57723,issue,closed,2024-03-04 14:49:11+00:00,2024-04-15 17:22:41+00:00,42,"Bug,Missing-data",1,0,2024-03,2024
57722,issue,closed,2024-03-04 13:49:30+00:00,2025-10-05 21:13:18+00:00,580,Docs,0,0,2024-03,2024
57719,issue,closed,2024-03-04 13:13:24+00:00,2024-03-04 21:44:36+00:00,0,"Bug,Needs Triage",1,0,2024-03,2024
57718,issue,closed,2024-03-04 12:23:51+00:00,2024-03-04 22:31:17+00:00,0,"Bug,Testing,CI,Closing Candidate",1,0,2024-03,2024
57717,issue,closed,2024-03-04 11:44:15+00:00,2024-03-07 11:22:18+00:00,2,"Build,Needs Info",0,0,2024-03,2024
57716,issue,closed,2024-03-04 02:39:48+00:00,2024-03-06 22:01:05+00:00,2,"Enhancement,Needs Triage",0,0,2024-03,2024
57712,issue,closed,2024-03-03 12:50:21+00:00,2024-03-16 13:41:11+00:00,13,Benchmark,0,0,2024-03,2024
57702,issue,closed,2024-03-02 05:56:14+00:00,2026-03-12 14:33:18+00:00,740,"Bug,Needs Tests,Constructors",1,0,2024-03,2024
57696,issue,closed,2024-03-01 18:31:08+00:00,2024-03-02 12:04:20+00:00,0,"Bug,IO Excel,MultiIndex",1,0,2024-03,2024
57694,issue,closed,2024-03-01 14:56:57+00:00,2024-03-02 18:59:12+00:00,1,Benchmark,0,0,2024-03,2024
57693,issue,closed,2024-03-01 14:32:40+00:00,2024-04-09 16:43:20+00:00,39,,0,0,2024-03,2024
57691,issue,closed,2024-03-01 13:19:54+00:00,2024-03-16 14:26:17+00:00,15,"Enhancement,Closing Candidate",0,0,2024-03,2024
57690,issue,closed,2024-03-01 12:51:42+00:00,2024-03-01 22:59:25+00:00,0,"Bug,API Design,Duplicate Report,Window",1,0,2024-03,2024
57688,issue,closed,2024-03-01 07:06:43+00:00,2024-03-16 14:26:50+00:00,15,"Build,Dependencies,Closing Candidate",0,0,2024-03,2024
57687,issue,closed,2024-02-29 22:42:40+00:00,2024-03-16 14:28:08+00:00,15,"Bug,DataFrame,Copy / view semantics,Closing Candidate",1,0,2024-02,2024
57686,issue,closed,2024-02-29 22:39:11+00:00,2024-03-01 03:08:45+00:00,0,"Bug,Groupby",1,0,2024-02,2024
57681,issue,closed,2024-02-29 16:15:02+00:00,2024-03-18 01:12:58+00:00,17,"Bug,Needs Info",1,0,2024-02,2024
57673,issue,closed,2024-02-29 08:50:24+00:00,2024-03-06 20:06:04+00:00,6,"Bug,IO Parquet,Upstream issue",1,0,2024-02,2024
57672,issue,closed,2024-02-29 06:04:01+00:00,2024-03-05 20:14:54+00:00,5,"Bug,datetime.date",1,0,2024-02,2024
57669,issue,closed,2024-02-29 02:20:29+00:00,2024-02-29 02:52:48+00:00,0,"Performance,Regression,Internals",0,0,2024-02,2024
57664,issue,closed,2024-02-28 19:49:13+00:00,2024-03-20 21:10:57+00:00,21,"Bug,Interchange",1,0,2024-02,2024
57663,issue,closed,2024-02-28 18:36:31+00:00,2025-10-10 17:41:12+00:00,589,"Bug,Reshaping,Regression",1,0,2024-02,2024
57662,issue,closed,2024-02-28 16:18:24+00:00,2024-03-18 01:14:48+00:00,18,"Enhancement,IO Parquet,Closing Candidate",0,0,2024-02,2024
57659,issue,closed,2024-02-28 04:44:05+00:00,2024-03-12 05:29:06+00:00,13,"Enhancement,Needs Discussion,duplicated",0,0,2024-02,2024
57650,issue,closed,2024-02-27 18:30:13+00:00,2024-02-27 18:56:20+00:00,0,"Bug,Needs Triage",1,0,2024-02,2024
57644,issue,closed,2024-02-27 14:12:46+00:00,2024-02-29 22:31:51+00:00,2,"Bug,Testing,Timezones",1,0,2024-02,2024
57643,issue,closed,2024-02-27 12:21:12+00:00,2024-03-07 19:55:06+00:00,9,"Bug,Regression,Interchange",1,0,2024-02,2024
57641,issue,closed,2024-02-27 09:01:40+00:00,2026-03-22 20:38:34+00:00,754,"Performance,Regression,Warnings",0,0,2024-02,2024
57640,issue,closed,2024-02-27 08:51:26+00:00,2024-02-27 10:02:13+00:00,0,,0,0,2024-02,2024
57636,issue,closed,2024-02-26 22:58:33+00:00,2025-09-12 20:36:21+00:00,563,"Bug,Strings,Arrow",1,0,2024-02,2024
57633,issue,closed,2024-02-26 19:47:33+00:00,2026-03-18 17:11:58+00:00,750,"Enhancement,ExtensionArray,Closing Candidate",0,0,2024-02,2024
57631,issue,closed,2024-02-26 16:40:38+00:00,2024-02-27 16:53:08+00:00,1,Closing Candidate,0,0,2024-02,2024
57624,issue,closed,2024-02-25 19:03:33+00:00,2024-02-26 17:55:25+00:00,0,"Performance,Regression,Index",0,0,2024-02,2024
57623,issue,closed,2024-02-25 19:00:18+00:00,2024-02-25 21:45:07+00:00,0,"Missing-data,Performance,Regression",0,0,2024-02,2024
57622,issue,closed,2024-02-25 18:54:20+00:00,2024-02-25 21:47:07+00:00,0,"Performance,Regression,Index",0,0,2024-02,2024
57621,issue,closed,2024-02-25 18:52:11+00:00,2024-02-25 21:47:59+00:00,0,"Indexing,Performance,Regression",0,0,2024-02,2024
57620,issue,closed,2024-02-25 18:45:30+00:00,2025-04-13 17:22:53+00:00,412,"Performance,Reshaping,Regression",0,0,2024-02,2024
57619,issue,closed,2024-02-25 18:40:46+00:00,2024-02-26 02:42:57+00:00,0,"Missing-data,Performance,Regression",0,0,2024-02,2024
57617,issue,closed,2024-02-25 11:48:15+00:00,2025-02-01 19:16:47+00:00,342,"Enhancement,Needs Discussion,IO LaTeX",0,0,2024-02,2024
57608,issue,closed,2024-02-25 05:34:44+00:00,2025-05-20 15:57:36+00:00,450,"Bug,IO HDF5,Categorical",1,0,2024-02,2024
57607,issue,closed,2024-02-25 03:02:35+00:00,2024-04-11 15:38:22+00:00,46,"Bug,Blocker,Needs Discussion,Index",1,0,2024-02,2024
57602,issue,closed,2024-02-24 16:21:33+00:00,2024-02-27 16:52:08+00:00,3,Docs,0,0,2024-02,2024
57593,issue,closed,2024-02-23 22:12:24+00:00,2025-06-02 17:15:13+00:00,464,"Docs,Blocker",0,0,2024-02,2024
57591,issue,closed,2024-02-23 21:54:21+00:00,2026-03-15 19:05:07+00:00,750,"Groupby,Performance,ExtensionArray,Reduction Operations",0,0,2024-02,2024
57590,issue,closed,2024-02-23 21:23:58+00:00,2024-04-11 00:02:41+00:00,47,Release,0,0,2024-02,2024
57585,issue,closed,2024-02-23 14:48:45+00:00,2024-03-07 17:17:04+00:00,13,Docs,0,0,2024-02,2024
57584,issue,closed,2024-02-23 14:28:01+00:00,2024-05-19 18:32:37+00:00,86,"Enhancement,Error Reporting,Series,Closing Candidate",0,0,2024-02,2024
57577,issue,closed,2024-02-23 02:55:49+00:00,2024-02-23 17:19:25+00:00,0,"Bug,Needs Triage",1,0,2024-02,2024
57569,issue,closed,2024-02-22 18:19:36+00:00,2026-03-31 16:22:30+00:00,767,"Bug,IO CSV,Needs Triage",1,0,2024-02,2024
57566,issue,closed,2024-02-22 12:39:40+00:00,2024-03-08 20:45:31+00:00,15,,0,0,2024-02,2024
57564,issue,closed,2024-02-22 09:21:54+00:00,2024-02-22 18:31:09+00:00,0,"Bug,Needs Triage",1,0,2024-02,2024
57550,issue,closed,2024-02-21 15:56:50+00:00,2024-02-29 23:49:10+00:00,8,"Build,Ideas,Release,Needs Discussion,Dependencies",0,0,2024-02,2024
57547,issue,closed,2024-02-21 12:06:45+00:00,2024-04-09 17:08:35+00:00,48,"Bug,IO CSV",1,0,2024-02,2024
57544,issue,closed,2024-02-21 02:52:56+00:00,2024-02-26 02:29:53+00:00,4,"Missing-data,Performance,Regression,Duplicate Report",0,0,2024-02,2024
57539,issue,closed,2024-02-20 21:35:08+00:00,2024-03-28 17:55:55+00:00,36,"Bug,IO SQL,Needs Triage",1,0,2024-02,2024
57529,issue,closed,2024-02-20 16:24:34+00:00,2024-02-20 19:50:50+00:00,0,"Bug,Needs Triage",1,0,2024-02,2024
57526,issue,closed,2024-02-20 15:23:01+00:00,2024-03-06 21:48:05+00:00,15,"Docs,Groupby",0,0,2024-02,2024
57524,issue,closed,2024-02-20 13:49:03+00:00,2026-01-22 19:10:27+00:00,702,"Bug,Numeric Operations,ExtensionArray,Needs Tests",1,0,2024-02,2024
57521,issue,closed,2024-02-20 10:46:57+00:00,2024-02-25 15:57:03+00:00,5,"Bug,Needs Discussion,datetime.date",1,0,2024-02,2024
57520,issue,closed,2024-02-20 10:24:25+00:00,2024-02-21 01:39:26+00:00,0,,0,0,2024-02,2024
57517,issue,closed,2024-02-20 01:42:00+00:00,2025-09-08 16:50:23+00:00,566,"Bug,Algos,MultiIndex,Index",1,0,2024-02,2024
57511,issue,closed,2024-02-19 22:13:26+00:00,2024-02-20 23:32:51+00:00,1,CI,0,0,2024-02,2024
57506,issue,closed,2024-02-19 17:20:35+00:00,2024-02-19 18:49:29+00:00,0,"Build,Needs Triage",0,0,2024-02,2024
57505,issue,closed,2024-02-19 14:44:41+00:00,2024-02-25 14:27:58+00:00,5,"Bug,Reduction Operations,Upstream issue",1,0,2024-02,2024
57501,issue,closed,2024-02-19 07:08:44+00:00,2024-02-19 16:28:20+00:00,0,Usage Question,0,0,2024-02,2024
57500,issue,closed,2024-02-19 05:52:29+00:00,2024-04-16 17:16:03+00:00,57,"Bug,Reshaping",1,0,2024-02,2024
57498,issue,closed,2024-02-19 03:30:59+00:00,2024-02-19 18:51:33+00:00,0,"Usage Question,Needs Triage",0,0,2024-02,2024
57495,issue,closed,2024-02-19 00:54:58+00:00,2024-02-19 18:52:32+00:00,0,,0,0,2024-02,2024
57493,issue,closed,2024-02-18 23:31:22+00:00,2024-02-19 03:46:48+00:00,0,"Missing-data,Usage Question",0,0,2024-02,2024
57483,issue,closed,2024-02-18 11:08:11+00:00,2024-02-18 11:54:09+00:00,0,"Bug,Needs Triage,PDEP6-related",1,0,2024-02,2024
57472,issue,closed,2024-02-17 15:51:31+00:00,2024-02-18 10:52:13+00:00,0,"Styler,Closing Candidate",0,0,2024-02,2024
57470,issue,closed,2024-02-17 12:09:34+00:00,2024-02-17 17:47:50+00:00,0,"Bug,Styler",1,0,2024-02,2024
57468,issue,closed,2024-02-17 09:20:44+00:00,2024-02-19 02:55:24+00:00,1,"Bug,Needs Info",1,0,2024-02,2024
57463,issue,closed,2024-02-16 20:57:11+00:00,2024-04-23 17:21:59+00:00,66,"Timedelta,Deprecate",0,0,2024-02,2024
57457,issue,closed,2024-02-16 15:58:37+00:00,2024-02-20 17:11:03+00:00,4,"Bug,Needs Tests",1,0,2024-02,2024
57456,issue,closed,2024-02-16 14:52:33+00:00,2024-08-15 20:17:18+00:00,181,"Bug,Frequency",1,0,2024-02,2024
57452,issue,closed,2024-02-16 12:10:40+00:00,2024-02-21 19:14:11+00:00,5,"Bug,datetime.date",1,0,2024-02,2024
57451,issue,closed,2024-02-16 11:21:57+00:00,2024-02-16 14:01:45+00:00,0,"Docs,Needs Triage",0,0,2024-02,2024
57449,issue,closed,2024-02-16 01:56:49+00:00,2024-05-19 18:33:58+00:00,93,"Bug,IO Network,IO Parquet,Closing Candidate",1,0,2024-02,2024
57448,issue,closed,2024-02-16 01:43:20+00:00,2026-03-29 20:31:31+00:00,772,"Numeric Operations,Frequency,Non-Nano",0,0,2024-02,2024
57443,issue,closed,2024-02-15 21:30:57+00:00,2024-03-18 02:00:21+00:00,31,"Docs,CI",0,0,2024-02,2024
57440,issue,closed,2024-02-15 19:59:20+00:00,2024-02-26 17:57:10+00:00,10,"Docs,CI",0,0,2024-02,2024
57438,issue,closed,2024-02-15 19:46:43+00:00,2024-03-18 02:00:31+00:00,31,"Docs,CI",0,0,2024-02,2024
57437,issue,closed,2024-02-15 18:42:36+00:00,2024-02-18 20:46:35+00:00,3,"Needs Discussion,Closing Candidate,PDEP6-related",0,0,2024-02,2024
57436,issue,closed,2024-02-15 17:57:15+00:00,2026-03-22 00:19:11+00:00,765,"Testing,API Design,Index",0,0,2024-02,2024
57435,issue,closed,2024-02-15 15:30:49+00:00,2024-02-15 17:41:31+00:00,0,"Bug,Needs Triage",1,0,2024-02,2024
57433,issue,closed,2024-02-15 07:29:15+00:00,2024-02-15 17:14:49+00:00,0,Closing Candidate,0,0,2024-02,2024
57432,issue,closed,2024-02-15 06:55:29+00:00,2024-02-21 22:25:23+00:00,6,"Docs,Needs Info,Copy / view semantics",0,0,2024-02,2024
57431,issue,closed,2024-02-15 04:50:08+00:00,2026-03-24 16:48:56+00:00,768,"Performance,Regression,Copy / view semantics",0,0,2024-02,2024
57429,issue,closed,2024-02-15 01:30:18+00:00,2024-02-21 19:41:05+00:00,6,"Regression,IO JSON",0,0,2024-02,2024
57427,issue,closed,2024-02-14 20:22:14+00:00,2025-11-03 16:35:44+00:00,627,"Bug,Regression,Resample,Non-Nano",1,0,2024-02,2024
57424,issue,closed,2024-02-14 19:20:27+00:00,2024-05-31 22:07:52+00:00,107,Vote,0,0,2024-02,2024
57423,issue,closed,2024-02-14 19:00:12+00:00,2024-02-14 22:19:35+00:00,0,"Performance,Needs Triage",0,0,2024-02,2024
57421,issue,closed,2024-02-14 17:35:29+00:00,2024-02-14 17:47:21+00:00,0,"Bug,Needs Triage",1,0,2024-02,2024
57420,issue,closed,2024-02-14 17:29:46+00:00,2024-03-18 02:00:40+00:00,32,Docs,0,0,2024-02,2024
57419,issue,closed,2024-02-14 13:57:29+00:00,2024-02-19 23:38:31+00:00,5,"Docs,Numeric Operations",0,0,2024-02,2024
57418,issue,closed,2024-02-14 10:10:11+00:00,2024-02-20 17:26:54+00:00,6,"Bug,Dtype Conversions,Regression,Arrow",1,0,2024-02,2024
57417,issue,closed,2024-02-14 05:24:36+00:00,2024-03-18 02:00:49+00:00,32,Docs,0,0,2024-02,2024
57416,issue,closed,2024-02-14 05:13:11+00:00,2024-03-18 02:00:59+00:00,32,Docs,0,0,2024-02,2024
57409,issue,closed,2024-02-13 22:24:27+00:00,2024-03-18 01:56:06+00:00,33,"Enhancement,Indexing,Needs Info,Closing Candidate",0,0,2024-02,2024
57407,issue,closed,2024-02-13 21:39:27+00:00,2024-02-13 22:41:03+00:00,0,"Bug,IO CSV",1,0,2024-02,2024
57403,issue,closed,2024-02-13 17:45:22+00:00,2025-10-14 20:23:34+00:00,609,Deprecate,0,0,2024-02,2024
57400,issue,closed,2024-02-13 10:29:35+00:00,2024-02-13 17:14:40+00:00,0,"Bug,Needs Triage",1,0,2024-02,2024
57398,issue,closed,2024-02-13 08:26:05+00:00,2024-02-13 22:49:07+00:00,0,"Bug,Groupby,Warnings",1,0,2024-02,2024
57392,issue,closed,2024-02-13 03:17:47+00:00,2024-02-16 17:24:31+00:00,3,"Docs,CI",0,0,2024-02,2024
57386,issue,closed,2024-02-12 21:57:59+00:00,2024-04-24 16:18:04+00:00,71,"Bug,Testing,API - Consistency",1,0,2024-02,2024
57382,issue,closed,2024-02-12 19:03:40+00:00,2024-02-19 20:15:25+00:00,7,"Docs,Blocker",0,0,2024-02,2024
57378,issue,closed,2024-02-12 09:33:55+00:00,2024-02-13 09:32:33+00:00,0,"Enhancement,Needs Triage",0,0,2024-02,2024
57377,issue,closed,2024-02-12 09:18:17+00:00,2024-05-02 10:14:06+00:00,80,"Bug,datetime.date",1,0,2024-02,2024
57373,issue,closed,2024-02-12 02:41:06+00:00,2024-02-13 17:09:53+00:00,1,"Testing,Arrow",0,0,2024-02,2024
57366,issue,closed,2024-02-11 17:05:09+00:00,2026-03-09 17:48:17+00:00,757,"Performance,Regression,Non-Nano",0,0,2024-02,2024
57362,issue,closed,2024-02-11 13:48:28+00:00,2025-04-28 16:58:42+00:00,442,"Bug,IO LaTeX,Styler",1,0,2024-02,2024
57355,issue,closed,2024-02-11 10:37:22+00:00,2024-06-18 18:22:39+00:00,128,"Bug,datetime.date,Arrow",1,0,2024-02,2024
57351,issue,closed,2024-02-11 05:12:44+00:00,2025-10-16 20:51:47+00:00,613,"Regression,Compat,Blocker,Deprecate,Closing Candidate,ufuncs",0,0,2024-02,2024
57349,issue,closed,2024-02-11 00:53:38+00:00,2024-05-31 18:40:07+00:00,110,"Bug,Non-Nano",1,0,2024-02,2024
57338,issue,closed,2024-02-10 19:10:16+00:00,2025-07-01 17:47:13+00:00,506,"Bug,Indexing,PDEP6-related",1,0,2024-02,2024
57335,issue,closed,2024-02-10 09:50:42+00:00,2025-11-05 18:31:52+00:00,634,"Reshaping,Deprecate,Needs Discussion,Sorting",0,0,2024-02,2024
57320,issue,closed,2024-02-09 21:02:09+00:00,2024-02-11 02:55:23+00:00,1,"Bug,Numeric Operations",1,0,2024-02,2024
57318,issue,closed,2024-02-09 18:22:59+00:00,2024-02-10 11:38:07+00:00,0,"Bug,Categorical,setops",1,0,2024-02,2024
57317,issue,closed,2024-02-09 18:06:43+00:00,2024-02-15 21:09:52+00:00,6,"Bug,Groupby,Apply",1,0,2024-02,2024
57316,issue,closed,2024-02-09 17:10:38+00:00,2024-02-10 16:18:46+00:00,0,"Bug,Reshaping,Regression",1,0,2024-02,2024
57315,issue,closed,2024-02-09 16:56:58+00:00,2024-02-18 15:15:10+00:00,8,"Bug,Reshaping,Regression",1,0,2024-02,2024
57313,issue,closed,2024-02-09 09:18:39+00:00,2024-02-09 22:00:22+00:00,0,"Missing-data,Usage Question,Duplicate Report,Closing Candidate",0,0,2024-02,2024
57310,issue,closed,2024-02-09 02:41:57+00:00,2024-02-17 01:09:59+00:00,7,"Bug,Regression,IO SQL",1,0,2024-02,2024
57305,issue,closed,2024-02-08 18:14:06+00:00,2024-02-20 21:33:11+00:00,12,"Docs,Filters",0,0,2024-02,2024
57303,issue,closed,2024-02-08 10:38:57+00:00,2024-03-18 01:57:07+00:00,38,"Enhancement,IO Data,Needs Discussion,Styler,Closing Candidate",0,0,2024-02,2024
57301,issue,closed,2024-02-08 00:26:34+00:00,2024-02-17 21:58:58+00:00,9,"Bug,Regression,Algos",1,0,2024-02,2024
57299,issue,closed,2024-02-07 20:20:24+00:00,2024-02-07 20:32:32+00:00,0,"Enhancement,Needs Triage",0,0,2024-02,2024
57293,issue,closed,2024-02-07 14:43:43+00:00,2024-02-09 20:59:12+00:00,2,"Bug,Index",1,0,2024-02,2024
57290,issue,closed,2024-02-07 07:58:18+00:00,2024-03-16 17:25:16+00:00,38,"Docs,Copy / view semantics",0,0,2024-02,2024
57286,issue,closed,2024-02-07 05:57:01+00:00,2024-02-07 08:54:55+00:00,0,"Enhancement,Needs Triage",0,0,2024-02,2024
57281,issue,closed,2024-02-06 20:40:16+00:00,2024-02-06 20:40:31+00:00,0,"Enhancement,Needs Triage",0,0,2024-02,2024
57280,issue,closed,2024-02-06 18:53:15+00:00,2024-02-17 13:11:09+00:00,10,"IO Data,Deprecate",0,0,2024-02,2024
57277,issue,closed,2024-02-06 12:25:29+00:00,2024-04-02 00:37:54+00:00,55,"Docs,Indexing",0,0,2024-02,2024
57276,issue,closed,2024-02-06 11:07:09+00:00,2024-02-10 21:10:23+00:00,4,"Bug,Copy / view semantics",1,0,2024-02,2024
57274,issue,closed,2024-02-06 05:27:01+00:00,2024-02-06 05:28:32+00:00,0,"Docs,Needs Triage",0,0,2024-02,2024
57268,issue,closed,2024-02-05 21:53:16+00:00,2024-02-15 17:35:07+00:00,9,"Enhancement,Dtype Conversions,Interval",0,0,2024-02,2024
57262,issue,closed,2024-02-05 09:04:29+00:00,2024-02-05 15:29:13+00:00,0,"Warnings,Closing Candidate,Upstream issue",0,0,2024-02,2024
57260,issue,closed,2024-02-05 08:35:11+00:00,2026-04-21 01:20:34+00:00,805,"Usage Question,hashing",0,0,2024-02,2024
57259,issue,closed,2024-02-05 08:03:57+00:00,2024-02-17 12:25:58+00:00,12,"Docs,Categorical",0,0,2024-02,2024
57258,issue,closed,2024-02-05 07:12:58+00:00,2024-02-05 10:10:05+00:00,0,"Bug,Needs Triage",1,0,2024-02,2024
57257,issue,closed,2024-02-05 02:29:38+00:00,2024-05-19 18:36:04+00:00,104,"Usage Question,IO CSV,Needs Info,Closing Candidate",0,0,2024-02,2024
57251,issue,closed,2024-02-04 14:45:33+00:00,2024-02-04 14:48:20+00:00,0,Duplicate Report,0,0,2024-02,2024
57248,issue,closed,2024-02-04 13:42:42+00:00,2024-02-04 16:05:21+00:00,0,"Bug,Typing",1,0,2024-02,2024
57245,issue,closed,2024-02-04 08:11:55+00:00,2024-05-31 22:13:04+00:00,117,"Docs,Needs Info,Conditionals",0,0,2024-02,2024
57244,issue,closed,2024-02-04 08:10:32+00:00,2024-02-04 11:09:07+00:00,0,"Usage Question,Needs Triage",0,0,2024-02,2024
57229,issue,closed,2024-02-03 21:35:59+00:00,2024-02-03 22:49:01+00:00,0,"Bug,Needs Triage",1,0,2024-02,2024
57224,issue,closed,2024-02-03 12:29:50+00:00,2024-02-04 01:20:06+00:00,0,"Regression,IO JSON",0,0,2024-02,2024
57219,issue,closed,2024-02-03 03:25:24+00:00,2024-02-03 11:30:01+00:00,0,"Bug,CI",1,0,2024-02,2024
57217,issue,closed,2024-02-02 22:48:44+00:00,2024-02-03 01:23:01+00:00,0,Web,0,0,2024-02,2024
57216,issue,closed,2024-02-02 21:37:00+00:00,2024-08-24 19:47:24+00:00,203,"Enhancement,Index,Needs Triage,Sorting",0,0,2024-02,2024
57215,issue,closed,2024-02-02 20:39:36+00:00,2025-11-10 18:21:06+00:00,646,"Bug,Datetime,Regression",1,0,2024-02,2024
57214,issue,closed,2024-02-02 20:03:53+00:00,2024-02-07 17:34:31+00:00,4,"Enhancement,Strings,Closing Candidate",0,0,2024-02,2024
57209,issue,closed,2024-02-02 06:30:59+00:00,2024-02-03 11:59:20+00:00,1,"Bug,Duplicate Report,cut",1,0,2024-02,2024
57197,issue,closed,2024-02-01 19:02:39+00:00,2024-02-09 09:36:43+00:00,7,"Bug,Needs Info",1,0,2024-02,2024
57195,issue,closed,2024-02-01 14:38:38+00:00,2024-02-02 01:24:17+00:00,0,"Enhancement,Needs Triage",0,0,2024-02,2024
57189,issue,closed,2024-01-31 23:26:59+00:00,2026-04-16 16:17:29+00:00,805,"Bug,NA - MaskedArrays,Arrow,pyarrow dtype retention",1,0,2024-01,2024
57187,issue,closed,2024-01-31 22:37:28+00:00,2024-02-02 17:53:31+00:00,1,"Refactor,Internals",0,0,2024-01,2024
57183,issue,closed,2024-01-31 20:06:36+00:00,2024-02-03 23:00:57+00:00,3,"Dtype Conversions,Closing Candidate",0,0,2024-01,2024
57181,issue,closed,2024-01-31 18:36:43+00:00,2024-02-01 00:43:27+00:00,0,"Enhancement,IO CSV,Needs Discussion",0,0,2024-01,2024
57178,issue,closed,2024-01-31 17:21:53+00:00,2025-10-22 17:55:58+00:00,630,"Enhancement,IO SQL,Dependencies",0,0,2024-01,2024
57176,issue,closed,2024-01-31 14:44:23+00:00,2024-01-31 22:47:12+00:00,0,"Bug,Groupby,Regression,Duplicate Report,Reduction Operations",1,0,2024-01,2024
57165,issue,closed,2024-01-31 05:43:46+00:00,2024-02-05 17:32:54+00:00,5,Web,0,0,2024-01,2024
57161,issue,closed,2024-01-31 00:52:36+00:00,2024-01-31 01:53:20+00:00,0,"Build,Needs Triage",0,0,2024-01,2024
57158,issue,closed,2024-01-30 22:41:25+00:00,2024-06-03 21:27:16+00:00,124,"Groupby,Deprecate,Needs Discussion,Reduction Operations",0,0,2024-01,2024
57152,issue,closed,2024-01-30 16:21:24+00:00,2026-05-15 11:06:55+00:00,835,"Bug,Reshaping,Regression,Closing Candidate",1,0,2024-01,2024
57151,issue,closed,2024-01-30 16:16:15+00:00,2024-01-31 18:20:12+00:00,1,"Bug,Regression,Index,Sorting",1,0,2024-01,2024
57150,issue,closed,2024-01-30 15:19:56+00:00,2024-02-22 23:53:21+00:00,23,"Bug,Dtype Conversions,Regression,Timestamp",1,0,2024-01,2024
57149,issue,closed,2024-01-30 14:01:32+00:00,2024-02-02 22:33:15+00:00,3,"Performance,IO CSV,Closing Candidate",0,0,2024-01,2024
57148,issue,closed,2024-01-30 12:56:40+00:00,2024-02-05 17:29:53+00:00,6,Docs,0,0,2024-01,2024
57147,issue,closed,2024-01-30 09:00:54+00:00,2024-01-30 15:43:18+00:00,0,"Performance,Needs Triage",0,0,2024-01,2024
57137,issue,closed,2024-01-29 22:35:31+00:00,2024-01-29 23:27:31+00:00,0,"Bug,Needs Triage",1,0,2024-01,2024
57130,issue,closed,2024-01-29 16:54:22+00:00,2024-01-30 02:17:37+00:00,0,"Bug,Needs Triage,Copy / view semantics",1,0,2024-01,2024
57128,issue,closed,2024-01-29 16:20:29+00:00,2024-01-30 01:02:25+00:00,0,"Enhancement,Needs Triage",0,0,2024-01,2024
57125,issue,closed,2024-01-29 08:12:35+00:00,2024-01-31 00:18:33+00:00,1,"Bug,IO Data,Regression,Timestamp",1,0,2024-01,2024
57124,issue,closed,2024-01-29 07:39:50+00:00,2025-08-18 01:00:12+00:00,566,"Bug,Dtype Conversions,Regression,DataFrame,Conditionals",1,0,2024-01,2024
57123,issue,closed,2024-01-29 07:13:50+00:00,2024-01-29 19:09:17+00:00,0,"Build,Needs Triage",0,0,2024-01,2024
57119,issue,closed,2024-01-28 19:00:47+00:00,2024-01-28 19:21:27+00:00,0,"Bug,Needs Triage",1,0,2024-01,2024
57111,issue,closed,2024-01-28 06:15:24+00:00,2024-03-18 02:01:11+00:00,49,"Docs,CI",0,0,2024-01,2024
57110,issue,closed,2024-01-28 03:40:39+00:00,2024-01-28 07:21:09+00:00,0,"Build,Needs Triage",0,0,2024-01,2024
57106,issue,closed,2024-01-27 18:29:38+00:00,2024-01-27 18:42:20+00:00,0,"Build,Needs Triage",0,0,2024-01,2024
57099,issue,closed,2024-01-27 01:52:13+00:00,2024-01-30 07:38:33+00:00,3,"Docs,Community",0,0,2024-01,2024
57095,issue,closed,2024-01-26 20:05:38+00:00,2024-01-26 20:10:20+00:00,0,"Enhancement,Groupby,Missing-data",0,0,2024-01,2024
57093,issue,closed,2024-01-26 19:20:31+00:00,2025-08-05 01:37:46+00:00,556,"Bug,Missing-data,Dtype Conversions,Arrow",1,0,2024-01,2024
57092,issue,closed,2024-01-26 19:19:32+00:00,2024-03-05 02:50:36+00:00,38,"Docs,Missing-data",0,0,2024-01,2024
57088,issue,closed,2024-01-26 18:30:14+00:00,2024-04-01 17:32:03+00:00,65,"Docs,Reduction Operations",0,0,2024-01,2024
57087,issue,closed,2024-01-26 18:20:31+00:00,2024-04-09 16:58:29+00:00,73,"API - Consistency,Reduction Operations",0,0,2024-01,2024
57085,issue,closed,2024-01-26 14:56:13+00:00,2024-06-18 21:49:50+00:00,144,"Bug,IO HDF5,Non-Nano",1,0,2024-01,2024
57082,issue,closed,2024-01-26 06:45:02+00:00,2024-02-22 18:14:43+00:00,27,"Bug,Blocker,Deprecate,Warnings,Arrow",1,0,2024-01,2024
57080,issue,closed,2024-01-26 03:36:24+00:00,2024-05-31 18:40:07+00:00,126,"Bug,Dtype Conversions,Regression,Non-Nano",1,0,2024-01,2024
57076,issue,closed,2024-01-25 22:30:42+00:00,2025-01-13 22:20:52+00:00,353,"Enhancement,Window",0,0,2024-01,2024
57073,issue,closed,2024-01-25 18:32:47+00:00,2025-07-17 10:48:19+00:00,538,"Needs Discussion,Closing Candidate",0,0,2024-01,2024
57071,issue,closed,2024-01-25 16:17:27+00:00,2024-01-26 08:07:11+00:00,0,"Bug,IO CSV,Closing Candidate",1,0,2024-01,2024
57069,issue,closed,2024-01-25 12:36:45+00:00,2024-03-28 22:42:31+00:00,63,"Bug,Groupby,numba,Transformations",1,0,2024-01,2024
57068,issue,closed,2024-01-25 11:52:25+00:00,2024-02-19 23:36:12+00:00,25,"Bug,Regression,expressions,Timestamp",1,0,2024-01,2024
57067,issue,closed,2024-01-25 11:46:23+00:00,2024-02-12 18:23:22+00:00,18,"Bug,Testing,Regression,Needs Triage",1,0,2024-01,2024
57066,issue,closed,2024-01-25 11:43:50+00:00,2024-01-28 23:54:40+00:00,3,"Bug,Regression,Strings,Arrow",1,0,2024-01,2024
57064,issue,closed,2024-01-25 04:47:17+00:00,2026-01-23 18:23:06+00:00,729,Release,0,0,2024-01,2024
57063,issue,closed,2024-01-25 02:42:50+00:00,2024-04-19 15:25:22+00:00,85,"IO JSON,Deprecate",0,0,2024-01,2024
57056,issue,closed,2024-01-24 18:21:13+00:00,2024-01-24 22:36:48+00:00,0,"Bug,Transformations",1,0,2024-01,2024
57055,issue,closed,2024-01-24 18:15:15+00:00,2024-02-02 17:55:17+00:00,8,"Bug,Arrow",1,0,2024-01,2024
57053,issue,closed,2024-01-24 12:35:50+00:00,2024-01-24 16:21:43+00:00,0,"Duplicate Report,IO SQL,Compat,Dependencies",0,0,2024-01,2024
57051,issue,closed,2024-01-24 11:53:55+00:00,2024-01-25 08:46:03+00:00,0,Needs Info,0,0,2024-01,2024
57049,issue,closed,2024-01-24 08:48:32+00:00,2026-01-29 18:56:04+00:00,736,"Regression,IO SQL,Compat,Dependencies",0,0,2024-01,2024
57048,issue,closed,2024-01-24 07:47:46+00:00,2024-01-29 19:53:43+00:00,5,"Bug,Regression,Numeric Operations",1,0,2024-01,2024
57043,issue,closed,2024-01-24 00:10:43+00:00,2024-03-12 17:26:39+00:00,48,"Bug,Algos",1,0,2024-01,2024
57040,issue,closed,2024-01-23 18:16:40+00:00,2024-01-26 17:19:20+00:00,2,"Bug,Groupby,Regression,Reduction Operations",1,0,2024-01,2024
57039,issue,closed,2024-01-23 15:25:42+00:00,2024-01-26 18:42:00+00:00,3,"Bug,Performance,Regression,IO CSV",1,0,2024-01,2024
57038,issue,closed,2024-01-23 15:22:22+00:00,2024-05-19 18:35:19+00:00,117,"Build,Needs Info,Closing Candidate",0,0,2024-01,2024
57037,issue,closed,2024-01-23 15:15:40+00:00,2024-04-15 23:18:19+00:00,83,"Usage Question,IO SQL",0,0,2024-01,2024
57036,issue,closed,2024-01-23 14:07:24+00:00,2024-01-23 15:35:58+00:00,0,"Usage Question,Needs Triage",0,0,2024-01,2024
57035,issue,closed,2024-01-23 12:23:20+00:00,2024-06-13 18:11:17+00:00,142,"Visualization,Performance,Regression",0,0,2024-01,2024
57033,issue,closed,2024-01-23 11:23:05+00:00,2025-10-19 19:27:38+00:00,635,"Period,Resample,Deprecate,Needs Discussion,Closing Candidate",0,0,2024-01,2024
57032,issue,closed,2024-01-23 10:11:58+00:00,2024-03-26 01:40:19+00:00,62,"Internals,Warnings,Subclassing",0,0,2024-01,2024
57031,issue,closed,2024-01-23 10:06:32+00:00,2024-01-23 15:18:17+00:00,0,"Bug,Needs Triage",1,0,2024-01,2024
57027,issue,closed,2024-01-23 05:37:17+00:00,2024-01-30 02:15:29+00:00,6,"Bug,Indexing,Regression",1,0,2024-01,2024
57024,issue,closed,2024-01-23 03:00:51+00:00,2024-01-24 17:42:12+00:00,1,"Bug,Needs Triage",1,0,2024-01,2024
57022,issue,closed,2024-01-22 23:52:35+00:00,2024-01-24 17:24:24+00:00,1,"Build,Needs Info",0,0,2024-01,2024
57019,issue,closed,2024-01-22 22:38:03+00:00,2024-01-30 02:14:26+00:00,7,"Enhancement,Groupby,Regression,Transformations",0,0,2024-01,2024
57017,issue,closed,2024-01-22 21:57:22+00:00,2025-09-09 21:12:34+00:00,595,"Bug,Datetime,Needs Triage",1,0,2024-01,2024
57016,issue,closed,2024-01-22 20:46:35+00:00,2024-01-23 16:03:26+00:00,0,"Docs,Needs Triage",0,0,2024-01,2024
57012,issue,closed,2024-01-22 18:14:41+00:00,2024-02-23 21:23:38+00:00,32,Release,0,0,2024-01,2024
57010,issue,closed,2024-01-22 17:20:11+00:00,2024-01-22 23:22:56+00:00,0,"Bug,Reshaping,Regression",1,0,2024-01,2024
57008,issue,closed,2024-01-22 15:10:35+00:00,2025-01-17 19:11:38+00:00,361,"Regression,Subclassing",0,0,2024-01,2024
57006,issue,closed,2024-01-22 14:14:16+00:00,2024-02-09 22:07:02+00:00,18,"Datetime,Reshaping,Regression,Index",0,0,2024-01,2024
57002,issue,closed,2024-01-22 07:32:35+00:00,2025-10-31 20:32:34+00:00,648,"Datetime,Regression",0,0,2024-01,2024
57000,issue,closed,2024-01-22 06:26:07+00:00,2024-01-22 06:37:19+00:00,0,"Bug,Needs Triage",1,0,2024-01,2024
56996,issue,closed,2024-01-21 20:37:11+00:00,2026-05-01 16:11:55+00:00,830,"Timedelta,Compat,Dependencies",0,0,2024-01,2024
56995,issue,closed,2024-01-21 18:00:34+00:00,2024-01-21 21:27:40+00:00,0,"Bug,Typing,Closing Candidate",1,0,2024-01,2024
56991,issue,closed,2024-01-21 06:07:47+00:00,2024-02-09 22:04:57+00:00,19,"Bug,ExtensionArray,Needs Triage",1,0,2024-01,2024
56984,issue,closed,2024-01-20 18:05:33+00:00,2024-01-23 00:29:44+00:00,2,"Bug,Dtype Conversions,Regression,Needs Triage,Arrow",1,0,2024-01,2024
56978,issue,closed,2024-01-20 11:08:21+00:00,2024-01-20 11:13:16+00:00,0,"Docs,Needs Triage",0,0,2024-01,2024
56976,issue,closed,2024-01-20 10:47:18+00:00,2024-03-08 21:37:05+00:00,48,"Bug,NA - MaskedArrays,Transformations",1,0,2024-01,2024
56975,issue,closed,2024-01-20 09:27:29+00:00,2024-01-20 09:53:23+00:00,0,"Enhancement,Needs Triage",0,0,2024-01,2024
56973,issue,closed,2024-01-20 08:44:00+00:00,2024-01-30 03:15:58+00:00,9,"Indexing,Performance,Closing Candidate",0,0,2024-01,2024
56972,issue,closed,2024-01-20 05:07:56+00:00,2024-02-04 15:24:15+00:00,15,"Docs,IO Data",0,0,2024-01,2024
56968,issue,closed,2024-01-19 22:31:30+00:00,2024-01-22 13:13:07+00:00,2,"Enhancement,Needs Triage",0,0,2024-01,2024
56966,issue,closed,2024-01-19 19:18:25+00:00,2024-02-07 05:01:43+00:00,18,"Bug,Groupby,Sorting",1,0,2024-01,2024
56956,issue,closed,2024-01-19 09:07:05+00:00,2024-01-19 15:38:15+00:00,0,"Usage Question,Needs Triage",0,0,2024-01,2024
56955,issue,closed,2024-01-19 07:57:41+00:00,2024-01-19 22:15:32+00:00,0,"Bug,Missing-data",1,0,2024-01,2024
63521,issue,closed,2025-12-31 11:01:37+00:00,2025-12-31 14:15:16+00:00,0,"Bug,Missing-data,Categorical",1,0,2025-12,2025
63518,issue,closed,2025-12-31 02:09:34+00:00,2026-01-01 19:28:25+00:00,1,"Bug,Groupby,pyarrow dtype retention",1,0,2025-12,2025
63489,issue,closed,2025-12-26 23:06:58+00:00,2025-12-27 13:15:38+00:00,0,Enhancement,0,0,2025-12,2025
63484,issue,closed,2025-12-25 12:38:52+00:00,2026-01-02 08:05:51+00:00,7,"Bug,Error Reporting,Compat",1,0,2025-12,2025
63477,issue,closed,2025-12-24 03:33:23+00:00,2026-05-09 15:57:00+00:00,136,"Build,Docs,Windows,Closing Candidate",0,0,2025-12,2025
63476,issue,closed,2025-12-23 23:03:14+00:00,2026-01-20 17:51:03+00:00,27,"Enhancement,Closing Candidate",0,0,2025-12,2025
63475,issue,closed,2025-12-23 20:48:01+00:00,2026-03-12 21:07:52+00:00,79,"Docs,Indexing",0,0,2025-12,2025
63459,issue,closed,2025-12-22 13:59:47+00:00,2026-01-12 23:22:33+00:00,21,"API Design,Timedelta,Non-Nano,Timestamp",0,0,2025-12,2025
63444,issue,closed,2025-12-21 00:17:14+00:00,2026-01-06 02:46:55+00:00,16,"Error Reporting,Needs Discussion",0,0,2025-12,2025
63442,issue,closed,2025-12-20 21:23:15+00:00,2026-01-18 22:56:00+00:00,29,"IO JSON,Timestamp",0,0,2025-12,2025
63437,issue,closed,2025-12-20 08:01:21+00:00,2025-12-20 20:27:20+00:00,0,"Bug,Testing",1,0,2025-12,2025
63430,issue,closed,2025-12-19 11:28:59+00:00,2025-12-19 18:04:19+00:00,0,CI,0,0,2025-12,2025
63429,issue,closed,2025-12-19 09:04:19+00:00,2026-01-31 18:40:33+00:00,43,"Bug,Regression,Numeric Operations,Strings,Arrow",1,0,2025-12,2025
63428,issue,closed,2025-12-19 06:01:33+00:00,2025-12-20 16:12:42+00:00,1,"Docs,Needs Triage",0,0,2025-12,2025
63420,issue,closed,2025-12-19 01:25:36+00:00,2026-01-05 22:28:13+00:00,17,"Indexing,Regression,Timestamp",0,0,2025-12,2025
63419,issue,closed,2025-12-19 00:20:40+00:00,2026-05-08 19:11:57+00:00,140,"Bug,Timestamp",1,0,2025-12,2025
63418,issue,closed,2025-12-18 23:51:55+00:00,2026-03-18 03:17:31+00:00,89,"Enhancement,Closing Candidate,IO Format Request",0,0,2025-12,2025
63415,issue,closed,2025-12-18 16:23:41+00:00,2025-12-19 12:59:44+00:00,0,"Docs,Needs Triage",0,0,2025-12,2025
63412,issue,closed,2025-12-18 11:29:51+00:00,2025-12-18 18:35:17+00:00,0,"Regression,IO HDF5,Strings",0,0,2025-12,2025
63404,issue,closed,2025-12-18 00:29:21+00:00,2025-12-18 23:18:29+00:00,0,"Bug,Timedelta,Reduction Operations",1,0,2025-12,2025
63399,issue,closed,2025-12-17 16:13:44+00:00,2025-12-17 17:18:21+00:00,0,"Bug,Needs Triage",1,0,2025-12,2025
63396,issue,closed,2025-12-17 12:27:37+00:00,2026-01-23 18:18:20+00:00,37,"Strings,Closing Candidate",0,0,2025-12,2025
63391,issue,closed,2025-12-17 09:09:36+00:00,2025-12-17 22:55:53+00:00,0,"Indexing,Regression,Index",0,0,2025-12,2025
63388,issue,closed,2025-12-16 21:17:41+00:00,2025-12-18 19:57:06+00:00,1,"API Design,Index,Copy / view semantics",0,0,2025-12,2025
63385,issue,closed,2025-12-16 15:43:47+00:00,2026-01-21 10:21:45+00:00,35,"Strings,Arrow",0,0,2025-12,2025
63378,issue,closed,2025-12-16 10:38:15+00:00,2025-12-16 19:16:04+00:00,0,Docs,0,0,2025-12,2025
63377,issue,closed,2025-12-16 10:28:33+00:00,2025-12-16 14:58:27+00:00,0,Docs,0,0,2025-12,2025
63376,issue,closed,2025-12-16 08:43:12+00:00,2025-12-22 13:08:27+00:00,6,"Docs,expressions",0,0,2025-12,2025
63375,issue,closed,2025-12-16 04:34:38+00:00,2025-12-16 17:39:31+00:00,0,,0,0,2025-12,2025
63373,issue,closed,2025-12-15 22:28:11+00:00,2026-01-01 15:52:30+00:00,16,"Enhancement,IO CSV,Strings",0,0,2025-12,2025
63372,issue,closed,2025-12-15 20:59:10+00:00,2025-12-15 22:05:32+00:00,0,Strings,0,0,2025-12,2025
63322,issue,closed,2025-12-11 02:47:49+00:00,2025-12-13 16:50:14+00:00,2,"Bug,Numeric Operations,expressions",1,0,2025-12,2025
63320,issue,closed,2025-12-10 17:52:06+00:00,2026-04-28 17:50:38+00:00,138,"Bug,Upstream issue",1,0,2025-12,2025
63314,issue,closed,2025-12-09 18:10:54+00:00,2026-01-06 22:20:39+00:00,28,"Bug,Reshaping,Python 3.14",1,0,2025-12,2025
63311,issue,closed,2025-12-09 17:12:19+00:00,2025-12-14 18:12:20+00:00,5,"Docs,Indexing",0,0,2025-12,2025
63306,issue,closed,2025-12-09 03:13:18+00:00,2025-12-16 21:10:54+00:00,7,"Bug,Copy / view semantics",1,0,2025-12,2025
63299,issue,closed,2025-12-08 18:41:59+00:00,2026-03-18 17:23:43+00:00,99,"Enhancement,Needs Triage,Closing Candidate",0,0,2025-12,2025
63289,issue,closed,2025-12-07 13:09:50+00:00,2026-01-12 15:46:32+00:00,36,"Docs,Copy / view semantics",0,0,2025-12,2025
63287,issue,closed,2025-12-06 21:10:07+00:00,2025-12-23 18:07:22+00:00,16,"Enhancement,Needs Discussion,expressions,cut",0,0,2025-12,2025
63280,issue,closed,2025-12-05 23:47:24+00:00,2025-12-06 13:50:34+00:00,0,"Numeric Operations,Strings,Arrow",0,0,2025-12,2025
63279,issue,closed,2025-12-05 23:07:19+00:00,2025-12-14 15:31:59+00:00,8,"Docs,Strings",0,0,2025-12,2025
63278,issue,closed,2025-12-05 22:52:35+00:00,2025-12-30 22:37:24+00:00,24,"Bug,Needs Triage",1,0,2025-12,2025
63275,issue,closed,2025-12-05 15:18:24+00:00,2026-01-17 16:15:46+00:00,43,Non-Nano,0,0,2025-12,2025
63272,issue,closed,2025-12-05 09:49:56+00:00,2025-12-18 10:23:51+00:00,13,"Bug,Non-Nano",1,0,2025-12,2025
63269,issue,closed,2025-12-05 01:23:41+00:00,2025-12-05 12:26:47+00:00,0,"Bug,Build",1,0,2025-12,2025
63264,issue,closed,2025-12-04 17:17:22+00:00,2025-12-19 15:53:53+00:00,14,"Bug,Error Reporting,Timezones",1,0,2025-12,2025
63262,issue,closed,2025-12-04 15:47:32+00:00,2025-12-08 18:25:21+00:00,4,"Bug,Non-Nano",1,0,2025-12,2025
63258,issue,closed,2025-12-04 01:56:41+00:00,2025-12-04 17:30:42+00:00,0,"Docs,Copy / view semantics",0,0,2025-12,2025
63255,issue,closed,2025-12-03 16:46:30+00:00,2026-05-09 15:59:36+00:00,156,"Bug,Strings,Closing Candidate",1,0,2025-12,2025
63246,issue,closed,2025-12-02 00:38:13+00:00,2025-12-02 00:43:16+00:00,0,,0,0,2025-12,2025
63245,issue,closed,2025-12-01 19:14:10+00:00,2025-12-01 19:30:38+00:00,0,"Enhancement,Needs Triage",0,0,2025-12,2025
63243,issue,closed,2025-12-01 15:18:34+00:00,2026-03-31 16:36:53+00:00,120,"Bug,IO CSV",1,0,2025-12,2025
63242,issue,closed,2025-12-01 15:16:12+00:00,2025-12-05 12:49:13+00:00,3,"Bug,Reshaping,Error Reporting",1,0,2025-12,2025
63240,issue,closed,2025-12-01 11:42:56+00:00,2025-12-04 17:32:23+00:00,3,"Docs,IO Parquet",0,0,2025-12,2025
63236,issue,closed,2025-11-30 22:57:22+00:00,2026-01-21 08:17:07+00:00,51,"Bug,IO JSON,Non-Nano",1,0,2025-11,2025
63230,issue,closed,2025-11-29 22:14:35+00:00,2025-12-01 09:01:46+00:00,1,"Bug,Copy / view semantics",1,0,2025-11,2025
63219,issue,closed,2025-11-27 09:59:24+00:00,2025-12-04 17:57:43+00:00,7,"Bug,Groupby,Copy / view semantics",1,0,2025-11,2025
63218,issue,closed,2025-11-27 09:01:08+00:00,2025-12-05 17:35:25+00:00,8,"Bug,Regression,Interval",1,0,2025-11,2025
63213,issue,closed,2025-11-26 17:32:33+00:00,2025-11-26 17:34:50+00:00,0,"Bug,Needs Triage",1,0,2025-11,2025
63209,issue,closed,2025-11-26 14:38:20+00:00,2025-12-01 18:57:25+00:00,5,"Docs,Index",0,0,2025-11,2025
63205,issue,closed,2025-11-26 01:21:52+00:00,2026-02-02 02:16:50+00:00,68,"Bug,Regression,Numeric Operations,Subclassing",1,0,2025-11,2025
63194,issue,closed,2025-11-24 21:39:13+00:00,2025-11-25 03:11:20+00:00,0,Bug,1,0,2025-11,2025
63191,issue,closed,2025-11-24 15:50:39+00:00,2026-02-18 14:13:02+00:00,85,Docs,0,0,2025-11,2025
63189,issue,closed,2025-11-24 14:59:26+00:00,2025-11-25 18:15:35+00:00,1,"Docs,Index",0,0,2025-11,2025
63188,issue,closed,2025-11-24 11:00:50+00:00,2025-11-25 03:17:27+00:00,0,"Bug,IO Excel",1,0,2025-11,2025
63180,issue,closed,2025-11-23 22:05:29+00:00,2025-11-25 18:32:00+00:00,1,"Bug,Window,Reduction Operations",1,0,2025-11,2025
63170,issue,closed,2025-11-21 21:04:16+00:00,2026-01-05 19:39:11+00:00,44,"Bug,Dtype Conversions,Reduction Operations,Arrow",1,0,2025-11,2025
63169,issue,closed,2025-11-21 19:29:58+00:00,2025-12-19 16:03:10+00:00,27,"Bug,Index,setops",1,0,2025-11,2025
63167,issue,closed,2025-11-21 11:39:43+00:00,2026-03-18 00:57:50+00:00,116,"Bug,IO CSV,Segfault,Closing Candidate",1,0,2025-11,2025
63161,issue,closed,2025-11-20 16:26:18+00:00,2026-03-18 00:58:35+00:00,117,"Enhancement,Build,Closing Candidate",0,0,2025-11,2025
63160,issue,closed,2025-11-20 15:02:38+00:00,2026-04-21 17:32:21+00:00,152,"Enhancement,Build,Windows",0,0,2025-11,2025
63156,issue,closed,2025-11-19 18:51:21+00:00,2025-11-19 23:03:02+00:00,0,"Bug,Duplicate Report",1,0,2025-11,2025
63155,issue,closed,2025-11-19 16:58:46+00:00,2025-12-04 17:16:23+00:00,15,"Enhancement,Algos,Sorting",0,0,2025-11,2025
63153,issue,closed,2025-11-19 16:34:08+00:00,2026-03-18 00:58:58+00:00,118,"Enhancement,Closing Candidate,IO Format Request",0,0,2025-11,2025
63144,issue,closed,2025-11-18 16:00:36+00:00,2026-05-18 21:10:38+00:00,181,"Docs,Copy / view semantics,Closing Candidate",0,0,2025-11,2025
63141,issue,closed,2025-11-18 07:56:05+00:00,2025-11-18 22:31:32+00:00,0,"Docs,Needs Triage,AI Slop",0,0,2025-11,2025
63140,issue,closed,2025-11-18 05:27:33+00:00,2025-11-18 08:42:27+00:00,0,"Bug,Needs Triage",1,0,2025-11,2025
63138,issue,closed,2025-11-17 18:14:56+00:00,2025-11-18 14:22:03+00:00,0,"Enhancement,Closing Candidate,IO Format Request",0,0,2025-11,2025
63128,issue,closed,2025-11-16 15:37:05+00:00,2025-11-24 01:11:27+00:00,7,"Bug,Build",1,0,2025-11,2025
63120,issue,closed,2025-11-15 07:29:39+00:00,2025-11-16 13:59:51+00:00,1,"Testing,Clean",0,0,2025-11,2025
63119,issue,closed,2025-11-15 07:04:04+00:00,2025-11-18 03:12:57+00:00,2,"Testing,Clean",0,0,2025-11,2025
63112,issue,closed,2025-11-14 17:13:16+00:00,2026-02-22 15:45:42+00:00,99,"Bug,Error Reporting,Constructors,Nested Data",1,0,2025-11,2025
63092,issue,closed,2025-11-12 07:51:55+00:00,2025-11-25 19:43:33+00:00,13,"Enhancement,Needs Triage,Closing Candidate,IO Format Request",0,0,2025-11,2025
63089,issue,closed,2025-11-12 05:14:05+00:00,2025-11-17 21:01:39+00:00,5,"Bug,IO CSV,Segfault",1,0,2025-11,2025
63071,issue,closed,2025-11-11 04:15:34+00:00,2026-04-01 00:45:13+00:00,140,"Bug,Indexing,Dtype Conversions",1,0,2025-11,2025
63068,issue,closed,2025-11-10 21:59:36+00:00,2025-11-29 13:04:00+00:00,18,"Docs,Timestamp",0,0,2025-11,2025
63061,issue,closed,2025-11-10 14:01:56+00:00,2025-11-12 02:32:29+00:00,1,"Enhancement,Closing Candidate",0,0,2025-11,2025
63045,issue,closed,2025-11-08 13:32:20+00:00,2025-11-13 12:04:12+00:00,4,"Bug,Output-Formatting,Categorical",1,0,2025-11,2025
63040,issue,closed,2025-11-08 02:29:29+00:00,2026-04-18 17:01:55+00:00,161,,0,0,2025-11,2025
63027,issue,closed,2025-11-07 14:55:59+00:00,2025-11-07 18:49:04+00:00,0,"Enhancement,Reshaping",0,0,2025-11,2025
63019,issue,closed,2025-11-07 03:40:00+00:00,2025-11-27 10:22:39+00:00,20,"Bug,Error Reporting,IO JSON",1,0,2025-11,2025
62998,issue,closed,2025-11-05 13:23:33+00:00,2025-11-06 22:00:13+00:00,1,"Bug,Needs Triage",1,0,2025-11,2025
62990,issue,closed,2025-11-05 01:29:43+00:00,2025-12-18 17:35:49+00:00,43,"Bug,Indexing,Error Reporting",1,0,2025-11,2025
62981,issue,closed,2025-11-04 16:13:48+00:00,2025-11-14 17:40:16+00:00,10,Bug,1,0,2025-11,2025
62974,issue,closed,2025-11-03 19:56:48+00:00,2025-11-03 19:57:28+00:00,0,,0,0,2025-11,2025
62966,issue,closed,2025-11-03 15:13:03+00:00,2025-12-31 17:46:52+00:00,58,Docs,0,0,2025-11,2025
62963,issue,closed,2025-11-02 19:25:52+00:00,2025-11-03 23:51:08+00:00,1,"Bug,Output-Formatting",1,0,2025-11,2025
62949,issue,closed,2025-11-01 12:22:51+00:00,2025-11-10 17:54:07+00:00,9,"Bug,Reshaping,Needs Discussion,Warnings",1,0,2025-11,2025
62946,issue,closed,2025-11-01 01:48:42+00:00,2026-03-13 20:32:56+00:00,132,"Bug,Window,Numeric stability",1,0,2025-11,2025
62940,issue,closed,2025-10-31 17:41:14+00:00,2025-11-03 15:07:52+00:00,2,"Enhancement,Needs Triage",0,0,2025-10,2025
62923,issue,closed,2025-10-30 20:52:36+00:00,2025-10-31 16:49:14+00:00,0,"Docs,Index",0,0,2025-10,2025
62919,issue,closed,2025-10-30 18:27:03+00:00,2025-11-07 19:43:04+00:00,8,"Indexing,Deprecate",0,0,2025-10,2025
62915,issue,closed,2025-10-30 07:32:37+00:00,2025-12-01 18:49:59+00:00,32,"Bug,Timezones,Needs Tests,Index",1,0,2025-10,2025
62911,issue,closed,2025-10-29 21:54:33+00:00,2025-10-29 23:02:26+00:00,0,"Bug,Needs Triage",1,0,2025-10,2025
62899,issue,closed,2025-10-28 17:41:00+00:00,2025-10-29 18:37:25+00:00,1,Docs,0,0,2025-10,2025
62898,issue,closed,2025-10-28 17:17:57+00:00,2025-12-09 20:14:10+00:00,42,Build,0,0,2025-10,2025
62897,issue,closed,2025-10-28 17:11:18+00:00,2025-11-04 19:35:08+00:00,7,"Deprecate,Index",0,0,2025-10,2025
62888,issue,closed,2025-10-27 23:37:48+00:00,2026-03-17 02:20:39+00:00,140,"Bug,Algos",1,0,2025-10,2025
62881,issue,closed,2025-10-27 20:03:51+00:00,2025-10-27 21:30:19+00:00,0,"Bug,IO CSV,Closing Candidate",1,0,2025-10,2025
62878,issue,closed,2025-10-27 11:05:01+00:00,2025-10-28 10:17:01+00:00,0,"Bug,Missing-data,Upstream issue,Arrow",1,0,2025-10,2025
62870,issue,closed,2025-10-26 20:08:02+00:00,2026-03-17 20:12:19+00:00,142,"Enhancement,Numeric stability",0,0,2025-10,2025
62864,issue,closed,2025-10-26 17:57:26+00:00,2026-03-13 20:32:55+00:00,138,"Bug,Window",1,0,2025-10,2025
62849,issue,closed,2025-10-25 21:54:48+00:00,2025-11-03 15:42:19+00:00,8,"Bug,Frequency",1,0,2025-10,2025
62846,issue,closed,2025-10-25 21:17:32+00:00,2025-10-27 17:44:22+00:00,1,"Bug,Dtype Conversions,Deprecate",1,0,2025-10,2025
62840,issue,closed,2025-10-25 15:09:16+00:00,2025-11-26 20:43:56+00:00,32,"Enhancement,Datetime,Closing Candidate",0,0,2025-10,2025
62838,issue,closed,2025-10-25 12:59:18+00:00,2025-11-08 17:43:10+00:00,14,"Enhancement,Dtype Conversions,Error Reporting,Needs Triage",0,0,2025-10,2025
62829,issue,closed,2025-10-25 01:37:52+00:00,2025-11-04 18:03:19+00:00,10,"Bug,Error Reporting,IO JSON",1,0,2025-10,2025
62820,issue,closed,2025-10-24 16:19:54+00:00,2025-10-27 20:51:58+00:00,3,,0,0,2025-10,2025
62810,issue,closed,2025-10-23 20:31:48+00:00,2025-10-23 21:22:55+00:00,0,"Bug,Needs Triage",1,0,2025-10,2025
62807,issue,closed,2025-10-23 09:22:22+00:00,2025-10-23 13:15:05+00:00,0,"Docs,IO Excel",0,0,2025-10,2025
62800,issue,closed,2025-10-22 20:19:32+00:00,2025-10-29 23:03:30+00:00,7,"Bug,Missing-data,Arrow,ufuncs",1,0,2025-10,2025
62796,issue,closed,2025-10-22 18:13:58+00:00,2026-05-11 21:17:24+00:00,201,Error Reporting,0,0,2025-10,2025
62787,issue,closed,2025-10-22 10:53:08+00:00,2025-10-26 17:44:16+00:00,4,"Bug,Copy / view semantics",1,0,2025-10,2025
62778,issue,closed,2025-10-21 21:13:18+00:00,2025-10-27 20:27:38+00:00,5,"Bug,Groupby,Error Reporting",1,0,2025-10,2025
62771,issue,closed,2025-10-21 02:31:34+00:00,2025-10-24 03:49:53+00:00,3,PDEP missing values,0,0,2025-10,2025
62768,issue,closed,2025-10-20 21:21:56+00:00,2025-12-04 18:52:59+00:00,44,"Docs,Index",0,0,2025-10,2025
62742,issue,closed,2025-10-18 22:53:52+00:00,2025-10-25 17:40:52+00:00,6,"Reshaping,Error Reporting",0,0,2025-10,2025
62740,issue,closed,2025-10-18 21:47:13+00:00,2025-10-21 19:51:44+00:00,2,"Bug,IO CSV",1,0,2025-10,2025
62739,issue,closed,2025-10-18 17:52:57+00:00,2025-11-04 13:00:31+00:00,16,"Bug,IO CSV",1,0,2025-10,2025
62736,issue,closed,2025-10-18 13:21:15+00:00,2025-10-28 18:55:05+00:00,10,"CI,Needs Discussion",0,0,2025-10,2025
62733,issue,closed,2025-10-18 08:43:35+00:00,2025-10-26 06:52:42+00:00,7,"Enhancement,IO LaTeX",0,0,2025-10,2025
62725,issue,closed,2025-10-17 11:16:32+00:00,2025-11-04 17:11:48+00:00,18,"Bug,Resample",1,0,2025-10,2025
62724,issue,closed,2025-10-17 08:54:44+00:00,2025-10-17 22:52:44+00:00,0,"Bug,Needs Triage",1,0,2025-10,2025
62717,issue,closed,2025-10-16 20:02:23+00:00,2026-03-17 20:32:49+00:00,152,,0,0,2025-10,2025
62716,issue,closed,2025-10-16 18:29:37+00:00,2025-10-16 20:48:05+00:00,0,"Docs,Needs Triage",0,0,2025-10,2025
62712,issue,closed,2025-10-16 12:34:10+00:00,2025-10-23 21:29:30+00:00,7,"Bug,Numeric Operations,Upstream issue",1,0,2025-10,2025
62711,issue,closed,2025-10-16 09:11:01+00:00,2025-10-19 13:20:47+00:00,3,Bug,1,0,2025-10,2025
62710,issue,closed,2025-10-16 07:58:50+00:00,2026-05-06 00:46:19+00:00,201,"Bug,Missing-data,Apply",1,0,2025-10,2025
62708,issue,closed,2025-10-16 02:35:43+00:00,2025-12-28 19:24:15+00:00,73,Docs,0,0,2025-10,2025
62705,issue,closed,2025-10-15 21:58:05+00:00,2025-11-06 16:36:29+00:00,21,"Period,Needs Tests",0,0,2025-10,2025
62701,issue,closed,2025-10-15 11:57:30+00:00,2025-10-15 17:26:44+00:00,0,,0,0,2025-10,2025
62694,issue,closed,2025-10-14 14:18:46+00:00,2025-10-20 22:24:32+00:00,6,"Performance,Window",0,0,2025-10,2025
62693,issue,closed,2025-10-14 14:10:25+00:00,2026-01-02 14:35:31+00:00,80,"Code Style,Clean",0,0,2025-10,2025
62690,issue,closed,2025-10-14 11:07:26+00:00,2025-10-30 01:25:21+00:00,15,"Build,Closing Candidate",0,0,2025-10,2025
62679,issue,closed,2025-10-13 18:12:03+00:00,2025-10-14 17:06:09+00:00,0,"Bug,Needs Triage",1,0,2025-10,2025
62669,issue,closed,2025-10-12 18:04:18+00:00,2025-11-30 18:17:27+00:00,49,"Bug,Sparse,Transformations",1,0,2025-10,2025
62660,issue,closed,2025-10-11 19:13:05+00:00,2026-03-31 16:35:45+00:00,170,"Bug,IO CSV,Needs Info",1,0,2025-10,2025
62659,issue,closed,2025-10-11 16:19:22+00:00,2026-05-09 16:09:19+00:00,209,"Enhancement,Indexing,Closing Candidate",0,0,2025-10,2025
62653,issue,closed,2025-10-11 07:58:09+00:00,2025-10-27 17:36:41+00:00,16,"Bug,Strings,Arrow",1,0,2025-10,2025
62646,issue,closed,2025-10-10 19:58:47+00:00,2025-11-01 20:45:23+00:00,22,Docs,0,0,2025-10,2025
62637,issue,closed,2025-10-09 09:47:10+00:00,2025-10-09 18:20:47+00:00,0,Bug,1,0,2025-10,2025
62629,issue,closed,2025-10-08 19:28:10+00:00,2025-10-13 20:53:24+00:00,5,CI,0,0,2025-10,2025
62622,issue,closed,2025-10-08 09:46:15+00:00,2025-10-08 09:48:51+00:00,0,"Bug,Needs Triage",1,0,2025-10,2025
62617,issue,closed,2025-10-07 18:06:48+00:00,2025-10-21 19:51:43+00:00,14,"Bug,IO CSV,Segfault",1,0,2025-10,2025
62611,issue,closed,2025-10-07 13:52:04+00:00,2025-10-28 10:16:30+00:00,20,"Bug,Windows,duplicated,Upstream issue,Arrow",1,0,2025-10,2025
62609,issue,closed,2025-10-07 09:09:55+00:00,2025-10-07 10:00:27+00:00,0,"Docs,Needs Triage",0,0,2025-10,2025
62595,issue,closed,2025-10-06 00:04:32+00:00,2025-10-16 00:25:44+00:00,10,"Bug,Numeric Operations,Strings",1,0,2025-10,2025
62590,issue,closed,2025-10-05 14:10:57+00:00,2025-10-16 15:00:06+00:00,11,"Bug,Needs Triage,Describe/info/etc",1,0,2025-10,2025
62574,issue,closed,2025-10-04 09:16:18+00:00,2026-04-28 19:06:32+00:00,206,"Docs,IO Data",0,0,2025-10,2025
62562,issue,closed,2025-10-03 16:47:25+00:00,2025-10-05 19:41:30+00:00,2,Docs,0,0,2025-10,2025
62561,issue,closed,2025-10-03 16:22:42+00:00,2025-10-07 18:04:20+00:00,4,Admin,0,0,2025-10,2025
62545,issue,closed,2025-10-02 08:49:29+00:00,2025-10-03 00:43:49+00:00,0,"Bug,Numeric Operations,Dependencies",1,0,2025-10,2025
62534,issue,closed,2025-10-01 16:39:22+00:00,2025-10-01 17:15:02+00:00,0,"Enhancement,Needs Triage",0,0,2025-10,2025
62531,issue,closed,2025-10-01 09:52:35+00:00,2025-10-02 20:01:27+00:00,1,"Bug,IO CSV",1,0,2025-10,2025
62524,issue,closed,2025-09-30 20:52:40+00:00,2025-11-26 19:23:50+00:00,56,"Bug,Numeric Operations,Index,Closing Candidate",1,0,2025-09,2025
62522,issue,closed,2025-09-30 19:47:21+00:00,2025-10-16 21:14:00+00:00,16,"Bug,Arrow",1,0,2025-09,2025
62520,issue,closed,2025-09-30 18:38:50+00:00,2025-10-05 19:56:03+00:00,5,"Bug,Regression,Numeric Operations,Arrow",1,0,2025-09,2025
62518,issue,closed,2025-09-30 16:51:26+00:00,2025-10-02 16:34:52+00:00,1,"Bug,Regression,MultiIndex",1,0,2025-09,2025
62517,issue,closed,2025-09-30 16:41:16+00:00,2025-09-30 18:31:53+00:00,0,"Bug,Numeric Operations,Needs Info",1,0,2025-09,2025
62513,issue,closed,2025-09-30 00:24:45+00:00,2025-10-01 01:28:07+00:00,1,"Groupby,Apply",0,0,2025-09,2025
62506,issue,closed,2025-09-29 18:42:19+00:00,2026-04-30 08:34:07+00:00,212,"Bug,Arrow,PDEP missing values",1,0,2025-09,2025
62501,issue,closed,2025-09-29 09:47:25+00:00,2025-12-29 23:01:21+00:00,91,"Bug,Groupby,Missing-data,Filters",1,0,2025-09,2025
62497,issue,closed,2025-09-29 07:56:24+00:00,2025-10-27 20:51:13+00:00,28,"Docs,Reshaping",0,0,2025-09,2025
62492,issue,closed,2025-09-29 00:42:28+00:00,2025-09-30 21:09:34+00:00,1,"Bug,IO HTML,Needs Tests",1,0,2025-09,2025
62490,issue,closed,2025-09-28 21:04:59+00:00,2025-09-28 22:08:06+00:00,0,"Bug,Needs Info,Window",1,0,2025-09,2025
62488,issue,closed,2025-09-28 18:04:51+00:00,2025-09-28 19:22:38+00:00,0,,0,0,2025-09,2025
62472,issue,closed,2025-09-27 01:07:21+00:00,2025-09-27 01:08:27+00:00,0,"Bug,Needs Triage",1,0,2025-09,2025
62467,issue,closed,2025-09-26 18:13:46+00:00,2025-10-27 17:52:57+00:00,30,"Bug,Numeric Operations",1,0,2025-09,2025
62462,issue,closed,2025-09-26 11:27:57+00:00,2025-10-05 20:38:45+00:00,9,"Bug,Indexing,Regression,Arrow",1,0,2025-09,2025
62448,issue,closed,2025-09-25 15:09:49+00:00,2026-01-12 18:19:35+00:00,109,"Bug,Algos",1,0,2025-09,2025
62443,issue,closed,2025-09-25 06:56:41+00:00,2025-09-26 11:28:31+00:00,1,"Bug,Apply",1,0,2025-09,2025
62442,issue,closed,2025-09-25 01:42:40+00:00,2025-09-27 15:58:21+00:00,2,"Visualization,Deprecate",0,0,2025-09,2025
62437,issue,closed,2025-09-24 20:23:00+00:00,2026-02-09 18:51:08+00:00,137,Docs,0,0,2025-09,2025
62435,issue,closed,2025-09-24 17:53:31+00:00,2025-12-26 18:44:47+00:00,93,Testing,0,0,2025-09,2025
62434,issue,closed,2025-09-24 17:44:44+00:00,2026-02-03 19:00:07+00:00,132,Code Style,0,0,2025-09,2025
62429,issue,closed,2025-09-24 11:29:04+00:00,2025-11-07 17:53:31+00:00,44,"Build,Docs",0,0,2025-09,2025
62421,issue,closed,2025-09-23 12:22:16+00:00,2026-03-26 22:58:28+00:00,184,"Bug,Complex,Reduction Operations",1,0,2025-09,2025
62382,issue,closed,2025-09-19 13:55:38+00:00,2025-09-19 14:38:18+00:00,0,"Bug,Duplicate Report,IO Excel,Needs Triage",1,0,2025-09,2025
62377,issue,closed,2025-09-18 20:45:00+00:00,2025-09-19 09:44:05+00:00,0,"Enhancement,API Design,Algos,Closing Candidate",0,0,2025-09,2025
62370,issue,closed,2025-09-18 06:49:57+00:00,2025-09-19 16:30:09+00:00,1,"Bug,Missing-data,Duplicate Report,Numeric Operations,Closing Candidate",1,0,2025-09,2025
62358,issue,closed,2025-09-17 06:25:54+00:00,2025-12-15 17:32:33+00:00,89,Docs,0,0,2025-09,2025
62357,issue,closed,2025-09-17 04:38:46+00:00,2026-01-28 03:11:46+00:00,132,Docs,0,0,2025-09,2025
62354,issue,closed,2025-09-16 22:05:24+00:00,2025-09-17 21:08:26+00:00,0,"Bug,IO Stata,Needs Triage",1,0,2025-09,2025
62353,issue,closed,2025-09-16 20:03:53+00:00,2025-11-26 19:23:50+00:00,70,"Enhancement,Numeric Operations,Needs Triage",0,0,2025-09,2025
62344,issue,closed,2025-09-15 15:12:00+00:00,2025-09-22 14:17:52+00:00,6,"Bug,Dtype Conversions,NA - MaskedArrays",1,0,2025-09,2025
62342,issue,closed,2025-09-15 12:21:25+00:00,2025-09-15 22:00:57+00:00,0,"Bug,Arrow",1,0,2025-09,2025
62336,issue,closed,2025-09-14 02:11:38+00:00,2025-09-14 23:10:57+00:00,0,"Docs,Needs Triage",0,0,2025-09,2025
62330,issue,closed,2025-09-12 21:02:24+00:00,2025-09-30 18:17:38+00:00,17,Release,0,0,2025-09,2025
62314,issue,closed,2025-09-11 05:37:12+00:00,2025-09-19 16:44:12+00:00,8,Docs,0,0,2025-09,2025
62310,issue,closed,2025-09-10 10:01:31+00:00,2025-09-12 16:13:34+00:00,2,"Bug,Numeric Operations,Timedelta,Frequency",1,0,2025-09,2025
62309,issue,closed,2025-09-10 09:31:05+00:00,2026-04-16 20:09:27+00:00,218,"Performance,Needs Discussion,Warnings",0,0,2025-09,2025
62307,issue,closed,2025-09-10 08:39:54+00:00,2025-09-16 21:18:44+00:00,6,"Bug,Datetime",1,0,2025-09,2025
62306,issue,closed,2025-09-10 02:40:05+00:00,2025-09-10 02:41:29+00:00,0,"Enhancement,Needs Triage",0,0,2025-09,2025
62303,issue,closed,2025-09-09 13:35:08+00:00,2026-01-30 21:27:33+00:00,143,"Build,Docs",0,0,2025-09,2025
62287,issue,closed,2025-09-07 15:02:37+00:00,2025-09-16 21:42:16+00:00,9,"Enhancement,Indexing,Needs Info",0,0,2025-09,2025
62277,issue,closed,2025-09-06 16:04:20+00:00,2025-09-08 20:53:04+00:00,2,"Bug,Datetime,Arrow",1,0,2025-09,2025
62268,issue,closed,2025-09-06 00:35:31+00:00,2025-09-10 00:47:02+00:00,4,"Enhancement,Needs Discussion,ExtensionArray",0,0,2025-09,2025
62264,issue,closed,2025-09-05 16:07:34+00:00,2025-09-10 01:30:03+00:00,4,"Bug,IO JSON",1,0,2025-09,2025
62263,issue,closed,2025-09-05 14:46:37+00:00,2026-03-18 20:25:29+00:00,194,"Indexing,Performance,Internals",0,0,2025-09,2025
62261,issue,closed,2025-09-05 13:22:06+00:00,2026-01-21 13:25:56+00:00,138,"Master Tracker,Python 3.14",0,0,2025-09,2025
62260,issue,closed,2025-09-05 09:59:20+00:00,2025-09-23 02:02:50+00:00,17,"Bug,Numeric Operations,Arrow",1,0,2025-09,2025
62259,issue,closed,2025-09-05 09:25:46+00:00,2025-10-05 20:12:23+00:00,30,"Error Reporting,Frequency",0,0,2025-09,2025
62244,issue,closed,2025-09-03 08:43:52+00:00,2025-09-10 01:40:57+00:00,6,"Performance,Nullable by default",0,0,2025-09,2025
62243,issue,closed,2025-09-03 05:09:40+00:00,2025-09-03 18:47:30+00:00,0,,0,0,2025-09,2025
62240,issue,closed,2025-09-02 18:42:16+00:00,2025-11-18 22:27:42+00:00,77,"Bug,Strings,Needs Discussion,API - Consistency",1,0,2025-09,2025
62236,issue,closed,2025-09-02 12:45:17+00:00,2025-09-02 16:27:27+00:00,0,"Enhancement,Needs Triage",0,0,2025-09,2025
62233,issue,closed,2025-09-02 09:26:05+00:00,2025-09-02 16:27:58+00:00,0,"Bug,Needs Triage",1,0,2025-09,2025
62228,issue,closed,2025-08-31 17:30:43+00:00,2025-09-01 12:36:54+00:00,0,"Enhancement,IO Data,IO Format Request",0,0,2025-08,2025
62213,issue,closed,2025-08-29 07:58:26+00:00,2025-09-01 12:26:18+00:00,3,"Bug,Reshaping,Needs Info",1,0,2025-08,2025
62206,issue,closed,2025-08-28 11:02:31+00:00,2025-09-01 12:46:55+00:00,4,"Bug,Groupby,Missing-data,Dtype Conversions,Duplicate Report",1,0,2025-08,2025
62205,issue,closed,2025-08-28 09:37:49+00:00,2025-09-15 17:30:02+00:00,18,"Bug,IO JSON",1,0,2025-08,2025
62204,issue,closed,2025-08-27 19:09:25+00:00,2025-08-28 17:45:52+00:00,0,"Bug,IO JSON",1,0,2025-08,2025
62202,issue,closed,2025-08-27 16:50:41+00:00,2025-08-27 17:12:59+00:00,0,,0,0,2025-08,2025
62196,issue,closed,2025-08-26 16:16:19+00:00,2025-09-03 18:30:34+00:00,8,"Bug,Missing-data,Numeric Operations",1,0,2025-08,2025
62195,issue,closed,2025-08-26 15:28:10+00:00,2025-08-26 16:46:24+00:00,0,,0,0,2025-08,2025
62185,issue,closed,2025-08-25 15:39:12+00:00,2025-09-30 19:27:33+00:00,36,"Docs,Missing-data",0,0,2025-08,2025
62184,issue,closed,2025-08-25 15:11:55+00:00,2025-08-25 17:54:51+00:00,0,"Enhancement,Needs Triage",0,0,2025-08,2025
62169,issue,closed,2025-08-21 23:52:04+00:00,2026-03-21 01:08:35+00:00,211,"Bug,Index",1,0,2025-08,2025
62168,issue,closed,2025-08-21 23:01:31+00:00,2025-08-22 00:25:03+00:00,0,,0,0,2025-08,2025
62167,issue,closed,2025-08-21 23:00:13+00:00,2025-08-22 00:25:09+00:00,0,,0,0,2025-08,2025
62164,issue,closed,2025-08-21 14:13:42+00:00,2026-04-16 16:17:29+00:00,238,"Refactor,Apply,pyarrow dtype retention",0,0,2025-08,2025
62161,issue,closed,2025-08-20 23:57:56+00:00,2025-09-10 03:44:09+00:00,20,"Docs,Datetime,Timedelta",0,0,2025-08,2025
62158,issue,closed,2025-08-20 22:07:16+00:00,2026-04-10 16:17:07+00:00,232,"Bug,Datetime,Indexing,Index,datetime.date",1,0,2025-08,2025
62157,issue,closed,2025-08-20 22:02:13+00:00,2025-09-24 00:50:02+00:00,34,"Bug,Datetime,Numeric Operations,datetime.date",1,0,2025-08,2025
62150,issue,closed,2025-08-20 01:55:34+00:00,2025-12-05 17:43:28+00:00,107,"Bug,Reshaping,MultiIndex,Needs Tests",1,0,2025-08,2025
62148,issue,closed,2025-08-19 20:40:14+00:00,2025-08-22 16:12:21+00:00,2,Release,0,0,2025-08,2025
62140,issue,closed,2025-08-18 09:31:00+00:00,2025-08-18 21:25:40+00:00,0,"Bug,Typing,metadata",1,0,2025-08,2025
62134,issue,closed,2025-08-17 15:03:32+00:00,2025-09-22 17:29:28+00:00,36,"Bug,Groupby,Apply,metadata,Subclassing",1,0,2025-08,2025
62121,issue,closed,2025-08-15 09:36:01+00:00,2025-09-10 12:43:55+00:00,26,,0,0,2025-08,2025
62119,issue,closed,2025-08-15 09:14:07+00:00,2025-08-16 14:15:53+00:00,1,"Performance,Needs Triage",0,0,2025-08,2025
62107,issue,closed,2025-08-14 17:30:30+00:00,2025-08-16 14:27:22+00:00,1,"Docs,Needs Triage",0,0,2025-08,2025
62106,issue,closed,2025-08-14 17:25:28+00:00,2025-08-14 19:51:50+00:00,0,,0,0,2025-08,2025
62100,issue,closed,2025-08-13 01:34:44+00:00,2025-08-14 03:04:20+00:00,1,"Bug,Needs Triage",1,0,2025-08,2025
62094,issue,closed,2025-08-12 15:52:45+00:00,2025-09-10 18:34:33+00:00,29,"Bug,Timedelta,Blocker",1,0,2025-08,2025
62093,issue,closed,2025-08-12 11:36:04+00:00,2025-08-15 18:06:48+00:00,3,Build,0,0,2025-08,2025
62084,issue,closed,2025-08-10 17:22:39+00:00,2025-08-11 05:41:27+00:00,0,"Bug,Datetime,Duplicate Report,Needs Triage",1,0,2025-08,2025
62064,issue,closed,2025-08-07 18:01:32+00:00,2025-08-08 15:57:13+00:00,0,"Enhancement,Needs Triage",0,0,2025-08,2025
62063,issue,closed,2025-08-07 16:02:45+00:00,2025-10-16 20:14:31+00:00,70,"Docs,Numeric Operations",0,0,2025-08,2025
62061,issue,closed,2025-08-06 15:24:26+00:00,2025-08-06 15:30:58+00:00,0,,0,0,2025-08,2025
62059,issue,closed,2025-08-06 13:35:07+00:00,2025-10-18 18:04:45+00:00,73,"Bug,MultiIndex,setops",1,0,2025-08,2025
62057,issue,closed,2025-08-06 12:44:29+00:00,2025-08-06 21:58:34+00:00,0,"Docs,IO Parquet,Closing Candidate",0,0,2025-08,2025
62056,issue,closed,2025-08-06 08:09:24+00:00,2025-08-06 15:32:21+00:00,0,"Enhancement,Needs Triage",0,0,2025-08,2025
62052,issue,closed,2025-08-05 23:13:56+00:00,2025-08-05 23:16:41+00:00,0,"Bug,Needs Triage",1,0,2025-08,2025
62048,issue,closed,2025-08-05 15:35:11+00:00,2025-08-06 02:34:49+00:00,0,"Bug,Needs Triage",1,0,2025-08,2025
62047,issue,closed,2025-08-05 15:23:14+00:00,2025-08-06 01:51:55+00:00,0,"Bug,Duplicate Report,Error Reporting,Constructors",1,0,2025-08,2025
62036,issue,closed,2025-08-03 17:18:34+00:00,2025-09-12 21:17:34+00:00,40,"Bug,Missing-data,NA - MaskedArrays,Transformations",1,0,2025-08,2025
62024,issue,closed,2025-08-02 15:38:02+00:00,2026-03-29 18:08:04+00:00,239,"Bug,Reduction Operations,PDEP missing values",1,0,2025-08,2025
62010,issue,closed,2025-07-31 09:23:06+00:00,2025-08-05 07:47:38+00:00,4,"Docs,Needs Triage",0,0,2025-07,2025
62004,issue,closed,2025-07-30 21:28:09+00:00,2025-09-07 16:46:52+00:00,38,"Docs,Interval",0,0,2025-07,2025
61998,issue,closed,2025-07-29 23:49:59+00:00,2025-10-05 21:23:23+00:00,67,"Docs,MultiIndex,Sorting",0,0,2025-07,2025
61994,issue,closed,2025-07-29 15:20:05+00:00,2025-07-29 16:43:23+00:00,0,"Performance,Needs Triage",0,0,2025-07,2025
61993,issue,closed,2025-07-29 14:24:21+00:00,2025-07-31 15:04:51+00:00,2,"Bug,Datetime,Needs Info",1,0,2025-07,2025
61992,issue,closed,2025-07-29 09:24:33+00:00,2025-08-20 02:40:09+00:00,21,"Docs,Strings",0,0,2025-07,2025
61991,issue,closed,2025-07-29 08:57:34+00:00,2025-07-30 08:19:21+00:00,0,"Bug,Needs Info",1,0,2025-07,2025
61986,issue,closed,2025-07-29 00:36:13+00:00,2025-07-29 01:33:53+00:00,0,Docs,0,0,2025-07,2025
61976,issue,closed,2025-07-27 20:14:57+00:00,2025-07-28 16:13:42+00:00,0,"Bug,Missing-data,Dtype Conversions",1,0,2025-07,2025
61975,issue,closed,2025-07-27 18:12:58+00:00,2025-08-05 16:05:55+00:00,8,"Docs,Needs Info,Closing Candidate",0,0,2025-07,2025
61968,issue,closed,2025-07-26 20:18:56+00:00,2025-07-27 15:44:53+00:00,0,Docs,0,0,2025-07,2025
61955,issue,closed,2025-07-25 22:14:34+00:00,2025-08-18 15:50:36+00:00,23,"Docs,Transformations",0,0,2025-07,2025
61952,issue,closed,2025-07-25 17:43:38+00:00,2025-08-14 06:20:28+00:00,19,"Bug,Strings,Arrow",1,0,2025-07,2025
61948,issue,closed,2025-07-25 14:28:33+00:00,2025-07-25 18:17:20+00:00,0,"Bug,replace,Arrow",1,0,2025-07,2025
61944,issue,closed,2025-07-25 02:59:21+00:00,2025-09-09 00:35:19+00:00,45,"Docs,IO HTML",0,0,2025-07,2025
61942,issue,closed,2025-07-24 22:44:11+00:00,2025-08-14 08:27:11+00:00,20,"Bug,Strings,Arrow",1,0,2025-07,2025
61940,issue,closed,2025-07-24 22:02:26+00:00,2025-09-02 16:36:16+00:00,39,"Enhancement,Strings",0,0,2025-07,2025
61939,issue,closed,2025-07-24 21:27:51+00:00,2025-11-04 12:51:45+00:00,102,"Docs,NA - MaskedArrays",0,0,2025-07,2025
61935,issue,closed,2025-07-24 17:48:56+00:00,2025-10-03 17:17:39+00:00,70,"Bug,Testing",1,0,2025-07,2025
61932,issue,closed,2025-07-24 09:04:20+00:00,2025-07-24 20:04:05+00:00,0,"Bug,Groupby",1,0,2025-07,2025
61928,issue,closed,2025-07-23 09:10:02+00:00,2026-03-15 18:48:55+00:00,235,"Performance,Categorical,Interval",0,0,2025-07,2025
61927,issue,closed,2025-07-23 03:11:10+00:00,2025-07-25 16:37:25+00:00,2,Docs,0,0,2025-07,2025
61926,issue,closed,2025-07-23 02:57:47+00:00,2025-10-06 16:22:59+00:00,75,"Bug,Datetime,Reshaping,Arrow",1,0,2025-07,2025
61922,issue,closed,2025-07-22 10:30:51+00:00,2025-07-22 20:27:57+00:00,0,"Bug,Datetime",1,0,2025-07,2025
61918,issue,closed,2025-07-21 20:55:32+00:00,2025-07-21 21:27:25+00:00,0,Usage Question,0,0,2025-07,2025
61917,issue,closed,2025-07-21 16:29:54+00:00,2025-11-25 21:10:03+00:00,127,"Bug,Algos,Interval",1,0,2025-07,2025
61916,issue,closed,2025-07-21 13:24:05+00:00,2025-10-19 20:10:40+00:00,90,Strings,0,0,2025-07,2025
61915,issue,closed,2025-07-21 08:31:47+00:00,2025-07-26 09:20:33+00:00,5,Strings,0,0,2025-07,2025
61906,issue,closed,2025-07-19 10:03:08+00:00,2025-07-21 03:02:18+00:00,1,"Enhancement,IO Parquet,metadata,Needs Triage",0,0,2025-07,2025
61903,issue,closed,2025-07-19 06:39:17+00:00,2025-07-21 20:53:50+00:00,2,Docs,0,0,2025-07,2025
61898,issue,closed,2025-07-18 16:08:05+00:00,2025-07-18 16:13:34+00:00,0,"Bug,Needs Triage",1,0,2025-07,2025
61890,issue,closed,2025-07-17 07:41:48+00:00,2025-08-13 19:57:02+00:00,27,"Output-Formatting,Categorical",0,0,2025-07,2025
61889,issue,closed,2025-07-17 07:30:55+00:00,2025-07-26 11:27:38+00:00,9,"Bug,IO JSON,Strings",1,0,2025-07,2025
61888,issue,closed,2025-07-17 07:26:02+00:00,2025-08-05 16:28:29+00:00,19,"Enhancement,Needs Info,Needs Triage,Closing Candidate",0,0,2025-07,2025
61886,issue,closed,2025-07-17 07:06:43+00:00,2025-07-26 17:14:22+00:00,9,"Docs,Strings",0,0,2025-07,2025
61873,issue,closed,2025-07-16 13:01:08+00:00,2025-07-22 12:26:03+00:00,5,"Bug,IO CSV,Typing,Closing Candidate",1,0,2025-07,2025
61866,issue,closed,2025-07-15 19:55:29+00:00,2025-08-14 22:39:02+00:00,30,"Bug,Numeric Operations,NA - MaskedArrays",1,0,2025-07,2025
61863,issue,closed,2025-07-15 14:09:59+00:00,2025-10-05 22:22:27+00:00,82,"Bug,Error Reporting",1,0,2025-07,2025
61862,issue,closed,2025-07-15 14:02:55+00:00,2026-03-26 03:09:39+00:00,253,"Bug,Frequency",1,0,2025-07,2025
61861,issue,closed,2025-07-15 08:32:29+00:00,2025-07-15 08:47:03+00:00,0,"Bug,Needs Triage",1,0,2025-07,2025
61860,issue,closed,2025-07-15 07:43:12+00:00,2025-08-05 16:28:53+00:00,21,"Enhancement,Needs Triage,Closing Candidate",0,0,2025-07,2025
61848,issue,closed,2025-07-14 02:00:43+00:00,2025-07-14 15:48:26+00:00,0,"Docs,Series",0,0,2025-07,2025
61844,issue,closed,2025-07-13 11:45:27+00:00,2026-03-18 00:34:09+00:00,247,"Enhancement,Closing Candidate,Python 3.13",0,0,2025-07,2025
61841,issue,closed,2025-07-12 23:36:26+00:00,2025-09-24 17:00:02+00:00,73,"Bug,Indexing,MultiIndex,Window",1,0,2025-07,2025
61837,issue,closed,2025-07-12 03:01:11+00:00,2025-09-29 20:40:08+00:00,79,"Bug,IO CSV",1,0,2025-07,2025
61835,issue,closed,2025-07-12 02:55:35+00:00,2025-07-12 18:49:36+00:00,0,"Docs,Needs Triage",0,0,2025-07,2025
61834,issue,closed,2025-07-12 00:11:06+00:00,2026-03-07 21:14:20+00:00,238,"Enhancement,Error Reporting,Needs Triage",0,0,2025-07,2025
61831,issue,closed,2025-07-11 09:57:14+00:00,2025-07-11 15:41:22+00:00,0,"Bug,Needs Triage",1,0,2025-07,2025
61829,issue,closed,2025-07-11 01:25:12+00:00,2025-08-05 16:19:10+00:00,25,"Enhancement,Needs Triage,Closing Candidate",0,0,2025-07,2025
61825,issue,closed,2025-07-10 16:32:15+00:00,2026-04-18 23:11:35+00:00,282,"Performance,IO CSV,Needs Discussion",0,0,2025-07,2025
61824,issue,closed,2025-07-10 13:32:51+00:00,2025-07-11 16:35:47+00:00,1,"Bug,Testing",1,0,2025-07,2025
61823,issue,closed,2025-07-10 09:39:27+00:00,2025-07-18 02:18:17+00:00,7,Bug,1,0,2025-07,2025
61817,issue,closed,2025-07-09 03:51:38+00:00,2025-07-09 16:03:02+00:00,0,,0,0,2025-07,2025
61811,issue,closed,2025-07-08 08:46:42+00:00,2025-07-16 16:29:48+00:00,8,"Docs,Needs Triage",0,0,2025-07,2025
61809,issue,closed,2025-07-08 02:57:42+00:00,2026-03-17 20:50:36+00:00,252,"Bug,Performance,Output-Formatting,Needs Discussion,Nested Data",1,0,2025-07,2025
61791,issue,closed,2025-07-07 04:28:05+00:00,2025-07-07 13:15:53+00:00,0,"Docs,Duplicate Report,Web,Needs Triage",0,0,2025-07,2025
61788,issue,closed,2025-07-05 22:56:52+00:00,2025-07-08 22:06:33+00:00,2,"Bug,IO Excel,Closing Candidate",1,0,2025-07,2025
61784,issue,closed,2025-07-05 19:51:00+00:00,2025-07-07 21:26:48+00:00,2,"Enhancement,Closing Candidate",0,0,2025-07,2025
61783,issue,closed,2025-07-05 16:26:49+00:00,2025-07-08 14:52:42+00:00,2,"Performance,Needs Triage",0,0,2025-07,2025
61780,issue,closed,2025-07-04 15:08:39+00:00,2025-08-11 16:29:29+00:00,38,"Bug,Datetime,Timezones,Arrow",1,0,2025-07,2025
61778,issue,closed,2025-07-04 10:15:04+00:00,2025-10-24 17:13:26+00:00,112,"Dtype Conversions,Categorical",0,0,2025-07,2025
61775,issue,closed,2025-07-04 01:16:30+00:00,2025-07-07 16:54:31+00:00,3,"Bug,API - Consistency,Arrow",1,0,2025-07,2025
61763,issue,closed,2025-07-02 21:35:45+00:00,2025-07-07 07:41:23+00:00,4,"Bug,Strings,IO Pickle",1,0,2025-07,2025
61758,issue,closed,2025-07-02 04:19:28+00:00,2026-03-29 18:08:03+00:00,270,"Bug,PDEP missing values",1,0,2025-07,2025
61753,issue,closed,2025-07-01 12:09:36+00:00,2025-07-02 16:46:47+00:00,1,"Bug,Window,Segfault,Needs Triage",1,0,2025-07,2025
61746,issue,closed,2025-06-30 17:44:51+00:00,2025-07-07 16:29:17+00:00,6,Clean,0,0,2025-06,2025
61740,issue,closed,2025-06-29 18:17:31+00:00,2025-08-13 18:09:34+00:00,44,CI,0,0,2025-06,2025
61734,issue,closed,2025-06-29 00:42:58+00:00,2025-09-23 17:24:15+00:00,86,Admin,0,0,2025-06,2025
61733,issue,closed,2025-06-28 18:12:20+00:00,2025-06-30 17:20:12+00:00,1,"Docs,Index",0,0,2025-06,2025
61731,issue,closed,2025-06-28 14:29:23+00:00,2025-06-29 05:00:09+00:00,0,"Enhancement,Needs Triage",0,0,2025-06,2025
61730,issue,closed,2025-06-28 10:24:36+00:00,2025-07-19 15:50:19+00:00,21,"Bug,IO CSV",1,0,2025-06,2025
61728,issue,closed,2025-06-28 08:40:10+00:00,2025-06-30 17:32:41+00:00,2,"Bug,Needs Triage",1,0,2025-06,2025
61721,issue,closed,2025-06-27 12:29:39+00:00,2025-07-08 07:47:11+00:00,10,"Docs,Web",0,0,2025-06,2025
61720,issue,closed,2025-06-27 10:00:20+00:00,2025-06-27 23:40:55+00:00,0,"Bug,CI",1,0,2025-06,2025
61715,issue,closed,2025-06-26 22:26:46+00:00,2025-06-27 01:50:40+00:00,0,"Bug,Needs Triage",1,0,2025-06,2025
61713,issue,closed,2025-06-26 14:25:31+00:00,2025-07-19 17:00:06+00:00,23,"Bug,PDEP missing values",1,0,2025-06,2025
61711,issue,closed,2025-06-26 10:10:16+00:00,2026-05-10 22:52:25+00:00,318,IO SQL,0,0,2025-06,2025
61709,issue,closed,2025-06-26 02:47:49+00:00,2026-03-24 16:22:07+00:00,271,"Bug,Dtype Conversions,Index",1,0,2025-06,2025
61691,issue,closed,2025-06-23 07:49:28+00:00,2025-08-27 18:26:48+00:00,65,"Enhancement,Needs Triage",0,0,2025-06,2025
61690,issue,closed,2025-06-23 04:24:46+00:00,2025-06-25 11:23:03+00:00,2,"Docs,Needs Triage,Community",0,0,2025-06,2025
61687,issue,closed,2025-06-22 10:03:03+00:00,2025-07-23 09:12:16+00:00,30,"Bug,Numeric Operations,Needs Info,Closing Candidate",1,0,2025-06,2025
61677,issue,closed,2025-06-18 14:50:29+00:00,2026-03-26 02:16:22+00:00,280,"Window,Reduction Operations",0,0,2025-06,2025
61675,issue,closed,2025-06-18 07:59:14+00:00,2025-11-01 20:37:39+00:00,136,"Bug,Reshaping,Regression,Categorical",1,0,2025-06,2025
61671,issue,closed,2025-06-16 15:43:04+00:00,2026-04-03 16:55:01+00:00,291,"Bug,Datetime,Needs Triage",1,0,2025-06,2025
61669,issue,closed,2025-06-16 12:56:12+00:00,2025-09-21 07:27:07+00:00,96,"Enhancement,Build,CI",0,0,2025-06,2025
61665,issue,closed,2025-06-16 05:17:43+00:00,2025-06-16 19:39:28+00:00,0,"Enhancement,Needs Triage",0,0,2025-06,2025
61663,issue,closed,2025-06-15 20:46:06+00:00,2025-06-16 18:53:51+00:00,0,"Bug,Datetime,Duplicate Report,Needs Triage",1,0,2025-06,2025
61662,issue,closed,2025-06-15 15:06:12+00:00,2025-08-01 15:31:05+00:00,47,"Docs,Needs Triage",0,0,2025-06,2025
61645,issue,closed,2025-06-13 09:27:37+00:00,2025-06-16 17:13:27+00:00,3,"Bug,Needs Triage",1,0,2025-06,2025
61643,issue,closed,2025-06-13 03:08:09+00:00,2025-08-05 17:10:35+00:00,53,"Bug,Needs Info,replace",1,0,2025-06,2025
61636,issue,closed,2025-06-12 11:37:40+00:00,2025-07-29 16:13:54+00:00,47,"Bug,Groupby,Arrow",1,0,2025-06,2025
61632,issue,closed,2025-06-11 12:33:33+00:00,2025-12-30 23:48:30+00:00,202,"Docs,Apply",0,0,2025-06,2025
61631,issue,closed,2025-06-11 04:32:00+00:00,2025-06-30 18:12:43+00:00,19,"Docs,Needs Triage",0,0,2025-06,2025
61627,issue,closed,2025-06-10 20:00:05+00:00,2025-07-31 02:07:16+00:00,50,"Bug,Groupby,Apply",1,0,2025-06,2025
61626,issue,closed,2025-06-10 19:38:27+00:00,2025-06-22 11:21:17+00:00,11,Docs,0,0,2025-06,2025
61622,issue,closed,2025-06-10 11:01:53+00:00,2025-07-28 16:24:08+00:00,48,"Bug,replace,Copy / view semantics",1,0,2025-06,2025
61621,issue,closed,2025-06-10 09:15:31+00:00,2025-07-11 19:08:58+00:00,31,"Bug,Missing-data,Dtype Conversions",1,0,2025-06,2025
61618,issue,closed,2025-06-09 21:51:57+00:00,2026-05-17 13:31:21+00:00,341,"Needs Discussion,Closing Candidate,Arrow",0,0,2025-06,2025
61617,issue,closed,2025-06-09 21:30:14+00:00,2026-04-21 15:51:07+00:00,315,"Bug,IO CSV,PDEP missing values",1,0,2025-06,2025
61616,issue,closed,2025-06-09 19:28:13+00:00,2025-10-13 20:52:48+00:00,126,"CI,Dependencies",0,0,2025-06,2025
61610,issue,closed,2025-06-08 18:02:53+00:00,2025-06-11 22:40:10+00:00,3,"Bug,Needs Triage",1,0,2025-06,2025
61598,issue,closed,2025-06-07 13:43:53+00:00,2025-06-13 08:35:04+00:00,5,Usage Question,0,0,2025-06,2025
61596,issue,closed,2025-06-07 09:02:40+00:00,2025-07-17 10:40:25+00:00,40,Vote,0,0,2025-06,2025
61590,issue,closed,2025-06-06 17:01:06+00:00,2025-07-28 16:12:16+00:00,51,Release,0,0,2025-06,2025
61588,issue,closed,2025-06-06 14:17:38+00:00,2025-07-08 15:44:44+00:00,32,"Testing,CI,Dependencies",0,0,2025-06,2025
61587,issue,closed,2025-06-06 13:56:03+00:00,2025-06-16 09:09:07+00:00,9,Web,0,0,2025-06,2025
61583,issue,closed,2025-06-06 10:14:19+00:00,2025-06-30 18:14:30+00:00,24,"Bug,IO Stata,Needs Triage",1,0,2025-06,2025
61581,issue,closed,2025-06-06 06:15:20+00:00,2026-03-31 23:26:12+00:00,298,"Bug,Numeric Operations",1,0,2025-06,2025
61579,issue,closed,2025-06-06 02:49:46+00:00,2025-07-07 19:28:56+00:00,31,Bug,1,0,2025-06,2025
61574,issue,closed,2025-06-05 19:18:15+00:00,2025-06-06 16:36:53+00:00,0,"Bug,Needs Triage",1,0,2025-06,2025
61573,issue,closed,2025-06-05 18:59:22+00:00,2025-06-07 10:00:47+00:00,1,Web,0,0,2025-06,2025
61571,issue,closed,2025-06-05 18:40:11+00:00,2025-06-05 19:25:20+00:00,0,Docs,0,0,2025-06,2025
61570,issue,closed,2025-06-05 17:57:17+00:00,2025-07-02 16:35:31+00:00,26,"Bug,Strings",1,0,2025-06,2025
61566,issue,closed,2025-06-05 10:26:33+00:00,2025-08-14 02:02:00+00:00,69,"Build,Needs Info,OS X",0,0,2025-06,2025
61565,issue,closed,2025-06-05 09:30:30+00:00,2025-06-16 23:13:26+00:00,11,"Bug,Needs Triage",1,0,2025-06,2025
61564,issue,closed,2025-06-05 04:41:38+00:00,2025-06-05 16:58:11+00:00,0,"Build,Needs Triage",0,0,2025-06,2025
61563,issue,closed,2025-06-05 04:11:02+00:00,2025-06-06 12:10:15+00:00,1,"Build,Needs Triage",0,0,2025-06,2025
61559,issue,closed,2025-06-04 18:45:13+00:00,2025-06-05 00:53:43+00:00,0,"expressions,Closing Candidate",0,0,2025-06,2025
61557,issue,closed,2025-06-04 17:11:35+00:00,2025-06-13 17:44:32+00:00,9,"Testing,Error Reporting",0,0,2025-06,2025
61554,issue,closed,2025-06-04 08:57:11+00:00,2025-06-11 17:52:35+00:00,7,"Bug,Needs Triage",1,0,2025-06,2025
61538,issue,closed,2025-06-02 20:16:32+00:00,2025-06-03 16:04:24+00:00,0,"IO CSV,Needs Discussion",0,0,2025-06,2025
61537,issue,closed,2025-06-02 18:59:10+00:00,2026-04-17 22:49:40+00:00,319,"Bug,Indexing,Dtype Conversions,Closing Candidate",1,0,2025-06,2025
61535,issue,closed,2025-06-02 05:57:05+00:00,2025-08-05 16:29:10+00:00,64,"Enhancement,IO CSV,Needs Triage,Closing Candidate",0,0,2025-06,2025
61531,issue,closed,2025-06-01 14:08:04+00:00,2025-06-13 14:34:13+00:00,12,"CI,Dependencies",0,0,2025-06,2025
61523,issue,closed,2025-05-30 21:51:59+00:00,2025-06-02 16:28:56+00:00,2,Docs,0,0,2025-05,2025
61521,issue,closed,2025-05-30 19:08:09+00:00,2025-06-30 18:16:15+00:00,30,Error Reporting,0,0,2025-05,2025
61516,issue,closed,2025-05-29 22:14:58+00:00,2025-07-11 02:27:16+00:00,42,"Bug,Algos",1,0,2025-05,2025
61512,issue,closed,2025-05-28 19:30:52+00:00,2025-06-02 16:45:45+00:00,4,"Bug,Indexing,Sorting",1,0,2025-05,2025
61511,issue,closed,2025-05-28 19:12:36+00:00,2025-09-22 17:15:33+00:00,116,Docs,0,0,2025-05,2025
61510,issue,closed,2025-05-28 15:04:19+00:00,2025-06-02 16:27:31+00:00,5,"Bug,Closing Candidate,Accessors",1,0,2025-05,2025
61509,issue,closed,2025-05-28 13:26:06+00:00,2025-07-13 12:10:06+00:00,45,"Bug,Missing-data,Reshaping",1,0,2025-05,2025
61505,issue,closed,2025-05-27 16:19:19+00:00,2025-05-27 16:42:11+00:00,0,"Bug,Needs Triage",1,0,2025-05,2025
61503,issue,closed,2025-05-27 12:05:42+00:00,2025-05-30 16:40:43+00:00,3,"Bug,Apply",1,0,2025-05,2025
61494,issue,closed,2025-05-25 19:20:56+00:00,2025-05-25 19:23:35+00:00,0,"Docs,Needs Triage",0,0,2025-05,2025
61485,issue,closed,2025-05-23 20:18:19+00:00,2025-10-05 22:21:39+00:00,135,"Bug,Strings,Arrow",1,0,2025-05,2025
61483,issue,closed,2025-05-23 17:03:09+00:00,2026-04-03 20:38:07+00:00,315,"Bug,Datetime,Needs Discussion",1,0,2025-05,2025
61479,issue,closed,2025-05-22 12:34:28+00:00,2025-05-23 17:26:53+00:00,1,"Bug,IO HDF5,Needs Info,Closing Candidate",1,0,2025-05,2025
61478,issue,closed,2025-05-22 12:02:17+00:00,2025-05-30 18:24:32+00:00,8,"Bug,IO LaTeX",1,0,2025-05,2025
61475,issue,closed,2025-05-21 22:01:23+00:00,2025-05-30 16:43:56+00:00,8,"Bug,Reshaping,Error Reporting",1,0,2025-05,2025
61474,issue,closed,2025-05-21 20:09:11+00:00,2025-05-23 17:28:18+00:00,1,"Bug,IO CSV,Closing Candidate",1,0,2025-05,2025
61469,issue,closed,2025-05-21 08:58:05+00:00,2025-06-21 14:38:09+00:00,31,"Bug,Reshaping,Duplicate Report",1,0,2025-05,2025
61466,issue,closed,2025-05-20 20:25:32+00:00,2025-09-25 16:28:08+00:00,127,"Bug,Strings,Needs Discussion,Upstream issue,Arrow",1,0,2025-05,2025
61462,issue,closed,2025-05-19 21:21:52+00:00,2025-05-21 20:25:02+00:00,1,"Build,Windows,ARM",0,0,2025-05,2025
61460,issue,closed,2025-05-19 13:37:43+00:00,2025-06-02 16:26:11+00:00,14,"Performance,CI,Windows,Needs Discussion",0,0,2025-05,2025
61456,issue,closed,2025-05-19 10:55:32+00:00,2025-08-05 17:04:22+00:00,78,"Indexing,Performance,Needs Info",0,0,2025-05,2025
61452,issue,closed,2025-05-18 00:17:59+00:00,2025-05-18 10:21:00+00:00,0,"Bug,Build",1,0,2025-05,2025
61447,issue,closed,2025-05-16 08:42:56+00:00,2025-05-17 21:05:50+00:00,1,"Bug,Datetime,IO CSV,Non-Nano",1,0,2025-05,2025
61445,issue,closed,2025-05-16 00:12:57+00:00,2025-05-19 16:00:41+00:00,3,"Docs,Reshaping",0,0,2025-05,2025
61444,issue,closed,2025-05-15 07:58:40+00:00,2025-05-17 21:15:26+00:00,2,"Bug,Non-Nano,Timestamp",1,0,2025-05,2025
61443,issue,closed,2025-05-14 22:02:04+00:00,2025-05-19 15:54:50+00:00,4,"Bug,Constructors",1,0,2025-05,2025
61440,issue,closed,2025-05-14 08:29:11+00:00,2025-05-27 15:26:33+00:00,13,"Enhancement,Needs Triage",0,0,2025-05,2025
61438,issue,closed,2025-05-14 02:50:31+00:00,2025-05-14 16:19:36+00:00,0,"Bug,Needs Triage",1,0,2025-05,2025
61432,issue,closed,2025-05-12 15:45:47+00:00,2025-05-20 21:40:33+00:00,8,"Docs,Reshaping",0,0,2025-05,2025
61428,issue,closed,2025-05-11 00:23:23+00:00,2025-05-12 16:55:17+00:00,1,"Docs,IO HDF5",0,0,2025-05,2025
61424,issue,closed,2025-05-10 14:14:16+00:00,2025-05-10 14:31:47+00:00,0,"Usage Question,Needs Triage",0,0,2025-05,2025
61420,issue,closed,2025-05-09 13:27:40+00:00,2025-05-14 18:59:15+00:00,5,"Enhancement,Groupby,Closing Candidate",0,0,2025-05,2025
61419,issue,closed,2025-05-09 12:40:24+00:00,2025-05-10 14:36:30+00:00,1,"Build,Needs Triage",0,0,2025-05,2025
61417,issue,closed,2025-05-09 09:16:39+00:00,2026-05-11 15:20:36+00:00,367,"Enhancement,Needs Triage",0,0,2025-05,2025
61416,issue,closed,2025-05-09 08:42:24+00:00,2025-12-01 19:14:21+00:00,206,"Bug,Window",1,0,2025-05,2025
61415,issue,closed,2025-05-09 07:40:07+00:00,2025-05-09 17:37:22+00:00,0,"Bug,Needs Triage",1,0,2025-05,2025
61412,issue,closed,2025-05-08 21:59:48+00:00,2025-05-09 18:36:08+00:00,0,Docs,0,0,2025-05,2025
61409,issue,closed,2025-05-08 15:40:20+00:00,2025-05-08 15:59:45+00:00,0,"Bug,Needs Triage",1,0,2025-05,2025
61408,issue,closed,2025-05-08 13:54:54+00:00,2025-05-08 22:27:23+00:00,0,"Docs,Algos",0,0,2025-05,2025
61407,issue,closed,2025-05-08 13:40:42+00:00,2025-05-30 16:36:43+00:00,22,"Bug,IO CSV",1,0,2025-05,2025
61405,issue,closed,2025-05-08 01:16:47+00:00,2025-05-20 02:35:33+00:00,12,Docs,0,0,2025-05,2025
61403,issue,closed,2025-05-07 09:41:27+00:00,2025-05-07 17:04:01+00:00,0,"Bug,Datetime,Warnings",1,0,2025-05,2025
61402,issue,closed,2025-05-07 08:50:02+00:00,2025-06-06 14:12:22+00:00,30,"Bug,Reshaping",1,0,2025-05,2025
61395,issue,closed,2025-05-03 14:04:02+00:00,2025-05-03 15:12:00+00:00,0,"Bug,Datetime",1,0,2025-05,2025
61392,issue,closed,2025-05-02 16:28:12+00:00,2025-08-05 17:09:58+00:00,95,"Docs,Needs Info",0,0,2025-05,2025
61389,issue,closed,2025-05-02 11:24:44+00:00,2025-05-06 18:29:20+00:00,4,"Bug,Datetime,Timezones",1,0,2025-05,2025
61377,issue,closed,2025-04-29 14:24:33+00:00,2025-04-30 16:21:58+00:00,1,"Docs,Duplicate Report",0,0,2025-04,2025
61375,issue,closed,2025-04-29 14:11:39+00:00,2025-04-29 16:20:41+00:00,0,"Bug,Needs Triage",1,0,2025-04,2025
61368,issue,closed,2025-04-28 01:23:56+00:00,2025-11-26 15:48:42+00:00,212,"Bug,Needs Discussion,Warnings,Copy / view semantics",1,0,2025-04,2025
61365,issue,closed,2025-04-27 16:06:33+00:00,2026-03-18 17:11:11+00:00,325,"Bug,Timedelta,Constructors,Closing Candidate",1,0,2025-04,2025
61362,issue,closed,2025-04-26 22:17:25+00:00,2025-08-05 03:04:18+00:00,100,"Usage Question,Closing Candidate",0,0,2025-04,2025
61361,issue,closed,2025-04-26 17:38:41+00:00,2025-04-27 11:29:29+00:00,0,"Bug,Groupby,Regression,Blocker,Window",1,0,2025-04,2025
61360,issue,closed,2025-04-26 07:05:56+00:00,2025-04-26 18:11:39+00:00,0,"Enhancement,Indexing,Closing Candidate",0,0,2025-04,2025
61357,issue,closed,2025-04-25 23:07:36+00:00,2026-05-14 16:45:26+00:00,383,"Docs,MultiIndex,Needs Discussion",0,0,2025-04,2025
61356,issue,closed,2025-04-25 20:46:45+00:00,2025-04-28 16:47:11+00:00,2,"Bug,Groupby,Missing-data,Categorical",1,0,2025-04,2025
61350,issue,closed,2025-04-24 18:23:37+00:00,2025-04-24 19:03:21+00:00,0,"Enhancement,Needs Triage",0,0,2025-04,2025
61347,issue,closed,2025-04-24 12:34:24+00:00,2025-08-24 13:12:29+00:00,122,Community,0,0,2025-04,2025
61346,issue,closed,2025-04-23 18:48:39+00:00,2025-04-26 12:21:38+00:00,2,"Bug,Dtype Conversions,Closing Candidate",1,0,2025-04,2025
61344,issue,closed,2025-04-23 18:24:12+00:00,2025-04-24 20:20:13+00:00,1,"Bug,Indexing",1,0,2025-04,2025
61342,issue,closed,2025-04-23 09:29:06+00:00,2025-04-24 20:18:43+00:00,1,"Bug,Datetime,MultiIndex",1,0,2025-04,2025
61338,issue,closed,2025-04-22 14:49:35+00:00,2025-04-22 16:01:08+00:00,0,"Bug,Needs Triage",1,0,2025-04,2025
61337,issue,closed,2025-04-22 10:40:03+00:00,2026-03-05 21:32:37+00:00,317,"Bug,IO Data,Nested Data,Upstream issue",1,0,2025-04,2025
61336,issue,closed,2025-04-22 07:31:10+00:00,2025-04-23 16:19:48+00:00,1,"Enhancement,Needs Discussion,Closing Candidate",0,0,2025-04,2025
61322,issue,closed,2025-04-20 18:16:32+00:00,2026-05-09 16:01:35+00:00,383,"Bug,Closing Candidate,Upstream issue,Arrow",1,0,2025-04,2025
61319,issue,closed,2025-04-20 14:10:10+00:00,2025-04-21 15:49:27+00:00,1,"Enhancement,Indexing,Needs Info",0,0,2025-04,2025
61318,issue,closed,2025-04-20 12:11:06+00:00,2025-04-21 15:50:36+00:00,1,"Enhancement,Groupby,Closing Candidate",0,0,2025-04,2025
61316,issue,closed,2025-04-20 04:47:56+00:00,2026-05-09 16:01:27+00:00,384,"Bug,Closing Candidate,Upstream issue,Arrow",1,0,2025-04,2025
61312,issue,closed,2025-04-19 20:18:24+00:00,2025-04-19 21:02:03+00:00,0,"Bug,Needs Triage,Closing Candidate",1,0,2025-04,2025
61311,issue,closed,2025-04-19 19:08:44+00:00,2025-08-05 17:21:49+00:00,107,"Bug,Indexing,Arrow",1,0,2025-04,2025
61310,issue,closed,2025-04-19 10:00:37+00:00,2025-04-21 02:52:26+00:00,1,"Bug,Needs Info,Window,Closing Candidate",1,0,2025-04,2025
61309,issue,closed,2025-04-19 09:43:14+00:00,2025-04-19 12:37:13+00:00,0,"Bug,Duplicate Report,Styler",1,0,2025-04,2025
61305,issue,closed,2025-04-18 00:56:25+00:00,2025-04-18 16:10:01+00:00,0,,0,0,2025-04,2025
61304,issue,closed,2025-04-17 20:23:14+00:00,2025-04-17 20:56:31+00:00,0,"Enhancement,Needs Triage",0,0,2025-04,2025
61300,issue,closed,2025-04-17 01:35:00+00:00,2025-04-17 04:34:38+00:00,0,"Docs,Needs Triage",0,0,2025-04,2025
61298,issue,closed,2025-04-16 05:05:35+00:00,2025-04-17 16:11:22+00:00,1,,0,0,2025-04,2025
61296,issue,closed,2025-04-15 23:52:45+00:00,2025-04-15 23:55:10+00:00,0,"Bug,Needs Triage",1,0,2025-04,2025
61295,issue,closed,2025-04-15 22:38:25+00:00,2025-04-16 13:40:29+00:00,0,Bug,1,0,2025-04,2025
61292,issue,closed,2025-04-15 16:18:14+00:00,2025-04-23 21:47:19+00:00,8,"Bug,Reshaping",1,0,2025-04,2025
61290,issue,closed,2025-04-14 23:25:47+00:00,2026-05-09 15:39:39+00:00,389,"Enhancement,IO XML",0,0,2025-04,2025
61281,issue,closed,2025-04-13 14:08:49+00:00,2025-08-18 01:05:06+00:00,126,"Enhancement,IO CSV,Needs Discussion,Closing Candidate",0,0,2025-04,2025
61280,issue,closed,2025-04-12 16:35:16+00:00,2025-04-14 14:03:02+00:00,1,"Docs,IO JSON,Closing Candidate",0,0,2025-04,2025
61277,issue,closed,2025-04-12 13:03:38+00:00,2025-04-13 15:39:45+00:00,1,Web,0,0,2025-04,2025
61276,issue,closed,2025-04-12 12:05:08+00:00,2025-04-26 12:04:01+00:00,13,"Bug,Visualization",1,0,2025-04,2025
61273,issue,closed,2025-04-11 15:43:38+00:00,2025-04-22 16:04:23+00:00,11,"Enhancement,Dependencies",0,0,2025-04,2025
61272,issue,closed,2025-04-11 14:00:12+00:00,2025-04-17 08:40:30+00:00,5,Build,0,0,2025-04,2025
61270,issue,closed,2025-04-11 10:55:24+00:00,2025-04-13 16:25:38+00:00,2,"Bug,Nested Data",1,0,2025-04,2025
61269,issue,closed,2025-04-11 08:11:14+00:00,2025-04-13 20:21:25+00:00,2,"Styler,Closing Candidate",0,0,2025-04,2025
61268,issue,closed,2025-04-11 06:42:06+00:00,2025-04-14 20:05:36+00:00,3,"Docs,Needs Triage",0,0,2025-04,2025
61267,issue,closed,2025-04-10 22:29:16+00:00,2025-04-13 12:31:31+00:00,2,"Bug,Datetime",1,0,2025-04,2025
61260,issue,closed,2025-04-09 17:47:36+00:00,2025-04-14 13:14:30+00:00,4,"API Design,Apply,API - Consistency",0,0,2025-04,2025
61254,issue,closed,2025-04-08 12:36:06+00:00,2025-04-14 22:41:30+00:00,6,"Docs,Groupby,Window",0,0,2025-04,2025
61253,issue,closed,2025-04-08 12:32:18+00:00,2025-04-08 21:07:37+00:00,0,"Bug,IO CSV",1,0,2025-04,2025
61252,issue,closed,2025-04-08 10:10:36+00:00,2025-04-08 21:14:41+00:00,0,"Bug,Sparse",1,0,2025-04,2025
61251,issue,closed,2025-04-08 08:39:36+00:00,2025-04-08 16:18:07+00:00,0,"Performance,Needs Triage",0,0,2025-04,2025
61247,issue,closed,2025-04-07 19:46:37+00:00,2026-03-30 03:08:25+00:00,356,"Enhancement,IO SQL,Needs Triage,Closing Candidate",0,0,2025-04,2025
61242,issue,closed,2025-04-07 15:06:16+00:00,2025-04-09 17:56:31+00:00,2,,0,0,2025-04,2025
61232,issue,closed,2025-04-04 16:27:25+00:00,2025-08-05 16:30:20+00:00,123,"Enhancement,Needs Triage,Closing Candidate",0,0,2025-04,2025
61231,issue,closed,2025-04-04 15:34:54+00:00,2025-09-08 20:53:03+00:00,157,"Bug,Apply,Arrow",1,0,2025-04,2025
61230,issue,closed,2025-04-04 15:32:05+00:00,2026-04-06 18:19:47+00:00,367,"Enhancement,Needs Triage,Closing Candidate",0,0,2025-04,2025
61224,issue,closed,2025-04-03 11:30:41+00:00,2025-04-03 15:12:31+00:00,0,"Enhancement,Needs Triage",0,0,2025-04,2025
61222,issue,closed,2025-04-03 10:37:17+00:00,2025-04-07 16:55:10+00:00,4,"Bug,Resample,Arrow",1,0,2025-04,2025
61221,issue,closed,2025-04-03 00:54:08+00:00,2025-09-15 19:19:41+00:00,165,"Bug,Reshaping,ExtensionArray",1,0,2025-04,2025
61218,issue,closed,2025-04-02 15:53:10+00:00,2025-08-05 17:04:53+00:00,125,"Usage Question,Needs Info",0,0,2025-04,2025
61217,issue,closed,2025-04-02 14:12:08+00:00,2025-04-03 02:51:31+00:00,0,"Bug,Needs Triage",1,0,2025-04,2025
61213,issue,closed,2025-04-02 02:20:50+00:00,2025-04-02 02:38:39+00:00,0,"Bug,Needs Triage",1,0,2025-04,2025
61210,issue,closed,2025-04-01 16:11:39+00:00,2026-03-18 17:10:41+00:00,351,"Enhancement,Needs Triage,Closing Candidate",0,0,2025-04,2025
61208,issue,closed,2025-03-31 15:19:29+00:00,2025-04-14 16:59:00+00:00,14,"Bug,Error Reporting,Timestamp",1,0,2025-03,2025
61206,issue,closed,2025-03-31 08:18:12+00:00,2025-05-21 00:33:34+00:00,50,"Bug,Regression,Error Reporting,Numeric Operations",1,0,2025-03,2025
61196,issue,closed,2025-03-28 21:49:48+00:00,2025-03-29 12:30:42+00:00,0,"Bug,Datetime,Warnings",1,0,2025-03,2025
61194,issue,closed,2025-03-28 17:13:59+00:00,2025-11-19 01:22:08+00:00,235,"Enhancement,IO Excel",0,0,2025-03,2025
61191,issue,closed,2025-03-27 22:27:30+00:00,2026-04-14 16:29:49+00:00,382,"Bug,Indexing,Needs Discussion",1,0,2025-03,2025
61189,issue,closed,2025-03-27 15:38:25+00:00,2025-03-28 20:44:37+00:00,1,"Bug,Algos,Strings",1,0,2025-03,2025
61188,issue,closed,2025-03-27 09:24:05+00:00,2025-04-15 12:42:01+00:00,19,"Bug,Datetime",1,0,2025-03,2025
61187,issue,closed,2025-03-27 03:16:47+00:00,2025-03-31 02:16:58+00:00,3,"Bug,Missing-data,Needs Info,Reduction Operations",1,0,2025-03,2025
61186,issue,closed,2025-03-27 01:57:03+00:00,2025-06-19 20:51:54+00:00,84,"Bug,IO Excel,Closing Candidate,Upstream issue",1,0,2025-03,2025
61182,issue,closed,2025-03-26 16:35:55+00:00,2025-04-04 09:59:28+00:00,8,"Bug,Missing-data,Strings,Needs Discussion,Closing Candidate",1,0,2025-03,2025
61179,issue,closed,2025-03-26 07:57:42+00:00,2025-03-26 19:26:41+00:00,0,"Bug,Missing-data,Timestamp",1,0,2025-03,2025
61175,issue,closed,2025-03-25 10:14:20+00:00,2025-03-31 16:52:37+00:00,6,"Bug,expressions",1,0,2025-03,2025
61172,issue,closed,2025-03-24 03:07:45+00:00,2026-03-30 03:11:55+00:00,371,"Bug,IO CSV,Closing Candidate",1,0,2025-03,2025
61169,issue,closed,2025-03-23 17:23:42+00:00,2025-03-24 16:35:22+00:00,0,"Enhancement,Needs Triage",0,0,2025-03,2025
61165,issue,closed,2025-03-21 23:39:25+00:00,2025-03-22 11:19:36+00:00,0,"Bug,Datetime,IO Parquet",1,0,2025-03,2025
61161,issue,closed,2025-03-21 19:34:07+00:00,2025-04-18 16:12:48+00:00,27,"Bug,Visualization",1,0,2025-03,2025
61160,issue,closed,2025-03-21 18:19:54+00:00,2026-04-07 05:53:30+00:00,381,"Enhancement,Groupby,Needs Discussion,Closing Candidate",0,0,2025-03,2025
61159,issue,closed,2025-03-21 05:11:25+00:00,2025-03-22 11:36:51+00:00,1,"Bug,setops,Non-Nano",1,0,2025-03,2025
61156,issue,closed,2025-03-20 17:59:23+00:00,2026-01-15 12:40:08+00:00,300,Build,0,0,2025-03,2025
61155,issue,closed,2025-03-20 14:25:51+00:00,2025-05-15 16:13:22+00:00,56,"Bug,Strings",1,0,2025-03,2025
61153,issue,closed,2025-03-20 10:12:53+00:00,2025-03-26 13:44:36+00:00,6,"Bug,Build,Upstream issue",1,0,2025-03,2025
61141,issue,closed,2025-03-17 20:26:18+00:00,2025-03-19 12:34:58+00:00,1,"Bug,Missing-data,Strings",1,0,2025-03,2025
61140,issue,closed,2025-03-17 18:13:09+00:00,2025-08-11 20:53:46+00:00,147,"Bug,IO Data",1,0,2025-03,2025
61139,issue,closed,2025-03-17 14:27:48+00:00,2025-03-19 13:59:25+00:00,1,"Docs,Closing Candidate",0,0,2025-03,2025
61136,issue,closed,2025-03-17 07:55:45+00:00,2025-03-17 07:56:55+00:00,0,,0,0,2025-03,2025
61135,issue,closed,2025-03-17 07:41:22+00:00,2025-03-17 07:42:01+00:00,0,,0,0,2025-03,2025
61133,issue,closed,2025-03-16 13:12:18+00:00,2025-03-17 16:27:14+00:00,1,"Enhancement,Needs Triage",0,0,2025-03,2025
61126,issue,closed,2025-03-15 04:03:22+00:00,2025-05-18 19:31:47+00:00,64,"Docs,Apply",0,0,2025-03,2025
61124,issue,closed,2025-03-15 01:03:57+00:00,2025-08-05 17:08:20+00:00,143,"Enhancement,Missing-data,Needs Info",0,0,2025-03,2025
61123,issue,closed,2025-03-14 21:30:43+00:00,2025-03-19 20:37:24+00:00,4,"Docs,IO Excel",0,0,2025-03,2025
61122,issue,closed,2025-03-14 16:52:42+00:00,2025-03-29 18:01:33+00:00,15,"Bug,Missing-data,Regression,Blocker",1,0,2025-03,2025
61120,issue,closed,2025-03-14 13:05:53+00:00,2025-03-25 17:11:41+00:00,11,"Bug,cov/corr",1,0,2025-03,2025
61113,issue,closed,2025-03-12 23:41:34+00:00,2025-04-02 21:28:17+00:00,20,"Docs,Missing-data,Reshaping",0,0,2025-03,2025
61110,issue,closed,2025-03-12 06:58:57+00:00,2025-08-05 16:30:42+00:00,146,"Enhancement,Needs Info,Closing Candidate",0,0,2025-03,2025
61099,issue,closed,2025-03-10 20:18:17+00:00,2025-07-10 20:58:45+00:00,122,"Bug,Strings,Index",1,0,2025-03,2025
61093,issue,closed,2025-03-10 03:44:46+00:00,2025-05-29 18:44:32+00:00,80,"Enhancement,API Design",0,0,2025-03,2025
61091,issue,closed,2025-03-09 15:33:23+00:00,2025-03-11 22:20:34+00:00,2,"Bug,Reshaping,Arrow",1,0,2025-03,2025
61086,issue,closed,2025-03-08 22:12:32+00:00,2026-04-06 16:50:39+00:00,393,"Bug,Datetime,Frequency",1,0,2025-03,2025
61081,issue,closed,2025-03-07 18:50:10+00:00,2025-03-13 15:38:18+00:00,5,"Bug,Docs",1,0,2025-03,2025
61076,issue,closed,2025-03-07 14:31:23+00:00,2025-08-05 17:07:45+00:00,151,"Performance,Needs Info",0,0,2025-03,2025
61074,issue,closed,2025-03-07 01:38:04+00:00,2026-03-25 19:28:52+00:00,383,"Categorical,Deprecate",0,0,2025-03,2025
61072,issue,closed,2025-03-07 00:19:21+00:00,2025-09-21 14:02:24+00:00,198,"Bug,Strings,Arrow",1,0,2025-03,2025
61071,issue,closed,2025-03-06 20:12:51+00:00,2025-03-07 09:23:57+00:00,0,"Bug,Window,Closing Candidate",1,0,2025-03,2025
61070,issue,closed,2025-03-06 19:36:06+00:00,2025-03-06 19:39:50+00:00,0,"Docs,Needs Triage",0,0,2025-03,2025
61068,issue,closed,2025-03-06 05:56:49+00:00,2025-03-27 01:22:18+00:00,20,"Bug,Needs Info,Sorting",1,0,2025-03,2025
61058,issue,closed,2025-03-05 04:39:53+00:00,2025-08-05 17:06:52+00:00,153,"Reshaping,Error Reporting,Needs Info",0,0,2025-03,2025
61055,issue,closed,2025-03-04 18:11:53+00:00,2025-03-05 00:13:34+00:00,0,"Bug,Reshaping",1,0,2025-03,2025
61052,issue,closed,2025-03-04 12:14:16+00:00,2025-03-07 23:49:47+00:00,3,"Bug,Numeric Operations,Needs Info",1,0,2025-03,2025
61049,issue,closed,2025-03-04 07:06:45+00:00,2025-03-04 23:52:31+00:00,0,"Bug,Indexing",1,0,2025-03,2025
61047,issue,closed,2025-03-04 05:45:56+00:00,2025-03-04 18:04:14+00:00,0,,0,0,2025-03,2025
61045,issue,closed,2025-03-04 01:51:13+00:00,2025-04-26 18:10:40+00:00,53,"Performance,IO CSV",0,0,2025-03,2025
61043,issue,closed,2025-03-03 22:00:55+00:00,2025-03-03 22:56:12+00:00,0,"Bug,Strings",1,0,2025-03,2025
61037,issue,closed,2025-03-03 14:38:15+00:00,2025-09-23 19:19:42+00:00,204,"Build,OS X",0,0,2025-03,2025
61036,issue,closed,2025-03-03 14:09:36+00:00,2025-03-05 18:47:20+00:00,2,"Build,Clean",0,0,2025-03,2025
61031,issue,closed,2025-03-02 16:21:03+00:00,2025-11-20 19:49:00+00:00,263,"Bug,Groupby,NA - MaskedArrays,Transformations",1,0,2025-03,2025
61030,issue,closed,2025-03-02 10:07:09+00:00,2025-04-14 16:39:19+00:00,43,"Bug,Error Reporting",1,0,2025-03,2025
61029,issue,closed,2025-03-01 22:07:17+00:00,2025-03-07 23:43:08+00:00,6,"Bug,Output-Formatting,Warnings",1,0,2025-03,2025
61025,issue,closed,2025-03-01 09:15:02+00:00,2025-11-08 18:15:07+00:00,252,"Clean,Closing Candidate,Interchange",0,0,2025-03,2025
61019,issue,closed,2025-02-28 05:50:48+00:00,2025-05-07 16:11:20+00:00,68,"Bug,Visualization",1,0,2025-02,2025
61018,issue,closed,2025-02-28 05:41:34+00:00,2025-04-28 20:10:29+00:00,59,"Bug,Visualization",1,0,2025-02,2025
61016,issue,closed,2025-02-27 10:54:58+00:00,2025-03-03 23:13:09+00:00,4,"Bug,Dtype Conversions,Apply",1,0,2025-02,2025
61011,issue,closed,2025-02-26 15:33:08+00:00,2025-02-26 19:15:14+00:00,0,Docs,0,0,2025-02,2025
61010,issue,closed,2025-02-26 09:47:27+00:00,2025-02-28 18:23:01+00:00,2,"Performance,Needs Triage",0,0,2025-02,2025
61009,issue,closed,2025-02-26 01:07:36+00:00,2025-02-28 18:27:02+00:00,2,"Bug,Needs Triage",1,0,2025-02,2025
61006,issue,closed,2025-02-25 16:09:43+00:00,2025-03-05 19:00:08+00:00,8,"Enhancement,Needs Triage",0,0,2025-02,2025
61005,issue,closed,2025-02-25 16:06:08+00:00,2025-04-09 16:28:52+00:00,43,"Bug,Visualization",1,0,2025-02,2025
60998,issue,closed,2025-02-24 15:12:41+00:00,2026-02-18 04:17:44+00:00,358,"Enhancement,Dtype Conversions,Needs Triage",0,0,2025-02,2025
60994,issue,closed,2025-02-23 16:29:36+00:00,2025-04-09 16:27:06+00:00,44,"Bug,Indexing",1,0,2025-02,2025
60989,issue,closed,2025-02-23 03:31:35+00:00,2025-02-24 21:39:28+00:00,1,"Bug,Needs Triage",1,0,2025-02,2025
60988,issue,closed,2025-02-22 22:56:33+00:00,2025-03-07 23:51:47+00:00,13,"Bug,IO Data",1,0,2025-02,2025
60981,issue,closed,2025-02-21 21:17:56+00:00,2026-04-02 22:48:43+00:00,405,"Enhancement,Needs Triage",0,0,2025-02,2025
60980,issue,closed,2025-02-21 18:07:08+00:00,2025-03-17 16:55:32+00:00,23,"Bug,Reshaping",1,0,2025-02,2025
60978,issue,closed,2025-02-21 12:52:59+00:00,2025-02-21 18:02:40+00:00,0,"Bug,Needs Triage",1,0,2025-02,2025
60973,issue,closed,2025-02-20 10:41:16+00:00,2025-03-05 00:39:09+00:00,12,"Docs,Indexing,Needs Discussion",0,0,2025-02,2025
60972,issue,closed,2025-02-20 08:44:21+00:00,2025-06-04 18:16:56+00:00,104,"Enhancement,Build",0,0,2025-02,2025
60966,issue,closed,2025-02-19 21:21:52+00:00,2025-08-14 02:14:00+00:00,175,"Enhancement,IO Data,Closing Candidate,IO Format Request",0,0,2025-02,2025
60962,issue,closed,2025-02-19 10:45:42+00:00,2025-02-20 17:34:40+00:00,1,"Bug,Needs Triage",1,0,2025-02,2025
60961,issue,closed,2025-02-19 10:27:14+00:00,2025-02-19 10:43:29+00:00,0,"Enhancement,Needs Triage",0,0,2025-02,2025
60959,issue,closed,2025-02-18 21:08:43+00:00,2025-02-18 21:50:40+00:00,0,"Bug,Needs Triage",1,0,2025-02,2025
60958,issue,closed,2025-02-18 20:47:40+00:00,2025-03-12 23:51:31+00:00,22,"Enhancement,Arrow",0,0,2025-02,2025
60956,issue,closed,2025-02-18 19:09:05+00:00,2025-02-18 22:57:14+00:00,0,"Bug,Needs Triage",1,0,2025-02,2025
60954,issue,closed,2025-02-18 10:07:42+00:00,2025-03-11 16:49:36+00:00,21,"Docs,Index",0,0,2025-02,2025
60947,issue,closed,2025-02-17 07:16:59+00:00,2025-08-05 17:06:18+00:00,169,"Build,Needs Info",0,0,2025-02,2025
60942,issue,closed,2025-02-16 15:42:49+00:00,2025-02-22 01:12:31+00:00,5,"Bug,Docs,rename,inplace",1,0,2025-02,2025
60937,issue,closed,2025-02-15 16:19:01+00:00,2025-09-24 00:50:02+00:00,220,"Bug,Datetime,Numeric Operations",1,0,2025-02,2025
60933,issue,closed,2025-02-14 16:44:17+00:00,2025-10-07 16:40:29+00:00,234,"Bug,Datetime",1,0,2025-02,2025
60928,issue,closed,2025-02-13 22:52:27+00:00,2025-03-03 18:21:17+00:00,17,"Enhancement,Frequency,Resample",0,0,2025-02,2025
60927,issue,closed,2025-02-13 21:24:29+00:00,2025-02-13 22:24:15+00:00,0,"Bug,Closing Candidate,Arrow",1,0,2025-02,2025
60925,issue,closed,2025-02-13 17:46:58+00:00,2026-04-25 13:48:23+00:00,435,"Bug,Index",1,0,2025-02,2025
60923,issue,closed,2025-02-13 01:25:54+00:00,2025-08-07 15:39:03+00:00,175,"Bug,MultiIndex,Index",1,0,2025-02,2025
60922,issue,closed,2025-02-12 20:58:24+00:00,2025-02-12 21:52:10+00:00,0,"Bug,Reshaping,Non-Nano",1,0,2025-02,2025
60921,issue,closed,2025-02-12 17:23:20+00:00,2025-02-12 21:44:20+00:00,0,Docs,0,0,2025-02,2025
60919,issue,closed,2025-02-12 13:48:41+00:00,2025-08-05 16:53:53+00:00,174,"Enhancement,Reshaping,Needs Discussion,Closing Candidate",0,0,2025-02,2025
60915,issue,closed,2025-02-11 22:17:08+00:00,2025-04-13 17:58:41+00:00,60,"Docs,Benchmark",0,0,2025-02,2025
60914,issue,closed,2025-02-11 20:35:37+00:00,2025-02-17 21:25:01+00:00,6,"Docs,Numeric Operations",0,0,2025-02,2025
60913,issue,closed,2025-02-11 19:58:06+00:00,2025-07-22 16:27:35+00:00,160,Docs,0,0,2025-02,2025
60911,issue,closed,2025-02-11 16:31:51+00:00,2025-02-11 17:08:51+00:00,0,,0,0,2025-02,2025
60910,issue,closed,2025-02-11 14:52:28+00:00,2025-02-11 17:50:56+00:00,0,"Docs,Admin,Web",0,0,2025-02,2025
60909,issue,closed,2025-02-11 09:28:31+00:00,2025-02-13 17:41:27+00:00,2,"Docs,IO Excel",0,0,2025-02,2025
60905,issue,closed,2025-02-10 16:57:57+00:00,2025-05-03 20:00:54+00:00,82,"Docs,Dtype Conversions",0,0,2025-02,2025
60903,issue,closed,2025-02-10 09:23:10+00:00,2025-02-10 18:23:28+00:00,0,"Bug,Indexing,Numeric Operations,MultiIndex",1,0,2025-02,2025
60901,issue,closed,2025-02-09 18:09:41+00:00,2025-08-05 16:22:26+00:00,176,"Enhancement,Needs Triage,Closing Candidate",0,0,2025-02,2025
60897,issue,closed,2025-02-09 12:21:56+00:00,2025-08-05 16:52:48+00:00,177,"Bug,Performance,Windows,Constructors,Closing Candidate",1,0,2025-02,2025
60895,issue,closed,2025-02-09 07:23:23+00:00,2026-05-10 13:21:26+00:00,455,"Enhancement,IO CSV,Nested Data",0,0,2025-02,2025
60886,issue,closed,2025-02-08 14:27:28+00:00,2025-03-24 16:41:46+00:00,44,"Docs,Typing",0,0,2025-02,2025
60885,issue,closed,2025-02-08 14:09:01+00:00,2025-02-12 18:20:28+00:00,4,"Bug,datetime.date",1,0,2025-02,2025
60881,issue,closed,2025-02-07 23:53:42+00:00,2025-02-08 01:11:19+00:00,0,"Bug,Needs Triage",1,0,2025-02,2025
60879,issue,closed,2025-02-07 23:31:51+00:00,2025-10-13 21:05:04+00:00,247,"CI,Segfault,numba",0,0,2025-02,2025
60870,issue,closed,2025-02-06 21:30:07+00:00,2025-02-10 18:24:55+00:00,3,"Groupby,Missing-data,Performance,Regression",0,0,2025-02,2025
60869,issue,closed,2025-02-06 19:40:35+00:00,2025-08-27 18:24:20+00:00,201,"Enhancement,Needs Triage",0,0,2025-02,2025
60845,issue,closed,2025-02-04 15:46:25+00:00,2025-02-04 17:55:18+00:00,0,"Docs,Needs Triage",0,0,2025-02,2025
60838,issue,closed,2025-02-03 12:22:09+00:00,2025-08-05 17:04:03+00:00,183,"Bug,IO SQL,Needs Info,Arrow",1,0,2025-02,2025
60833,issue,closed,2025-02-03 01:55:20+00:00,2026-01-18 23:54:30+00:00,349,"Bug,Strings,Arrow",1,0,2025-02,2025
60831,issue,closed,2025-02-02 18:03:53+00:00,2025-02-22 15:38:38+00:00,19,"Bug,Groupby,Warnings",1,0,2025-02,2025
60823,issue,closed,2025-02-01 06:58:06+00:00,2025-03-31 21:17:07+00:00,58,"Bug,IO HDF5",1,0,2025-02,2025
60816,issue,closed,2025-01-29 15:45:23+00:00,2025-06-02 17:24:35+00:00,124,"Bug,Regression,Needs Discussion,Non-Nano",1,0,2025-01,2025
60815,issue,closed,2025-01-29 15:25:29+00:00,2025-02-21 18:06:56+00:00,23,"Docs,Styler",0,0,2025-01,2025
60812,issue,closed,2025-01-28 22:58:36+00:00,2025-04-17 09:46:00+00:00,78,,0,0,2025-01,2025
60810,issue,closed,2025-01-28 21:39:07+00:00,2025-04-19 15:22:38+00:00,80,"Bug,Groupby,Strings",1,0,2025-01,2025
60803,issue,closed,2025-01-27 23:33:33+00:00,2025-01-30 21:10:38+00:00,2,"Bug,Build",1,0,2025-01,2025
60802,issue,closed,2025-01-27 22:18:02+00:00,2025-04-10 16:04:04+00:00,72,"Docs,Missing-data",0,0,2025-01,2025
60801,issue,closed,2025-01-27 16:35:25+00:00,2025-08-27 18:25:36+00:00,212,"Enhancement,Needs Triage",0,0,2025-01,2025
60800,issue,closed,2025-01-27 14:26:06+00:00,2025-07-23 09:20:44+00:00,176,"Bug,Needs Info,Closing Candidate",1,0,2025-01,2025
60798,issue,closed,2025-01-27 12:58:16+00:00,2025-01-27 21:35:33+00:00,0,"Bug,Duplicate Report,replace",1,0,2025-01,2025
60794,issue,closed,2025-01-26 11:53:00+00:00,2025-01-27 21:36:27+00:00,1,"Bug,Duplicate Report,NA - MaskedArrays",1,0,2025-01,2025
60786,issue,closed,2025-01-25 01:18:47+00:00,2025-08-05 16:20:37+00:00,192,"Enhancement,IO Data,Needs Discussion,Closing Candidate",0,0,2025-01,2025
60779,issue,closed,2025-01-24 11:48:54+00:00,2025-01-27 12:34:43+00:00,3,"Bug,IO CSV,IO Network,Needs Triage",1,0,2025-01,2025
60773,issue,closed,2025-01-23 13:04:34+00:00,2025-01-23 21:00:55+00:00,0,"Bug,Needs Triage",1,0,2025-01,2025
60770,issue,closed,2025-01-23 07:37:39+00:00,2025-01-25 02:11:56+00:00,1,"Bug,Missing-data,Arrow",1,0,2025-01,2025
60769,issue,closed,2025-01-23 03:44:51+00:00,2025-01-23 03:55:53+00:00,0,"Bug,Needs Triage",1,0,2025-01,2025
60750,issue,closed,2025-01-21 22:51:24+00:00,2025-02-21 01:12:42+00:00,30,"Docs,Strings",0,0,2025-01,2025
60747,issue,closed,2025-01-21 13:29:59+00:00,2025-03-04 01:25:36+00:00,41,"Enhancement,Web",0,0,2025-01,2025
60743,issue,closed,2025-01-21 04:15:05+00:00,2025-01-21 04:44:05+00:00,0,"Bug,Needs Triage",1,0,2025-01,2025
60740,issue,closed,2025-01-20 17:29:45+00:00,2025-02-04 03:27:34+00:00,14,"Bug,Reshaping",1,0,2025-01,2025
60737,issue,closed,2025-01-20 05:26:05+00:00,2026-05-09 16:22:14+00:00,474,"Bug,IO SQL,Closing Candidate",1,0,2025-01,2025
60728,issue,closed,2025-01-17 20:11:29+00:00,2025-02-08 19:00:14+00:00,21,"Bug,Dtype Conversions,Constructors",1,0,2025-01,2025
60727,issue,closed,2025-01-17 18:18:52+00:00,2025-01-22 18:41:46+00:00,5,Docs,0,0,2025-01,2025
60723,issue,closed,2025-01-16 19:50:02+00:00,2025-03-07 01:04:19+00:00,49,"Bug,Reshaping",1,0,2025-01,2025
60714,issue,closed,2025-01-13 02:58:45+00:00,2025-11-08 18:19:35+00:00,299,"Bug,Closing Candidate,ARM,OS X,Arrow",1,0,2025-01,2025
60705,issue,closed,2025-01-12 20:22:00+00:00,2025-10-27 17:28:38+00:00,287,"Docs,Needs Triage",0,0,2025-01,2025
60695,issue,closed,2025-01-11 19:14:38+00:00,2025-03-07 23:51:46+00:00,55,"Bug,MultiIndex",1,0,2025-01,2025
60692,issue,closed,2025-01-11 12:06:50+00:00,2025-08-05 16:31:23+00:00,206,"Enhancement,API Design,Needs Discussion,Closing Candidate,Localization",0,0,2025-01,2025
60690,issue,closed,2025-01-09 23:55:12+00:00,2025-02-05 17:49:32+00:00,26,"Enhancement,Output-Formatting",0,0,2025-01,2025
60688,issue,closed,2025-01-09 21:51:42+00:00,2025-01-10 17:17:22+00:00,0,"Bug,Missing-data,replace",1,0,2025-01,2025
60685,issue,closed,2025-01-09 10:42:37+00:00,2025-02-06 12:52:01+00:00,28,"Enhancement,Needs Triage",0,0,2025-01,2025
60684,issue,closed,2025-01-09 07:57:11+00:00,2025-07-23 09:35:18+00:00,195,"Bug,IO SQL,Needs Info",1,0,2025-01,2025
60678,issue,closed,2025-01-08 14:42:55+00:00,2025-01-22 21:28:30+00:00,14,"Bug,Missing-data,isin",1,0,2025-01,2025
60677,issue,closed,2025-01-08 14:36:13+00:00,2026-03-22 23:08:43+00:00,438,"Bug,Datetime,Error Reporting",1,0,2025-01,2025
60673,issue,closed,2025-01-07 20:36:31+00:00,2025-01-21 19:11:36+00:00,13,"Docs,Sorting",0,0,2025-01,2025
60672,issue,closed,2025-01-07 18:11:06+00:00,2025-01-07 21:56:25+00:00,0,"Bug,IO CSV",1,0,2025-01,2025
60670,issue,closed,2025-01-07 04:10:26+00:00,2025-01-07 17:42:48+00:00,0,"Enhancement,Needs Triage",0,0,2025-01,2025
60668,issue,closed,2025-01-06 22:17:55+00:00,2025-03-14 15:03:12+00:00,66,Enhancement,0,0,2025-01,2025
60664,issue,closed,2025-01-06 15:25:55+00:00,2025-08-05 16:21:00+00:00,211,"Bug,Closing Candidate,Upstream issue",1,0,2025-01,2025
60662,issue,closed,2025-01-05 17:11:53+00:00,2025-01-06 17:44:36+00:00,1,"Bug,Needs Triage",1,0,2025-01,2025
60657,issue,closed,2025-01-04 14:31:36+00:00,2025-01-05 14:09:45+00:00,0,"Bug,Needs Info",1,0,2025-01,2025
60656,issue,closed,2025-01-04 10:06:33+00:00,2026-03-18 02:19:16+00:00,437,"Enhancement,IO Data,Closing Candidate",0,0,2025-01,2025
60651,issue,closed,2025-01-03 07:27:59+00:00,2025-01-30 21:09:35+00:00,27,"Usage Question,Needs Info,Closing Candidate",0,0,2025-01,2025
60647,issue,closed,2025-01-02 14:38:59+00:00,2026-01-28 01:13:05+00:00,390,"Bug,Frequency",1,0,2025-01,2025
60646,issue,closed,2025-01-02 12:55:13+00:00,2025-02-05 17:46:48+00:00,34,"Bug,Datetime,Dtype Conversions,Reduction Operations",1,0,2025-01,2025
60645,issue,closed,2025-01-02 12:12:12+00:00,2025-01-04 14:30:58+00:00,2,"Docs,Duplicate Report",0,0,2025-01,2025
60640,issue,closed,2025-01-02 03:45:10+00:00,2026-03-18 00:14:22+00:00,439,"Bug,Performance,Copy / view semantics,Closing Candidate",1,0,2025-01,2025
60639,issue,closed,2025-01-01 21:22:07+00:00,2025-05-19 15:51:40+00:00,137,"Numeric Operations,Strings,Needs Discussion,API - Consistency",0,0,2025-01,2025
60638,issue,closed,2025-01-01 17:17:09+00:00,2025-01-05 11:40:33+00:00,3,"Docs,Needs Triage",0,0,2025-01,2025
65716,pull_request,closed,2026-05-23 23:05:41+00:00,2026-05-24 04:28:42+00:00,0,,0,0,2026-05,2026
65697,pull_request,closed,2026-05-20 16:38:19+00:00,2026-05-20 21:22:12+00:00,0,Index,0,1,2026-05,2026
65693,pull_request,closed,2026-05-20 14:03:23+00:00,2026-05-20 16:33:10+00:00,0,,0,1,2026-05,2026
65689,pull_request,closed,2026-05-20 02:16:42+00:00,2026-05-20 03:58:29+00:00,0,,0,0,2026-05,2026
65687,pull_request,closed,2026-05-19 22:57:59+00:00,2026-05-20 00:30:11+00:00,0,,0,0,2026-05,2026
65686,pull_request,closed,2026-05-19 18:54:58+00:00,2026-05-21 14:34:32+00:00,1,"Bug,Index",1,1,2026-05,2026
65681,pull_request,closed,2026-05-18 21:24:09+00:00,2026-05-23 17:26:56+00:00,4,"Enhancement,Benchmark",0,1,2026-05,2026
65680,pull_request,closed,2026-05-18 13:54:43+00:00,2026-05-18 15:27:45+00:00,0,"CI,Dependencies",0,1,2026-05,2026
65672,pull_request,closed,2026-05-17 16:16:18+00:00,2026-05-18 08:59:53+00:00,0,,0,0,2026-05,2026
65671,pull_request,closed,2026-05-17 12:17:41+00:00,2026-05-19 15:30:10+00:00,2,,0,0,2026-05,2026
65670,pull_request,closed,2026-05-17 10:30:47+00:00,2026-05-18 15:36:12+00:00,1,,0,0,2026-05,2026
65669,pull_request,closed,2026-05-17 07:28:08+00:00,2026-05-18 15:35:34+00:00,1,,0,0,2026-05,2026
65668,pull_request,closed,2026-05-17 05:31:42+00:00,2026-05-20 13:55:50+00:00,3,CI,0,1,2026-05,2026
65666,pull_request,closed,2026-05-17 01:38:45+00:00,2026-05-20 02:44:57+00:00,3,"Performance,Copy / view semantics,Arrow",0,1,2026-05,2026
65665,pull_request,closed,2026-05-17 00:32:02+00:00,2026-05-18 15:35:24+00:00,1,,0,0,2026-05,2026
65663,pull_request,closed,2026-05-16 22:09:49+00:00,2026-05-18 15:44:37+00:00,1,,0,0,2026-05,2026
65662,pull_request,closed,2026-05-16 21:50:15+00:00,2026-05-18 15:35:06+00:00,1,,0,0,2026-05,2026
65658,pull_request,closed,2026-05-16 16:34:22+00:00,2026-05-16 17:20:38+00:00,0,Performance,0,1,2026-05,2026
65657,pull_request,closed,2026-05-16 09:16:38+00:00,2026-05-16 12:04:25+00:00,0,,0,0,2026-05,2026
65653,pull_request,closed,2026-05-15 21:05:55+00:00,2026-05-15 23:52:07+00:00,0,"Bug,Dtype Conversions,Index",1,1,2026-05,2026
65651,pull_request,closed,2026-05-15 20:50:18+00:00,2026-05-16 17:08:20+00:00,0,"Clean,Benchmark",0,1,2026-05,2026
65650,pull_request,closed,2026-05-15 19:46:49+00:00,2026-05-15 20:02:00+00:00,0,,0,0,2026-05,2026
65648,pull_request,closed,2026-05-15 10:34:08+00:00,2026-05-20 16:04:50+00:00,5,"Groupby,Performance",0,1,2026-05,2026
65643,pull_request,closed,2026-05-14 18:16:21+00:00,2026-05-15 02:19:19+00:00,0,,0,0,2026-05,2026
65642,pull_request,closed,2026-05-14 18:03:53+00:00,2026-05-16 17:03:54+00:00,1,Docs,0,1,2026-05,2026
65641,pull_request,closed,2026-05-14 18:01:45+00:00,2026-05-15 16:23:00+00:00,0,Docs,0,1,2026-05,2026
65640,pull_request,closed,2026-05-14 17:56:17+00:00,2026-05-19 20:30:12+00:00,5,"Docs,Groupby",0,1,2026-05,2026
65639,pull_request,closed,2026-05-14 17:42:09+00:00,2026-05-15 16:24:13+00:00,0,Typing,0,1,2026-05,2026
65638,pull_request,closed,2026-05-14 17:37:26+00:00,2026-05-16 17:22:25+00:00,1,Docs,0,1,2026-05,2026
65637,pull_request,closed,2026-05-14 17:28:57+00:00,2026-05-15 16:24:57+00:00,0,Docs,0,1,2026-05,2026
65636,pull_request,closed,2026-05-14 17:22:48+00:00,2026-05-16 17:25:10+00:00,2,Docs,0,1,2026-05,2026
65634,pull_request,closed,2026-05-14 16:58:50+00:00,2026-05-16 17:26:46+00:00,2,Docs,0,1,2026-05,2026
65631,pull_request,closed,2026-05-13 22:09:51+00:00,2026-05-14 16:45:25+00:00,0,"Docs,Error Reporting",0,1,2026-05,2026
65630,pull_request,closed,2026-05-13 17:58:19+00:00,2026-05-14 16:46:48+00:00,0,Typing,0,1,2026-05,2026
65629,pull_request,closed,2026-05-13 17:18:42+00:00,2026-05-16 17:18:05+00:00,2,Typing,0,1,2026-05,2026
65628,pull_request,closed,2026-05-13 14:48:33+00:00,2026-05-13 17:17:26+00:00,0,Visualization,0,1,2026-05,2026
65627,pull_request,closed,2026-05-13 14:25:28+00:00,2026-05-13 16:47:22+00:00,0,"Enhancement,IO CSV,Complex",0,1,2026-05,2026
65626,pull_request,closed,2026-05-13 06:59:01+00:00,2026-05-22 14:59:17+00:00,9,,0,0,2026-05,2026
65625,pull_request,closed,2026-05-13 00:29:22+00:00,2026-05-13 01:23:00+00:00,0,,0,1,2026-05,2026
65624,pull_request,closed,2026-05-13 00:14:04+00:00,2026-05-13 17:18:19+00:00,0,Typing,0,1,2026-05,2026
65623,pull_request,closed,2026-05-13 00:09:37+00:00,2026-05-13 16:51:18+00:00,0,Docs,0,1,2026-05,2026
65622,pull_request,closed,2026-05-12 22:48:25+00:00,2026-05-13 16:52:23+00:00,0,Docs,0,1,2026-05,2026
65621,pull_request,closed,2026-05-12 22:45:40+00:00,2026-05-13 16:53:18+00:00,0,Docs,0,1,2026-05,2026
65620,pull_request,closed,2026-05-12 22:40:41+00:00,2026-05-15 16:15:19+00:00,2,Docs,0,1,2026-05,2026
65619,pull_request,closed,2026-05-12 22:38:38+00:00,2026-05-13 16:54:08+00:00,0,Docs,0,1,2026-05,2026
65618,pull_request,closed,2026-05-12 22:29:45+00:00,2026-05-13 14:26:51+00:00,0,,0,1,2026-05,2026
65617,pull_request,closed,2026-05-12 15:38:02+00:00,2026-05-12 15:39:16+00:00,0,,0,0,2026-05,2026
65616,pull_request,closed,2026-05-12 14:57:42+00:00,2026-05-12 16:12:32+00:00,0,Clean,0,1,2026-05,2026
65614,pull_request,closed,2026-05-12 01:05:00+00:00,2026-05-12 16:16:25+00:00,0,Typing,0,1,2026-05,2026
65613,pull_request,closed,2026-05-12 00:52:32+00:00,2026-05-12 19:20:50+00:00,0,Typing,0,1,2026-05,2026
65612,pull_request,closed,2026-05-12 00:51:47+00:00,2026-05-12 16:17:50+00:00,0,Typing,0,1,2026-05,2026
65611,pull_request,closed,2026-05-12 00:50:07+00:00,2026-05-12 19:21:38+00:00,0,Typing,0,1,2026-05,2026
65610,pull_request,closed,2026-05-12 00:39:54+00:00,2026-05-12 16:18:59+00:00,0,Typing,0,1,2026-05,2026
65609,pull_request,closed,2026-05-12 00:28:19+00:00,2026-05-12 08:27:29+00:00,0,Bug,1,1,2026-05,2026
65605,pull_request,closed,2026-05-11 20:22:11+00:00,2026-05-12 16:22:05+00:00,0,Docs,0,1,2026-05,2026
65600,pull_request,closed,2026-05-11 20:03:20+00:00,2026-05-12 16:29:35+00:00,0,Error Reporting,0,1,2026-05,2026
65599,pull_request,closed,2026-05-11 20:02:53+00:00,2026-05-12 16:27:48+00:00,0,Testing,0,1,2026-05,2026
65598,pull_request,closed,2026-05-11 20:02:25+00:00,2026-05-12 16:31:30+00:00,0,IO HDF5,0,1,2026-05,2026
65596,pull_request,closed,2026-05-11 20:01:28+00:00,2026-05-12 16:26:13+00:00,0,Testing,0,1,2026-05,2026
65594,pull_request,closed,2026-05-11 19:43:12+00:00,2026-05-12 17:47:27+00:00,0,Typing,0,1,2026-05,2026
65592,pull_request,closed,2026-05-11 17:30:20+00:00,2026-05-16 15:31:11+00:00,4,"Deprecate,Describe/info/etc",0,1,2026-05,2026
65591,pull_request,closed,2026-05-11 17:28:21+00:00,2026-05-12 00:27:44+00:00,0,Bug,1,1,2026-05,2026
65590,pull_request,closed,2026-05-11 15:38:41+00:00,2026-05-11 16:12:03+00:00,0,"Build,Release",0,1,2026-05,2026
65589,pull_request,closed,2026-05-11 14:01:16+00:00,2026-05-11 15:27:32+00:00,0,"Docs,Release,Still Needs Manual Backport",0,1,2026-05,2026
65586,pull_request,closed,2026-05-11 10:57:35+00:00,2026-05-11 13:53:03+00:00,0,"CI,Dependencies",0,1,2026-05,2026
65585,pull_request,closed,2026-05-11 10:39:01+00:00,2026-05-14 00:33:52+00:00,2,"Bug,ExtensionArray",1,1,2026-05,2026
65584,pull_request,closed,2026-05-11 05:03:44+00:00,2026-05-11 20:43:58+00:00,0,,0,1,2026-05,2026
65582,pull_request,closed,2026-05-10 22:40:40+00:00,2026-05-12 16:33:18+00:00,1,Error Reporting,0,1,2026-05,2026
65579,pull_request,closed,2026-05-10 19:16:38+00:00,2026-05-11 15:18:09+00:00,0,Docs,0,1,2026-05,2026
65578,pull_request,closed,2026-05-10 18:38:26+00:00,2026-05-11 15:35:09+00:00,0,"Error Reporting,IO HDF5",0,1,2026-05,2026
65569,pull_request,closed,2026-05-10 05:24:27+00:00,2026-05-12 09:39:13+00:00,2,CI,0,1,2026-05,2026
65568,pull_request,closed,2026-05-10 01:31:39+00:00,2026-05-17 20:09:16+00:00,7,,0,0,2026-05,2026
65567,pull_request,closed,2026-05-10 00:37:13+00:00,2026-05-16 17:16:19+00:00,6,IO HDF5,0,1,2026-05,2026
65566,pull_request,closed,2026-05-10 00:14:37+00:00,2026-05-11 15:22:37+00:00,1,"IO HDF5,Period",0,1,2026-05,2026
65565,pull_request,closed,2026-05-09 22:02:31+00:00,2026-05-11 15:20:34+00:00,1,Error Reporting,0,1,2026-05,2026
65563,pull_request,closed,2026-05-09 18:32:20+00:00,2026-05-11 15:24:27+00:00,1,Docs,0,1,2026-05,2026
65562,pull_request,closed,2026-05-09 18:31:17+00:00,2026-05-11 15:40:24+00:00,1,"Error Reporting,IO CSV",0,1,2026-05,2026
65561,pull_request,closed,2026-05-09 18:24:05+00:00,2026-05-11 15:43:15+00:00,1,Docs,0,1,2026-05,2026
65560,pull_request,closed,2026-05-09 18:07:57+00:00,2026-05-11 15:46:11+00:00,1,Docs,0,1,2026-05,2026
65556,pull_request,closed,2026-05-09 14:15:26+00:00,2026-05-12 00:19:42+00:00,2,,0,1,2026-05,2026
65555,pull_request,closed,2026-05-09 14:13:22+00:00,2026-05-13 17:49:28+00:00,4,,0,1,2026-05,2026
65554,pull_request,closed,2026-05-09 12:37:52+00:00,2026-05-09 16:23:21+00:00,0,,0,0,2026-05,2026
65552,pull_request,closed,2026-05-09 05:33:24+00:00,2026-05-09 08:31:13+00:00,0,,0,0,2026-05,2026
65551,pull_request,closed,2026-05-08 22:59:14+00:00,2026-05-15 11:33:31+00:00,6,"Bug,Groupby,NA - MaskedArrays,Transformations",1,1,2026-05,2026
65549,pull_request,closed,2026-05-08 22:49:43+00:00,2026-05-08 23:51:52+00:00,0,Typing,0,1,2026-05,2026
65548,pull_request,closed,2026-05-08 22:38:27+00:00,2026-05-11 15:25:44+00:00,2,Typing,0,1,2026-05,2026
65547,pull_request,closed,2026-05-08 22:32:31+00:00,2026-05-08 23:52:53+00:00,0,Typing,0,1,2026-05,2026
65546,pull_request,closed,2026-05-08 22:31:53+00:00,2026-05-08 23:54:32+00:00,0,Docs,0,1,2026-05,2026
65545,pull_request,closed,2026-05-08 22:26:33+00:00,2026-05-09 11:59:19+00:00,0,"Docs,Groupby,Resample,Clean",0,1,2026-05,2026
65544,pull_request,closed,2026-05-08 22:20:09+00:00,2026-05-08 23:57:05+00:00,0,Docs,0,1,2026-05,2026
65543,pull_request,closed,2026-05-08 22:10:35+00:00,2026-05-08 23:58:20+00:00,0,Typing,0,1,2026-05,2026
65542,pull_request,closed,2026-05-08 22:09:43+00:00,2026-05-08 23:59:47+00:00,0,Docs,0,1,2026-05,2026
65541,pull_request,closed,2026-05-08 22:04:44+00:00,2026-05-09 00:00:52+00:00,0,Typing,0,1,2026-05,2026
65540,pull_request,closed,2026-05-08 22:01:32+00:00,2026-05-09 00:01:49+00:00,0,Typing,0,1,2026-05,2026
65539,pull_request,closed,2026-05-08 21:59:50+00:00,2026-05-09 00:02:40+00:00,0,Docs,0,1,2026-05,2026
65538,pull_request,closed,2026-05-08 21:59:02+00:00,2026-05-11 15:47:40+00:00,2,Docs,0,1,2026-05,2026
65537,pull_request,closed,2026-05-08 21:50:59+00:00,2026-05-09 00:04:02+00:00,0,Typing,0,1,2026-05,2026
65535,pull_request,closed,2026-05-08 21:47:11+00:00,2026-05-09 00:05:19+00:00,0,Typing,0,1,2026-05,2026
65534,pull_request,closed,2026-05-08 21:43:15+00:00,2026-05-09 00:06:35+00:00,0,Typing,0,1,2026-05,2026
65533,pull_request,closed,2026-05-08 21:41:07+00:00,2026-05-09 11:53:40+00:00,0,Typing,0,1,2026-05,2026
65532,pull_request,closed,2026-05-08 21:39:38+00:00,2026-05-12 16:32:16+00:00,3,Docs,0,1,2026-05,2026
65531,pull_request,closed,2026-05-08 21:34:25+00:00,2026-05-09 00:08:30+00:00,0,"Code Style,Clean",0,1,2026-05,2026
65530,pull_request,closed,2026-05-08 21:30:34+00:00,2026-05-15 21:12:56+00:00,6,"Sparse,Needs Tests,Reduction Operations",0,1,2026-05,2026
65527,pull_request,closed,2026-05-08 16:37:50+00:00,2026-05-09 00:09:46+00:00,0,Docs,0,1,2026-05,2026
65522,pull_request,closed,2026-05-08 06:46:29+00:00,2026-05-08 17:53:03+00:00,0,,0,1,2026-05,2026
65520,pull_request,closed,2026-05-08 05:01:35+00:00,2026-05-08 07:49:39+00:00,0,,0,1,2026-05,2026
65519,pull_request,closed,2026-05-08 03:24:44+00:00,2026-05-09 04:57:51+00:00,1,,0,0,2026-05,2026
65517,pull_request,closed,2026-05-08 00:48:35+00:00,2026-05-08 17:48:39+00:00,0,Docs,0,1,2026-05,2026
65516,pull_request,closed,2026-05-08 00:44:34+00:00,2026-05-08 07:51:32+00:00,0,Docs,0,1,2026-05,2026
65514,pull_request,closed,2026-05-08 00:27:34+00:00,2026-05-08 17:20:18+00:00,0,Docs,0,1,2026-05,2026
65512,pull_request,closed,2026-05-08 00:18:02+00:00,2026-05-08 17:45:25+00:00,0,Typing,0,1,2026-05,2026
65509,pull_request,closed,2026-05-07 21:37:33+00:00,2026-05-08 17:50:56+00:00,0,Testing,0,1,2026-05,2026
65508,pull_request,closed,2026-05-07 21:30:47+00:00,2026-05-08 17:52:16+00:00,0,Timezones,0,1,2026-05,2026
65506,pull_request,closed,2026-05-07 21:26:29+00:00,2026-05-08 17:40:33+00:00,0,"Groupby,Resample",0,1,2026-05,2026
65505,pull_request,closed,2026-05-07 21:01:25+00:00,2026-05-08 17:26:11+00:00,0,Docs,0,1,2026-05,2026
65504,pull_request,closed,2026-05-07 20:45:17+00:00,2026-05-08 17:27:24+00:00,0,Docs,0,1,2026-05,2026
65503,pull_request,closed,2026-05-07 20:44:02+00:00,2026-05-08 17:24:59+00:00,0,Docs,0,1,2026-05,2026
65501,pull_request,closed,2026-05-07 16:10:49+00:00,2026-05-07 17:32:36+00:00,0,Arrow,0,1,2026-05,2026
65499,pull_request,closed,2026-05-07 09:42:32+00:00,2026-05-07 16:10:34+00:00,0,Arrow,0,1,2026-05,2026
65498,pull_request,closed,2026-05-07 07:52:45+00:00,2026-05-07 09:00:02+00:00,0,,0,1,2026-05,2026
65497,pull_request,closed,2026-05-07 07:43:20+00:00,2026-05-07 16:17:16+00:00,0,Testing,0,1,2026-05,2026
65496,pull_request,closed,2026-05-07 06:59:27+00:00,2026-05-07 14:11:34+00:00,0,,0,1,2026-05,2026
65493,pull_request,closed,2026-05-06 21:45:08+00:00,2026-05-08 17:54:36+00:00,1,"Testing,Complex",0,1,2026-05,2026
65492,pull_request,closed,2026-05-06 21:27:52+00:00,2026-05-06 22:14:19+00:00,0,Docs,0,1,2026-05,2026
65491,pull_request,closed,2026-05-06 20:43:37+00:00,2026-05-06 22:18:59+00:00,0,Internals,0,1,2026-05,2026
65490,pull_request,closed,2026-05-06 20:33:55+00:00,2026-05-06 22:17:54+00:00,0,Performance,0,1,2026-05,2026
65489,pull_request,closed,2026-05-06 16:59:55+00:00,2026-05-06 18:06:20+00:00,0,"CI,Arrow",0,1,2026-05,2026
65487,pull_request,closed,2026-05-06 12:56:20+00:00,2026-05-06 13:00:25+00:00,0,,0,0,2026-05,2026
65486,pull_request,closed,2026-05-06 12:47:44+00:00,2026-05-06 13:53:49+00:00,0,,0,1,2026-05,2026
65485,pull_request,closed,2026-05-06 12:33:14+00:00,2026-05-06 13:54:04+00:00,0,,0,1,2026-05,2026
65484,pull_request,closed,2026-05-06 10:53:19+00:00,2026-05-06 13:00:51+00:00,0,,0,0,2026-05,2026
65482,pull_request,closed,2026-05-06 09:21:40+00:00,2026-05-06 20:33:47+00:00,0,Performance,0,1,2026-05,2026
65481,pull_request,closed,2026-05-06 08:49:38+00:00,2026-05-06 15:59:16+00:00,0,"Performance,Timezones",0,1,2026-05,2026
65480,pull_request,closed,2026-05-06 08:45:39+00:00,2026-05-07 07:30:00+00:00,0,"Performance,Timezones",0,1,2026-05,2026
65477,pull_request,closed,2026-05-05 22:40:30+00:00,2026-05-14 02:13:12+00:00,8,,0,0,2026-05,2026
65476,pull_request,closed,2026-05-05 22:03:18+00:00,2026-05-07 16:18:47+00:00,1,Testing,0,1,2026-05,2026
65474,pull_request,closed,2026-05-05 20:46:43+00:00,2026-05-06 22:24:52+00:00,1,,0,1,2026-05,2026
65470,pull_request,closed,2026-05-05 14:39:33+00:00,2026-05-05 16:36:10+00:00,0,"Bug,IO Data",1,1,2026-05,2026
65466,pull_request,closed,2026-05-05 04:52:29+00:00,2026-05-11 08:43:07+00:00,6,"Deprecate,inplace",0,1,2026-05,2026
65465,pull_request,closed,2026-05-05 02:43:36+00:00,2026-05-05 16:38:36+00:00,0,Typing,0,1,2026-05,2026
65464,pull_request,closed,2026-05-04 16:30:09+00:00,2026-05-04 22:29:41+00:00,0,Code Style,0,1,2026-05,2026
65463,pull_request,closed,2026-05-04 15:29:53+00:00,2026-05-05 13:03:26+00:00,0,CI,0,1,2026-05,2026
65461,pull_request,closed,2026-05-04 12:54:04+00:00,2026-05-04 15:21:41+00:00,0,CI,0,1,2026-05,2026
65460,pull_request,closed,2026-05-04 10:15:00+00:00,2026-05-11 21:12:05+00:00,7,,0,0,2026-05,2026
65459,pull_request,closed,2026-05-04 09:25:10+00:00,2026-05-04 15:07:13+00:00,0,"CI,Dependencies",0,1,2026-05,2026
65456,pull_request,closed,2026-05-04 02:55:13+00:00,2026-05-11 21:16:46+00:00,7,,0,0,2026-05,2026
65455,pull_request,closed,2026-05-03 21:06:59+00:00,2026-05-10 16:08:35+00:00,6,"Build,CI",0,1,2026-05,2026
65454,pull_request,closed,2026-05-03 16:21:59+00:00,2026-05-08 17:59:38+00:00,5,,0,1,2026-05,2026
65453,pull_request,closed,2026-05-03 16:10:00+00:00,2026-05-04 15:28:37+00:00,0,Benchmark,0,1,2026-05,2026
65451,pull_request,closed,2026-05-03 15:33:37+00:00,2026-05-04 15:31:19+00:00,0,Testing,0,1,2026-05,2026
65450,pull_request,closed,2026-05-03 15:16:50+00:00,2026-05-04 15:32:49+00:00,1,IO JSON,0,1,2026-05,2026
65449,pull_request,closed,2026-05-03 14:38:01+00:00,2026-05-03 17:30:40+00:00,0,Benchmark,0,1,2026-05,2026
65447,pull_request,closed,2026-05-03 05:21:18+00:00,2026-05-03 17:25:54+00:00,0,CI,0,1,2026-05,2026
65445,pull_request,closed,2026-05-02 07:47:58+00:00,2026-05-03 14:36:58+00:00,1,,0,1,2026-05,2026
65441,pull_request,closed,2026-05-01 08:04:13+00:00,2026-05-06 00:44:31+00:00,4,"Docs,Missing-data",0,1,2026-05,2026
65440,pull_request,closed,2026-05-01 01:53:18+00:00,2026-05-01 16:11:54+00:00,0,Testing,0,1,2026-05,2026
65439,pull_request,closed,2026-05-01 01:47:40+00:00,2026-05-07 16:20:18+00:00,6,Testing,0,1,2026-05,2026
65438,pull_request,closed,2026-05-01 01:45:09+00:00,2026-05-03 17:36:43+00:00,2,"Bug,Period",1,1,2026-05,2026
65437,pull_request,closed,2026-05-01 01:41:25+00:00,2026-05-01 16:14:16+00:00,0,"Bug,Output-Formatting",1,1,2026-05,2026
65436,pull_request,closed,2026-04-30 20:01:27+00:00,2026-05-03 15:21:05+00:00,2,"Visualization,Compat",0,1,2026-04,2026
65435,pull_request,closed,2026-04-30 17:38:11+00:00,2026-05-03 17:38:52+00:00,3,"Bug,Timestamp",1,1,2026-04,2026
65434,pull_request,closed,2026-04-30 17:34:35+00:00,2026-05-01 16:08:41+00:00,0,Clean,0,1,2026-04,2026
65433,pull_request,closed,2026-04-30 16:40:03+00:00,2026-05-02 17:16:51+00:00,2,CI,0,1,2026-04,2026
65432,pull_request,closed,2026-04-30 16:33:11+00:00,2026-05-17 13:24:27+00:00,16,"Period,Deprecate",0,1,2026-04,2026
65431,pull_request,closed,2026-04-30 16:24:55+00:00,2026-05-07 13:03:12+00:00,6,,0,1,2026-04,2026
65430,pull_request,closed,2026-04-30 16:20:12+00:00,2026-05-01 11:26:45+00:00,0,CI,0,1,2026-04,2026
65429,pull_request,closed,2026-04-30 16:06:07+00:00,2026-04-30 16:58:15+00:00,0,Refactor,0,1,2026-04,2026
65427,pull_request,closed,2026-04-30 10:52:27+00:00,2026-05-06 17:27:31+00:00,6,,0,0,2026-04,2026
65426,pull_request,closed,2026-04-30 09:43:53+00:00,2026-04-30 20:19:48+00:00,0,Docs,0,1,2026-04,2026
65425,pull_request,closed,2026-04-30 08:39:27+00:00,2026-04-30 09:20:26+00:00,0,Docs,0,1,2026-04,2026
65424,pull_request,closed,2026-04-30 08:27:30+00:00,2026-04-30 16:25:26+00:00,0,CI,0,1,2026-04,2026
65423,pull_request,closed,2026-04-29 22:17:02+00:00,2026-04-30 15:29:13+00:00,0,,0,0,2026-04,2026
65422,pull_request,closed,2026-04-29 21:59:35+00:00,2026-05-07 16:21:33+00:00,7,Testing,0,1,2026-04,2026
65421,pull_request,closed,2026-04-29 21:27:08+00:00,2026-04-30 16:54:13+00:00,0,Clean,0,1,2026-04,2026
65418,pull_request,closed,2026-04-29 20:36:27+00:00,2026-05-06 18:04:56+00:00,6,Bug,1,1,2026-04,2026
65417,pull_request,closed,2026-04-29 20:35:30+00:00,2026-04-30 16:53:34+00:00,0,Clean,0,1,2026-04,2026
65416,pull_request,closed,2026-04-29 17:13:49+00:00,2026-04-30 16:52:32+00:00,0,Clean,0,1,2026-04,2026
65415,pull_request,closed,2026-04-29 16:06:50+00:00,2026-04-30 06:44:34+00:00,0,"Timezones,Arrow",0,1,2026-04,2026
65413,pull_request,closed,2026-04-29 13:57:51+00:00,2026-05-06 00:46:18+00:00,6,"Bug,Missing-data,Categorical,Apply",1,1,2026-04,2026
65411,pull_request,closed,2026-04-29 12:36:40+00:00,2026-04-29 16:06:06+00:00,0,"Timezones,Arrow",0,1,2026-04,2026
65410,pull_request,closed,2026-04-29 12:33:07+00:00,2026-05-06 16:59:25+00:00,7,"CI,Arrow",0,1,2026-04,2026
65409,pull_request,closed,2026-04-29 10:05:35+00:00,2026-05-08 21:18:27+00:00,9,,0,1,2026-04,2026
65407,pull_request,closed,2026-04-29 07:51:07+00:00,2026-04-29 08:51:48+00:00,0,,0,1,2026-04,2026
65406,pull_request,closed,2026-04-29 07:49:38+00:00,2026-04-29 08:51:36+00:00,0,,0,1,2026-04,2026
65405,pull_request,closed,2026-04-29 00:35:03+00:00,2026-05-05 22:32:00+00:00,6,Docs,0,1,2026-04,2026
65404,pull_request,closed,2026-04-28 23:57:15+00:00,2026-04-29 07:52:52+00:00,0,,0,1,2026-04,2026
65403,pull_request,closed,2026-04-28 18:18:16+00:00,2026-04-28 23:56:43+00:00,0,,0,1,2026-04,2026
65402,pull_request,closed,2026-04-28 17:49:38+00:00,2026-04-28 18:58:09+00:00,0,Testing,0,1,2026-04,2026
65401,pull_request,closed,2026-04-28 15:12:39+00:00,2026-04-29 08:18:19+00:00,0,"Bug,Strings,Arrow",1,1,2026-04,2026
65400,pull_request,closed,2026-04-28 15:11:12+00:00,2026-04-28 17:50:37+00:00,0,"Bug,Compat",1,1,2026-04,2026
65399,pull_request,closed,2026-04-28 14:53:48+00:00,2026-04-30 08:39:18+00:00,1,Docs,0,1,2026-04,2026
65398,pull_request,closed,2026-04-28 13:50:16+00:00,2026-04-28 15:11:52+00:00,0,,0,1,2026-04,2026
65397,pull_request,closed,2026-04-28 13:31:08+00:00,2026-04-28 15:54:43+00:00,0,,0,1,2026-04,2026
65396,pull_request,closed,2026-04-28 07:06:57+00:00,2026-05-14 17:46:45+00:00,16,,0,1,2026-04,2026
65395,pull_request,closed,2026-04-28 03:25:29+00:00,2026-05-07 20:53:53+00:00,9,Performance,0,1,2026-04,2026
65394,pull_request,closed,2026-04-28 03:19:19+00:00,2026-04-28 17:52:36+00:00,0,Clean,0,1,2026-04,2026
65392,pull_request,closed,2026-04-28 03:05:28+00:00,2026-04-28 16:45:36+00:00,0,,0,1,2026-04,2026
65391,pull_request,closed,2026-04-28 03:04:54+00:00,2026-04-28 17:56:47+00:00,0,Missing-data,0,1,2026-04,2026
65390,pull_request,closed,2026-04-28 03:03:12+00:00,2026-04-28 18:00:03+00:00,0,Frequency,0,1,2026-04,2026
65388,pull_request,closed,2026-04-28 02:51:59+00:00,2026-04-28 18:46:46+00:00,0,Timedelta,0,1,2026-04,2026
65387,pull_request,closed,2026-04-28 02:45:10+00:00,2026-04-28 17:55:23+00:00,0,,0,1,2026-04,2026
65386,pull_request,closed,2026-04-28 02:37:19+00:00,2026-04-28 18:01:42+00:00,0,,0,0,2026-04,2026
65385,pull_request,closed,2026-04-28 02:19:55+00:00,2026-04-29 08:20:47+00:00,1,Docs,0,1,2026-04,2026
65383,pull_request,closed,2026-04-28 02:07:15+00:00,2026-04-28 18:50:11+00:00,0,Typing,0,1,2026-04,2026
65379,pull_request,closed,2026-04-27 15:26:11+00:00,2026-04-27 16:20:53+00:00,0,CI,0,1,2026-04,2026
65377,pull_request,closed,2026-04-27 10:19:29+00:00,2026-04-27 10:27:57+00:00,0,,0,0,2026-04,2026
65376,pull_request,closed,2026-04-27 09:05:15+00:00,2026-04-27 17:35:08+00:00,0,"CI,Dependencies",0,1,2026-04,2026
65374,pull_request,closed,2026-04-27 02:33:17+00:00,2026-04-27 21:09:31+00:00,0,Docs,0,1,2026-04,2026
65371,pull_request,closed,2026-04-26 13:20:35+00:00,2026-05-05 21:32:50+00:00,9,"Docs,Dtype Conversions",0,1,2026-04,2026
65370,pull_request,closed,2026-04-26 11:31:52+00:00,2026-04-29 16:31:56+00:00,3,,0,0,2026-04,2026
65367,pull_request,closed,2026-04-25 13:00:30+00:00,2026-05-07 02:24:59+00:00,11,,0,0,2026-04,2026
65363,pull_request,closed,2026-04-24 21:22:16+00:00,2026-04-28 18:59:43+00:00,3,"Performance,IO SAS",0,1,2026-04,2026
65360,pull_request,closed,2026-04-24 13:57:29+00:00,2026-05-03 13:50:52+00:00,8,"Bug,expressions",1,1,2026-04,2026
65359,pull_request,closed,2026-04-24 13:24:00+00:00,2026-04-27 15:20:29+00:00,3,CI,0,1,2026-04,2026
65356,pull_request,closed,2026-04-24 08:26:45+00:00,2026-04-28 02:35:44+00:00,3,,0,1,2026-04,2026
65354,pull_request,closed,2026-04-24 02:10:37+00:00,2026-04-28 21:12:34+00:00,4,Indexing,0,1,2026-04,2026
65352,pull_request,closed,2026-04-24 00:13:19+00:00,2026-04-29 21:16:28+00:00,5,,0,0,2026-04,2026
65348,pull_request,closed,2026-04-23 17:06:45+00:00,2026-04-24 06:43:51+00:00,0,"CI,Typing",0,1,2026-04,2026
65346,pull_request,closed,2026-04-23 15:19:54+00:00,2026-04-23 17:06:16+00:00,0,"CI,Typing",0,1,2026-04,2026
65344,pull_request,closed,2026-04-23 07:34:20+00:00,2026-05-08 00:15:35+00:00,14,,0,1,2026-04,2026
65343,pull_request,closed,2026-04-23 04:46:16+00:00,2026-04-25 15:05:15+00:00,2,,0,0,2026-04,2026
65342,pull_request,closed,2026-04-23 03:24:49+00:00,2026-05-03 13:22:25+00:00,10,"Bug,Missing-data,Timestamp",1,1,2026-04,2026
65341,pull_request,closed,2026-04-22 22:04:22+00:00,2026-04-28 19:06:30+00:00,5,Docs,0,1,2026-04,2026
65340,pull_request,closed,2026-04-22 22:03:52+00:00,2026-04-23 16:53:12+00:00,0,CI,0,1,2026-04,2026
65339,pull_request,closed,2026-04-22 22:03:23+00:00,2026-04-29 16:10:46+00:00,6,Docs,0,1,2026-04,2026
65338,pull_request,closed,2026-04-22 21:55:43+00:00,2026-04-23 17:19:17+00:00,0,Docs,0,1,2026-04,2026
65337,pull_request,closed,2026-04-22 21:18:58+00:00,2026-05-06 18:03:44+00:00,13,Performance,0,1,2026-04,2026
65336,pull_request,closed,2026-04-22 17:36:46+00:00,2026-04-22 19:19:49+00:00,0,,0,0,2026-04,2026
65335,pull_request,closed,2026-04-22 16:54:48+00:00,2026-05-11 21:17:22+00:00,19,,0,1,2026-04,2026
65334,pull_request,closed,2026-04-22 16:03:07+00:00,2026-04-23 08:27:19+00:00,0,,0,1,2026-04,2026
65332,pull_request,closed,2026-04-22 08:56:08+00:00,2026-05-05 21:34:23+00:00,13,"Bug,Groupby",1,1,2026-04,2026
65331,pull_request,closed,2026-04-22 07:32:08+00:00,2026-04-24 07:04:04+00:00,1,"Build,CI",0,1,2026-04,2026
65330,pull_request,closed,2026-04-22 05:40:30+00:00,2026-04-22 15:57:18+00:00,0,,0,0,2026-04,2026
65328,pull_request,closed,2026-04-22 04:06:23+00:00,2026-04-28 14:37:48+00:00,6,AI Slop,0,0,2026-04,2026
65327,pull_request,closed,2026-04-22 03:39:26+00:00,2026-04-22 15:57:40+00:00,0,,0,0,2026-04,2026
65325,pull_request,closed,2026-04-21 23:48:23+00:00,2026-04-22 00:44:58+00:00,0,,0,1,2026-04,2026
65323,pull_request,closed,2026-04-21 23:44:03+00:00,2026-04-22 00:45:21+00:00,0,,0,1,2026-04,2026
65322,pull_request,closed,2026-04-21 22:49:20+00:00,2026-04-29 16:20:55+00:00,7,Refactor,0,1,2026-04,2026
65321,pull_request,closed,2026-04-21 21:25:39+00:00,2026-04-22 04:43:19+00:00,0,,0,0,2026-04,2026
65319,pull_request,closed,2026-04-21 15:55:48+00:00,2026-04-21 16:46:58+00:00,0,,0,1,2026-04,2026
65318,pull_request,closed,2026-04-21 09:26:56+00:00,2026-04-21 17:55:42+00:00,0,"Bug,ExtensionArray",1,1,2026-04,2026
65316,pull_request,closed,2026-04-21 02:30:23+00:00,2026-04-29 08:29:55+00:00,8,"ExtensionArray,Index",0,1,2026-04,2026
65313,pull_request,closed,2026-04-20 21:02:10+00:00,2026-04-21 15:45:42+00:00,0,,0,1,2026-04,2026
65312,pull_request,closed,2026-04-20 19:01:45+00:00,2026-04-21 02:42:02+00:00,0,,0,0,2026-04,2026
65310,pull_request,closed,2026-04-20 08:51:05+00:00,2026-04-20 15:39:53+00:00,0,"CI,Dependencies",0,1,2026-04,2026
65309,pull_request,closed,2026-04-20 08:50:45+00:00,2026-04-20 15:39:15+00:00,0,"CI,Dependencies",0,1,2026-04,2026
65306,pull_request,closed,2026-04-20 04:08:09+00:00,2026-04-20 04:39:16+00:00,0,,0,0,2026-04,2026
65305,pull_request,closed,2026-04-20 02:54:57+00:00,2026-04-20 03:37:34+00:00,0,,0,0,2026-04,2026
65304,pull_request,closed,2026-04-20 02:26:13+00:00,2026-04-20 02:28:07+00:00,0,,0,0,2026-04,2026
65303,pull_request,closed,2026-04-20 02:14:04+00:00,2026-04-20 02:18:00+00:00,0,,0,0,2026-04,2026
65302,pull_request,closed,2026-04-19 20:00:33+00:00,2026-04-21 17:22:17+00:00,1,Performance,0,1,2026-04,2026
65301,pull_request,closed,2026-04-19 19:38:52+00:00,2026-05-07 17:34:21+00:00,17,"Bug,Reshaping",1,1,2026-04,2026
65300,pull_request,closed,2026-04-19 18:36:41+00:00,2026-05-03 02:47:49+00:00,13,CI,0,1,2026-04,2026
65299,pull_request,closed,2026-04-19 17:20:02+00:00,2026-05-11 21:18:06+00:00,22,,0,0,2026-04,2026
65297,pull_request,closed,2026-04-19 15:56:41+00:00,2026-04-20 15:47:37+00:00,0,"Refactor,NA - MaskedArrays",0,1,2026-04,2026
65296,pull_request,closed,2026-04-19 15:55:40+00:00,2026-04-20 15:39:32+00:00,0,Refactor,0,0,2026-04,2026
65295,pull_request,closed,2026-04-19 15:17:48+00:00,2026-05-16 14:17:36+00:00,26,"Performance,Algos",0,1,2026-04,2026
65292,pull_request,closed,2026-04-19 06:38:43+00:00,2026-04-19 20:08:39+00:00,0,,0,0,2026-04,2026
65289,pull_request,closed,2026-04-19 02:50:00+00:00,2026-04-19 18:59:10+00:00,0,,0,0,2026-04,2026
65288,pull_request,closed,2026-04-19 02:32:22+00:00,2026-04-20 15:12:49+00:00,1,,0,1,2026-04,2026
65285,pull_request,closed,2026-04-19 00:49:23+00:00,2026-04-20 15:52:31+00:00,1,Refactor,0,1,2026-04,2026
65282,pull_request,closed,2026-04-18 22:03:11+00:00,2026-04-19 19:31:10+00:00,0,Bug,1,0,2026-04,2026
65281,pull_request,closed,2026-04-18 21:28:45+00:00,2026-04-18 21:42:21+00:00,0,CI,0,1,2026-04,2026
65279,pull_request,closed,2026-04-18 18:33:18+00:00,2026-04-21 17:14:57+00:00,2,"Performance,Index",0,1,2026-04,2026
65276,pull_request,closed,2026-04-18 17:12:53+00:00,2026-04-18 21:10:02+00:00,0,Refactor,0,1,2026-04,2026
65275,pull_request,closed,2026-04-18 16:54:40+00:00,2026-05-06 17:38:13+00:00,18,,0,0,2026-04,2026
65274,pull_request,closed,2026-04-18 01:33:07+00:00,2026-04-24 20:00:47+00:00,6,,0,0,2026-04,2026
65273,pull_request,closed,2026-04-17 22:27:30+00:00,2026-04-18 21:08:35+00:00,0,"Bug,numba",1,1,2026-04,2026
65272,pull_request,closed,2026-04-17 21:35:18+00:00,2026-04-20 14:53:06+00:00,2,,0,0,2026-04,2026
65271,pull_request,closed,2026-04-17 15:35:37+00:00,2026-04-17 16:00:36+00:00,0,Clean,0,1,2026-04,2026
65270,pull_request,closed,2026-04-17 15:06:24+00:00,2026-04-19 15:59:05+00:00,2,"Deprecate,Mothballed",0,0,2026-04,2026
65269,pull_request,closed,2026-04-17 08:35:05+00:00,2026-04-17 15:42:45+00:00,0,,0,0,2026-04,2026
65268,pull_request,closed,2026-04-17 01:18:41+00:00,2026-04-27 20:54:17+00:00,10,"Bug,Index",1,1,2026-04,2026
65267,pull_request,closed,2026-04-16 23:13:41+00:00,2026-05-06 20:58:37+00:00,19,,0,0,2026-04,2026
65266,pull_request,closed,2026-04-16 21:23:52+00:00,2026-04-18 16:58:25+00:00,1,Refactor,0,1,2026-04,2026
65265,pull_request,closed,2026-04-16 20:43:44+00:00,2026-05-08 17:59:21+00:00,21,Refactor,0,1,2026-04,2026
65264,pull_request,closed,2026-04-16 20:37:12+00:00,2026-04-17 16:02:12+00:00,0,"Bug,Indexing",1,1,2026-04,2026
65263,pull_request,closed,2026-04-16 19:59:13+00:00,2026-05-11 21:18:54+00:00,25,,0,0,2026-04,2026
65262,pull_request,closed,2026-04-16 19:35:44+00:00,2026-04-16 20:48:20+00:00,0,"Bug,Arrow",1,1,2026-04,2026
65261,pull_request,closed,2026-04-16 13:57:24+00:00,2026-04-16 16:49:49+00:00,0,CI,0,1,2026-04,2026
65260,pull_request,closed,2026-04-16 13:17:47+00:00,2026-04-16 16:09:26+00:00,0,,0,1,2026-04,2026
65259,pull_request,closed,2026-04-16 13:12:51+00:00,2026-04-16 13:53:25+00:00,0,,0,1,2026-04,2026
65258,pull_request,closed,2026-04-16 13:10:50+00:00,2026-04-16 13:58:47+00:00,0,Docs,0,1,2026-04,2026
65257,pull_request,closed,2026-04-16 13:06:28+00:00,2026-04-16 13:52:59+00:00,0,,0,1,2026-04,2026
65256,pull_request,closed,2026-04-16 12:59:31+00:00,2026-04-16 13:58:17+00:00,0,"Bug,Strings,Arrow",1,1,2026-04,2026
65255,pull_request,closed,2026-04-16 12:51:55+00:00,2026-04-16 19:35:13+00:00,0,"Bug,Arrow",1,1,2026-04,2026
65246,pull_request,closed,2026-04-14 23:30:09+00:00,2026-04-15 17:08:10+00:00,0,Bug,1,0,2026-04,2026
65245,pull_request,closed,2026-04-14 23:27:19+00:00,2026-04-17 00:49:36+00:00,2,Bug,1,0,2026-04,2026
65244,pull_request,closed,2026-04-14 23:23:19+00:00,2026-04-17 15:49:52+00:00,2,"Bug,Internals",1,1,2026-04,2026
65241,pull_request,closed,2026-04-14 22:44:22+00:00,2026-04-21 17:23:23+00:00,6,"Bug,Indexing,ExtensionArray",1,1,2026-04,2026
65240,pull_request,closed,2026-04-14 22:43:16+00:00,2026-04-20 20:33:33+00:00,5,Bug,1,0,2026-04,2026
65239,pull_request,closed,2026-04-14 22:40:22+00:00,2026-04-21 17:36:08+00:00,6,"Bug,MultiIndex,Interval",1,1,2026-04,2026
65234,pull_request,closed,2026-04-14 22:15:27+00:00,2026-04-21 18:41:42+00:00,6,"Bug,MultiIndex",1,1,2026-04,2026
65235,pull_request,closed,2026-04-14 22:15:27+00:00,2026-04-22 16:28:22+00:00,7,"Bug,Indexing",1,1,2026-04,2026
65233,pull_request,closed,2026-04-14 22:07:47+00:00,2026-04-16 17:50:05+00:00,1,Refactor,0,1,2026-04,2026
65232,pull_request,closed,2026-04-14 22:05:16+00:00,2026-04-16 17:56:18+00:00,1,Testing,0,1,2026-04,2026
65230,pull_request,closed,2026-04-14 21:56:21+00:00,2026-04-16 17:41:46+00:00,1,Bug,1,1,2026-04,2026
65229,pull_request,closed,2026-04-14 21:53:26+00:00,2026-04-20 20:20:15+00:00,5,"Bug,Needs Discussion",1,1,2026-04,2026
65228,pull_request,closed,2026-04-14 21:50:19+00:00,2026-04-15 15:54:55+00:00,0,CI,0,1,2026-04,2026
65225,pull_request,closed,2026-04-14 17:32:11+00:00,2026-04-16 17:37:13+00:00,2,Refactor,0,1,2026-04,2026
65224,pull_request,closed,2026-04-14 17:28:16+00:00,2026-04-17 00:47:32+00:00,2,Testing,0,1,2026-04,2026
65222,pull_request,closed,2026-04-14 16:07:21+00:00,2026-04-20 15:25:01+00:00,5,Multithreading,0,0,2026-04,2026
65221,pull_request,closed,2026-04-14 15:43:07+00:00,2026-04-16 17:47:36+00:00,2,"Bug,MultiIndex",1,1,2026-04,2026
65219,pull_request,closed,2026-04-13 23:49:54+00:00,2026-04-30 01:35:35+00:00,16,,0,1,2026-04,2026
65217,pull_request,closed,2026-04-13 23:00:00+00:00,2026-04-14 16:29:47+00:00,0,"Bug,duplicated",1,1,2026-04,2026
65216,pull_request,closed,2026-04-13 22:39:41+00:00,2026-04-14 18:49:35+00:00,0,Build,0,1,2026-04,2026
65215,pull_request,closed,2026-04-13 20:13:50+00:00,2026-05-08 18:59:09+00:00,24,,0,0,2026-04,2026
65214,pull_request,closed,2026-04-13 18:54:37+00:00,2026-04-13 20:28:17+00:00,0,,0,1,2026-04,2026
65211,pull_request,closed,2026-04-13 17:55:26+00:00,2026-05-03 13:42:01+00:00,19,"Groupby,Performance,Arrow",0,1,2026-04,2026
65209,pull_request,closed,2026-04-13 16:41:24+00:00,2026-04-14 16:31:04+00:00,0,Refactor,0,1,2026-04,2026
65208,pull_request,closed,2026-04-13 14:29:10+00:00,2026-04-14 21:52:21+00:00,1,,0,1,2026-04,2026
65207,pull_request,closed,2026-04-13 08:33:03+00:00,2026-04-13 15:49:41+00:00,0,"CI,Dependencies",0,1,2026-04,2026
65206,pull_request,closed,2026-04-13 08:32:59+00:00,2026-04-13 16:03:46+00:00,0,"CI,Dependencies",0,1,2026-04,2026
65204,pull_request,closed,2026-04-13 08:32:56+00:00,2026-04-13 15:45:02+00:00,0,"CI,Dependencies",0,1,2026-04,2026
65203,pull_request,closed,2026-04-13 08:32:46+00:00,2026-04-13 16:01:17+00:00,0,"Build,CI,Dependencies",0,1,2026-04,2026
65202,pull_request,closed,2026-04-13 08:32:40+00:00,2026-04-13 15:42:39+00:00,0,"CI,Dependencies",0,1,2026-04,2026
65201,pull_request,closed,2026-04-13 04:35:20+00:00,2026-04-13 16:52:11+00:00,0,,0,1,2026-04,2026
65199,pull_request,closed,2026-04-13 00:05:59+00:00,2026-04-29 00:18:16+00:00,16,"Performance,Reshaping",0,1,2026-04,2026
65198,pull_request,closed,2026-04-12 19:55:22+00:00,2026-04-13 16:00:18+00:00,0,"Refactor,Period",0,1,2026-04,2026
65197,pull_request,closed,2026-04-12 19:31:23+00:00,2026-04-13 15:53:10+00:00,0,Dependencies,0,1,2026-04,2026
65196,pull_request,closed,2026-04-12 19:04:14+00:00,2026-04-13 22:25:47+00:00,1,CI,0,1,2026-04,2026
65193,pull_request,closed,2026-04-12 15:13:35+00:00,2026-04-12 18:43:44+00:00,0,Refactor,0,1,2026-04,2026
65192,pull_request,closed,2026-04-12 15:08:44+00:00,2026-05-09 15:43:52+00:00,27,Performance,0,1,2026-04,2026
65191,pull_request,closed,2026-04-12 15:05:14+00:00,2026-04-13 17:12:33+00:00,1,Refactor,0,1,2026-04,2026
65189,pull_request,closed,2026-04-12 09:14:52+00:00,2026-05-08 18:59:43+00:00,26,,0,0,2026-04,2026
65188,pull_request,closed,2026-04-12 01:26:58+00:00,2026-04-12 18:46:03+00:00,0,"Bug,Interval",1,1,2026-04,2026
65186,pull_request,closed,2026-04-12 00:19:03+00:00,2026-04-12 18:48:29+00:00,0,"Bug,Timedelta",1,1,2026-04,2026
65185,pull_request,closed,2026-04-11 23:36:12+00:00,2026-04-12 20:47:10+00:00,0,Refactor,0,1,2026-04,2026
65184,pull_request,closed,2026-04-11 23:33:52+00:00,2026-04-12 18:39:27+00:00,0,Refactor,0,1,2026-04,2026
65182,pull_request,closed,2026-04-11 22:55:57+00:00,2026-04-13 16:02:31+00:00,1,Refactor,0,1,2026-04,2026
65180,pull_request,closed,2026-04-11 22:49:12+00:00,2026-04-12 18:51:52+00:00,0,Performance,0,1,2026-04,2026
65179,pull_request,closed,2026-04-11 22:06:41+00:00,2026-04-18 17:01:52+00:00,6,Testing,0,1,2026-04,2026
65178,pull_request,closed,2026-04-11 19:18:59+00:00,2026-04-20 20:24:19+00:00,9,Clean,0,0,2026-04,2026
65177,pull_request,closed,2026-04-11 19:07:04+00:00,2026-04-16 17:45:31+00:00,4,Testing,0,1,2026-04,2026
65176,pull_request,closed,2026-04-11 19:03:13+00:00,2026-04-29 21:39:36+00:00,18,"Performance,Categorical",0,1,2026-04,2026
65175,pull_request,closed,2026-04-11 18:58:18+00:00,2026-04-15 14:26:28+00:00,3,Refactor,0,1,2026-04,2026
65174,pull_request,closed,2026-04-11 18:55:28+00:00,2026-04-16 17:52:05+00:00,4,"Refactor,Interval",0,1,2026-04,2026
65171,pull_request,closed,2026-04-11 18:37:15+00:00,2026-04-12 18:53:26+00:00,1,Refactor,0,1,2026-04,2026
65170,pull_request,closed,2026-04-11 18:28:42+00:00,2026-04-20 20:20:39+00:00,9,Bug,1,1,2026-04,2026
65169,pull_request,closed,2026-04-11 18:22:11+00:00,2026-04-19 15:59:18+00:00,7,"Deprecate,Mothballed",0,0,2026-04,2026
65168,pull_request,closed,2026-04-11 18:14:01+00:00,2026-04-16 18:01:19+00:00,4,"Bug,Timedelta",1,1,2026-04,2026
65167,pull_request,closed,2026-04-11 17:40:03+00:00,2026-04-11 17:58:22+00:00,0,CI,0,1,2026-04,2026
65166,pull_request,closed,2026-04-11 17:01:17+00:00,2026-04-13 17:13:31+00:00,2,"Datetime,Windows,Needs Tests",0,1,2026-04,2026
65165,pull_request,closed,2026-04-11 15:52:10+00:00,2026-05-16 14:08:28+00:00,34,"Performance,Algos,Non-Nano",0,1,2026-04,2026
65163,pull_request,closed,2026-04-11 00:48:48+00:00,2026-04-19 15:57:56+00:00,8,Deprecate,0,0,2026-04,2026
65162,pull_request,closed,2026-04-11 00:47:09+00:00,2026-04-11 17:03:56+00:00,0,Refactor,0,1,2026-04,2026
65161,pull_request,closed,2026-04-11 00:35:32+00:00,2026-04-13 15:57:45+00:00,2,Refactor,0,1,2026-04,2026
65158,pull_request,closed,2026-04-10 21:12:45+00:00,2026-04-11 17:08:21+00:00,0,Refactor,0,1,2026-04,2026
65157,pull_request,closed,2026-04-10 18:56:31+00:00,2026-04-11 17:10:19+00:00,0,"Error Reporting,ExtensionArray",0,1,2026-04,2026
65156,pull_request,closed,2026-04-10 18:48:16+00:00,2026-05-08 19:04:05+00:00,28,,0,1,2026-04,2026
65155,pull_request,closed,2026-04-10 18:36:45+00:00,2026-04-11 17:12:08+00:00,0,Docs,0,1,2026-04,2026
65154,pull_request,closed,2026-04-10 18:22:31+00:00,2026-04-10 21:04:49+00:00,0,Docs,0,1,2026-04,2026
65153,pull_request,closed,2026-04-10 16:53:46+00:00,2026-04-12 18:57:20+00:00,2,Benchmark,0,1,2026-04,2026
65152,pull_request,closed,2026-04-10 13:50:56+00:00,2026-04-10 15:42:46+00:00,0,,0,0,2026-04,2026
65151,pull_request,closed,2026-04-10 13:50:51+00:00,2026-04-10 15:42:28+00:00,0,,0,0,2026-04,2026
65149,pull_request,closed,2026-04-10 12:44:56+00:00,2026-04-16 19:38:14+00:00,6,Docs,0,1,2026-04,2026
65148,pull_request,closed,2026-04-10 11:00:54+00:00,2026-04-10 16:10:32+00:00,0,"Groupby,Clean",0,1,2026-04,2026
65147,pull_request,closed,2026-04-10 07:28:13+00:00,2026-04-28 15:12:08+00:00,18,"Bug,Strings,Arrow",1,1,2026-04,2026
65146,pull_request,closed,2026-04-10 04:45:16+00:00,2026-04-19 19:59:00+00:00,9,,0,1,2026-04,2026
65145,pull_request,closed,2026-04-10 03:04:12+00:00,2026-04-10 03:32:57+00:00,0,,0,0,2026-04,2026
65144,pull_request,closed,2026-04-09 23:54:11+00:00,2026-04-10 10:54:42+00:00,0,"Docs,Groupby",0,1,2026-04,2026
65143,pull_request,closed,2026-04-09 23:50:42+00:00,2026-04-10 21:11:22+00:00,0,Docs,0,1,2026-04,2026
65142,pull_request,closed,2026-04-09 23:49:54+00:00,2026-04-10 16:12:38+00:00,0,Docs,0,1,2026-04,2026
65141,pull_request,closed,2026-04-09 22:56:07+00:00,2026-04-10 22:33:19+00:00,0,"Bug,Groupby",1,1,2026-04,2026
65139,pull_request,closed,2026-04-09 20:17:31+00:00,2026-04-09 20:55:25+00:00,0,"Docs,Timezones",0,1,2026-04,2026
65138,pull_request,closed,2026-04-09 16:46:48+00:00,2026-04-09 17:47:49+00:00,0,Docs,0,1,2026-04,2026
65137,pull_request,closed,2026-04-09 16:17:16+00:00,2026-04-09 20:16:51+00:00,0,"Docs,Timezones",0,1,2026-04,2026
65135,pull_request,closed,2026-04-09 15:19:52+00:00,2026-04-30 09:30:45+00:00,20,,0,0,2026-04,2026
65134,pull_request,closed,2026-04-09 14:09:16+00:00,2026-04-28 17:47:53+00:00,19,"Timezones,IO Parquet,Arrow",0,1,2026-04,2026
65133,pull_request,closed,2026-04-09 09:20:10+00:00,2026-04-10 16:56:18+00:00,1,"Bug,Timezones,IO Parquet",1,1,2026-04,2026
65132,pull_request,closed,2026-04-09 08:04:59+00:00,2026-04-09 15:30:51+00:00,0,Build,0,1,2026-04,2026
65131,pull_request,closed,2026-04-09 07:47:45+00:00,2026-04-10 17:37:36+00:00,1,,0,1,2026-04,2026
65130,pull_request,closed,2026-04-09 03:35:48+00:00,2026-04-09 15:33:48+00:00,0,Docs,0,1,2026-04,2026
65129,pull_request,closed,2026-04-09 01:03:22+00:00,2026-04-10 00:29:27+00:00,0,,0,1,2026-04,2026
65128,pull_request,closed,2026-04-08 22:20:40+00:00,2026-04-09 11:43:12+00:00,0,Clean,0,1,2026-04,2026
65125,pull_request,closed,2026-04-08 14:59:07+00:00,2026-04-09 15:35:39+00:00,1,Docs,0,1,2026-04,2026
65124,pull_request,closed,2026-04-08 14:58:37+00:00,2026-04-09 15:47:47+00:00,1,Docs,0,1,2026-04,2026
65123,pull_request,closed,2026-04-08 14:57:59+00:00,2026-04-09 15:48:47+00:00,1,Docs,0,1,2026-04,2026
65121,pull_request,closed,2026-04-08 11:30:54+00:00,2026-04-20 14:26:16+00:00,12,,0,0,2026-04,2026
65119,pull_request,closed,2026-04-08 10:37:58+00:00,2026-05-18 06:12:06+00:00,39,,0,0,2026-04,2026
65116,pull_request,closed,2026-04-08 02:34:23+00:00,2026-04-09 22:17:34+00:00,1,,0,0,2026-04,2026
65115,pull_request,closed,2026-04-08 02:07:40+00:00,2026-05-13 23:27:25+00:00,35,Stale,0,0,2026-04,2026
65111,pull_request,closed,2026-04-07 08:58:08+00:00,2026-04-09 22:14:15+00:00,2,,0,0,2026-04,2026
65110,pull_request,closed,2026-04-07 07:57:15+00:00,2026-04-07 15:09:04+00:00,0,,0,1,2026-04,2026
65109,pull_request,closed,2026-04-07 05:23:06+00:00,2026-04-08 01:54:43+00:00,0,,0,0,2026-04,2026
65108,pull_request,closed,2026-04-07 00:44:30+00:00,2026-04-07 22:38:46+00:00,0,,0,0,2026-04,2026
65107,pull_request,closed,2026-04-06 21:59:06+00:00,2026-04-07 17:21:35+00:00,0,Performance,0,1,2026-04,2026
65106,pull_request,closed,2026-04-06 21:49:50+00:00,2026-04-22 21:37:39+00:00,15,Performance,0,0,2026-04,2026
65105,pull_request,closed,2026-04-06 21:44:19+00:00,2026-04-09 18:14:44+00:00,2,Performance,0,1,2026-04,2026
65104,pull_request,closed,2026-04-06 21:43:44+00:00,2026-04-09 18:12:57+00:00,2,Performance,0,1,2026-04,2026
65103,pull_request,closed,2026-04-06 21:25:16+00:00,2026-05-19 16:23:42+00:00,42,"Groupby,Performance,Reduction Operations",0,1,2026-04,2026
65101,pull_request,closed,2026-04-06 19:38:32+00:00,2026-04-07 13:29:31+00:00,0,"Bug,Groupby,Categorical",1,1,2026-04,2026
65099,pull_request,closed,2026-04-06 19:09:22+00:00,2026-04-10 17:28:40+00:00,3,,0,1,2026-04,2026
65095,pull_request,closed,2026-04-06 17:37:24+00:00,2026-04-06 18:52:15+00:00,0,Performance,0,1,2026-04,2026
65094,pull_request,closed,2026-04-06 17:31:31+00:00,2026-04-09 18:14:20+00:00,3,Performance,0,1,2026-04,2026
65090,pull_request,closed,2026-04-06 16:30:53+00:00,2026-04-06 18:53:09+00:00,0,Code Style,0,1,2026-04,2026
65089,pull_request,closed,2026-04-06 16:23:49+00:00,2026-04-06 17:06:16+00:00,0,CI,0,1,2026-04,2026
65088,pull_request,closed,2026-04-06 08:21:07+00:00,2026-04-06 15:10:36+00:00,0,"CI,Dependencies",0,1,2026-04,2026
65087,pull_request,closed,2026-04-06 08:21:02+00:00,2026-04-06 17:04:52+00:00,0,"Build,CI,Dependencies",0,1,2026-04,2026
65086,pull_request,closed,2026-04-06 08:20:54+00:00,2026-04-06 15:09:30+00:00,0,"CI,Dependencies",0,1,2026-04,2026
65084,pull_request,closed,2026-04-05 18:48:20+00:00,2026-04-05 19:37:35+00:00,0,CI,0,1,2026-04,2026
65083,pull_request,closed,2026-04-05 15:02:15+00:00,2026-04-29 08:22:33+00:00,23,,0,0,2026-04,2026
65082,pull_request,closed,2026-04-05 13:25:05+00:00,2026-04-28 14:02:22+00:00,23,,0,0,2026-04,2026
65081,pull_request,closed,2026-04-05 13:21:48+00:00,2026-04-05 14:16:34+00:00,0,,0,0,2026-04,2026
65079,pull_request,closed,2026-04-05 07:34:59+00:00,2026-04-05 18:12:40+00:00,0,,0,0,2026-04,2026
65078,pull_request,closed,2026-04-05 05:36:21+00:00,2026-04-09 22:47:21+00:00,4,,0,0,2026-04,2026
65077,pull_request,closed,2026-04-05 03:08:40+00:00,2026-04-06 02:55:43+00:00,0,,0,0,2026-04,2026
65075,pull_request,closed,2026-04-04 21:19:58+00:00,2026-04-18 21:07:22+00:00,13,CI,0,1,2026-04,2026
65074,pull_request,closed,2026-04-04 18:39:42+00:00,2026-04-04 20:25:29+00:00,0,CI,0,1,2026-04,2026
65073,pull_request,closed,2026-04-04 18:14:20+00:00,2026-04-04 19:40:00+00:00,0,Clean,0,1,2026-04,2026
65072,pull_request,closed,2026-04-04 17:18:38+00:00,2026-04-09 22:15:55+00:00,5,,0,0,2026-04,2026
65071,pull_request,closed,2026-04-04 17:03:53+00:00,2026-04-23 17:09:35+00:00,19,,0,0,2026-04,2026
65070,pull_request,closed,2026-04-04 16:31:35+00:00,2026-04-04 16:54:33+00:00,0,Docs,0,1,2026-04,2026
65061,pull_request,closed,2026-04-04 01:17:28+00:00,2026-04-06 15:33:11+00:00,2,Testing,0,1,2026-04,2026
65060,pull_request,closed,2026-04-04 01:07:50+00:00,2026-04-06 15:35:49+00:00,2,Testing,0,1,2026-04,2026
65059,pull_request,closed,2026-04-04 00:59:13+00:00,2026-04-06 15:38:21+00:00,2,Testing,0,1,2026-04,2026
65058,pull_request,closed,2026-04-04 00:58:50+00:00,2026-04-04 16:57:30+00:00,0,Testing,0,1,2026-04,2026
65057,pull_request,closed,2026-04-04 00:33:38+00:00,2026-04-04 18:15:47+00:00,0,IO CSV,0,1,2026-04,2026
65056,pull_request,closed,2026-04-04 00:25:23+00:00,2026-04-09 23:28:51+00:00,5,Deprecate,0,1,2026-04,2026
65054,pull_request,closed,2026-04-03 17:07:26+00:00,2026-04-04 17:07:21+00:00,0,Internals,0,1,2026-04,2026
65048,pull_request,closed,2026-04-03 08:55:28+00:00,2026-04-09 07:06:16+00:00,5,"Testing,Clean",0,1,2026-04,2026
65046,pull_request,closed,2026-04-03 03:26:15+00:00,2026-04-03 16:51:42+00:00,0,Performance,0,1,2026-04,2026
65045,pull_request,closed,2026-04-03 01:37:19+00:00,2026-05-06 18:55:46+00:00,33,,0,0,2026-04,2026
65044,pull_request,closed,2026-04-03 01:07:11+00:00,2026-04-08 20:52:26+00:00,5,"Deprecate,Mothballed",0,0,2026-04,2026
65042,pull_request,closed,2026-04-02 22:49:29+00:00,2026-04-03 00:21:37+00:00,0,"Performance,Categorical",0,1,2026-04,2026
65041,pull_request,closed,2026-04-02 22:22:32+00:00,2026-04-30 08:34:06+00:00,27,Bug,1,1,2026-04,2026
65039,pull_request,closed,2026-04-02 22:21:55+00:00,2026-04-16 20:09:25+00:00,13,Docs,0,1,2026-04,2026
65038,pull_request,closed,2026-04-02 22:21:43+00:00,2026-04-21 15:51:06+00:00,18,"Bug,Strings",1,1,2026-04,2026
65036,pull_request,closed,2026-04-02 21:59:34+00:00,2026-04-03 00:23:04+00:00,0,Clean,0,1,2026-04,2026
65035,pull_request,closed,2026-04-02 21:52:58+00:00,2026-04-21 09:50:09+00:00,18,Performance,0,0,2026-04,2026
65033,pull_request,closed,2026-04-02 20:58:54+00:00,2026-04-02 21:54:03+00:00,0,CI,0,1,2026-04,2026
65032,pull_request,closed,2026-04-02 20:56:53+00:00,2026-05-13 17:35:46+00:00,40,"Docs,Stale",0,1,2026-04,2026
65031,pull_request,closed,2026-04-02 18:25:36+00:00,2026-04-10 21:12:39+00:00,8,"Performance,Apply",0,1,2026-04,2026
65030,pull_request,closed,2026-04-02 17:10:14+00:00,2026-04-02 21:59:04+00:00,0,Performance,0,1,2026-04,2026
65028,pull_request,closed,2026-04-02 16:57:51+00:00,2026-04-03 18:14:44+00:00,1,Performance,0,1,2026-04,2026
65027,pull_request,closed,2026-04-02 16:56:50+00:00,2026-04-03 20:36:27+00:00,1,Performance,0,1,2026-04,2026
65026,pull_request,closed,2026-04-02 16:49:29+00:00,2026-04-06 16:00:02+00:00,3,Performance,0,1,2026-04,2026
65025,pull_request,closed,2026-04-02 16:22:54+00:00,2026-04-02 22:02:03+00:00,0,Clean,0,1,2026-04,2026
65024,pull_request,closed,2026-04-02 16:12:49+00:00,2026-04-04 19:05:05+00:00,2,Bug,1,1,2026-04,2026
65023,pull_request,closed,2026-04-02 16:10:09+00:00,2026-04-02 23:23:13+00:00,0,"CI,Compat",0,1,2026-04,2026
65022,pull_request,closed,2026-04-02 16:09:53+00:00,2026-04-04 19:00:38+00:00,2,Bug,1,1,2026-04,2026
65021,pull_request,closed,2026-04-02 16:03:39+00:00,2026-04-02 22:00:32+00:00,0,Testing,0,1,2026-04,2026
65019,pull_request,closed,2026-04-02 15:59:29+00:00,2026-04-03 18:17:28+00:00,1,Testing,0,1,2026-04,2026
65018,pull_request,closed,2026-04-02 15:57:58+00:00,2026-04-09 16:32:11+00:00,7,Performance,0,0,2026-04,2026
65017,pull_request,closed,2026-04-02 15:45:30+00:00,2026-04-08 21:24:18+00:00,6,Bug,1,0,2026-04,2026
65016,pull_request,closed,2026-04-02 15:29:42+00:00,2026-04-02 22:04:15+00:00,0,Performance,0,1,2026-04,2026
65015,pull_request,closed,2026-04-02 15:27:17+00:00,2026-04-20 20:23:32+00:00,18,Bug,1,0,2026-04,2026
65014,pull_request,closed,2026-04-02 15:20:31+00:00,2026-04-03 20:38:05+00:00,1,Datetime,0,1,2026-04,2026
65013,pull_request,closed,2026-04-02 15:19:36+00:00,2026-04-02 23:29:09+00:00,0,,0,0,2026-04,2026
65012,pull_request,closed,2026-04-02 15:18:37+00:00,2026-04-06 16:50:38+00:00,4,Bug,1,1,2026-04,2026
65011,pull_request,closed,2026-04-02 15:18:18+00:00,2026-04-03 00:25:12+00:00,0,"Bug,Datetime,Frequency",1,1,2026-04,2026
65010,pull_request,closed,2026-04-02 15:16:34+00:00,2026-04-20 20:23:55+00:00,18,Bug,1,0,2026-04,2026
65009,pull_request,closed,2026-04-02 15:16:19+00:00,2026-04-03 16:54:59+00:00,1,"replace,Non-Nano",0,1,2026-04,2026
65008,pull_request,closed,2026-04-02 15:16:10+00:00,2026-04-08 21:23:54+00:00,6,,0,0,2026-04,2026
65007,pull_request,closed,2026-04-02 15:15:26+00:00,2026-04-02 16:12:09+00:00,0,Docs,0,1,2026-04,2026
65006,pull_request,closed,2026-04-02 15:08:45+00:00,2026-04-02 17:22:03+00:00,0,Performance,0,1,2026-04,2026
65005,pull_request,closed,2026-04-02 15:07:44+00:00,2026-04-02 17:23:18+00:00,0,Performance,0,1,2026-04,2026
65004,pull_request,closed,2026-04-02 13:43:42+00:00,2026-04-09 23:28:36+00:00,7,Clean,0,1,2026-04,2026
65002,pull_request,closed,2026-04-02 12:41:22+00:00,2026-04-05 18:12:40+00:00,3,,0,0,2026-04,2026
65001,pull_request,closed,2026-04-02 09:44:20+00:00,2026-04-02 21:00:14+00:00,0,,0,0,2026-04,2026
64998,pull_request,closed,2026-04-02 05:06:02+00:00,2026-05-06 16:50:50+00:00,34,,0,1,2026-04,2026
64993,pull_request,closed,2026-04-01 20:04:11+00:00,2026-04-02 16:09:35+00:00,0,"CI,Compat",0,1,2026-04,2026
64992,pull_request,closed,2026-04-01 19:37:57+00:00,2026-04-02 16:44:45+00:00,0,Testing,0,1,2026-04,2026
64991,pull_request,closed,2026-04-01 19:29:59+00:00,2026-04-02 16:17:37+00:00,0,Performance,0,1,2026-04,2026
64989,pull_request,closed,2026-04-01 17:36:40+00:00,2026-04-01 20:25:28+00:00,0,Docs,0,1,2026-04,2026
64988,pull_request,closed,2026-04-01 16:37:52+00:00,2026-04-16 12:59:00+00:00,14,"Bug,Strings,Arrow",1,1,2026-04,2026
64987,pull_request,closed,2026-04-01 16:06:59+00:00,2026-04-01 16:44:17+00:00,0,CI,0,1,2026-04,2026
64986,pull_request,closed,2026-04-01 15:14:08+00:00,2026-04-03 09:03:51+00:00,1,,0,1,2026-04,2026
64985,pull_request,closed,2026-04-01 15:14:06+00:00,2026-04-01 15:39:49+00:00,0,Docs,0,1,2026-04,2026
64984,pull_request,closed,2026-04-01 15:14:05+00:00,2026-04-01 15:32:46+00:00,0,Docs,0,1,2026-04,2026
64983,pull_request,closed,2026-04-01 15:14:03+00:00,2026-04-01 15:36:33+00:00,0,Docs,0,1,2026-04,2026
64982,pull_request,closed,2026-04-01 15:13:31+00:00,2026-04-01 20:14:54+00:00,0,Docs,0,1,2026-04,2026
64981,pull_request,closed,2026-04-01 15:11:31+00:00,2026-04-01 15:34:19+00:00,0,Docs,0,1,2026-04,2026
64976,pull_request,closed,2026-04-01 07:59:25+00:00,2026-04-21 22:45:37+00:00,20,"Regression,ExtensionArray,Sorting",0,1,2026-04,2026
64975,pull_request,closed,2026-04-01 07:18:53+00:00,2026-04-01 15:31:24+00:00,0,Docs,0,1,2026-04,2026
64974,pull_request,closed,2026-04-01 07:16:18+00:00,2026-04-01 14:14:24+00:00,0,,0,1,2026-04,2026
64973,pull_request,closed,2026-04-01 02:05:09+00:00,2026-04-10 04:18:18+00:00,9,,0,0,2026-04,2026
64972,pull_request,closed,2026-03-31 20:46:02+00:00,2026-04-02 16:28:01+00:00,1,"Bug,Output-Formatting",1,1,2026-03,2026
64971,pull_request,closed,2026-03-31 20:04:31+00:00,2026-03-31 20:37:05+00:00,0,Docs,0,1,2026-03,2026
64970,pull_request,closed,2026-03-31 20:02:27+00:00,2026-03-31 22:15:55+00:00,0,"Enhancement,Period",0,1,2026-03,2026
64967,pull_request,closed,2026-03-31 18:28:36+00:00,2026-03-31 20:34:59+00:00,0,Docs,0,1,2026-03,2026
64966,pull_request,closed,2026-03-31 18:19:32+00:00,2026-04-03 04:12:32+00:00,2,Performance,0,0,2026-03,2026
64965,pull_request,closed,2026-03-31 18:12:49+00:00,2026-03-31 19:11:27+00:00,0,Docs,0,1,2026-03,2026
64964,pull_request,closed,2026-03-31 16:48:39+00:00,2026-03-31 17:44:00+00:00,0,Testing,0,1,2026-03,2026
64963,pull_request,closed,2026-03-31 16:41:25+00:00,2026-03-31 20:36:01+00:00,0,Testing,0,1,2026-03,2026
64962,pull_request,closed,2026-03-31 16:38:36+00:00,2026-05-06 21:05:36+00:00,36,Docs,0,0,2026-03,2026
64961,pull_request,closed,2026-03-31 16:32:50+00:00,2026-03-31 17:42:10+00:00,0,Testing,0,1,2026-03,2026
64960,pull_request,closed,2026-03-31 16:31:37+00:00,2026-04-29 21:36:46+00:00,29,"Docs,IO Pickle",0,1,2026-03,2026
64958,pull_request,closed,2026-03-31 15:49:23+00:00,2026-03-31 22:18:20+00:00,0,Constructors,0,1,2026-03,2026
64957,pull_request,closed,2026-03-31 15:48:18+00:00,2026-03-31 22:20:03+00:00,0,Index,0,1,2026-03,2026
64956,pull_request,closed,2026-03-31 15:46:35+00:00,2026-04-01 16:49:24+00:00,1,Bug,1,1,2026-03,2026
64955,pull_request,closed,2026-03-31 15:45:47+00:00,2026-03-31 22:27:15+00:00,0,Sparse,0,1,2026-03,2026
64953,pull_request,closed,2026-03-31 15:40:40+00:00,2026-04-03 18:15:55+00:00,3,"Bug,Arrow",1,1,2026-03,2026
64952,pull_request,closed,2026-03-31 15:40:30+00:00,2026-04-02 16:41:00+00:00,2,Bug,1,1,2026-03,2026
64951,pull_request,closed,2026-03-31 15:39:52+00:00,2026-04-02 16:40:27+00:00,2,Bug,1,1,2026-03,2026
64950,pull_request,closed,2026-03-31 15:34:47+00:00,2026-03-31 17:37:24+00:00,0,Testing,0,1,2026-03,2026
64949,pull_request,closed,2026-03-31 15:33:25+00:00,2026-03-31 17:54:23+00:00,0,,0,0,2026-03,2026
64948,pull_request,closed,2026-03-31 15:32:36+00:00,2026-03-31 22:29:14+00:00,0,Testing,0,1,2026-03,2026
64947,pull_request,closed,2026-03-31 15:31:55+00:00,2026-03-31 22:30:16+00:00,0,Testing,0,1,2026-03,2026
64946,pull_request,closed,2026-03-31 15:31:28+00:00,2026-03-31 17:26:23+00:00,0,Regression,0,1,2026-03,2026
64945,pull_request,closed,2026-03-31 13:57:38+00:00,2026-04-16 19:38:57+00:00,16,,0,0,2026-03,2026
64944,pull_request,closed,2026-03-31 13:43:11+00:00,2026-03-31 16:23:06+00:00,0,CI,0,1,2026-03,2026
64943,pull_request,closed,2026-03-31 11:56:38+00:00,2026-04-01 15:08:52+00:00,1,Docs,0,1,2026-03,2026
64942,pull_request,closed,2026-03-31 09:49:14+00:00,2026-03-31 17:22:14+00:00,0,Docs,0,1,2026-03,2026
64940,pull_request,closed,2026-03-30 22:00:11+00:00,2026-04-29 17:40:22+00:00,29,,0,0,2026-03,2026
64939,pull_request,closed,2026-03-30 21:55:16+00:00,2026-03-30 21:55:29+00:00,0,,0,0,2026-03,2026
64936,pull_request,closed,2026-03-30 21:17:23+00:00,2026-04-01 15:49:43+00:00,1,"Bug,Visualization",1,1,2026-03,2026
64935,pull_request,closed,2026-03-30 20:30:41+00:00,2026-03-31 00:24:29+00:00,0,Testing,0,1,2026-03,2026
64934,pull_request,closed,2026-03-30 19:20:40+00:00,2026-03-30 19:25:38+00:00,0,,0,1,2026-03,2026
64932,pull_request,closed,2026-03-30 17:46:15+00:00,2026-03-30 19:09:30+00:00,0,Docs,0,1,2026-03,2026
64931,pull_request,closed,2026-03-30 16:56:47+00:00,2026-03-30 17:46:08+00:00,0,Docs,0,1,2026-03,2026
64930,pull_request,closed,2026-03-30 16:53:30+00:00,2026-03-30 19:08:21+00:00,0,Release,0,1,2026-03,2026
64929,pull_request,closed,2026-03-30 16:17:43+00:00,2026-03-30 19:27:49+00:00,0,"Testing,Clean",0,1,2026-03,2026
64928,pull_request,closed,2026-03-30 14:55:20+00:00,2026-03-30 17:22:39+00:00,0,"Regression,Strings",0,1,2026-03,2026
64927,pull_request,closed,2026-03-30 13:42:23+00:00,2026-03-30 14:42:56+00:00,0,,0,1,2026-03,2026
64926,pull_request,closed,2026-03-30 13:38:17+00:00,2026-03-30 14:39:32+00:00,0,,0,1,2026-03,2026
64925,pull_request,closed,2026-03-30 12:14:59+00:00,2026-04-09 15:18:02+00:00,10,CI,0,1,2026-03,2026
64924,pull_request,closed,2026-03-30 10:03:51+00:00,2026-03-30 19:24:39+00:00,0,Docs,0,1,2026-03,2026
64923,pull_request,closed,2026-03-30 09:57:01+00:00,2026-03-30 11:22:48+00:00,0,,0,1,2026-03,2026
64922,pull_request,closed,2026-03-30 09:49:27+00:00,2026-03-30 11:12:10+00:00,0,,0,1,2026-03,2026
64921,pull_request,closed,2026-03-30 09:25:28+00:00,2026-03-30 11:11:21+00:00,0,,0,1,2026-03,2026
64920,pull_request,closed,2026-03-30 08:25:31+00:00,2026-03-30 15:14:24+00:00,0,"CI,Dependencies",0,1,2026-03,2026
64919,pull_request,closed,2026-03-30 08:25:10+00:00,2026-03-30 13:45:50+00:00,0,"CI,Dependencies",0,1,2026-03,2026
64918,pull_request,closed,2026-03-30 08:25:05+00:00,2026-03-30 13:44:11+00:00,0,"CI,Dependencies",0,1,2026-03,2026
64917,pull_request,closed,2026-03-30 04:29:43+00:00,2026-04-10 17:38:41+00:00,11,,0,0,2026-03,2026
64916,pull_request,closed,2026-03-29 20:27:17+00:00,2026-04-01 00:24:10+00:00,2,Testing,0,1,2026-03,2026
64914,pull_request,closed,2026-03-29 17:54:23+00:00,2026-04-29 17:39:57+00:00,30,,0,0,2026-03,2026
64913,pull_request,closed,2026-03-28 21:24:39+00:00,2026-03-29 16:11:15+00:00,0,Docs,0,1,2026-03,2026
64912,pull_request,closed,2026-03-28 18:12:58+00:00,2026-03-29 17:56:40+00:00,0,Regression,0,1,2026-03,2026
64909,pull_request,closed,2026-03-28 18:07:56+00:00,2026-03-31 17:23:46+00:00,2,CI,0,1,2026-03,2026
64908,pull_request,closed,2026-03-28 17:51:19+00:00,2026-05-12 18:04:56+00:00,45,Stale,0,0,2026-03,2026
64907,pull_request,closed,2026-03-28 16:28:44+00:00,2026-04-09 22:01:23+00:00,12,,0,0,2026-03,2026
64906,pull_request,closed,2026-03-28 16:27:53+00:00,2026-03-28 16:28:14+00:00,0,,0,0,2026-03,2026
64904,pull_request,closed,2026-03-28 02:17:00+00:00,2026-04-23 14:41:03+00:00,26,Bug,1,0,2026-03,2026
64903,pull_request,closed,2026-03-28 01:45:15+00:00,2026-03-28 18:27:56+00:00,0,Testing,0,1,2026-03,2026
64902,pull_request,closed,2026-03-27 22:52:26+00:00,2026-04-16 17:59:20+00:00,19,Bug,1,1,2026-03,2026
64901,pull_request,closed,2026-03-27 18:38:03+00:00,2026-03-28 00:01:47+00:00,0,Testing,0,1,2026-03,2026
64900,pull_request,closed,2026-03-27 18:24:08+00:00,2026-03-28 00:04:03+00:00,0,Docs,0,1,2026-03,2026
64898,pull_request,closed,2026-03-27 18:22:08+00:00,2026-03-28 00:02:56+00:00,0,Docs,0,1,2026-03,2026
64897,pull_request,closed,2026-03-27 18:21:22+00:00,2026-03-28 00:06:23+00:00,0,Docs,0,1,2026-03,2026
64896,pull_request,closed,2026-03-27 18:18:00+00:00,2026-03-29 18:01:25+00:00,1,IO Stata,0,1,2026-03,2026
64895,pull_request,closed,2026-03-27 17:12:34+00:00,2026-03-27 19:59:42+00:00,0,CI,0,1,2026-03,2026
64893,pull_request,closed,2026-03-27 16:00:39+00:00,2026-05-16 03:21:24+00:00,49,,0,0,2026-03,2026
64892,pull_request,closed,2026-03-27 15:54:51+00:00,2026-03-27 18:19:23+00:00,0,,0,1,2026-03,2026
64891,pull_request,closed,2026-03-27 15:36:21+00:00,2026-03-27 17:16:09+00:00,0,Build,0,1,2026-03,2026
64890,pull_request,closed,2026-03-27 15:00:23+00:00,2026-03-27 15:07:20+00:00,0,,0,0,2026-03,2026
64887,pull_request,closed,2026-03-26 22:11:30+00:00,2026-03-27 16:12:11+00:00,0,CI,0,1,2026-03,2026
64886,pull_request,closed,2026-03-26 22:09:48+00:00,2026-03-26 22:58:27+00:00,0,,0,1,2026-03,2026
64882,pull_request,closed,2026-03-26 16:51:40+00:00,2026-03-26 18:54:33+00:00,0,"Bug,Sorting",1,1,2026-03,2026
64881,pull_request,closed,2026-03-26 16:08:25+00:00,2026-03-30 15:21:46+00:00,3,Bug,1,1,2026-03,2026
64880,pull_request,closed,2026-03-26 15:57:05+00:00,2026-04-03 23:49:07+00:00,8,"Regression,Frequency,Timestamp",0,1,2026-03,2026
64876,pull_request,closed,2026-03-26 10:09:56+00:00,2026-05-12 18:05:53+00:00,47,Stale,0,0,2026-03,2026
64874,pull_request,closed,2026-03-26 02:15:15+00:00,2026-03-26 16:28:37+00:00,0,CI,0,1,2026-03,2026
64873,pull_request,closed,2026-03-26 02:09:23+00:00,2026-03-27 15:39:21+00:00,1,,0,0,2026-03,2026
64871,pull_request,closed,2026-03-26 01:30:02+00:00,2026-04-10 16:17:05+00:00,15,"Deprecate,datetime.date",0,1,2026-03,2026
64869,pull_request,closed,2026-03-26 00:54:24+00:00,2026-03-26 18:00:11+00:00,0,Testing,0,1,2026-03,2026
64868,pull_request,closed,2026-03-26 00:53:46+00:00,2026-03-26 22:13:55+00:00,0,Deprecate,0,0,2026-03,2026
64863,pull_request,closed,2026-03-26 00:27:11+00:00,2026-05-03 13:24:10+00:00,38,"Performance,Output-Formatting",0,1,2026-03,2026
64862,pull_request,closed,2026-03-26 00:26:08+00:00,2026-03-26 18:02:26+00:00,0,Testing,0,1,2026-03,2026
64861,pull_request,closed,2026-03-26 00:22:50+00:00,2026-03-26 17:44:36+00:00,0,CI,0,1,2026-03,2026
64860,pull_request,closed,2026-03-26 00:21:43+00:00,2026-03-26 18:03:28+00:00,0,Testing,0,1,2026-03,2026
64859,pull_request,closed,2026-03-26 00:21:40+00:00,2026-03-27 15:53:40+00:00,1,Testing,0,1,2026-03,2026
64858,pull_request,closed,2026-03-26 00:20:37+00:00,2026-03-27 15:58:36+00:00,1,Testing,0,1,2026-03,2026
64857,pull_request,closed,2026-03-26 00:18:22+00:00,2026-03-29 18:06:09+00:00,3,Deprecate,0,1,2026-03,2026
64856,pull_request,closed,2026-03-26 00:13:31+00:00,2026-03-27 16:00:18+00:00,1,Bug,1,1,2026-03,2026
64855,pull_request,closed,2026-03-26 00:10:12+00:00,2026-04-06 17:17:35+00:00,11,Bug,1,0,2026-03,2026
64854,pull_request,closed,2026-03-26 00:09:13+00:00,2026-03-29 18:07:59+00:00,3,Testing,0,1,2026-03,2026
64853,pull_request,closed,2026-03-26 00:08:03+00:00,2026-04-02 16:49:10+00:00,7,Bug,1,1,2026-03,2026
64852,pull_request,closed,2026-03-26 00:01:15+00:00,2026-04-06 16:52:40+00:00,11,"Bug,MultiIndex",1,1,2026-03,2026
64850,pull_request,closed,2026-03-25 23:59:15+00:00,2026-03-26 17:43:03+00:00,0,Docs,0,1,2026-03,2026
64849,pull_request,closed,2026-03-25 23:35:31+00:00,2026-04-21 17:32:20+00:00,26,Build,0,1,2026-03,2026
64848,pull_request,closed,2026-03-25 23:29:36+00:00,2026-05-07 00:59:58+00:00,42,,0,0,2026-03,2026
64846,pull_request,closed,2026-03-25 21:13:07+00:00,2026-03-26 00:37:40+00:00,0,Bug,1,1,2026-03,2026
64845,pull_request,closed,2026-03-25 20:50:23+00:00,2026-03-25 22:12:06+00:00,0,Docs,0,1,2026-03,2026
64843,pull_request,closed,2026-03-25 17:56:43+00:00,2026-03-26 07:15:42+00:00,0,,0,0,2026-03,2026
64842,pull_request,closed,2026-03-25 17:40:55+00:00,2026-03-27 16:28:42+00:00,1,Bug,1,0,2026-03,2026
64840,pull_request,closed,2026-03-25 15:54:32+00:00,2026-03-26 18:07:20+00:00,1,Testing,0,1,2026-03,2026
64838,pull_request,closed,2026-03-25 11:52:47+00:00,2026-04-10 17:38:52+00:00,16,,0,0,2026-03,2026
64837,pull_request,closed,2026-03-25 09:04:11+00:00,2026-03-25 16:12:34+00:00,0,"Regression,IO JSON",0,1,2026-03,2026
64836,pull_request,closed,2026-03-25 06:44:53+00:00,2026-04-10 17:36:03+00:00,16,"Regression,Non-Nano",0,1,2026-03,2026
64833,pull_request,closed,2026-03-24 23:14:39+00:00,2026-03-25 00:29:14+00:00,0,Testing,0,1,2026-03,2026
64832,pull_request,closed,2026-03-24 21:54:41+00:00,2026-03-25 00:30:03+00:00,0,Clean,0,1,2026-03,2026
64831,pull_request,closed,2026-03-24 21:41:56+00:00,2026-04-29 21:08:29+00:00,35,"Refactor,Groupby,ExtensionArray",0,1,2026-03,2026
64830,pull_request,closed,2026-03-24 21:38:24+00:00,2026-03-25 16:17:49+00:00,0,"Indexing,NA - MaskedArrays",0,1,2026-03,2026
64829,pull_request,closed,2026-03-24 20:58:06+00:00,2026-03-24 22:58:45+00:00,0,Testing,0,1,2026-03,2026
64827,pull_request,closed,2026-03-24 16:32:30+00:00,2026-03-24 16:50:14+00:00,0,AI Slop,0,0,2026-03,2026
64826,pull_request,closed,2026-03-24 14:33:11+00:00,2026-04-01 20:12:30+00:00,8,,0,0,2026-03,2026
64822,pull_request,closed,2026-03-24 07:54:29+00:00,2026-03-26 00:37:43+00:00,1,,0,0,2026-03,2026
64821,pull_request,closed,2026-03-24 07:52:30+00:00,2026-03-30 12:52:34+00:00,6,AI Slop,0,0,2026-03,2026
64820,pull_request,closed,2026-03-24 07:51:42+00:00,2026-03-30 12:21:42+00:00,6,AI Slop,0,0,2026-03,2026
64818,pull_request,closed,2026-03-24 01:44:18+00:00,2026-03-24 16:22:05+00:00,0,NA - MaskedArrays,0,1,2026-03,2026
64817,pull_request,closed,2026-03-24 01:42:10+00:00,2026-03-25 16:41:33+00:00,1,Bug,1,1,2026-03,2026
64816,pull_request,closed,2026-03-24 01:27:57+00:00,2026-03-24 16:36:46+00:00,0,Conditionals,0,1,2026-03,2026
64815,pull_request,closed,2026-03-24 01:18:34+00:00,2026-03-24 16:30:42+00:00,0,Testing,0,1,2026-03,2026
64814,pull_request,closed,2026-03-24 01:15:30+00:00,2026-03-25 00:30:30+00:00,0,Bug,1,1,2026-03,2026
64813,pull_request,closed,2026-03-24 01:06:52+00:00,2026-03-24 16:19:14+00:00,0,Testing,0,1,2026-03,2026
64812,pull_request,closed,2026-03-24 00:58:54+00:00,2026-03-24 16:29:43+00:00,0,Error Reporting,0,1,2026-03,2026
64811,pull_request,closed,2026-03-23 21:52:58+00:00,2026-03-24 16:56:51+00:00,0,Performance,0,1,2026-03,2026
64810,pull_request,closed,2026-03-23 21:45:17+00:00,2026-04-08 20:52:42+00:00,15,Deprecate,0,0,2026-03,2026
64809,pull_request,closed,2026-03-23 21:44:05+00:00,2026-03-25 17:53:29+00:00,1,Bug,1,1,2026-03,2026
64808,pull_request,closed,2026-03-23 21:43:43+00:00,2026-04-08 20:52:46+00:00,15,"Deprecate,Mothballed",0,0,2026-03,2026
64807,pull_request,closed,2026-03-23 21:39:20+00:00,2026-03-25 17:54:47+00:00,1,Performance,0,1,2026-03,2026
64806,pull_request,closed,2026-03-23 21:36:16+00:00,2026-03-25 16:32:10+00:00,1,Bug,1,1,2026-03,2026
64805,pull_request,closed,2026-03-23 21:35:40+00:00,2026-03-24 18:08:56+00:00,0,Bug,1,0,2026-03,2026
64804,pull_request,closed,2026-03-23 21:32:57+00:00,2026-04-02 17:18:17+00:00,9,Bug,1,1,2026-03,2026
64802,pull_request,closed,2026-03-23 21:30:57+00:00,2026-04-14 17:33:13+00:00,21,Enhancement,0,1,2026-03,2026
64801,pull_request,closed,2026-03-23 21:28:14+00:00,2026-04-16 16:17:28+00:00,23,"Enhancement,ExtensionArray",0,1,2026-03,2026
64800,pull_request,closed,2026-03-23 21:16:39+00:00,2026-04-06 17:18:10+00:00,13,Bug,1,0,2026-03,2026
64799,pull_request,closed,2026-03-23 21:15:43+00:00,2026-04-20 20:22:25+00:00,27,Performance,0,0,2026-03,2026
64798,pull_request,closed,2026-03-23 21:01:38+00:00,2026-04-25 13:48:21+00:00,32,"Bug,Index",1,1,2026-03,2026
64797,pull_request,closed,2026-03-23 21:01:03+00:00,2026-04-03 22:14:54+00:00,11,Bug,1,1,2026-03,2026
64796,pull_request,closed,2026-03-23 21:00:36+00:00,2026-04-02 16:56:35+00:00,9,Bug,1,1,2026-03,2026
64795,pull_request,closed,2026-03-23 21:00:18+00:00,2026-04-04 02:12:55+00:00,11,Bug,1,0,2026-03,2026
64794,pull_request,closed,2026-03-23 20:59:39+00:00,2026-04-02 17:09:50+00:00,9,Performance,0,1,2026-03,2026
64792,pull_request,closed,2026-03-23 20:59:02+00:00,2026-04-04 18:40:28+00:00,11,"Bug,MultiIndex",1,1,2026-03,2026
64791,pull_request,closed,2026-03-23 20:58:43+00:00,2026-03-24 16:45:32+00:00,0,Bug,1,1,2026-03,2026
64790,pull_request,closed,2026-03-23 20:57:31+00:00,2026-03-29 18:12:10+00:00,5,Bug,1,1,2026-03,2026
64789,pull_request,closed,2026-03-23 20:55:35+00:00,2026-04-01 18:27:59+00:00,8,"Bug,Groupby",1,1,2026-03,2026
64788,pull_request,closed,2026-03-23 20:52:03+00:00,2026-03-25 19:59:00+00:00,1,Bug,1,1,2026-03,2026
64787,pull_request,closed,2026-03-23 20:49:02+00:00,2026-03-24 16:48:54+00:00,0,Performance,0,1,2026-03,2026
64786,pull_request,closed,2026-03-23 20:48:41+00:00,2026-04-04 16:52:32+00:00,11,Performance,0,1,2026-03,2026
64785,pull_request,closed,2026-03-23 20:48:18+00:00,2026-03-24 16:46:59+00:00,0,Performance,0,1,2026-03,2026
64784,pull_request,closed,2026-03-23 14:41:20+00:00,2026-03-23 16:22:14+00:00,0,,0,0,2026-03,2026
64782,pull_request,closed,2026-03-23 08:23:35+00:00,2026-03-23 16:58:19+00:00,0,"CI,Dependencies",0,1,2026-03,2026
64781,pull_request,closed,2026-03-23 08:23:14+00:00,2026-03-23 16:58:01+00:00,0,"CI,Dependencies",0,1,2026-03,2026
64777,pull_request,closed,2026-03-22 22:23:24+00:00,2026-03-23 01:52:50+00:00,0,,0,0,2026-03,2026
64776,pull_request,closed,2026-03-22 20:15:50+00:00,2026-03-29 18:18:19+00:00,6,"Build,CI",0,1,2026-03,2026
64775,pull_request,closed,2026-03-22 19:42:55+00:00,2026-03-26 19:01:55+00:00,3,Build,0,1,2026-03,2026
64774,pull_request,closed,2026-03-22 19:40:43+00:00,2026-03-23 22:11:40+00:00,1,Clean,0,1,2026-03,2026
64773,pull_request,closed,2026-03-22 17:29:57+00:00,2026-03-26 00:37:42+00:00,3,,0,0,2026-03,2026
64772,pull_request,closed,2026-03-22 11:23:49+00:00,2026-03-22 14:20:21+00:00,0,,0,1,2026-03,2026
64771,pull_request,closed,2026-03-22 02:50:36+00:00,2026-04-02 21:43:26+00:00,11,Performance,0,1,2026-03,2026
64770,pull_request,closed,2026-03-22 02:48:24+00:00,2026-03-23 16:56:16+00:00,1,Performance,0,1,2026-03,2026
64769,pull_request,closed,2026-03-22 02:48:00+00:00,2026-04-03 21:55:34+00:00,12,Performance,0,1,2026-03,2026
64768,pull_request,closed,2026-03-22 02:38:05+00:00,2026-04-02 17:17:26+00:00,11,"Performance,IO SAS",0,1,2026-03,2026
64767,pull_request,closed,2026-03-22 02:33:35+00:00,2026-03-23 17:12:19+00:00,1,Bug,1,1,2026-03,2026
64766,pull_request,closed,2026-03-22 02:24:54+00:00,2026-03-22 23:00:34+00:00,0,Performance,0,1,2026-03,2026
64765,pull_request,closed,2026-03-22 02:19:49+00:00,2026-03-22 19:10:25+00:00,0,"Performance,Sparse",0,1,2026-03,2026
64764,pull_request,closed,2026-03-22 02:06:59+00:00,2026-03-23 16:57:30+00:00,1,Performance,0,1,2026-03,2026
64763,pull_request,closed,2026-03-22 01:42:09+00:00,2026-04-08 20:52:50+00:00,17,Deprecate,0,0,2026-03,2026
64762,pull_request,closed,2026-03-22 01:39:50+00:00,2026-03-22 19:24:51+00:00,0,Performance,0,1,2026-03,2026
64761,pull_request,closed,2026-03-22 01:34:04+00:00,2026-03-24 16:51:11+00:00,2,Performance,0,1,2026-03,2026
64760,pull_request,closed,2026-03-22 01:27:35+00:00,2026-04-25 14:26:22+00:00,34,"Performance,IO Excel",0,1,2026-03,2026
64759,pull_request,closed,2026-03-22 01:22:04+00:00,2026-04-08 19:49:27+00:00,17,Deprecate,0,0,2026-03,2026
64758,pull_request,closed,2026-03-22 01:19:36+00:00,2026-03-22 23:06:24+00:00,0,"Groupby,Performance,Sparse",0,1,2026-03,2026
64757,pull_request,closed,2026-03-22 00:54:18+00:00,2026-04-04 00:12:58+00:00,12,,0,0,2026-03,2026
64756,pull_request,closed,2026-03-22 00:51:14+00:00,2026-03-22 20:38:33+00:00,0,Performance,0,1,2026-03,2026
64755,pull_request,closed,2026-03-22 00:48:14+00:00,2026-03-22 23:08:42+00:00,0,Bug,1,1,2026-03,2026
64754,pull_request,closed,2026-03-22 00:30:43+00:00,2026-03-22 23:10:48+00:00,0,Bug,1,1,2026-03,2026
64753,pull_request,closed,2026-03-22 00:00:38+00:00,2026-03-27 15:50:56+00:00,5,Deprecate,0,1,2026-03,2026
64752,pull_request,closed,2026-03-21 23:07:03+00:00,2026-04-01 20:16:56+00:00,10,Bug,1,1,2026-03,2026
64748,pull_request,closed,2026-03-21 14:11:23+00:00,2026-03-23 17:13:53+00:00,2,Internals,0,1,2026-03,2026
64746,pull_request,closed,2026-03-21 05:22:58+00:00,2026-04-03 16:18:39+00:00,13,,0,0,2026-03,2026
64745,pull_request,closed,2026-03-21 03:01:17+00:00,2026-03-21 16:05:43+00:00,0,Needs Tests,0,1,2026-03,2026
64743,pull_request,closed,2026-03-21 00:06:38+00:00,2026-03-21 16:02:17+00:00,0,Needs Tests,0,1,2026-03,2026
64742,pull_request,closed,2026-03-20 22:36:17+00:00,2026-05-07 21:32:23+00:00,47,Docs,0,0,2026-03,2026
64741,pull_request,closed,2026-03-20 20:19:27+00:00,2026-04-04 21:15:51+00:00,15,,0,0,2026-03,2026
64740,pull_request,closed,2026-03-20 19:27:13+00:00,2026-03-20 19:35:23+00:00,0,,0,0,2026-03,2026
64739,pull_request,closed,2026-03-20 18:22:38+00:00,2026-03-20 20:13:51+00:00,0,Docs,0,1,2026-03,2026
64736,pull_request,closed,2026-03-20 08:25:33+00:00,2026-03-20 17:19:34+00:00,0,Docs,0,1,2026-03,2026
64735,pull_request,closed,2026-03-20 06:22:34+00:00,2026-03-24 11:56:51+00:00,4,,0,0,2026-03,2026
64734,pull_request,closed,2026-03-20 04:46:50+00:00,2026-03-20 15:59:25+00:00,0,Frequency,0,1,2026-03,2026
64732,pull_request,closed,2026-03-19 22:53:41+00:00,2026-03-25 19:28:15+00:00,5,Deprecate,0,0,2026-03,2026
64731,pull_request,closed,2026-03-19 22:48:05+00:00,2026-04-08 20:52:57+00:00,19,"Deprecate,Mothballed",0,0,2026-03,2026
64729,pull_request,closed,2026-03-19 22:41:09+00:00,2026-03-26 21:34:23+00:00,6,Deprecate,0,1,2026-03,2026
64728,pull_request,closed,2026-03-19 22:39:53+00:00,2026-04-08 20:53:01+00:00,19,"Deprecate,Mothballed",0,0,2026-03,2026
64727,pull_request,closed,2026-03-19 22:39:22+00:00,2026-04-08 20:53:05+00:00,19,"Deprecate,Mothballed",0,0,2026-03,2026
64726,pull_request,closed,2026-03-19 22:38:06+00:00,2026-04-02 21:55:31+00:00,13,Deprecate,0,1,2026-03,2026
64725,pull_request,closed,2026-03-19 22:32:01+00:00,2026-03-27 18:30:17+00:00,7,Deprecate,0,1,2026-03,2026
64724,pull_request,closed,2026-03-19 22:31:10+00:00,2026-03-20 19:03:35+00:00,0,"IO Excel,Deprecate",0,1,2026-03,2026
64723,pull_request,closed,2026-03-19 22:28:18+00:00,2026-03-25 19:09:39+00:00,5,Deprecate,0,0,2026-03,2026
64722,pull_request,closed,2026-03-19 22:24:47+00:00,2026-04-08 17:53:58+00:00,19,Deprecate,0,0,2026-03,2026
64721,pull_request,closed,2026-03-19 22:21:54+00:00,2026-04-07 13:14:59+00:00,18,"Groupby,Deprecate",0,1,2026-03,2026
64720,pull_request,closed,2026-03-19 22:09:57+00:00,2026-03-20 19:01:40+00:00,0,"Groupby,Deprecate",0,1,2026-03,2026
64719,pull_request,closed,2026-03-19 22:08:59+00:00,2026-04-08 20:53:08+00:00,19,"Deprecate,Mothballed",0,0,2026-03,2026
64718,pull_request,closed,2026-03-19 22:05:39+00:00,2026-03-27 18:27:31+00:00,7,Deprecate,0,1,2026-03,2026
64717,pull_request,closed,2026-03-19 21:59:07+00:00,2026-04-18 17:04:17+00:00,29,Deprecate,0,1,2026-03,2026
64716,pull_request,closed,2026-03-19 19:40:13+00:00,2026-03-20 00:15:43+00:00,0,Build,0,0,2026-03,2026
64715,pull_request,closed,2026-03-19 17:45:45+00:00,2026-03-20 16:01:03+00:00,0,Frequency,0,1,2026-03,2026
64714,pull_request,closed,2026-03-19 17:27:15+00:00,2026-04-08 17:39:47+00:00,20,Docs,0,0,2026-03,2026
64712,pull_request,closed,2026-03-19 14:35:32+00:00,2026-03-21 02:55:31+00:00,1,"Bug,Strings",1,1,2026-03,2026
64709,pull_request,closed,2026-03-19 12:41:06+00:00,2026-03-20 18:32:37+00:00,1,Build,0,1,2026-03,2026
64708,pull_request,closed,2026-03-19 12:40:29+00:00,2026-04-07 20:17:44+00:00,19,,0,0,2026-03,2026
64706,pull_request,closed,2026-03-19 12:05:55+00:00,2026-03-19 21:02:02+00:00,0,"Needs Tests,Constructors",0,1,2026-03,2026
64705,pull_request,closed,2026-03-19 12:02:24+00:00,2026-03-22 14:53:01+00:00,3,,0,1,2026-03,2026
64700,pull_request,closed,2026-03-19 01:13:50+00:00,2026-03-19 16:13:26+00:00,0,Testing,0,1,2026-03,2026
64698,pull_request,closed,2026-03-19 00:34:45+00:00,2026-03-19 11:01:39+00:00,0,,0,0,2026-03,2026
64697,pull_request,closed,2026-03-18 23:25:54+00:00,2026-03-20 00:43:30+00:00,1,,0,1,2026-03,2026
64696,pull_request,closed,2026-03-18 22:51:15+00:00,2026-03-18 23:38:33+00:00,0,"Bug,Strings",1,1,2026-03,2026
64695,pull_request,closed,2026-03-18 22:15:53+00:00,2026-03-21 16:10:43+00:00,2,,0,0,2026-03,2026
64694,pull_request,closed,2026-03-18 19:01:46+00:00,2026-04-09 21:42:41+00:00,22,,0,0,2026-03,2026
64693,pull_request,closed,2026-03-18 17:12:34+00:00,2026-03-18 20:19:01+00:00,0,CI,0,1,2026-03,2026
64692,pull_request,closed,2026-03-18 16:55:20+00:00,2026-03-18 17:02:11+00:00,0,,0,0,2026-03,2026
64691,pull_request,closed,2026-03-18 16:13:59+00:00,2026-04-10 22:36:01+00:00,23,"Performance,Reshaping",0,1,2026-03,2026
64690,pull_request,closed,2026-03-18 15:24:33+00:00,2026-04-09 08:05:40+00:00,21,Build,0,0,2026-03,2026
64689,pull_request,closed,2026-03-18 14:15:30+00:00,2026-03-23 01:52:16+00:00,4,,0,1,2026-03,2026
64688,pull_request,closed,2026-03-18 13:56:55+00:00,2026-03-20 00:51:35+00:00,1,,0,1,2026-03,2026
64687,pull_request,closed,2026-03-18 13:56:46+00:00,2026-03-20 00:39:04+00:00,1,,0,1,2026-03,2026
64686,pull_request,closed,2026-03-18 13:56:34+00:00,2026-03-21 16:10:29+00:00,3,,0,0,2026-03,2026
64685,pull_request,closed,2026-03-18 13:38:04+00:00,2026-04-29 17:40:42+00:00,42,,0,0,2026-03,2026
64684,pull_request,closed,2026-03-18 13:35:24+00:00,2026-03-18 15:34:44+00:00,0,Docs,0,1,2026-03,2026
64683,pull_request,closed,2026-03-18 10:10:09+00:00,2026-03-18 22:50:46+00:00,0,"Bug,Strings",1,1,2026-03,2026
64682,pull_request,closed,2026-03-18 09:04:04+00:00,2026-03-20 01:20:23+00:00,1,,0,1,2026-03,2026
64680,pull_request,closed,2026-03-18 07:45:06+00:00,2026-04-16 19:48:05+00:00,29,IO HDF5,0,1,2026-03,2026
64679,pull_request,closed,2026-03-18 02:47:14+00:00,2026-05-18 21:26:21+00:00,61,"Frequency,Deprecate",0,1,2026-03,2026
64677,pull_request,closed,2026-03-18 01:50:32+00:00,2026-03-18 22:48:47+00:00,0,Performance,0,1,2026-03,2026
64676,pull_request,closed,2026-03-18 01:29:01+00:00,2026-04-04 18:48:48+00:00,17,,0,0,2026-03,2026
64675,pull_request,closed,2026-03-18 01:25:50+00:00,2026-04-08 20:53:32+00:00,21,"Deprecate,Mothballed",0,0,2026-03,2026
64674,pull_request,closed,2026-03-18 01:24:30+00:00,2026-03-19 01:07:24+00:00,0,Performance,0,1,2026-03,2026
64673,pull_request,closed,2026-03-18 01:23:15+00:00,2026-03-26 18:54:02+00:00,8,Deprecate,0,1,2026-03,2026
64672,pull_request,closed,2026-03-18 01:21:26+00:00,2026-03-23 20:38:48+00:00,5,Performance,0,1,2026-03,2026
64671,pull_request,closed,2026-03-18 01:17:31+00:00,2026-03-26 00:36:15+00:00,7,Performance,0,1,2026-03,2026
64670,pull_request,closed,2026-03-18 00:56:42+00:00,2026-03-18 16:27:45+00:00,0,Build,0,1,2026-03,2026
64669,pull_request,closed,2026-03-18 00:52:15+00:00,2026-03-20 10:53:53+00:00,2,Performance,0,1,2026-03,2026
64668,pull_request,closed,2026-03-18 00:28:31+00:00,2026-03-18 20:25:27+00:00,0,"Performance,Internals",0,1,2026-03,2026
64666,pull_request,closed,2026-03-17 21:28:58+00:00,2026-03-26 18:05:15+00:00,8,Deprecate,0,1,2026-03,2026
64665,pull_request,closed,2026-03-17 20:32:55+00:00,2026-03-18 17:59:14+00:00,0,"Refactor,Index",0,1,2026-03,2026
64664,pull_request,closed,2026-03-17 19:57:14+00:00,2026-03-30 14:54:41+00:00,12,"Regression,Strings",0,1,2026-03,2026
64662,pull_request,closed,2026-03-17 18:23:08+00:00,2026-04-29 15:06:52+00:00,42,Performance,0,1,2026-03,2026
64661,pull_request,closed,2026-03-17 17:49:35+00:00,2026-04-09 21:44:10+00:00,23,,0,0,2026-03,2026
64658,pull_request,closed,2026-03-17 16:50:14+00:00,2026-03-17 23:06:32+00:00,0,CI,0,1,2026-03,2026
64654,pull_request,closed,2026-03-17 13:00:44+00:00,2026-04-09 21:50:48+00:00,23,Docs,0,0,2026-03,2026
64653,pull_request,closed,2026-03-17 12:28:08+00:00,2026-03-26 14:57:18+00:00,9,,0,0,2026-03,2026
64652,pull_request,closed,2026-03-17 08:11:16+00:00,2026-03-26 14:56:40+00:00,9,,0,1,2026-03,2026
64649,pull_request,closed,2026-03-17 04:48:16+00:00,2026-03-23 22:17:44+00:00,6,Docs,0,1,2026-03,2026
64648,pull_request,closed,2026-03-17 00:45:57+00:00,2026-03-18 22:50:25+00:00,1,"Performance,Frequency",0,1,2026-03,2026
64646,pull_request,closed,2026-03-17 00:35:34+00:00,2026-03-18 21:39:20+00:00,1,"Performance,Index",0,1,2026-03,2026
64644,pull_request,closed,2026-03-17 00:07:03+00:00,2026-04-04 17:38:36+00:00,18,Performance,0,1,2026-03,2026
64643,pull_request,closed,2026-03-16 23:54:40+00:00,2026-03-20 22:38:49+00:00,3,"Bug,Datetime",1,1,2026-03,2026
64642,pull_request,closed,2026-03-16 23:41:42+00:00,2026-04-02 17:19:20+00:00,16,Deprecate,0,1,2026-03,2026
64640,pull_request,closed,2026-03-16 22:32:17+00:00,2026-03-20 10:34:47+00:00,3,"IO Excel,Deprecate",0,1,2026-03,2026
64639,pull_request,closed,2026-03-16 22:10:30+00:00,2026-03-17 02:20:38+00:00,0,"Bug,Groupby,Algos,Index",1,1,2026-03,2026
64638,pull_request,closed,2026-03-16 22:10:03+00:00,2026-03-17 20:50:34+00:00,0,"Performance,Output-Formatting",0,1,2026-03,2026
64637,pull_request,closed,2026-03-16 21:57:48+00:00,2026-03-19 08:18:24+00:00,2,AI Slop,0,0,2026-03,2026
64636,pull_request,closed,2026-03-16 21:29:03+00:00,2026-03-16 22:15:02+00:00,0,,0,0,2026-03,2026
64634,pull_request,closed,2026-03-16 20:57:42+00:00,2026-03-20 23:26:55+00:00,4,"IO CSV,ExtensionArray",0,1,2026-03,2026
64632,pull_request,closed,2026-03-16 19:06:29+00:00,2026-03-16 23:21:30+00:00,0,Clean,0,1,2026-03,2026
64631,pull_request,closed,2026-03-16 18:25:31+00:00,2026-04-28 13:27:40+00:00,42,"Bug,IO CSV",1,1,2026-03,2026
64630,pull_request,closed,2026-03-16 17:05:01+00:00,2026-03-16 17:52:48+00:00,0,CI,0,1,2026-03,2026
64629,pull_request,closed,2026-03-16 16:07:17+00:00,2026-03-16 19:54:35+00:00,0,Typing,0,1,2026-03,2026
64628,pull_request,closed,2026-03-16 15:06:27+00:00,2026-03-16 16:23:01+00:00,0,"CI,Dependencies",0,1,2026-03,2026
64626,pull_request,closed,2026-03-16 11:21:32+00:00,2026-03-16 15:08:48+00:00,0,"Bug,Numeric Operations",1,1,2026-03,2026
64625,pull_request,closed,2026-03-16 08:23:13+00:00,2026-03-16 15:06:11+00:00,0,"CI,Dependencies",0,1,2026-03,2026
64624,pull_request,closed,2026-03-16 00:55:59+00:00,2026-03-16 07:03:53+00:00,0,,0,0,2026-03,2026
64623,pull_request,closed,2026-03-15 23:36:46+00:00,2026-03-18 00:11:13+00:00,2,"Bug,Datetime,Dtype Conversions",1,1,2026-03,2026
64621,pull_request,closed,2026-03-15 20:01:51+00:00,2026-03-15 22:28:33+00:00,0,Typing,0,1,2026-03,2026
64620,pull_request,closed,2026-03-15 19:26:47+00:00,2026-03-15 20:31:33+00:00,0,Internals,0,1,2026-03,2026
64619,pull_request,closed,2026-03-15 19:12:57+00:00,2026-03-16 22:20:33+00:00,1,,0,1,2026-03,2026
64618,pull_request,closed,2026-03-15 18:49:18+00:00,2026-03-17 02:18:07+00:00,1,Apply,0,1,2026-03,2026
64617,pull_request,closed,2026-03-15 18:44:54+00:00,2026-03-15 18:47:30+00:00,0,,0,0,2026-03,2026
64616,pull_request,closed,2026-03-15 18:15:57+00:00,2026-03-22 01:08:06+00:00,6,,0,0,2026-03,2026
64615,pull_request,closed,2026-03-15 17:56:00+00:00,2026-03-15 18:58:14+00:00,0,Typing,0,1,2026-03,2026
64614,pull_request,closed,2026-03-15 17:54:22+00:00,2026-03-15 19:13:11+00:00,0,Typing,0,1,2026-03,2026
64612,pull_request,closed,2026-03-15 17:19:28+00:00,2026-03-15 19:04:55+00:00,0,Typing,0,1,2026-03,2026
64611,pull_request,closed,2026-03-15 17:01:50+00:00,2026-03-15 19:10:44+00:00,0,Typing,0,1,2026-03,2026
64610,pull_request,closed,2026-03-15 16:58:54+00:00,2026-03-15 19:08:30+00:00,0,Typing,0,1,2026-03,2026
64609,pull_request,closed,2026-03-15 16:48:14+00:00,2026-04-16 16:13:55+00:00,31,Performance,0,1,2026-03,2026
64608,pull_request,closed,2026-03-15 16:47:47+00:00,2026-03-15 22:29:19+00:00,0,"Performance,Sparse",0,1,2026-03,2026
64607,pull_request,closed,2026-03-15 16:41:58+00:00,2026-03-15 20:15:15+00:00,0,Performance,0,1,2026-03,2026
64606,pull_request,closed,2026-03-15 16:37:51+00:00,2026-03-15 19:05:05+00:00,0,"Groupby,Performance",0,1,2026-03,2026
64605,pull_request,closed,2026-03-15 16:31:27+00:00,2026-03-15 18:48:54+00:00,0,"Performance,hashing",0,1,2026-03,2026
64603,pull_request,closed,2026-03-15 16:24:40+00:00,2026-03-15 18:36:16+00:00,0,Typing,0,1,2026-03,2026
64602,pull_request,closed,2026-03-15 16:17:57+00:00,2026-03-15 17:35:44+00:00,0,Typing,0,1,2026-03,2026
64601,pull_request,closed,2026-03-15 04:42:34+00:00,2026-04-04 21:16:00+00:00,20,"Docs,Indexing",0,0,2026-03,2026
64600,pull_request,closed,2026-03-14 21:52:30+00:00,2026-03-15 23:19:47+00:00,1,CI,0,1,2026-03,2026
64599,pull_request,closed,2026-03-14 21:32:24+00:00,2026-03-15 18:38:11+00:00,0,Typing,0,1,2026-03,2026
64598,pull_request,closed,2026-03-14 20:42:54+00:00,2026-03-14 21:52:47+00:00,0,CI,0,1,2026-03,2026
64596,pull_request,closed,2026-03-14 17:25:34+00:00,2026-03-14 18:34:26+00:00,0,"Enhancement,Conditionals,pd.col",0,1,2026-03,2026
64595,pull_request,closed,2026-03-14 17:02:09+00:00,2026-03-19 15:37:42+00:00,4,Docs,0,1,2026-03,2026
64592,pull_request,closed,2026-03-14 08:46:30+00:00,2026-03-14 16:41:53+00:00,0,,0,0,2026-03,2026
64591,pull_request,closed,2026-03-14 08:37:23+00:00,2026-03-14 12:11:55+00:00,0,,0,0,2026-03,2026
64590,pull_request,closed,2026-03-14 02:09:54+00:00,2026-03-15 22:29:56+00:00,1,Performance,0,1,2026-03,2026
64589,pull_request,closed,2026-03-14 02:06:47+00:00,2026-03-25 19:08:28+00:00,11,Deprecate,0,0,2026-03,2026
64587,pull_request,closed,2026-03-13 22:02:13+00:00,2026-03-22 20:50:40+00:00,8,,0,0,2026-03,2026
64586,pull_request,closed,2026-03-13 21:32:26+00:00,2026-03-13 22:02:21+00:00,0,,0,0,2026-03,2026
64583,pull_request,closed,2026-03-13 15:10:14+00:00,2026-03-23 22:22:14+00:00,10,"Docs,IO HDF5",0,1,2026-03,2026
64582,pull_request,closed,2026-03-13 13:55:42+00:00,2026-04-29 21:46:13+00:00,47,Build,0,0,2026-03,2026
64581,pull_request,closed,2026-03-13 13:11:59+00:00,2026-03-16 18:39:20+00:00,3,,0,0,2026-03,2026
64580,pull_request,closed,2026-03-13 11:24:05+00:00,2026-03-14 17:04:45+00:00,1,"Testing,Index",0,1,2026-03,2026
64579,pull_request,closed,2026-03-13 10:06:24+00:00,2026-03-14 16:54:50+00:00,1,Arrow,0,1,2026-03,2026
64577,pull_request,closed,2026-03-13 07:34:10+00:00,2026-03-13 12:44:29+00:00,0,"Indexing,Performance,Arrow",0,1,2026-03,2026
64576,pull_request,closed,2026-03-13 06:40:02+00:00,2026-03-13 07:47:43+00:00,0,,0,0,2026-03,2026
64575,pull_request,closed,2026-03-13 01:32:17+00:00,2026-03-19 14:33:49+00:00,6,Performance,0,1,2026-03,2026
64574,pull_request,closed,2026-03-13 01:08:51+00:00,2026-04-20 13:58:58+00:00,38,Performance,0,1,2026-03,2026
64573,pull_request,closed,2026-03-13 00:26:00+00:00,2026-03-14 16:58:33+00:00,1,Typing,0,1,2026-03,2026
64572,pull_request,closed,2026-03-13 00:22:47+00:00,2026-03-13 16:46:13+00:00,0,Typing,0,1,2026-03,2026
64571,pull_request,closed,2026-03-12 21:40:31+00:00,2026-04-26 13:07:08+00:00,44,"Bug,IO HTML",1,1,2026-03,2026
64570,pull_request,closed,2026-03-12 21:29:17+00:00,2026-03-12 22:51:24+00:00,0,Testing,0,1,2026-03,2026
64569,pull_request,closed,2026-03-12 21:15:50+00:00,2026-03-26 19:30:42+00:00,13,"Bug,IO HDF5,Strings",1,1,2026-03,2026
64568,pull_request,closed,2026-03-12 20:05:13+00:00,2026-03-12 21:20:10+00:00,0,"Docs,CI",0,1,2026-03,2026
64567,pull_request,closed,2026-03-12 19:09:43+00:00,2026-03-22 18:41:06+00:00,9,,0,1,2026-03,2026
64566,pull_request,closed,2026-03-12 17:26:51+00:00,2026-03-12 18:38:39+00:00,0,"Testing,Build",0,1,2026-03,2026
64565,pull_request,closed,2026-03-12 17:20:53+00:00,2026-03-12 19:15:27+00:00,0,,0,1,2026-03,2026
64564,pull_request,closed,2026-03-12 17:18:38+00:00,2026-03-12 23:53:53+00:00,0,Build,0,1,2026-03,2026
64563,pull_request,closed,2026-03-12 17:01:31+00:00,2026-03-12 20:04:46+00:00,0,,0,1,2026-03,2026
64562,pull_request,closed,2026-03-12 16:56:20+00:00,2026-03-18 22:22:42+00:00,6,Typing,0,1,2026-03,2026
64561,pull_request,closed,2026-03-12 16:49:17+00:00,2026-03-12 19:09:44+00:00,0,Testing,0,1,2026-03,2026
64559,pull_request,closed,2026-03-12 14:53:55+00:00,2026-03-21 16:13:05+00:00,9,Typing,0,1,2026-03,2026
64558,pull_request,closed,2026-03-12 12:15:32+00:00,2026-03-12 15:58:06+00:00,0,,0,0,2026-03,2026
64557,pull_request,closed,2026-03-12 06:37:21+00:00,2026-03-12 06:42:17+00:00,0,,0,0,2026-03,2026
64556,pull_request,closed,2026-03-12 06:09:09+00:00,2026-03-19 09:13:44+00:00,7,,0,1,2026-03,2026
64554,pull_request,closed,2026-03-12 05:31:23+00:00,2026-03-12 16:10:30+00:00,0,Typing,0,1,2026-03,2026
64553,pull_request,closed,2026-03-12 04:15:24+00:00,2026-03-12 16:12:29+00:00,0,Docs,0,1,2026-03,2026
64552,pull_request,closed,2026-03-12 03:55:51+00:00,2026-03-12 16:02:04+00:00,0,Docs,0,1,2026-03,2026
64551,pull_request,closed,2026-03-12 02:50:59+00:00,2026-03-12 19:14:17+00:00,0,"Code Style,Typing",0,1,2026-03,2026
64550,pull_request,closed,2026-03-12 02:13:37+00:00,2026-03-12 16:13:32+00:00,0,Testing,0,1,2026-03,2026
64549,pull_request,closed,2026-03-12 02:06:06+00:00,2026-03-12 16:31:42+00:00,0,Refactor,0,1,2026-03,2026
64548,pull_request,closed,2026-03-12 01:39:40+00:00,2026-03-15 22:27:02+00:00,3,Testing,0,1,2026-03,2026
64547,pull_request,closed,2026-03-12 01:37:07+00:00,2026-03-12 19:19:22+00:00,0,"Output-Formatting,Sparse",0,1,2026-03,2026
64545,pull_request,closed,2026-03-12 01:01:44+00:00,2026-03-12 18:59:20+00:00,0,Non-Nano,0,1,2026-03,2026
64544,pull_request,closed,2026-03-12 00:55:41+00:00,2026-03-12 19:12:31+00:00,0,"Performance,Output-Formatting",0,1,2026-03,2026
64543,pull_request,closed,2026-03-12 00:04:15+00:00,2026-03-23 17:20:06+00:00,11,Performance,0,1,2026-03,2026
64542,pull_request,closed,2026-03-11 22:58:13+00:00,2026-03-22 00:19:09+00:00,10,"Deprecate,Index",0,1,2026-03,2026
64541,pull_request,closed,2026-03-11 22:51:34+00:00,2026-04-22 21:30:41+00:00,41,Build,0,0,2026-03,2026
64540,pull_request,closed,2026-03-11 20:53:14+00:00,2026-03-18 01:52:49+00:00,6,IO CSV,0,1,2026-03,2026
64539,pull_request,closed,2026-03-11 19:39:19+00:00,2026-03-11 20:36:54+00:00,0,Docs,0,1,2026-03,2026
64538,pull_request,closed,2026-03-11 19:33:29+00:00,2026-03-12 16:00:17+00:00,0,Docs,0,1,2026-03,2026
64537,pull_request,closed,2026-03-11 17:57:21+00:00,2026-03-21 16:41:51+00:00,9,Docs,0,0,2026-03,2026
64536,pull_request,closed,2026-03-11 17:47:20+00:00,2026-03-11 20:41:00+00:00,0,Performance,0,1,2026-03,2026
64534,pull_request,closed,2026-03-11 17:37:21+00:00,2026-03-12 22:59:12+00:00,1,Build,0,1,2026-03,2026
64533,pull_request,closed,2026-03-11 15:17:07+00:00,2026-04-09 21:57:06+00:00,29,,0,0,2026-03,2026
64532,pull_request,closed,2026-03-11 14:45:32+00:00,2026-03-11 16:06:52+00:00,0,"Testing,Clean",0,1,2026-03,2026
64531,pull_request,closed,2026-03-11 14:38:21+00:00,2026-03-12 13:26:04+00:00,0,Docs,0,1,2026-03,2026
64530,pull_request,closed,2026-03-11 14:04:21+00:00,2026-03-30 13:39:42+00:00,18,"Performance,Strings,Arrow",0,1,2026-03,2026
64529,pull_request,closed,2026-03-11 13:15:05+00:00,2026-03-12 18:24:39+00:00,1,"Indexing,Performance,Arrow",0,1,2026-03,2026
64527,pull_request,closed,2026-03-11 10:28:34+00:00,2026-03-11 10:37:42+00:00,0,Code Style,0,1,2026-03,2026
64526,pull_request,closed,2026-03-11 10:13:32+00:00,2026-03-11 12:00:18+00:00,0,"Bug,Strings,Arrow",1,1,2026-03,2026
64525,pull_request,closed,2026-03-11 06:48:23+00:00,2026-03-12 20:42:13+00:00,1,,0,0,2026-03,2026
64523,pull_request,closed,2026-03-11 06:07:12+00:00,2026-03-11 16:11:24+00:00,0,Docs,0,1,2026-03,2026
64522,pull_request,closed,2026-03-11 05:35:02+00:00,2026-03-11 16:12:37+00:00,0,Docs,0,1,2026-03,2026
64521,pull_request,closed,2026-03-11 05:30:53+00:00,2026-03-11 16:13:22+00:00,0,Error Reporting,0,1,2026-03,2026
64520,pull_request,closed,2026-03-11 05:26:25+00:00,2026-03-11 16:14:58+00:00,0,Error Reporting,0,1,2026-03,2026
64519,pull_request,closed,2026-03-11 04:55:59+00:00,2026-03-11 15:50:00+00:00,0,Docs,0,1,2026-03,2026
64518,pull_request,closed,2026-03-11 04:14:06+00:00,2026-03-11 15:49:13+00:00,0,Docs,0,1,2026-03,2026
64517,pull_request,closed,2026-03-11 04:00:58+00:00,2026-03-11 15:48:28+00:00,0,Docs,0,1,2026-03,2026
64516,pull_request,closed,2026-03-11 02:35:49+00:00,2026-03-11 16:50:23+00:00,0,Refactor,0,1,2026-03,2026
64514,pull_request,closed,2026-03-11 00:01:36+00:00,2026-03-11 09:15:11+00:00,0,,0,1,2026-03,2026
64513,pull_request,closed,2026-03-10 23:41:07+00:00,2026-04-01 19:42:42+00:00,21,"Performance,IO CSV",0,1,2026-03,2026
64512,pull_request,closed,2026-03-10 23:25:50+00:00,2026-03-17 20:43:56+00:00,6,"Performance,IO CSV",0,1,2026-03,2026
64510,pull_request,closed,2026-03-10 21:01:58+00:00,2026-03-20 15:56:47+00:00,9,"Enhancement,NA - MaskedArrays",0,1,2026-03,2026
64509,pull_request,closed,2026-03-10 17:07:37+00:00,2026-03-10 17:53:04+00:00,0,Docs,0,1,2026-03,2026
64508,pull_request,closed,2026-03-10 17:00:19+00:00,2026-03-10 17:52:28+00:00,0,Docs,0,1,2026-03,2026
64507,pull_request,closed,2026-03-10 12:50:32+00:00,2026-04-09 21:41:27+00:00,30,"Enhancement,expressions",0,0,2026-03,2026
64506,pull_request,closed,2026-03-10 12:00:00+00:00,2026-04-24 02:13:43+00:00,44,Stale,0,0,2026-03,2026
64505,pull_request,closed,2026-03-10 06:39:41+00:00,2026-03-10 16:19:33+00:00,0,Error Reporting,0,1,2026-03,2026
64504,pull_request,closed,2026-03-10 06:36:24+00:00,2026-03-10 16:21:11+00:00,0,Warnings,0,1,2026-03,2026
64503,pull_request,closed,2026-03-10 06:28:46+00:00,2026-03-10 16:21:44+00:00,0,Error Reporting,0,1,2026-03,2026
64502,pull_request,closed,2026-03-10 03:49:33+00:00,2026-03-10 17:51:54+00:00,0,Docs,0,1,2026-03,2026
64501,pull_request,closed,2026-03-10 03:41:27+00:00,2026-03-10 16:15:55+00:00,0,Docs,0,1,2026-03,2026
64500,pull_request,closed,2026-03-10 03:34:34+00:00,2026-03-10 16:11:08+00:00,0,Docs,0,1,2026-03,2026
64499,pull_request,closed,2026-03-10 03:27:14+00:00,2026-03-10 16:13:04+00:00,0,Docs,0,1,2026-03,2026
64498,pull_request,closed,2026-03-10 03:08:23+00:00,2026-03-10 16:11:52+00:00,0,Docs,0,1,2026-03,2026
64497,pull_request,closed,2026-03-10 02:16:14+00:00,2026-03-22 01:07:55+00:00,11,,0,0,2026-03,2026
64496,pull_request,closed,2026-03-10 00:21:09+00:00,2026-03-10 16:22:15+00:00,0,"Build,CI,Dependencies",0,1,2026-03,2026
64495,pull_request,closed,2026-03-09 21:36:20+00:00,2026-03-10 16:38:46+00:00,0,,0,1,2026-03,2026
64494,pull_request,closed,2026-03-09 21:16:29+00:00,2026-03-10 00:18:37+00:00,0,Testing,0,1,2026-03,2026
64493,pull_request,closed,2026-03-09 18:06:03+00:00,2026-03-10 16:45:24+00:00,0,"Performance,Non-Nano",0,1,2026-03,2026
64492,pull_request,closed,2026-03-09 17:19:51+00:00,2026-03-15 12:06:57+00:00,5,"Bug,Reshaping",1,1,2026-03,2026
64491,pull_request,closed,2026-03-09 17:04:59+00:00,2026-03-09 17:36:42+00:00,0,Docs,0,1,2026-03,2026
64490,pull_request,closed,2026-03-09 16:32:58+00:00,2026-03-09 17:42:49+00:00,0,Dtype Conversions,0,1,2026-03,2026
64489,pull_request,closed,2026-03-09 16:30:23+00:00,2026-03-09 20:08:26+00:00,0,Internals,0,1,2026-03,2026
64488,pull_request,closed,2026-03-09 16:23:11+00:00,2026-03-09 16:34:27+00:00,0,"CI,Dependencies",0,1,2026-03,2026
64487,pull_request,closed,2026-03-09 16:12:34+00:00,2026-03-09 16:39:10+00:00,0,,0,0,2026-03,2026
64486,pull_request,closed,2026-03-09 09:47:26+00:00,2026-05-12 18:02:36+00:00,64,"Docs,Visualization",0,0,2026-03,2026
64485,pull_request,closed,2026-03-09 08:27:52+00:00,2026-03-10 00:20:28+00:00,0,"Build,CI,Dependencies",0,1,2026-03,2026
64484,pull_request,closed,2026-03-09 08:27:42+00:00,2026-03-09 16:18:52+00:00,0,"CI,Dependencies",0,1,2026-03,2026
64483,pull_request,closed,2026-03-08 22:26:14+00:00,2026-03-09 18:45:18+00:00,0,numba,0,1,2026-03,2026
64482,pull_request,closed,2026-03-08 21:54:36+00:00,2026-03-09 20:03:41+00:00,0,Internals,0,1,2026-03,2026
64481,pull_request,closed,2026-03-08 21:46:22+00:00,2026-03-10 00:21:07+00:00,1,"Testing,Index",0,1,2026-03,2026
64480,pull_request,closed,2026-03-08 21:35:51+00:00,2026-03-09 20:02:31+00:00,0,Frequency,0,1,2026-03,2026
64479,pull_request,closed,2026-03-08 19:51:26+00:00,2026-03-12 18:55:00+00:00,3,,0,1,2026-03,2026
64478,pull_request,closed,2026-03-08 18:59:18+00:00,2026-03-09 16:32:50+00:00,0,Dtype Conversions,0,1,2026-03,2026
64477,pull_request,closed,2026-03-08 18:09:27+00:00,2026-03-09 19:56:50+00:00,1,Internals,0,1,2026-03,2026
64476,pull_request,closed,2026-03-08 17:25:04+00:00,2026-03-09 19:53:50+00:00,1,Internals,0,1,2026-03,2026
64475,pull_request,closed,2026-03-08 14:18:47+00:00,2026-03-08 18:39:18+00:00,0,,0,0,2026-03,2026
64474,pull_request,closed,2026-03-08 05:13:09+00:00,2026-03-08 21:32:02+00:00,0,,0,1,2026-03,2026
64473,pull_request,closed,2026-03-08 05:09:24+00:00,2026-03-09 16:03:09+00:00,1,,0,1,2026-03,2026
64472,pull_request,closed,2026-03-08 04:52:07+00:00,2026-03-10 20:36:52+00:00,2,,0,0,2026-03,2026
64471,pull_request,closed,2026-03-08 04:46:34+00:00,2026-03-09 16:47:34+00:00,1,Docs,0,1,2026-03,2026
64470,pull_request,closed,2026-03-08 04:31:06+00:00,2026-03-09 16:51:34+00:00,1,Docs,0,1,2026-03,2026
64469,pull_request,closed,2026-03-08 04:26:44+00:00,2026-03-09 16:50:57+00:00,1,Docs,0,1,2026-03,2026
64468,pull_request,closed,2026-03-08 04:21:15+00:00,2026-03-09 16:50:20+00:00,1,Docs,0,1,2026-03,2026
64467,pull_request,closed,2026-03-08 04:07:20+00:00,2026-03-09 16:49:45+00:00,1,Docs,0,1,2026-03,2026
64466,pull_request,closed,2026-03-08 03:57:30+00:00,2026-03-09 16:49:01+00:00,1,Docs,0,1,2026-03,2026
64465,pull_request,closed,2026-03-08 03:47:28+00:00,2026-03-09 16:48:25+00:00,1,Docs,0,1,2026-03,2026
64464,pull_request,closed,2026-03-07 23:48:49+00:00,2026-03-08 19:05:42+00:00,0,"Testing,Warnings",0,1,2026-03,2026
64463,pull_request,closed,2026-03-07 23:41:14+00:00,2026-03-08 01:10:26+00:00,0,"Performance,Frequency",0,1,2026-03,2026
64462,pull_request,closed,2026-03-07 23:13:40+00:00,2026-03-08 01:06:32+00:00,0,Internals,0,1,2026-03,2026
64461,pull_request,closed,2026-03-07 23:02:31+00:00,2026-03-10 18:23:32+00:00,2,Testing,0,1,2026-03,2026
64459,pull_request,closed,2026-03-07 19:42:16+00:00,2026-03-21 16:40:02+00:00,13,Docs,0,1,2026-03,2026
64457,pull_request,closed,2026-03-07 19:04:15+00:00,2026-03-09 16:54:30+00:00,1,Testing,0,1,2026-03,2026
64456,pull_request,closed,2026-03-07 18:38:33+00:00,2026-03-12 20:30:23+00:00,5,"Performance,Reshaping",0,1,2026-03,2026
64455,pull_request,closed,2026-03-07 18:33:16+00:00,2026-03-17 20:34:25+00:00,10,"Performance,Reshaping",0,1,2026-03,2026
64453,pull_request,closed,2026-03-07 16:20:25+00:00,2026-03-07 23:29:20+00:00,0,"Performance,NA - MaskedArrays,Copy / view semantics",0,1,2026-03,2026
64452,pull_request,closed,2026-03-07 15:14:32+00:00,2026-03-07 17:39:49+00:00,0,Performance,0,1,2026-03,2026
64451,pull_request,closed,2026-03-07 12:43:06+00:00,2026-03-09 17:12:59+00:00,2,"Enhancement,ExtensionArray",0,1,2026-03,2026
64448,pull_request,closed,2026-03-07 08:34:02+00:00,2026-03-16 11:20:56+00:00,9,"Bug,Numeric Operations",1,1,2026-03,2026
64447,pull_request,closed,2026-03-07 07:06:52+00:00,2026-03-07 18:45:55+00:00,0,Docs,0,1,2026-03,2026
64445,pull_request,closed,2026-03-07 05:17:22+00:00,2026-03-07 17:29:15+00:00,0,Docs,0,1,2026-03,2026
64444,pull_request,closed,2026-03-07 04:32:45+00:00,2026-03-07 17:29:56+00:00,0,Docs,0,1,2026-03,2026
64443,pull_request,closed,2026-03-07 04:28:19+00:00,2026-03-07 14:34:17+00:00,0,"Docs,Groupby",0,1,2026-03,2026
64442,pull_request,closed,2026-03-07 04:22:40+00:00,2026-03-07 17:28:10+00:00,0,Docs,0,1,2026-03,2026
64441,pull_request,closed,2026-03-07 04:18:41+00:00,2026-03-07 17:26:54+00:00,0,Docs,0,1,2026-03,2026
64440,pull_request,closed,2026-03-07 04:08:08+00:00,2026-03-07 17:24:44+00:00,0,Docs,0,1,2026-03,2026
64439,pull_request,closed,2026-03-07 04:00:30+00:00,2026-03-07 17:31:08+00:00,0,Docs,0,1,2026-03,2026
64438,pull_request,closed,2026-03-07 02:33:40+00:00,2026-03-09 17:48:16+00:00,2,Performance,0,1,2026-03,2026
64437,pull_request,closed,2026-03-07 01:54:42+00:00,2026-03-07 17:59:41+00:00,0,Performance,0,1,2026-03,2026
64436,pull_request,closed,2026-03-07 01:29:44+00:00,2026-03-07 17:54:50+00:00,0,Internals,0,1,2026-03,2026
64435,pull_request,closed,2026-03-07 01:15:20+00:00,2026-03-07 19:06:25+00:00,0,,0,0,2026-03,2026
64434,pull_request,closed,2026-03-07 00:31:47+00:00,2026-04-18 16:42:48+00:00,42,"Performance,Stale",0,1,2026-03,2026
64433,pull_request,closed,2026-03-06 22:18:39+00:00,2026-03-07 19:35:42+00:00,0,,0,0,2026-03,2026
64432,pull_request,closed,2026-03-06 21:57:35+00:00,2026-03-17 20:32:48+00:00,10,"Build,Performance,IO CSV,Numeric stability",0,1,2026-03,2026
64431,pull_request,closed,2026-03-06 21:48:48+00:00,2026-03-07 00:42:09+00:00,0,Docs,0,1,2026-03,2026
64430,pull_request,closed,2026-03-06 21:13:16+00:00,2026-03-06 22:18:01+00:00,0,,0,0,2026-03,2026
64427,pull_request,closed,2026-03-06 17:05:14+00:00,2026-03-06 17:28:42+00:00,0,Docs,0,1,2026-03,2026
64424,pull_request,closed,2026-03-06 15:41:30+00:00,2026-04-09 22:46:29+00:00,34,Needs Tests,0,0,2026-03,2026
64423,pull_request,closed,2026-03-06 15:40:06+00:00,2026-03-06 21:48:21+00:00,0,Docs,0,1,2026-03,2026
64422,pull_request,closed,2026-03-06 15:36:40+00:00,2026-04-20 16:31:33+00:00,45,"Error Reporting,Reduction Operations",0,0,2026-03,2026
64421,pull_request,closed,2026-03-06 14:31:58+00:00,2026-03-06 17:25:35+00:00,0,"Missing-data,Regression",0,1,2026-03,2026
64420,pull_request,closed,2026-03-06 14:27:46+00:00,2026-03-06 17:25:57+00:00,0,Docs,0,1,2026-03,2026
64418,pull_request,closed,2026-03-06 07:35:28+00:00,2026-03-08 03:36:28+00:00,1,,0,0,2026-03,2026
64417,pull_request,closed,2026-03-06 04:21:07+00:00,2026-03-11 15:47:23+00:00,5,,0,1,2026-03,2026
64416,pull_request,closed,2026-03-06 04:20:58+00:00,2026-03-11 00:37:08+00:00,4,Docs,0,0,2026-03,2026
64415,pull_request,closed,2026-03-06 01:53:40+00:00,2026-03-06 15:28:24+00:00,0,,0,0,2026-03,2026
64414,pull_request,closed,2026-03-06 01:52:57+00:00,2026-03-06 01:54:35+00:00,0,,0,0,2026-03,2026
64413,pull_request,closed,2026-03-05 22:15:22+00:00,2026-03-05 23:04:13+00:00,0,Build,0,1,2026-03,2026
64412,pull_request,closed,2026-03-05 16:33:45+00:00,2026-03-06 14:27:38+00:00,0,Docs,0,1,2026-03,2026
64411,pull_request,closed,2026-03-05 12:31:18+00:00,2026-03-11 00:34:51+00:00,5,,0,0,2026-03,2026
64410,pull_request,closed,2026-03-05 12:28:53+00:00,2026-03-11 00:33:27+00:00,5,,0,0,2026-03,2026
64409,pull_request,closed,2026-03-05 12:25:09+00:00,2026-03-11 00:34:31+00:00,5,,0,0,2026-03,2026
64408,pull_request,closed,2026-03-05 12:21:38+00:00,2026-03-11 00:34:01+00:00,5,Constructors,0,0,2026-03,2026
64407,pull_request,closed,2026-03-05 11:56:15+00:00,2026-03-05 20:40:30+00:00,0,,0,0,2026-03,2026
64406,pull_request,closed,2026-03-05 11:55:13+00:00,2026-03-05 20:40:26+00:00,0,,0,0,2026-03,2026
64405,pull_request,closed,2026-03-05 11:54:11+00:00,2026-03-05 20:40:21+00:00,0,,0,0,2026-03,2026
64404,pull_request,closed,2026-03-05 11:53:13+00:00,2026-03-05 20:40:16+00:00,0,,0,0,2026-03,2026
64403,pull_request,closed,2026-03-05 11:51:42+00:00,2026-03-05 20:40:11+00:00,0,,0,0,2026-03,2026
64402,pull_request,closed,2026-03-05 11:50:42+00:00,2026-03-05 20:40:06+00:00,0,,0,0,2026-03,2026
64401,pull_request,closed,2026-03-05 11:49:39+00:00,2026-03-05 20:40:01+00:00,0,,0,0,2026-03,2026
64400,pull_request,closed,2026-03-05 11:46:20+00:00,2026-03-05 20:39:55+00:00,0,,0,0,2026-03,2026
64399,pull_request,closed,2026-03-05 11:45:19+00:00,2026-03-05 20:39:49+00:00,0,,0,0,2026-03,2026
64398,pull_request,closed,2026-03-05 11:43:29+00:00,2026-03-05 20:39:44+00:00,0,,0,0,2026-03,2026
64397,pull_request,closed,2026-03-05 11:26:54+00:00,2026-03-11 00:36:44+00:00,5,,0,0,2026-03,2026
64396,pull_request,closed,2026-03-05 04:36:28+00:00,2026-03-05 22:14:57+00:00,0,Build,0,1,2026-03,2026
64392,pull_request,closed,2026-03-04 13:55:57+00:00,2026-03-20 18:08:35+00:00,16,"Bug,Dtype Conversions",1,0,2026-03,2026
64390,pull_request,closed,2026-03-04 08:46:13+00:00,2026-03-28 20:06:08+00:00,24,"Bug,IO SQL",1,0,2026-03,2026
64389,pull_request,closed,2026-03-04 08:08:56+00:00,2026-03-05 16:43:05+00:00,1,,0,1,2026-03,2026
64388,pull_request,closed,2026-03-03 22:13:49+00:00,2026-03-06 17:24:06+00:00,2,"Performance,Regression",0,1,2026-03,2026
64387,pull_request,closed,2026-03-03 20:41:54+00:00,2026-03-09 12:11:33+00:00,5,,0,0,2026-03,2026
64386,pull_request,closed,2026-03-03 20:34:36+00:00,2026-03-26 16:51:05+00:00,22,"Bug,Sorting",1,1,2026-03,2026
64385,pull_request,closed,2026-03-03 19:23:43+00:00,2026-03-03 20:06:19+00:00,0,Testing,0,1,2026-03,2026
64384,pull_request,closed,2026-03-03 17:56:54+00:00,2026-03-03 19:35:36+00:00,0,"Docs,Typing",0,1,2026-03,2026
64382,pull_request,closed,2026-03-03 10:51:29+00:00,2026-03-03 17:42:50+00:00,0,Docs,0,1,2026-03,2026
64380,pull_request,closed,2026-03-03 08:43:34+00:00,2026-03-03 17:42:19+00:00,0,Docs,0,1,2026-03,2026
64379,pull_request,closed,2026-03-03 08:25:53+00:00,2026-05-06 08:45:11+00:00,64,"Performance,Timezones",0,1,2026-03,2026
64378,pull_request,closed,2026-03-03 07:56:17+00:00,2026-03-03 17:43:22+00:00,0,Docs,0,1,2026-03,2026
64377,pull_request,closed,2026-03-03 07:09:40+00:00,2026-03-18 21:54:33+00:00,15,"Performance,Timezones",0,0,2026-03,2026
64376,pull_request,closed,2026-03-03 06:28:14+00:00,2026-03-23 00:04:56+00:00,19,"Visualization,Performance",0,1,2026-03,2026
64375,pull_request,closed,2026-03-03 00:13:55+00:00,2026-03-03 03:15:04+00:00,0,Code Style,0,1,2026-03,2026
64374,pull_request,closed,2026-03-02 23:38:00+00:00,2026-03-04 18:41:02+00:00,1,"Performance,Output-Formatting",0,1,2026-03,2026
64373,pull_request,closed,2026-03-02 19:32:13+00:00,2026-03-02 19:51:14+00:00,0,"Build,CI,Dependencies",0,1,2026-03,2026
64372,pull_request,closed,2026-03-02 19:31:58+00:00,2026-03-02 19:50:59+00:00,0,"Build,CI,Dependencies",0,1,2026-03,2026
64371,pull_request,closed,2026-03-02 19:15:35+00:00,2026-03-02 21:09:15+00:00,0,,0,0,2026-03,2026
64370,pull_request,closed,2026-03-02 17:48:08+00:00,2026-03-02 21:40:08+00:00,0,"Performance,Reshaping",0,1,2026-03,2026
64369,pull_request,closed,2026-03-02 17:39:01+00:00,2026-03-03 17:41:34+00:00,1,Docs,0,1,2026-03,2026
64368,pull_request,closed,2026-03-02 17:29:01+00:00,2026-03-02 19:27:25+00:00,0,Code Style,0,1,2026-03,2026
64367,pull_request,closed,2026-03-02 16:31:46+00:00,2026-03-02 17:28:32+00:00,0,Code Style,0,1,2026-03,2026
64366,pull_request,closed,2026-03-02 15:48:19+00:00,2026-03-13 20:32:53+00:00,11,Reduction Operations,0,1,2026-03,2026
64365,pull_request,closed,2026-03-02 14:19:44+00:00,2026-03-11 14:41:57+00:00,9,"Testing,ExtensionArray",0,1,2026-03,2026
64364,pull_request,closed,2026-03-02 14:10:34+00:00,2026-03-02 14:59:35+00:00,0,,0,0,2026-03,2026
64362,pull_request,closed,2026-03-02 08:38:33+00:00,2026-03-02 17:24:33+00:00,0,Docs,0,1,2026-03,2026
64361,pull_request,closed,2026-03-02 08:29:13+00:00,2026-03-02 19:32:06+00:00,0,"Build,CI,Dependencies",0,1,2026-03,2026
64360,pull_request,closed,2026-03-02 08:29:06+00:00,2026-03-02 19:31:50+00:00,0,"Build,CI,Dependencies",0,1,2026-03,2026
64359,pull_request,closed,2026-03-01 20:19:41+00:00,2026-03-02 17:29:04+00:00,0,"Strings,Arrow",0,1,2026-03,2026
64358,pull_request,closed,2026-03-01 19:44:21+00:00,2026-03-01 20:01:32+00:00,0,,0,0,2026-03,2026
64357,pull_request,closed,2026-03-01 19:12:48+00:00,2026-03-02 19:40:54+00:00,1,IO CSV,0,1,2026-03,2026
64356,pull_request,closed,2026-03-01 19:07:53+00:00,2026-03-02 14:29:34+00:00,0,,0,1,2026-03,2026
64355,pull_request,closed,2026-03-01 16:44:46+00:00,2026-03-01 17:54:10+00:00,0,Docs,0,1,2026-03,2026
64354,pull_request,closed,2026-03-01 15:26:18+00:00,2026-03-01 17:30:59+00:00,0,,0,0,2026-03,2026
64353,pull_request,closed,2026-03-01 15:23:12+00:00,2026-03-01 17:31:26+00:00,0,,0,0,2026-03,2026
64352,pull_request,closed,2026-03-01 05:00:57+00:00,2026-03-01 17:35:57+00:00,0,Docs,0,1,2026-03,2026
64351,pull_request,closed,2026-03-01 04:18:39+00:00,2026-03-01 17:34:38+00:00,0,Docs,0,1,2026-03,2026
64348,pull_request,closed,2026-02-28 20:20:11+00:00,2026-03-01 17:33:17+00:00,0,Typing,0,1,2026-02,2026
64346,pull_request,closed,2026-02-28 07:37:58+00:00,2026-03-06 17:05:07+00:00,6,Docs,0,1,2026-02,2026
64344,pull_request,closed,2026-02-28 02:50:23+00:00,2026-03-02 19:56:49+00:00,2,IO SAS,0,1,2026-02,2026
64343,pull_request,closed,2026-02-27 20:57:45+00:00,2026-03-22 20:51:07+00:00,22,"Bug,Indexing",1,0,2026-02,2026
64340,pull_request,closed,2026-02-27 16:49:55+00:00,2026-02-28 17:01:49+00:00,1,Docs,0,1,2026-02,2026
64339,pull_request,closed,2026-02-27 15:35:40+00:00,2026-03-11 10:12:33+00:00,11,"Bug,Strings,Arrow",1,1,2026-02,2026
64338,pull_request,closed,2026-02-27 14:40:39+00:00,2026-02-27 18:12:31+00:00,0,"Regression,IO HDF5,Non-Nano",0,1,2026-02,2026
64336,pull_request,closed,2026-02-27 10:21:04+00:00,2026-04-04 21:09:39+00:00,36,Docs,0,0,2026-02,2026
64335,pull_request,closed,2026-02-27 10:13:12+00:00,2026-03-28 19:51:25+00:00,29,Docs,0,0,2026-02,2026
64334,pull_request,closed,2026-02-27 09:21:45+00:00,2026-03-23 22:23:22+00:00,24,Docs,0,0,2026-02,2026
64332,pull_request,closed,2026-02-27 06:15:38+00:00,2026-03-06 14:31:49+00:00,7,"Missing-data,Regression",0,1,2026-02,2026
64331,pull_request,closed,2026-02-27 02:19:38+00:00,2026-03-31 23:35:46+00:00,32,Needs Tests,0,1,2026-02,2026
64330,pull_request,closed,2026-02-26 23:16:30+00:00,2026-02-27 00:21:31+00:00,0,"Performance,quantile",0,1,2026-02,2026
64329,pull_request,closed,2026-02-26 22:20:51+00:00,2026-02-26 23:34:13+00:00,0,,0,1,2026-02,2026
64328,pull_request,closed,2026-02-26 22:08:31+00:00,2026-02-26 23:13:11+00:00,0,"Testing,Visualization",0,1,2026-02,2026
64326,pull_request,closed,2026-02-26 20:05:28+00:00,2026-02-26 20:12:37+00:00,0,,0,0,2026-02,2026
64325,pull_request,closed,2026-02-26 19:19:28+00:00,2026-03-01 18:43:05+00:00,2,,0,0,2026-02,2026
64324,pull_request,closed,2026-02-26 17:16:53+00:00,2026-02-27 16:47:24+00:00,0,Docs,0,1,2026-02,2026
64321,pull_request,closed,2026-02-26 13:42:17+00:00,2026-04-25 02:50:13+00:00,57,"Docs,Stale",0,0,2026-02,2026
64319,pull_request,closed,2026-02-26 07:06:40+00:00,2026-04-04 21:16:06+00:00,37,Docs,0,0,2026-02,2026
64318,pull_request,closed,2026-02-26 05:47:48+00:00,2026-02-27 14:40:09+00:00,1,"Regression,IO HDF5,Non-Nano",0,1,2026-02,2026
64317,pull_request,closed,2026-02-26 02:41:02+00:00,2026-03-02 19:42:17+00:00,4,"Testing,Visualization",0,1,2026-02,2026
64316,pull_request,closed,2026-02-26 02:34:40+00:00,2026-02-26 16:29:13+00:00,0,"Testing,Visualization",0,1,2026-02,2026
64311,pull_request,closed,2026-02-25 23:43:13+00:00,2026-02-26 16:28:20+00:00,0,Period,0,1,2026-02,2026
64309,pull_request,closed,2026-02-25 17:04:11+00:00,2026-02-25 18:22:48+00:00,0,Docs,0,1,2026-02,2026
64306,pull_request,closed,2026-02-25 11:37:48+00:00,2026-03-28 17:31:20+00:00,31,"Timedelta,Frequency",0,1,2026-02,2026
64305,pull_request,closed,2026-02-25 09:14:29+00:00,2026-02-25 09:15:03+00:00,0,,0,0,2026-02,2026
64304,pull_request,closed,2026-02-25 07:24:49+00:00,2026-02-25 21:48:05+00:00,0,"Performance,Describe/info/etc",0,1,2026-02,2026
64301,pull_request,closed,2026-02-24 20:38:44+00:00,2026-02-24 21:24:52+00:00,0,Docs,0,1,2026-02,2026
64299,pull_request,closed,2026-02-24 18:33:18+00:00,2026-02-26 02:15:51+00:00,1,CI,0,1,2026-02,2026
64296,pull_request,closed,2026-02-24 17:13:51+00:00,2026-03-22 20:50:47+00:00,26,Needs Tests,0,0,2026-02,2026
64295,pull_request,closed,2026-02-24 09:53:04+00:00,2026-02-24 21:39:44+00:00,0,Docs,0,1,2026-02,2026
64294,pull_request,closed,2026-02-24 07:04:55+00:00,2026-04-11 17:00:42+00:00,46,"Datetime,Windows,Needs Tests",0,1,2026-02,2026
64293,pull_request,closed,2026-02-24 05:31:12+00:00,2026-02-25 04:51:08+00:00,0,,0,0,2026-02,2026
64292,pull_request,closed,2026-02-24 05:14:22+00:00,2026-03-06 22:11:09+00:00,10,"Bug,Error Reporting",1,1,2026-02,2026
64291,pull_request,closed,2026-02-24 04:39:30+00:00,2026-03-31 11:20:48+00:00,35,Docs,0,1,2026-02,2026
64290,pull_request,closed,2026-02-23 23:28:25+00:00,2026-04-25 02:49:46+00:00,60,Docs,0,1,2026-02,2026
64289,pull_request,closed,2026-02-23 23:23:47+00:00,2026-04-10 17:24:12+00:00,45,,0,0,2026-02,2026
64288,pull_request,closed,2026-02-23 19:21:02+00:00,2026-02-23 21:54:16+00:00,0,,0,0,2026-02,2026
64287,pull_request,closed,2026-02-23 17:48:12+00:00,2026-02-23 18:33:25+00:00,0,"Bug,expressions",1,1,2026-02,2026
64286,pull_request,closed,2026-02-23 17:09:59+00:00,2026-03-22 19:55:28+00:00,27,Needs Tests,0,0,2026-02,2026
64284,pull_request,closed,2026-02-23 12:11:20+00:00,2026-02-24 04:45:05+00:00,0,,0,0,2026-02,2026
64283,pull_request,closed,2026-02-23 12:00:36+00:00,2026-04-17 15:13:06+00:00,53,,0,0,2026-02,2026
64279,pull_request,closed,2026-02-22 23:30:44+00:00,2026-03-24 17:46:12+00:00,29,"Build,CI",0,0,2026-02,2026
64278,pull_request,closed,2026-02-22 19:00:13+00:00,2026-03-23 08:47:34+00:00,28,Needs Tests,0,0,2026-02,2026
64277,pull_request,closed,2026-02-22 18:21:15+00:00,2026-03-21 16:09:54+00:00,26,Needs Tests,0,0,2026-02,2026
64276,pull_request,closed,2026-02-22 17:56:13+00:00,2026-02-24 04:46:17+00:00,1,,0,0,2026-02,2026
64275,pull_request,closed,2026-02-22 16:19:50+00:00,2026-05-13 23:27:44+00:00,80,"Build,Stale",0,0,2026-02,2026
64274,pull_request,closed,2026-02-22 11:18:11+00:00,2026-04-04 21:12:04+00:00,41,Docs,0,1,2026-02,2026
64273,pull_request,closed,2026-02-22 09:09:04+00:00,2026-05-13 23:27:32+00:00,80,Stale,0,0,2026-02,2026
64270,pull_request,closed,2026-02-21 22:00:25+00:00,2026-02-23 17:47:43+00:00,1,"Bug,expressions",1,1,2026-02,2026
64269,pull_request,closed,2026-02-21 19:40:19+00:00,2026-03-17 20:26:22+00:00,24,Needs Tests,0,0,2026-02,2026
64268,pull_request,closed,2026-02-21 19:28:22+00:00,2026-02-23 17:38:50+00:00,1,Docs,0,1,2026-02,2026
64264,pull_request,closed,2026-02-21 18:18:31+00:00,2026-02-21 18:48:39+00:00,0,,0,0,2026-02,2026
64262,pull_request,closed,2026-02-21 09:56:19+00:00,2026-02-21 18:13:27+00:00,0,Docs,0,1,2026-02,2026
64261,pull_request,closed,2026-02-21 06:33:08+00:00,2026-02-21 18:12:56+00:00,0,Docs,0,1,2026-02,2026
64260,pull_request,closed,2026-02-21 06:19:14+00:00,2026-02-23 17:48:22+00:00,2,Docs,0,1,2026-02,2026
64259,pull_request,closed,2026-02-21 05:49:37+00:00,2026-02-21 18:12:15+00:00,0,Docs,0,1,2026-02,2026
64258,pull_request,closed,2026-02-21 01:33:33+00:00,2026-02-23 17:50:20+00:00,2,Period,0,1,2026-02,2026
64257,pull_request,closed,2026-02-20 21:30:19+00:00,2026-02-20 22:20:52+00:00,0,Period,0,1,2026-02,2026
64256,pull_request,closed,2026-02-20 18:20:17+00:00,2026-02-20 22:22:18+00:00,0,Period,0,1,2026-02,2026
64254,pull_request,closed,2026-02-20 17:30:57+00:00,2026-03-06 16:57:56+00:00,13,Docs,0,0,2026-02,2026
64251,pull_request,closed,2026-02-20 07:55:13+00:00,2026-04-10 15:27:39+00:00,49,Performance,0,1,2026-02,2026
64248,pull_request,closed,2026-02-20 06:37:08+00:00,2026-02-20 16:52:28+00:00,0,Docs,0,1,2026-02,2026
64247,pull_request,closed,2026-02-20 06:21:12+00:00,2026-02-20 16:51:45+00:00,0,Docs,0,1,2026-02,2026
64246,pull_request,closed,2026-02-20 06:14:35+00:00,2026-02-20 16:51:08+00:00,0,Docs,0,1,2026-02,2026
64245,pull_request,closed,2026-02-20 00:02:53+00:00,2026-02-20 17:28:08+00:00,0,"Bug,Period",1,1,2026-02,2026
64244,pull_request,closed,2026-02-19 18:58:23+00:00,2026-02-21 00:38:37+00:00,1,"Refactor,Period",0,1,2026-02,2026
64243,pull_request,closed,2026-02-19 18:33:38+00:00,2026-02-19 21:25:52+00:00,0,"Build,CI",0,1,2026-02,2026
64242,pull_request,closed,2026-02-19 18:17:40+00:00,2026-02-19 23:04:58+00:00,0,Period,0,1,2026-02,2026
64236,pull_request,closed,2026-02-19 06:52:37+00:00,2026-04-11 11:42:58+00:00,51,"Docs,Apply",0,1,2026-02,2026
64235,pull_request,closed,2026-02-19 05:59:30+00:00,2026-03-25 09:03:41+00:00,34,"Regression,IO JSON",0,1,2026-02,2026
64234,pull_request,closed,2026-02-19 03:30:45+00:00,2026-02-19 13:24:09+00:00,0,,0,0,2026-02,2026
64233,pull_request,closed,2026-02-19 02:57:51+00:00,2026-04-09 22:16:47+00:00,49,Stale,0,0,2026-02,2026
64232,pull_request,closed,2026-02-18 23:24:18+00:00,2026-02-18 23:33:32+00:00,0,,0,0,2026-02,2026
64231,pull_request,closed,2026-02-18 22:06:48+00:00,2026-02-19 18:38:35+00:00,0,"Refactor,Period",0,1,2026-02,2026
64230,pull_request,closed,2026-02-18 19:03:32+00:00,2026-03-26 00:18:25+00:00,35,Performance,0,1,2026-02,2026
64228,pull_request,closed,2026-02-18 17:30:37+00:00,2026-02-18 18:49:51+00:00,0,,0,0,2026-02,2026
64226,pull_request,closed,2026-02-18 15:29:33+00:00,2026-02-18 18:51:06+00:00,0,Docs,0,1,2026-02,2026
64225,pull_request,closed,2026-02-18 15:24:27+00:00,2026-02-18 19:05:43+00:00,0,"Testing,Visualization",0,1,2026-02,2026
64222,pull_request,closed,2026-02-18 14:40:54+00:00,2026-02-18 15:37:53+00:00,0,,0,1,2026-02,2026
64221,pull_request,closed,2026-02-18 13:50:24+00:00,2026-02-18 15:54:03+00:00,0,,0,1,2026-02,2026
64220,pull_request,closed,2026-02-18 13:30:22+00:00,2026-02-18 14:18:34+00:00,0,Docs,0,1,2026-02,2026
64218,pull_request,closed,2026-02-18 10:32:19+00:00,2026-02-19 18:33:07+00:00,1,"Build,CI",0,1,2026-02,2026
64217,pull_request,closed,2026-02-18 09:59:56+00:00,2026-02-18 18:52:07+00:00,0,Docs,0,1,2026-02,2026
64216,pull_request,closed,2026-02-18 08:19:52+00:00,2026-02-18 09:16:24+00:00,0,"Bug,Docs,CI",1,1,2026-02,2026
64213,pull_request,closed,2026-02-18 04:27:43+00:00,2026-02-18 21:58:54+00:00,0,Testing,0,1,2026-02,2026
64212,pull_request,closed,2026-02-18 01:35:27+00:00,2026-02-28 19:40:27+00:00,10,Deprecate,0,1,2026-02,2026
64211,pull_request,closed,2026-02-17 23:58:00+00:00,2026-02-18 08:19:44+00:00,0,"Bug,Docs,CI",1,1,2026-02,2026
64210,pull_request,closed,2026-02-17 23:02:36+00:00,2026-02-18 18:54:50+00:00,0,Clean,0,1,2026-02,2026
64209,pull_request,closed,2026-02-17 22:49:42+00:00,2026-02-18 18:55:47+00:00,0,"Visualization,Clean",0,1,2026-02,2026
64206,pull_request,closed,2026-02-17 20:59:23+00:00,2026-02-17 20:59:59+00:00,0,,0,1,2026-02,2026
64205,pull_request,closed,2026-02-17 20:42:52+00:00,2026-02-18 15:35:04+00:00,0,,0,0,2026-02,2026
64204,pull_request,closed,2026-02-17 20:37:40+00:00,2026-02-17 20:39:40+00:00,0,,0,1,2026-02,2026
64203,pull_request,closed,2026-02-17 20:26:49+00:00,2026-04-09 22:09:07+00:00,51,"Docs,Typing,Stale",0,0,2026-02,2026
64202,pull_request,closed,2026-02-17 17:40:28+00:00,2026-03-26 00:34:03+00:00,36,,0,0,2026-02,2026
64201,pull_request,closed,2026-02-17 17:32:11+00:00,2026-02-17 17:33:31+00:00,0,Docs,0,1,2026-02,2026
64200,pull_request,closed,2026-02-17 17:05:45+00:00,2026-02-17 20:58:55+00:00,0,,0,1,2026-02,2026
64199,pull_request,closed,2026-02-17 17:03:33+00:00,2026-02-17 17:31:40+00:00,0,Docs,0,1,2026-02,2026
64197,pull_request,closed,2026-02-17 15:45:50+00:00,2026-02-17 16:50:42+00:00,0,,0,1,2026-02,2026
64194,pull_request,closed,2026-02-17 14:45:48+00:00,2026-02-17 15:47:32+00:00,0,,0,1,2026-02,2026
64193,pull_request,closed,2026-02-17 14:27:27+00:00,2026-04-09 22:13:24+00:00,51,"Docs,IO JSON,Stale",0,0,2026-02,2026
64191,pull_request,closed,2026-02-17 14:23:19+00:00,2026-02-18 18:56:22+00:00,1,Docs,0,1,2026-02,2026
64189,pull_request,closed,2026-02-17 14:03:55+00:00,2026-02-17 14:05:49+00:00,0,,0,0,2026-02,2026
64187,pull_request,closed,2026-02-17 13:03:59+00:00,2026-02-17 14:40:52+00:00,0,"Bug,Strings,Arrow",1,1,2026-02,2026
64186,pull_request,closed,2026-02-17 12:21:05+00:00,2026-02-17 14:39:33+00:00,0,"Testing,Arrow",0,1,2026-02,2026
64185,pull_request,closed,2026-02-17 11:02:54+00:00,2026-02-17 12:20:58+00:00,0,"Testing,Arrow",0,1,2026-02,2026
64183,pull_request,closed,2026-02-17 09:31:17+00:00,2026-03-12 16:14:07+00:00,23,"Bug,Indexing,Sparse",1,1,2026-02,2026
64182,pull_request,closed,2026-02-17 08:27:07+00:00,2026-02-18 18:57:33+00:00,1,Docs,0,1,2026-02,2026
64181,pull_request,closed,2026-02-17 08:12:34+00:00,2026-02-18 19:02:48+00:00,1,"Testing,IO HDF5,Clean",0,1,2026-02,2026
64179,pull_request,closed,2026-02-17 02:32:04+00:00,2026-03-07 22:47:24+00:00,18,Docs,0,0,2026-02,2026
64178,pull_request,closed,2026-02-16 23:49:47+00:00,2026-02-17 00:10:12+00:00,0,,0,0,2026-02,2026
64177,pull_request,closed,2026-02-16 23:44:12+00:00,2026-02-17 00:45:12+00:00,0,Code Style,0,1,2026-02,2026
64176,pull_request,closed,2026-02-16 23:25:37+00:00,2026-02-17 03:27:21+00:00,0,Docs,0,1,2026-02,2026
64175,pull_request,closed,2026-02-16 22:51:46+00:00,2026-02-17 03:26:16+00:00,0,"Testing,IO HDF5",0,1,2026-02,2026
64171,pull_request,closed,2026-02-16 21:00:56+00:00,2026-02-17 08:39:44+00:00,0,Docs,0,1,2026-02,2026
64170,pull_request,closed,2026-02-16 20:29:34+00:00,2026-02-17 05:36:26+00:00,0,,0,0,2026-02,2026
64169,pull_request,closed,2026-02-16 17:58:05+00:00,2026-03-06 20:59:46+00:00,18,Needs Tests,0,0,2026-02,2026
64168,pull_request,closed,2026-02-16 16:34:29+00:00,2026-02-16 22:51:14+00:00,0,"Testing,IO HDF5",0,1,2026-02,2026
64167,pull_request,closed,2026-02-16 16:12:41+00:00,2026-02-16 19:46:32+00:00,0,Typing,0,1,2026-02,2026
64166,pull_request,closed,2026-02-16 14:29:05+00:00,2026-04-09 22:45:20+00:00,52,Numeric Operations,0,0,2026-02,2026
64165,pull_request,closed,2026-02-16 10:12:08+00:00,2026-04-24 08:42:04+00:00,66,CI,0,1,2026-02,2026
64164,pull_request,closed,2026-02-16 09:54:40+00:00,2026-02-16 19:36:14+00:00,0,"Bug,Indexing,setitem-with-expansion",1,1,2026-02,2026
64163,pull_request,closed,2026-02-16 05:08:39+00:00,2026-03-12 18:36:11+00:00,24,,0,0,2026-02,2026
64162,pull_request,closed,2026-02-16 04:29:36+00:00,2026-02-16 19:15:36+00:00,0,Docs,0,1,2026-02,2026
64161,pull_request,closed,2026-02-16 01:25:33+00:00,2026-02-16 21:48:49+00:00,0,,0,0,2026-02,2026
64160,pull_request,closed,2026-02-15 23:07:13+00:00,2026-02-16 19:27:59+00:00,0,"Refactor,Period",0,1,2026-02,2026
64159,pull_request,closed,2026-02-15 22:43:07+00:00,2026-02-16 19:22:04+00:00,0,Refactor,0,1,2026-02,2026
64158,pull_request,closed,2026-02-15 22:09:55+00:00,2026-02-16 19:19:31+00:00,0,"Performance,Period",0,1,2026-02,2026
64157,pull_request,closed,2026-02-15 18:06:56+00:00,2026-03-26 21:40:38+00:00,39,"Period,Deprecate",0,0,2026-02,2026
64156,pull_request,closed,2026-02-15 17:19:41+00:00,2026-02-15 19:46:22+00:00,0,Docs,0,1,2026-02,2026
64154,pull_request,closed,2026-02-15 04:56:46+00:00,2026-02-15 16:57:59+00:00,0,Docs,0,1,2026-02,2026
64151,pull_request,closed,2026-02-14 18:24:57+00:00,2026-02-15 16:59:45+00:00,0,Docs,0,1,2026-02,2026
64149,pull_request,closed,2026-02-14 17:30:50+00:00,2026-02-15 17:32:05+00:00,1,Clean,0,1,2026-02,2026
64148,pull_request,closed,2026-02-14 16:56:00+00:00,2026-04-04 00:08:52+00:00,48,"Performance,Reshaping",0,1,2026-02,2026
64147,pull_request,closed,2026-02-14 16:47:16+00:00,2026-02-16 16:16:54+00:00,1,,0,0,2026-02,2026
64145,pull_request,closed,2026-02-14 16:29:50+00:00,2026-04-04 21:09:10+00:00,49,"Docs,Conditionals",0,1,2026-02,2026
64143,pull_request,closed,2026-02-14 15:34:10+00:00,2026-03-17 17:29:49+00:00,31,Needs Tests,0,1,2026-02,2026
64142,pull_request,closed,2026-02-14 15:31:42+00:00,2026-03-26 00:35:45+00:00,39,,0,0,2026-02,2026
64140,pull_request,closed,2026-02-14 13:17:57+00:00,2026-03-28 14:21:25+00:00,42,Docs,0,0,2026-02,2026
64139,pull_request,closed,2026-02-14 10:43:13+00:00,2026-03-16 18:41:19+00:00,30,Needs Tests,0,1,2026-02,2026
64138,pull_request,closed,2026-02-14 06:29:19+00:00,2026-02-22 15:45:42+00:00,8,"Docs,Strings,Needs Tests,Constructors",0,1,2026-02,2026
64137,pull_request,closed,2026-02-14 02:46:53+00:00,2026-02-15 18:31:01+00:00,1,"Refactor,Period",0,1,2026-02,2026
64136,pull_request,closed,2026-02-14 02:21:23+00:00,2026-02-15 18:26:46+00:00,1,"Refactor,Period",0,1,2026-02,2026
64135,pull_request,closed,2026-02-14 02:06:38+00:00,2026-02-15 17:40:33+00:00,1,"Refactor,Period",0,1,2026-02,2026
64134,pull_request,closed,2026-02-13 18:37:49+00:00,2026-02-17 20:35:03+00:00,4,ExtensionArray,0,1,2026-02,2026
64133,pull_request,closed,2026-02-13 13:37:23+00:00,2026-03-30 13:37:33+00:00,45,"Bug,Strings,Arrow",1,1,2026-02,2026
64131,pull_request,closed,2026-02-13 13:19:16+00:00,2026-03-15 21:51:03+00:00,30,Clean,0,0,2026-02,2026
64130,pull_request,closed,2026-02-13 01:16:09+00:00,2026-02-14 16:42:21+00:00,1,,0,0,2026-02,2026
64128,pull_request,closed,2026-02-12 21:26:37+00:00,2026-03-05 01:38:10+00:00,20,Docs,0,1,2026-02,2026
64127,pull_request,closed,2026-02-12 19:52:27+00:00,2026-02-16 19:14:26+00:00,3,"Indexing,Performance",0,1,2026-02,2026
64125,pull_request,closed,2026-02-12 16:12:17+00:00,2026-02-12 20:06:49+00:00,0,Docs,0,1,2026-02,2026
64124,pull_request,closed,2026-02-12 15:03:07+00:00,2026-02-12 16:06:25+00:00,0,Docs,0,1,2026-02,2026
64122,pull_request,closed,2026-02-11 17:45:44+00:00,2026-02-17 13:03:52+00:00,5,"Bug,Strings,Arrow",1,1,2026-02,2026
64121,pull_request,closed,2026-02-11 17:12:26+00:00,2026-02-11 18:07:53+00:00,0,"Regression,Timedelta,Non-Nano",0,1,2026-02,2026
64120,pull_request,closed,2026-02-11 16:58:03+00:00,2026-03-12 14:34:16+00:00,28,Needs Tests,0,0,2026-02,2026
64119,pull_request,closed,2026-02-11 15:29:59+00:00,2026-02-13 13:21:11+00:00,1,Docs,0,1,2026-02,2026
64117,pull_request,closed,2026-02-11 13:18:58+00:00,2026-02-11 15:54:55+00:00,0,"Docs,Copy / view semantics",0,1,2026-02,2026
64116,pull_request,closed,2026-02-11 10:26:47+00:00,2026-02-11 13:06:34+00:00,0,"Indexing,Regression",0,1,2026-02,2026
64115,pull_request,closed,2026-02-11 08:18:52+00:00,2026-03-11 14:36:31+00:00,28,Docs,0,1,2026-02,2026
64114,pull_request,closed,2026-02-11 08:18:14+00:00,2026-02-11 09:37:40+00:00,0,Docs,0,1,2026-02,2026
64113,pull_request,closed,2026-02-11 04:04:21+00:00,2026-02-13 17:24:03+00:00,2,"Bug,Groupby,Apply",1,1,2026-02,2026
64112,pull_request,closed,2026-02-11 03:56:29+00:00,2026-02-13 17:13:59+00:00,2,"Groupby,Resample,Deprecate,Apply",0,1,2026-02,2026
64111,pull_request,closed,2026-02-11 03:44:32+00:00,2026-02-16 22:57:32+00:00,5,"Enhancement,Groupby,Apply",0,1,2026-02,2026
64110,pull_request,closed,2026-02-10 18:13:58+00:00,2026-02-10 19:33:28+00:00,0,Typing,0,1,2026-02,2026
64109,pull_request,closed,2026-02-10 17:49:25+00:00,2026-02-10 19:32:42+00:00,0,"Window,Segfault",0,1,2026-02,2026
64108,pull_request,closed,2026-02-10 17:45:56+00:00,2026-02-10 19:32:23+00:00,0,"Regression,DataFrame,Constructors",0,1,2026-02,2026
64106,pull_request,closed,2026-02-10 15:58:58+00:00,2026-02-11 08:17:49+00:00,0,Docs,0,1,2026-02,2026
64105,pull_request,closed,2026-02-10 13:59:24+00:00,2026-02-18 14:13:00+00:00,8,Docs,0,1,2026-02,2026
64104,pull_request,closed,2026-02-10 09:56:40+00:00,2026-02-10 17:45:22+00:00,0,"Regression,DataFrame,Constructors",0,1,2026-02,2026
64103,pull_request,closed,2026-02-10 06:35:37+00:00,2026-02-15 14:47:51+00:00,5,,0,0,2026-02,2026
64102,pull_request,closed,2026-02-10 06:13:19+00:00,2026-02-10 07:45:17+00:00,0,,0,0,2026-02,2026
64101,pull_request,closed,2026-02-10 02:43:14+00:00,2026-02-10 17:48:52+00:00,0,"Window,Segfault",0,1,2026-02,2026
64100,pull_request,closed,2026-02-09 20:15:22+00:00,2026-02-09 20:58:57+00:00,0,CI,0,1,2026-02,2026
64099,pull_request,closed,2026-02-09 20:03:43+00:00,2026-04-09 21:42:59+00:00,59,,0,0,2026-02,2026
64098,pull_request,closed,2026-02-09 19:00:25+00:00,2026-02-10 17:47:07+00:00,0,Typing,0,1,2026-02,2026
64097,pull_request,closed,2026-02-09 18:48:57+00:00,2026-02-09 23:34:36+00:00,0,"Docs,Code Style",0,1,2026-02,2026
64096,pull_request,closed,2026-02-09 17:11:17+00:00,2026-02-09 18:49:47+00:00,0,"Bug,Strings,Compat,Arrow",1,1,2026-02,2026
64095,pull_request,closed,2026-02-09 16:31:04+00:00,2026-03-26 00:31:55+00:00,44,Docs,0,0,2026-02,2026
64093,pull_request,closed,2026-02-09 15:14:58+00:00,2026-03-06 20:59:33+00:00,25,Needs Tests,0,0,2026-02,2026
64092,pull_request,closed,2026-02-09 14:59:59+00:00,2026-02-16 09:54:10+00:00,6,"Bug,Indexing,Still Needs Manual Backport,setitem-with-expansion",1,1,2026-02,2026
64091,pull_request,closed,2026-02-09 11:21:49+00:00,2026-02-09 15:11:29+00:00,0,,0,0,2026-02,2026
64090,pull_request,closed,2026-02-09 10:43:43+00:00,2026-02-09 16:59:10+00:00,0,"Docs,CI",0,1,2026-02,2026
64089,pull_request,closed,2026-02-09 10:07:38+00:00,2026-03-18 20:17:12+00:00,37,Docs,0,1,2026-02,2026
64088,pull_request,closed,2026-02-09 08:40:42+00:00,2026-02-09 09:46:07+00:00,0,,0,0,2026-02,2026
64087,pull_request,closed,2026-02-09 07:31:02+00:00,2026-02-09 17:04:15+00:00,0,,0,0,2026-02,2026
64086,pull_request,closed,2026-02-09 06:49:49+00:00,2026-02-09 09:47:12+00:00,0,,0,0,2026-02,2026
64085,pull_request,closed,2026-02-09 06:47:55+00:00,2026-02-09 09:42:42+00:00,0,,0,0,2026-02,2026
64084,pull_request,closed,2026-02-09 06:47:24+00:00,2026-02-09 07:03:59+00:00,0,,0,0,2026-02,2026
64083,pull_request,closed,2026-02-09 06:20:17+00:00,2026-02-09 09:46:44+00:00,0,,0,0,2026-02,2026
64082,pull_request,closed,2026-02-09 06:12:06+00:00,2026-02-09 09:42:29+00:00,0,,0,0,2026-02,2026
64081,pull_request,closed,2026-02-09 02:36:52+00:00,2026-02-17 14:37:10+00:00,8,"Bug,Arrow",1,1,2026-02,2026
64080,pull_request,closed,2026-02-09 02:32:46+00:00,2026-02-09 17:04:54+00:00,0,Docs,0,1,2026-02,2026
64079,pull_request,closed,2026-02-08 20:19:52+00:00,2026-04-09 22:45:46+00:00,60,Stale,0,0,2026-02,2026
64078,pull_request,closed,2026-02-08 18:13:40+00:00,2026-02-08 19:02:17+00:00,0,Free Threading,0,1,2026-02,2026
64077,pull_request,closed,2026-02-08 17:36:53+00:00,2026-03-14 17:25:05+00:00,33,"Enhancement,Conditionals,pd.col",0,1,2026-02,2026
64076,pull_request,closed,2026-02-08 14:48:49+00:00,2026-02-08 18:02:29+00:00,0,Docs,0,1,2026-02,2026
64073,pull_request,closed,2026-02-08 06:55:22+00:00,2026-02-10 22:52:47+00:00,2,Docs,0,1,2026-02,2026
64072,pull_request,closed,2026-02-08 03:33:17+00:00,2026-02-18 15:46:36+00:00,10,Web,0,1,2026-02,2026
64071,pull_request,closed,2026-02-08 03:26:09+00:00,2026-02-11 13:18:51+00:00,3,"Docs,Copy / view semantics",0,1,2026-02,2026
64068,pull_request,closed,2026-02-07 14:11:09+00:00,2026-02-11 17:12:18+00:00,4,"Regression,Timedelta,Non-Nano",0,1,2026-02,2026
64067,pull_request,closed,2026-02-07 13:31:16+00:00,2026-02-10 21:52:10+00:00,3,,0,0,2026-02,2026
64065,pull_request,closed,2026-02-07 11:50:28+00:00,2026-03-18 22:28:50+00:00,39,Needs Tests,0,1,2026-02,2026
64063,pull_request,closed,2026-02-07 10:06:33+00:00,2026-04-09 21:34:02+00:00,61,Period,0,0,2026-02,2026
64062,pull_request,closed,2026-02-07 09:04:55+00:00,2026-02-08 18:05:20+00:00,1,Docs,0,1,2026-02,2026
64059,pull_request,closed,2026-02-07 05:23:29+00:00,2026-02-09 17:05:38+00:00,2,Docs,0,1,2026-02,2026
64058,pull_request,closed,2026-02-06 20:17:09+00:00,2026-02-06 21:29:52+00:00,0,"Error Reporting,Dependencies",0,1,2026-02,2026
64057,pull_request,closed,2026-02-06 18:59:00+00:00,2026-02-06 20:16:39+00:00,0,"Error Reporting,Dependencies",0,1,2026-02,2026
64053,pull_request,closed,2026-02-06 10:19:38+00:00,2026-02-06 19:01:44+00:00,0,Docs,0,1,2026-02,2026
64052,pull_request,closed,2026-02-06 07:53:59+00:00,2026-02-06 19:00:14+00:00,0,Docs,0,1,2026-02,2026
64051,pull_request,closed,2026-02-06 07:40:48+00:00,2026-02-07 06:57:24+00:00,0,,0,0,2026-02,2026
64050,pull_request,closed,2026-02-06 04:39:08+00:00,2026-02-06 18:53:11+00:00,0,Docs,0,1,2026-02,2026
64049,pull_request,closed,2026-02-06 03:59:37+00:00,2026-02-06 18:52:34+00:00,0,Frequency,0,1,2026-02,2026
64048,pull_request,closed,2026-02-05 22:58:05+00:00,2026-02-09 19:44:40+00:00,3,CI,0,1,2026-02,2026
64046,pull_request,closed,2026-02-05 20:41:01+00:00,2026-02-07 06:57:24+00:00,1,,0,0,2026-02,2026
64045,pull_request,closed,2026-02-05 20:38:31+00:00,2026-02-07 06:57:24+00:00,1,,0,0,2026-02,2026
64043,pull_request,closed,2026-02-05 19:36:19+00:00,2026-02-05 20:11:34+00:00,0,Build,0,1,2026-02,2026
64042,pull_request,closed,2026-02-05 19:10:43+00:00,2026-02-05 20:12:50+00:00,0,Docs,0,1,2026-02,2026
64041,pull_request,closed,2026-02-05 18:26:49+00:00,2026-02-05 19:35:45+00:00,0,Build,0,1,2026-02,2026
64039,pull_request,closed,2026-02-05 17:05:27+00:00,2026-03-03 17:05:15+00:00,25,,0,1,2026-02,2026
64036,pull_request,closed,2026-02-05 10:23:15+00:00,2026-03-26 00:35:11+00:00,48,"Testing,API Design,Deprecate,Index",0,0,2026-02,2026
64035,pull_request,closed,2026-02-05 08:26:59+00:00,2026-02-09 17:08:08+00:00,4,"Bug,Strings,Compat,Arrow",1,1,2026-02,2026
64034,pull_request,closed,2026-02-05 08:02:39+00:00,2026-02-05 16:58:47+00:00,0,Docs,0,1,2026-02,2026
64033,pull_request,closed,2026-02-05 06:51:28+00:00,2026-02-05 16:56:59+00:00,0,Docs,0,1,2026-02,2026
64032,pull_request,closed,2026-02-05 05:04:28+00:00,2026-02-05 16:54:54+00:00,0,Docs,0,1,2026-02,2026
64031,pull_request,closed,2026-02-05 04:15:13+00:00,2026-02-05 17:21:03+00:00,0,Frequency,0,1,2026-02,2026
64030,pull_request,closed,2026-02-05 03:58:07+00:00,2026-02-05 17:22:20+00:00,0,Frequency,0,1,2026-02,2026
64029,pull_request,closed,2026-02-05 01:59:21+00:00,2026-02-09 18:50:31+00:00,4,,0,0,2026-02,2026
64027,pull_request,closed,2026-02-04 17:22:02+00:00,2026-02-10 22:01:52+00:00,6,"Bug,IO Excel",1,1,2026-02,2026
64026,pull_request,closed,2026-02-04 15:40:45+00:00,2026-02-04 20:27:17+00:00,0,"Testing,Strings,Copy / view semantics",0,1,2026-02,2026
64025,pull_request,closed,2026-02-04 13:32:19+00:00,2026-02-16 22:11:56+00:00,12,"Bug,IO JSON",1,1,2026-02,2026
64024,pull_request,closed,2026-02-04 13:18:22+00:00,2026-02-04 15:40:36+00:00,0,"Testing,Strings,Copy / view semantics",0,1,2026-02,2026
64022,pull_request,closed,2026-02-04 11:23:48+00:00,2026-02-04 20:48:55+00:00,0,Docs,0,1,2026-02,2026
64021,pull_request,closed,2026-02-04 10:18:40+00:00,2026-02-04 20:30:04+00:00,0,Docs,0,1,2026-02,2026
64020,pull_request,closed,2026-02-04 09:58:16+00:00,2026-02-04 20:44:02+00:00,0,Docs,0,1,2026-02,2026
64019,pull_request,closed,2026-02-04 09:55:14+00:00,2026-02-10 01:48:27+00:00,5,,0,0,2026-02,2026
64018,pull_request,closed,2026-02-04 08:51:50+00:00,2026-03-22 19:38:20+00:00,46,Stale,0,0,2026-02,2026
64017,pull_request,closed,2026-02-04 07:25:26+00:00,2026-02-04 20:50:40+00:00,0,Frequency,0,1,2026-02,2026
64016,pull_request,closed,2026-02-04 03:00:21+00:00,2026-02-09 16:58:46+00:00,5,,0,0,2026-02,2026
64015,pull_request,closed,2026-02-04 02:25:11+00:00,2026-02-04 20:27:00+00:00,0,Build,0,1,2026-02,2026
64013,pull_request,closed,2026-02-03 22:25:39+00:00,2026-02-09 10:43:14+00:00,5,"Docs,CI",0,1,2026-02,2026
64010,pull_request,closed,2026-02-03 18:40:40+00:00,2026-02-03 18:41:09+00:00,0,,0,0,2026-02,2026
64009,pull_request,closed,2026-02-03 15:25:45+00:00,2026-02-04 02:24:45+00:00,0,Build,0,1,2026-02,2026
64008,pull_request,closed,2026-02-03 15:14:08+00:00,2026-02-17 15:42:48+00:00,14,"Regression,IO HDF5",0,1,2026-02,2026
64004,pull_request,closed,2026-02-03 12:04:58+00:00,2026-03-23 08:46:54+00:00,47,Needs Tests,0,0,2026-02,2026
64003,pull_request,closed,2026-02-03 11:48:21+00:00,2026-02-03 17:48:54+00:00,0,Docs,0,1,2026-02,2026
64001,pull_request,closed,2026-02-03 05:09:00+00:00,2026-02-03 17:52:58+00:00,0,Frequency,0,1,2026-02,2026
64000,pull_request,closed,2026-02-03 04:37:37+00:00,2026-02-03 17:41:01+00:00,0,Docs,0,1,2026-02,2026
63999,pull_request,closed,2026-02-03 04:12:17+00:00,2026-02-03 19:00:05+00:00,0,Code Style,0,1,2026-02,2026
63998,pull_request,closed,2026-02-03 04:10:04+00:00,2026-02-03 18:15:52+00:00,0,,0,0,2026-02,2026
63997,pull_request,closed,2026-02-03 04:07:27+00:00,2026-02-03 18:16:01+00:00,0,,0,0,2026-02,2026
63996,pull_request,closed,2026-02-03 04:05:52+00:00,2026-02-03 18:16:15+00:00,0,,0,0,2026-02,2026
63995,pull_request,closed,2026-02-03 03:45:22+00:00,2026-02-03 17:50:06+00:00,0,Code Style,0,1,2026-02,2026
63994,pull_request,closed,2026-02-03 03:12:39+00:00,2026-02-11 10:26:39+00:00,8,"Indexing,Regression",0,1,2026-02,2026
63992,pull_request,closed,2026-02-02 18:20:30+00:00,2026-02-02 18:47:21+00:00,0,Code Style,0,1,2026-02,2026
63989,pull_request,closed,2026-02-02 16:29:49+00:00,2026-02-02 18:20:23+00:00,0,Code Style,0,1,2026-02,2026
63988,pull_request,closed,2026-02-02 10:14:58+00:00,2026-02-02 18:19:44+00:00,0,,0,0,2026-02,2026
63987,pull_request,closed,2026-02-02 08:50:34+00:00,2026-03-28 20:01:54+00:00,54,Stale,0,0,2026-02,2026
63986,pull_request,closed,2026-02-02 04:29:50+00:00,2026-02-02 18:16:07+00:00,0,Docs,0,1,2026-02,2026
63985,pull_request,closed,2026-02-02 04:09:00+00:00,2026-02-02 18:15:16+00:00,0,Docs,0,1,2026-02,2026
63984,pull_request,closed,2026-02-02 03:33:44+00:00,2026-02-02 18:23:23+00:00,0,Frequency,0,1,2026-02,2026
63983,pull_request,closed,2026-02-02 02:17:14+00:00,2026-02-02 03:20:40+00:00,0,"Bug,Regression,Numeric Operations,Subclassing",1,1,2026-02,2026
63982,pull_request,closed,2026-02-02 01:46:36+00:00,2026-02-02 03:24:00+00:00,0,Docs,0,1,2026-02,2026
63981,pull_request,closed,2026-02-02 01:34:29+00:00,2026-02-12 16:59:08+00:00,10,"Build,Docs",0,1,2026-02,2026
63980,pull_request,closed,2026-02-01 21:27:56+00:00,2026-02-03 10:04:16+00:00,1,,0,0,2026-02,2026
63979,pull_request,closed,2026-02-01 19:58:21+00:00,2026-02-03 17:45:49+00:00,1,"Bug,Reshaping",1,1,2026-02,2026
63978,pull_request,closed,2026-02-01 17:28:26+00:00,2026-02-01 19:56:30+00:00,0,"Testing,Reshaping",0,1,2026-02,2026
63977,pull_request,closed,2026-02-01 16:41:14+00:00,2026-02-01 19:07:21+00:00,0,Clean,0,1,2026-02,2026
63976,pull_request,closed,2026-02-01 15:40:48+00:00,2026-02-01 19:58:05+00:00,0,Docs,0,1,2026-02,2026
63975,pull_request,closed,2026-02-01 13:37:53+00:00,2026-02-05 18:30:05+00:00,4,"Bug,Groupby,Apply",1,1,2026-02,2026
63974,pull_request,closed,2026-02-01 08:23:47+00:00,2026-02-03 21:35:01+00:00,2,"Bug,Numeric Operations",1,1,2026-02,2026
63973,pull_request,closed,2026-02-01 05:18:08+00:00,2026-04-09 21:37:01+00:00,67,Docs,0,0,2026-02,2026
63972,pull_request,closed,2026-02-01 04:32:47+00:00,2026-02-01 20:01:24+00:00,0,Frequency,0,1,2026-02,2026
63971,pull_request,closed,2026-02-01 03:55:02+00:00,2026-02-01 20:04:35+00:00,0,Docs,0,1,2026-02,2026
63970,pull_request,closed,2026-02-01 02:05:24+00:00,2026-02-01 20:08:14+00:00,0,Docs,0,1,2026-02,2026
63969,pull_request,closed,2026-01-31 22:41:52+00:00,2026-03-14 19:30:03+00:00,41,CI,0,1,2026-01,2026
63968,pull_request,closed,2026-01-31 19:17:38+00:00,2026-01-31 21:29:01+00:00,0,"Performance,Frequency",0,1,2026-01,2026
63966,pull_request,closed,2026-01-31 18:45:05+00:00,2026-02-01 19:59:44+00:00,1,Docs,0,1,2026-01,2026
63965,pull_request,closed,2026-01-31 18:40:38+00:00,2026-02-01 20:09:02+00:00,1,Strings,0,1,2026-01,2026
63964,pull_request,closed,2026-01-31 18:27:02+00:00,2026-02-01 20:08:42+00:00,1,"Bug,pd.col",1,1,2026-01,2026
63962,pull_request,closed,2026-01-31 18:15:59+00:00,2026-01-31 19:03:04+00:00,0,"Bug,Groupby,Missing-data,Regression,Categorical",1,1,2026-01,2026
63961,pull_request,closed,2026-01-31 16:52:52+00:00,2026-01-31 18:15:33+00:00,0,"Bug,Groupby,Missing-data,Regression,Categorical",1,1,2026-01,2026
63960,pull_request,closed,2026-01-31 15:32:34+00:00,2026-01-31 18:17:59+00:00,0,Docs,0,1,2026-01,2026
63959,pull_request,closed,2026-01-31 13:22:10+00:00,2026-01-31 16:55:01+00:00,0,"Bug,ExtensionArray,Constructors",1,1,2026-01,2026
63958,pull_request,closed,2026-01-31 01:06:03+00:00,2026-01-31 18:21:02+00:00,0,Docs,0,1,2026-01,2026
63956,pull_request,closed,2026-01-30 19:30:14+00:00,2026-01-30 20:22:32+00:00,0,Docs,0,1,2026-01,2026
63955,pull_request,closed,2026-01-30 18:45:03+00:00,2026-02-09 22:28:46+00:00,10,"Docs,Error Reporting,Timestamp",0,1,2026-01,2026
63954,pull_request,closed,2026-01-30 18:11:30+00:00,2026-01-30 18:43:09+00:00,0,,0,0,2026-01,2026
63953,pull_request,closed,2026-01-30 18:00:06+00:00,2026-01-30 19:00:38+00:00,0,Docs,0,1,2026-01,2026
63952,pull_request,closed,2026-01-30 17:54:23+00:00,2026-01-30 21:24:12+00:00,0,Docs,0,1,2026-01,2026
63951,pull_request,closed,2026-01-30 13:22:01+00:00,2026-01-30 19:18:06+00:00,0,"Docs,Window",0,1,2026-01,2026
63950,pull_request,closed,2026-01-30 09:10:35+00:00,2026-01-30 17:56:11+00:00,0,Docs,0,1,2026-01,2026
63949,pull_request,closed,2026-01-30 08:56:30+00:00,2026-01-30 17:54:44+00:00,0,Docs,0,1,2026-01,2026
63948,pull_request,closed,2026-01-30 07:00:38+00:00,2026-01-30 17:23:03+00:00,0,Docs,0,1,2026-01,2026
63947,pull_request,closed,2026-01-30 06:51:41+00:00,2026-01-30 17:22:23+00:00,0,Docs,0,1,2026-01,2026
63946,pull_request,closed,2026-01-30 06:42:13+00:00,2026-01-30 17:21:36+00:00,0,Docs,0,1,2026-01,2026
63945,pull_request,closed,2026-01-30 04:30:20+00:00,2026-01-31 18:26:56+00:00,1,"Bug,pd.col",1,1,2026-01,2026
63944,pull_request,closed,2026-01-29 22:34:00+00:00,2026-01-29 23:54:27+00:00,0,Docs,0,1,2026-01,2026
63943,pull_request,closed,2026-01-29 22:14:26+00:00,2026-01-29 23:56:52+00:00,0,Docs,0,1,2026-01,2026
63942,pull_request,closed,2026-01-29 21:30:41+00:00,2026-02-03 22:15:56+00:00,5,Docs,0,1,2026-01,2026
63941,pull_request,closed,2026-01-29 20:30:38+00:00,2026-01-30 17:24:48+00:00,0,Docs,0,1,2026-01,2026
63940,pull_request,closed,2026-01-29 20:00:04+00:00,2026-01-29 20:07:07+00:00,0,,0,0,2026-01,2026
63937,pull_request,closed,2026-01-29 15:15:04+00:00,2026-05-13 23:27:18+00:00,104,Copy / view semantics,0,0,2026-01,2026
63934,pull_request,closed,2026-01-29 11:44:28+00:00,2026-04-29 17:43:26+00:00,90,isin,0,0,2026-01,2026
63933,pull_request,closed,2026-01-29 10:46:24+00:00,2026-01-29 17:44:42+00:00,0,AI Slop,0,0,2026-01,2026
63932,pull_request,closed,2026-01-29 09:32:41+00:00,2026-01-29 17:46:17+00:00,0,,0,1,2026-01,2026
63930,pull_request,closed,2026-01-29 06:38:55+00:00,2026-01-29 17:48:04+00:00,0,Docs,0,1,2026-01,2026
63929,pull_request,closed,2026-01-29 05:25:52+00:00,2026-01-29 21:26:11+00:00,0,Docs,0,1,2026-01,2026
63928,pull_request,closed,2026-01-29 05:16:32+00:00,2026-01-29 16:54:10+00:00,0,Docs,0,1,2026-01,2026
63927,pull_request,closed,2026-01-29 05:08:05+00:00,2026-01-29 16:52:50+00:00,0,Docs,0,1,2026-01,2026
63926,pull_request,closed,2026-01-29 05:04:14+00:00,2026-01-29 16:53:23+00:00,0,Docs,0,1,2026-01,2026
63925,pull_request,closed,2026-01-29 04:52:52+00:00,2026-02-16 22:16:20+00:00,18,"Bug,Apply,NA - MaskedArrays",1,1,2026-01,2026
63924,pull_request,closed,2026-01-29 04:52:39+00:00,2026-01-29 16:48:36+00:00,0,Docs,0,1,2026-01,2026
63923,pull_request,closed,2026-01-29 04:39:16+00:00,2026-01-29 16:51:24+00:00,0,Docs,0,1,2026-01,2026
63922,pull_request,closed,2026-01-29 04:30:45+00:00,2026-01-29 16:52:00+00:00,0,Docs,0,1,2026-01,2026
63919,pull_request,closed,2026-01-28 21:04:54+00:00,2026-01-28 21:58:03+00:00,0,"Bug,Copy / view semantics",1,1,2026-01,2026
63918,pull_request,closed,2026-01-28 21:03:48+00:00,2026-01-28 21:31:53+00:00,0,Build,0,0,2026-01,2026
63916,pull_request,closed,2026-01-28 18:25:37+00:00,2026-01-28 20:06:10+00:00,0,Testing,0,1,2026-01,2026
63915,pull_request,closed,2026-01-28 17:40:09+00:00,2026-05-08 19:11:56+00:00,100,,0,1,2026-01,2026
63914,pull_request,closed,2026-01-28 17:11:33+00:00,2026-03-01 20:56:42+00:00,32,"IO Data,Needs Tests",0,1,2026-01,2026
63912,pull_request,closed,2026-01-28 12:57:10+00:00,2026-01-28 20:06:24+00:00,0,,0,1,2026-01,2026
63911,pull_request,closed,2026-01-28 12:47:32+00:00,2026-01-28 18:25:05+00:00,0,Testing,0,1,2026-01,2026
63910,pull_request,closed,2026-01-28 12:16:37+00:00,2026-01-29 17:44:54+00:00,1,AI Slop,0,0,2026-01,2026
63909,pull_request,closed,2026-01-28 10:45:26+00:00,2026-01-28 12:10:35+00:00,0,,0,0,2026-01,2026
63908,pull_request,closed,2026-01-28 09:31:18+00:00,2026-01-28 21:04:26+00:00,0,"Bug,Copy / view semantics",1,1,2026-01,2026
63907,pull_request,closed,2026-01-28 08:49:17+00:00,2026-01-28 20:55:36+00:00,0,,0,0,2026-01,2026
63906,pull_request,closed,2026-01-28 08:05:35+00:00,2026-01-28 09:54:02+00:00,0,"Docs,CI",0,1,2026-01,2026
63905,pull_request,closed,2026-01-27 22:20:59+00:00,2026-01-28 12:53:21+00:00,0,"Testing,Arrow",0,1,2026-01,2026
63902,pull_request,closed,2026-01-27 17:33:23+00:00,2026-01-27 18:26:34+00:00,0,"Testing,Arrow",0,1,2026-01,2026
63900,pull_request,closed,2026-01-27 14:51:19+00:00,2026-01-29 09:12:31+00:00,1,"Strings,IO Parquet",0,1,2026-01,2026
63898,pull_request,closed,2026-01-27 13:43:05+00:00,2026-01-27 18:26:17+00:00,0,,0,0,2026-01,2026
63897,pull_request,closed,2026-01-27 11:22:05+00:00,2026-01-27 18:06:26+00:00,0,Testing,0,1,2026-01,2026
63895,pull_request,closed,2026-01-27 04:08:56+00:00,2026-01-27 17:32:39+00:00,0,"Testing,Arrow",0,1,2026-01,2026
63894,pull_request,closed,2026-01-27 03:56:21+00:00,2026-01-27 04:58:25+00:00,0,"Testing,Windows,Arrow",0,1,2026-01,2026
63893,pull_request,closed,2026-01-26 23:13:50+00:00,2026-01-27 00:58:50+00:00,0,"CI,Dependencies",0,1,2026-01,2026
63892,pull_request,closed,2026-01-26 21:01:11+00:00,2026-02-03 19:40:45+00:00,7,,0,0,2026-01,2026
63891,pull_request,closed,2026-01-26 19:17:46+00:00,2026-01-27 17:54:22+00:00,0,Docs,0,1,2026-01,2026
63890,pull_request,closed,2026-01-26 18:19:25+00:00,2026-02-02 02:23:51+00:00,6,"Enhancement,Output-Formatting",0,1,2026-01,2026
63888,pull_request,closed,2026-01-26 17:35:55+00:00,2026-01-27 00:26:12+00:00,0,Docs,0,1,2026-01,2026
63887,pull_request,closed,2026-01-26 14:24:06+00:00,2026-02-16 22:14:02+00:00,21,"Bug,Constructors",1,1,2026-01,2026
63886,pull_request,closed,2026-01-26 14:18:33+00:00,2026-03-20 00:04:10+00:00,52,"Constructors,Stale",0,0,2026-01,2026
63885,pull_request,closed,2026-01-26 14:00:11+00:00,2026-01-26 17:53:28+00:00,0,Docs,0,1,2026-01,2026
63884,pull_request,closed,2026-01-26 12:30:35+00:00,2026-01-30 12:20:08+00:00,3,,0,0,2026-01,2026
63883,pull_request,closed,2026-01-26 12:26:18+00:00,2026-01-26 12:27:06+00:00,0,,0,0,2026-01,2026
63882,pull_request,closed,2026-01-26 12:04:50+00:00,2026-01-27 22:17:42+00:00,1,Code Style,0,1,2026-01,2026
63881,pull_request,closed,2026-01-26 11:56:21+00:00,2026-01-26 18:04:34+00:00,0,,0,0,2026-01,2026
63880,pull_request,closed,2026-01-26 11:52:16+00:00,2026-01-26 23:21:25+00:00,0,,0,0,2026-01,2026
63878,pull_request,closed,2026-01-26 04:41:33+00:00,2026-01-28 18:14:40+00:00,2,Docs,0,1,2026-01,2026
63877,pull_request,closed,2026-01-25 23:01:19+00:00,2026-01-27 15:55:41+00:00,1,,0,0,2026-01,2026
63875,pull_request,closed,2026-01-25 21:22:42+00:00,2026-01-25 23:32:00+00:00,0,,0,0,2026-01,2026
63874,pull_request,closed,2026-01-25 20:17:31+00:00,2026-01-25 21:19:16+00:00,0,,0,0,2026-01,2026
63873,pull_request,closed,2026-01-25 19:48:11+00:00,2026-01-25 20:08:08+00:00,0,,0,0,2026-01,2026
63872,pull_request,closed,2026-01-25 18:56:34+00:00,2026-01-28 22:36:29+00:00,3,"Bug,Index",1,1,2026-01,2026
63871,pull_request,closed,2026-01-25 18:35:50+00:00,2026-01-25 18:55:01+00:00,0,,0,0,2026-01,2026
63870,pull_request,closed,2026-01-25 17:56:01+00:00,2026-02-09 22:04:26+00:00,15,"Docs,CI",0,1,2026-01,2026
63869,pull_request,closed,2026-01-25 17:17:33+00:00,2026-01-27 18:08:54+00:00,2,Docs,0,1,2026-01,2026
63868,pull_request,closed,2026-01-25 16:00:56+00:00,2026-03-05 21:42:27+00:00,39,Stale,0,0,2026-01,2026
63867,pull_request,closed,2026-01-25 14:50:02+00:00,2026-01-25 15:40:38+00:00,0,,0,0,2026-01,2026
63866,pull_request,closed,2026-01-25 13:57:54+00:00,2026-01-28 18:23:05+00:00,3,,0,0,2026-01,2026
63865,pull_request,closed,2026-01-25 13:57:25+00:00,2026-01-25 18:54:55+00:00,0,,0,0,2026-01,2026
63864,pull_request,closed,2026-01-25 13:08:08+00:00,2026-01-25 18:55:53+00:00,0,,0,0,2026-01,2026
63862,pull_request,closed,2026-01-25 09:01:54+00:00,2026-01-25 09:14:16+00:00,0,,0,0,2026-01,2026
63861,pull_request,closed,2026-01-25 08:26:05+00:00,2026-01-27 05:09:11+00:00,1,,0,0,2026-01,2026
63860,pull_request,closed,2026-01-25 08:04:12+00:00,2026-03-11 11:59:13+00:00,45,"Docs,Reshaping",0,1,2026-01,2026
63859,pull_request,closed,2026-01-25 07:26:13+00:00,2026-05-13 22:07:01+00:00,108,"Enhancement,Stale,Arrow",0,0,2026-01,2026
63858,pull_request,closed,2026-01-25 06:02:46+00:00,2026-01-25 08:53:23+00:00,0,,0,0,2026-01,2026
63857,pull_request,closed,2026-01-25 05:32:43+00:00,2026-05-12 17:47:28+00:00,107,"Performance,Stale,Arrow",0,0,2026-01,2026
63856,pull_request,closed,2026-01-25 02:28:11+00:00,2026-04-11 14:34:58+00:00,76,"Docs,cut",0,1,2026-01,2026
63854,pull_request,closed,2026-01-24 16:39:26+00:00,2026-01-28 01:13:04+00:00,3,"Error Reporting,Frequency",0,1,2026-01,2026
63853,pull_request,closed,2026-01-24 15:20:21+00:00,2026-01-24 17:56:40+00:00,0,,0,0,2026-01,2026
63852,pull_request,closed,2026-01-24 15:20:04+00:00,2026-01-28 08:05:06+00:00,3,"Docs,CI",0,1,2026-01,2026
63851,pull_request,closed,2026-01-24 13:18:15+00:00,2026-01-26 22:44:22+00:00,2,,0,0,2026-01,2026
63850,pull_request,closed,2026-01-24 10:40:17+00:00,2026-01-24 11:01:13+00:00,0,,0,0,2026-01,2026
63849,pull_request,closed,2026-01-24 08:00:30+00:00,2026-03-17 02:22:13+00:00,51,Stale,0,0,2026-01,2026
63848,pull_request,closed,2026-01-24 05:54:19+00:00,2026-01-24 18:09:55+00:00,0,Docs,0,1,2026-01,2026
63847,pull_request,closed,2026-01-24 04:55:10+00:00,2026-01-24 18:14:04+00:00,0,Docs,0,1,2026-01,2026
63846,pull_request,closed,2026-01-24 04:26:24+00:00,2026-02-02 18:17:51+00:00,9,"Docs,Deprecate",0,1,2026-01,2026
63845,pull_request,closed,2026-01-24 03:47:14+00:00,2026-01-24 18:05:45+00:00,0,Docs,0,1,2026-01,2026
63844,pull_request,closed,2026-01-24 03:20:04+00:00,2026-01-24 18:07:50+00:00,0,Docs,0,1,2026-01,2026
63843,pull_request,closed,2026-01-24 02:36:40+00:00,2026-05-13 21:47:09+00:00,109,"Docs,Stale",0,1,2026-01,2026
63841,pull_request,closed,2026-01-24 00:33:43+00:00,2026-01-24 01:55:10+00:00,0,Docs,0,1,2026-01,2026
63840,pull_request,closed,2026-01-24 00:22:34+00:00,2026-01-24 01:54:17+00:00,0,Docs,0,1,2026-01,2026
63839,pull_request,closed,2026-01-24 00:17:38+00:00,2026-01-24 01:53:40+00:00,0,Docs,0,1,2026-01,2026
63838,pull_request,closed,2026-01-24 00:07:05+00:00,2026-01-24 00:56:25+00:00,0,Docs,0,1,2026-01,2026
63837,pull_request,closed,2026-01-23 22:14:28+00:00,2026-01-28 03:11:45+00:00,4,"Docs,Groupby,Apply",0,1,2026-01,2026
63836,pull_request,closed,2026-01-23 20:34:00+00:00,2026-01-23 21:03:56+00:00,0,Docs,0,1,2026-01,2026
63835,pull_request,closed,2026-01-23 19:38:08+00:00,2026-01-25 13:43:44+00:00,1,,0,0,2026-01,2026
63834,pull_request,closed,2026-01-23 18:33:46+00:00,2026-01-23 18:54:12+00:00,0,Docs,0,1,2026-01,2026
63829,pull_request,closed,2026-01-23 08:02:52+00:00,2026-01-23 18:33:16+00:00,0,Docs,0,1,2026-01,2026
63828,pull_request,closed,2026-01-23 05:53:41+00:00,2026-01-23 18:09:54+00:00,0,Docs,0,1,2026-01,2026
63827,pull_request,closed,2026-01-23 05:39:47+00:00,2026-01-23 18:54:44+00:00,0,Docs,0,1,2026-01,2026
63826,pull_request,closed,2026-01-23 05:16:52+00:00,2026-01-23 17:42:36+00:00,0,Docs,0,1,2026-01,2026
63825,pull_request,closed,2026-01-23 05:01:21+00:00,2026-01-23 18:03:19+00:00,0,Docs,0,1,2026-01,2026
63824,pull_request,closed,2026-01-23 04:36:31+00:00,2026-01-23 18:02:10+00:00,0,Docs,0,1,2026-01,2026
63823,pull_request,closed,2026-01-23 04:29:25+00:00,2026-01-23 18:01:23+00:00,0,Docs,0,1,2026-01,2026
63822,pull_request,closed,2026-01-23 02:15:56+00:00,2026-01-23 18:35:47+00:00,0,Docs,0,1,2026-01,2026
63821,pull_request,closed,2026-01-23 02:13:58+00:00,2026-01-23 18:37:27+00:00,0,Docs,0,1,2026-01,2026
63820,pull_request,closed,2026-01-23 01:20:47+00:00,2026-01-23 18:34:47+00:00,0,Docs,0,1,2026-01,2026
63819,pull_request,closed,2026-01-23 00:51:02+00:00,2026-01-23 18:39:40+00:00,0,Docs,0,1,2026-01,2026
63817,pull_request,closed,2026-01-22 21:52:54+00:00,2026-01-23 20:33:53+00:00,0,Docs,0,1,2026-01,2026
63816,pull_request,closed,2026-01-22 21:44:52+00:00,2026-01-26 14:10:26+00:00,3,,0,0,2026-01,2026
63815,pull_request,closed,2026-01-22 19:53:44+00:00,2026-01-22 21:34:46+00:00,0,CI,0,1,2026-01,2026
63814,pull_request,closed,2026-01-22 19:16:31+00:00,2026-01-22 19:53:37+00:00,0,CI,0,1,2026-01,2026
63813,pull_request,closed,2026-01-22 18:40:02+00:00,2026-01-22 19:11:07+00:00,0,CI,0,1,2026-01,2026
63812,pull_request,closed,2026-01-22 16:30:24+00:00,2026-02-03 21:05:49+00:00,12,Docs,0,1,2026-01,2026
63808,pull_request,closed,2026-01-22 12:59:31+00:00,2026-01-30 20:48:18+00:00,8,,0,0,2026-01,2026
63807,pull_request,closed,2026-01-22 11:30:50+00:00,2026-02-01 07:31:41+00:00,9,,0,0,2026-01,2026
63806,pull_request,closed,2026-01-22 10:35:51+00:00,2026-01-22 10:36:40+00:00,0,,0,0,2026-01,2026
63802,pull_request,closed,2026-01-21 23:13:52+00:00,2026-01-31 18:40:32+00:00,9,Strings,0,1,2026-01,2026
63801,pull_request,closed,2026-01-21 20:55:17+00:00,2026-03-24 15:40:03+00:00,61,"Docs,Stale",0,0,2026-01,2026
63800,pull_request,closed,2026-01-21 20:47:47+00:00,2026-01-22 18:07:47+00:00,0,,0,0,2026-01,2026
63799,pull_request,closed,2026-01-21 17:16:02+00:00,2026-01-22 19:52:03+00:00,1,,0,0,2026-01,2026
63798,pull_request,closed,2026-01-21 16:15:37+00:00,2026-01-22 18:39:31+00:00,1,CI,0,1,2026-01,2026
63797,pull_request,closed,2026-01-21 15:45:33+00:00,2026-01-21 20:43:10+00:00,0,Docs,0,1,2026-01,2026
63796,pull_request,closed,2026-01-21 15:29:46+00:00,2026-01-22 10:57:48+00:00,0,,0,1,2026-01,2026
63795,pull_request,closed,2026-01-21 14:48:15+00:00,2026-01-21 15:45:02+00:00,0,Docs,0,1,2026-01,2026
63793,pull_request,closed,2026-01-21 14:04:36+00:00,2026-01-21 20:36:29+00:00,0,,0,0,2026-01,2026
63792,pull_request,closed,2026-01-21 13:29:02+00:00,2026-01-22 19:50:00+00:00,1,Clean,0,1,2026-01,2026
63789,pull_request,closed,2026-01-21 08:04:03+00:00,2026-01-22 19:28:13+00:00,1,Docs,0,1,2026-01,2026
63788,pull_request,closed,2026-01-21 07:53:12+00:00,2026-01-22 19:22:14+00:00,1,Docs,0,1,2026-01,2026
63786,pull_request,closed,2026-01-21 07:42:02+00:00,2026-01-22 19:21:02+00:00,1,Docs,0,1,2026-01,2026
63785,pull_request,closed,2026-01-21 07:27:28+00:00,2026-01-22 19:20:11+00:00,1,Docs,0,1,2026-01,2026
63784,pull_request,closed,2026-01-21 05:59:38+00:00,2026-01-22 19:19:10+00:00,1,Docs,0,1,2026-01,2026
63783,pull_request,closed,2026-01-20 23:51:18+00:00,2026-02-08 18:13:13+00:00,18,Free Threading,0,1,2026-01,2026
63782,pull_request,closed,2026-01-20 18:57:49+00:00,2026-03-14 02:34:25+00:00,52,Stale,0,0,2026-01,2026
63781,pull_request,closed,2026-01-20 18:27:14+00:00,2026-04-09 21:51:19+00:00,79,Stale,0,0,2026-01,2026
63780,pull_request,closed,2026-01-20 16:46:51+00:00,2026-01-21 12:18:31+00:00,0,Docs,0,1,2026-01,2026
63779,pull_request,closed,2026-01-20 16:46:30+00:00,2026-01-21 12:16:54+00:00,0,Docs,0,1,2026-01,2026
63778,pull_request,closed,2026-01-20 16:26:05+00:00,2026-01-20 18:21:25+00:00,0,Docs,0,1,2026-01,2026
63777,pull_request,closed,2026-01-20 16:15:50+00:00,2026-01-21 13:43:14+00:00,0,,0,1,2026-01,2026
63776,pull_request,closed,2026-01-20 16:07:42+00:00,2026-01-20 17:28:50+00:00,0,Docs,0,1,2026-01,2026
63775,pull_request,closed,2026-01-20 15:20:10+00:00,2026-01-20 21:52:18+00:00,0,"Strings,Arrow",0,1,2026-01,2026
63773,pull_request,closed,2026-01-20 14:39:41+00:00,2026-04-28 01:55:35+00:00,97,Stale,0,1,2026-01,2026
63772,pull_request,closed,2026-01-20 14:26:01+00:00,2026-04-09 21:34:35+00:00,79,Stale,0,0,2026-01,2026
63771,pull_request,closed,2026-01-20 03:35:46+00:00,2026-01-22 19:26:35+00:00,2,Docs,0,1,2026-01,2026
63770,pull_request,closed,2026-01-20 02:59:22+00:00,2026-01-20 18:14:20+00:00,0,Docs,0,1,2026-01,2026
63768,pull_request,closed,2026-01-20 02:51:51+00:00,2026-01-20 18:13:09+00:00,0,Docs,0,1,2026-01,2026
63766,pull_request,closed,2026-01-20 02:37:44+00:00,2026-01-20 18:11:32+00:00,0,Docs,0,1,2026-01,2026
63765,pull_request,closed,2026-01-20 01:53:37+00:00,2026-01-22 19:24:54+00:00,2,Docs,0,1,2026-01,2026
63764,pull_request,closed,2026-01-20 00:27:35+00:00,2026-01-20 17:40:21+00:00,0,Testing,0,1,2026-01,2026
63763,pull_request,closed,2026-01-19 23:01:09+00:00,2026-01-19 23:14:42+00:00,0,,0,0,2026-01,2026
63762,pull_request,closed,2026-01-19 21:49:13+00:00,2026-01-21 13:42:51+00:00,1,Docs,0,1,2026-01,2026
63761,pull_request,closed,2026-01-19 21:10:47+00:00,2026-03-18 20:24:51+00:00,57,Stale,0,1,2026-01,2026
63760,pull_request,closed,2026-01-19 20:56:51+00:00,2026-01-21 10:18:40+00:00,1,"Period,Non-Nano,Timestamp",0,1,2026-01,2026
63759,pull_request,closed,2026-01-19 19:43:39+00:00,2026-01-19 20:35:45+00:00,0,,0,0,2026-01,2026
63758,pull_request,closed,2026-01-19 18:13:30+00:00,2026-01-20 17:55:08+00:00,0,Testing,0,1,2026-01,2026
63756,pull_request,closed,2026-01-19 10:49:11+00:00,2026-01-23 17:42:02+00:00,4,,0,0,2026-01,2026
63755,pull_request,closed,2026-01-19 10:38:01+00:00,2026-01-22 19:10:25+00:00,3,Testing,0,1,2026-01,2026
63754,pull_request,closed,2026-01-19 09:01:06+00:00,2026-03-11 09:56:26+00:00,51,"Build,CI,Dependencies",0,0,2026-01,2026
63753,pull_request,closed,2026-01-19 08:59:25+00:00,2026-01-19 17:50:06+00:00,0,Docs,0,1,2026-01,2026
63752,pull_request,closed,2026-01-19 08:55:25+00:00,2026-01-19 17:51:05+00:00,0,Docs,0,1,2026-01,2026
63751,pull_request,closed,2026-01-19 07:59:02+00:00,2026-01-19 17:54:24+00:00,0,Docs,0,1,2026-01,2026
63750,pull_request,closed,2026-01-19 07:30:01+00:00,2026-01-19 17:55:25+00:00,0,Docs,0,1,2026-01,2026
63749,pull_request,closed,2026-01-19 01:22:28+00:00,2026-01-19 08:36:14+00:00,0,,0,1,2026-01,2026
63748,pull_request,closed,2026-01-19 01:09:19+00:00,2026-01-21 10:22:08+00:00,2,"IO Data,API - Consistency",0,1,2026-01,2026
63747,pull_request,closed,2026-01-19 00:41:09+00:00,2026-01-20 22:22:04+00:00,1,Build,0,1,2026-01,2026
63746,pull_request,closed,2026-01-18 23:56:39+00:00,2026-01-27 17:29:50+00:00,8,Testing,0,1,2026-01,2026
63744,pull_request,closed,2026-01-18 19:20:37+00:00,2026-02-28 16:34:22+00:00,40,Stale,0,0,2026-01,2026
63743,pull_request,closed,2026-01-18 19:01:54+00:00,2026-02-01 19:46:07+00:00,14,"Groupby,Performance",0,1,2026-01,2026
63741,pull_request,closed,2026-01-18 18:42:24+00:00,2026-01-19 17:59:19+00:00,0,Docs,0,1,2026-01,2026
63740,pull_request,closed,2026-01-18 18:04:36+00:00,2026-01-20 14:58:19+00:00,1,Dependencies,0,1,2026-01,2026
63737,pull_request,closed,2026-01-18 14:47:48+00:00,2026-01-18 15:00:37+00:00,0,,0,0,2026-01,2026
63736,pull_request,closed,2026-01-18 14:12:22+00:00,2026-01-18 17:28:40+00:00,0,Docs,0,1,2026-01,2026
63734,pull_request,closed,2026-01-18 13:30:11+00:00,2026-01-18 17:29:48+00:00,0,Docs,0,1,2026-01,2026
63733,pull_request,closed,2026-01-18 13:24:24+00:00,2026-01-18 17:26:12+00:00,0,Docs,0,1,2026-01,2026
63731,pull_request,closed,2026-01-18 06:59:37+00:00,2026-01-18 17:27:38+00:00,0,Docs,0,1,2026-01,2026
63730,pull_request,closed,2026-01-18 06:45:11+00:00,2026-01-18 17:25:08+00:00,0,Docs,0,1,2026-01,2026
63729,pull_request,closed,2026-01-18 02:30:01+00:00,2026-01-19 18:02:26+00:00,1,Docs,0,1,2026-01,2026
63728,pull_request,closed,2026-01-18 02:00:28+00:00,2026-01-18 17:31:02+00:00,0,Docs,0,1,2026-01,2026
63727,pull_request,closed,2026-01-18 01:59:33+00:00,2026-01-18 17:32:16+00:00,0,Docs,0,1,2026-01,2026
63726,pull_request,closed,2026-01-18 00:31:18+00:00,2026-01-18 18:23:33+00:00,0,Build,0,1,2026-01,2026
63725,pull_request,closed,2026-01-17 21:31:32+00:00,2026-01-29 17:02:26+00:00,11,,0,0,2026-01,2026
63724,pull_request,closed,2026-01-17 18:17:23+00:00,2026-01-18 17:33:22+00:00,0,,0,1,2026-01,2026
63723,pull_request,closed,2026-01-17 17:48:05+00:00,2026-01-17 18:34:22+00:00,0,,0,0,2026-01,2026
63722,pull_request,closed,2026-01-17 16:32:50+00:00,2026-01-17 17:34:01+00:00,0,,0,0,2026-01,2026
63719,pull_request,closed,2026-01-17 13:00:31+00:00,2026-01-24 14:47:14+00:00,7,,0,0,2026-01,2026
63718,pull_request,closed,2026-01-17 09:19:54+00:00,2026-01-17 18:11:48+00:00,0,Docs,0,1,2026-01,2026
63717,pull_request,closed,2026-01-17 05:08:12+00:00,2026-01-17 18:13:53+00:00,0,Docs,0,1,2026-01,2026
63716,pull_request,closed,2026-01-17 04:48:53+00:00,2026-01-17 18:14:47+00:00,0,Docs,0,1,2026-01,2026
63715,pull_request,closed,2026-01-17 04:35:45+00:00,2026-01-17 18:15:52+00:00,0,Docs,0,1,2026-01,2026
63714,pull_request,closed,2026-01-17 04:15:28+00:00,2026-01-17 18:17:00+00:00,0,Docs,0,1,2026-01,2026
63713,pull_request,closed,2026-01-17 02:22:31+00:00,2026-01-17 02:23:05+00:00,0,,0,0,2026-01,2026
63711,pull_request,closed,2026-01-16 18:36:25+00:00,2026-01-16 20:39:36+00:00,0,Docs,0,1,2026-01,2026
63710,pull_request,closed,2026-01-16 18:05:28+00:00,2026-01-16 19:56:38+00:00,0,Docs,0,1,2026-01,2026
63709,pull_request,closed,2026-01-16 16:29:13+00:00,2026-01-16 17:35:42+00:00,0,Docs,0,1,2026-01,2026
63707,pull_request,closed,2026-01-16 12:57:52+00:00,2026-01-17 18:18:03+00:00,1,"Needs Tests,Non-Nano",0,1,2026-01,2026
63706,pull_request,closed,2026-01-16 10:55:09+00:00,2026-04-09 22:22:32+00:00,83,"Docs,Stale",0,0,2026-01,2026
63705,pull_request,closed,2026-01-16 10:54:45+00:00,2026-01-21 10:21:44+00:00,4,"Strings,Arrow",0,1,2026-01,2026
63704,pull_request,closed,2026-01-16 08:57:38+00:00,2026-03-06 20:59:11+00:00,49,Needs Tests,0,1,2026-01,2026
63702,pull_request,closed,2026-01-16 05:24:28+00:00,2026-01-16 19:56:00+00:00,0,Docs,0,1,2026-01,2026
63700,pull_request,closed,2026-01-15 14:54:24+00:00,2026-02-26 12:13:28+00:00,41,Stale,0,0,2026-01,2026
63699,pull_request,closed,2026-01-15 14:53:26+00:00,2026-01-15 21:00:15+00:00,0,,0,1,2026-01,2026
63698,pull_request,closed,2026-01-15 14:50:07+00:00,2026-01-17 18:29:58+00:00,2,Code Style,0,1,2026-01,2026
63697,pull_request,closed,2026-01-15 12:54:34+00:00,2026-01-15 16:20:32+00:00,0,Build,0,1,2026-01,2026
63696,pull_request,closed,2026-01-15 10:04:14+00:00,2026-03-24 15:50:55+00:00,68,"Docs,Closing Candidate",0,0,2026-01,2026
63695,pull_request,closed,2026-01-15 08:49:29+00:00,2026-01-15 21:45:31+00:00,0,Docs,0,1,2026-01,2026
63694,pull_request,closed,2026-01-15 08:03:58+00:00,2026-01-15 17:26:27+00:00,0,Docs,0,1,2026-01,2026
63693,pull_request,closed,2026-01-15 07:39:54+00:00,2026-01-15 16:46:14+00:00,0,Docs,0,1,2026-01,2026
63692,pull_request,closed,2026-01-15 04:58:21+00:00,2026-01-15 16:13:50+00:00,0,Docs,0,1,2026-01,2026
63689,pull_request,closed,2026-01-14 20:02:58+00:00,2026-01-14 21:56:18+00:00,0,Docs,0,1,2026-01,2026
63682,pull_request,closed,2026-01-14 11:32:36+00:00,2026-01-15 21:43:44+00:00,1,"Categorical,Needs Tests",0,1,2026-01,2026
63680,pull_request,closed,2026-01-14 10:22:15+00:00,2026-03-24 15:41:21+00:00,69,Stale,0,0,2026-01,2026
63679,pull_request,closed,2026-01-14 07:25:21+00:00,2026-01-14 18:08:06+00:00,0,Docs,0,1,2026-01,2026
63676,pull_request,closed,2026-01-13 14:28:06+00:00,2026-03-24 15:25:10+00:00,70,Stale,0,0,2026-01,2026
63675,pull_request,closed,2026-01-13 12:17:06+00:00,2026-01-17 18:20:19+00:00,4,Docs,0,1,2026-01,2026
63674,pull_request,closed,2026-01-13 11:56:22+00:00,2026-01-13 17:36:09+00:00,0,Docs,0,1,2026-01,2026
63673,pull_request,closed,2026-01-13 11:46:29+00:00,2026-01-18 17:23:37+00:00,5,Docs,0,1,2026-01,2026
63672,pull_request,closed,2026-01-13 11:41:11+00:00,2026-01-14 17:58:28+00:00,1,Docs,0,1,2026-01,2026
63671,pull_request,closed,2026-01-13 11:14:24+00:00,2026-01-13 17:28:24+00:00,0,Docs,0,1,2026-01,2026
63670,pull_request,closed,2026-01-13 11:06:27+00:00,2026-01-21 12:57:02+00:00,8,,0,0,2026-01,2026
63669,pull_request,closed,2026-01-13 11:02:41+00:00,2026-01-13 17:26:19+00:00,0,Docs,0,1,2026-01,2026
63667,pull_request,closed,2026-01-13 10:18:08+00:00,2026-03-06 21:09:34+00:00,52,"Docs,Stale",0,1,2026-01,2026
63666,pull_request,closed,2026-01-13 10:02:05+00:00,2026-01-21 08:17:05+00:00,7,"IO JSON,Timedelta,Non-Nano",0,1,2026-01,2026
63665,pull_request,closed,2026-01-13 05:43:21+00:00,2026-01-13 17:24:49+00:00,0,Code Style,0,1,2026-01,2026
63663,pull_request,closed,2026-01-13 04:39:16+00:00,2026-01-13 10:18:33+00:00,0,,0,0,2026-01,2026
63662,pull_request,closed,2026-01-13 04:19:54+00:00,2026-01-13 10:17:37+00:00,0,Docs,0,1,2026-01,2026
63661,pull_request,closed,2026-01-13 01:27:16+00:00,2026-01-13 21:31:56+00:00,0,Code Style,0,1,2026-01,2026
63660,pull_request,closed,2026-01-13 00:40:13+00:00,2026-01-13 23:05:45+00:00,0,"Groupby,Error Reporting",0,1,2026-01,2026
63659,pull_request,closed,2026-01-12 23:55:42+00:00,2026-02-02 02:16:49+00:00,20,"Bug,Regression,Numeric Operations,Subclassing",1,1,2026-01,2026
63658,pull_request,closed,2026-01-12 22:54:52+00:00,2026-03-28 20:00:04+00:00,74,Docs,0,0,2026-01,2026
63657,pull_request,closed,2026-01-12 18:24:53+00:00,2026-01-14 17:32:01+00:00,1,Testing,0,1,2026-01,2026
63656,pull_request,closed,2026-01-12 17:00:15+00:00,2026-01-12 23:22:31+00:00,0,Non-Nano,0,1,2026-01,2026
63655,pull_request,closed,2026-01-12 16:40:30+00:00,2026-01-12 17:55:01+00:00,0,Copy / view semantics,0,1,2026-01,2026
63654,pull_request,closed,2026-01-12 15:22:18+00:00,2026-01-12 17:37:28+00:00,0,"Testing,CI",0,1,2026-01,2026
63653,pull_request,closed,2026-01-12 14:30:44+00:00,2026-03-24 15:27:25+00:00,71,"Segfault,Stale",0,0,2026-01,2026
63652,pull_request,closed,2026-01-12 11:57:08+00:00,2026-03-10 20:38:47+00:00,57,Docs,0,0,2026-01,2026
63651,pull_request,closed,2026-01-12 08:53:00+00:00,2026-01-14 18:00:25+00:00,2,Docs,0,1,2026-01,2026
63648,pull_request,closed,2026-01-12 06:02:50+00:00,2026-03-24 15:26:55+00:00,71,,0,0,2026-01,2026
63647,pull_request,closed,2026-01-12 01:53:02+00:00,2026-01-20 17:47:32+00:00,8,,0,0,2026-01,2026
63646,pull_request,closed,2026-01-12 01:22:49+00:00,2026-01-12 01:25:20+00:00,0,,0,0,2026-01,2026
63645,pull_request,closed,2026-01-12 00:57:46+00:00,2026-01-20 03:16:48+00:00,8,Docs,0,1,2026-01,2026
63644,pull_request,closed,2026-01-11 21:38:53+00:00,2026-02-09 18:53:58+00:00,28,,0,0,2026-01,2026
63643,pull_request,closed,2026-01-11 17:28:46+00:00,2026-01-16 15:01:25+00:00,4,,0,0,2026-01,2026
63642,pull_request,closed,2026-01-11 15:47:51+00:00,2026-04-03 16:22:27+00:00,82,Docs,0,0,2026-01,2026
63641,pull_request,closed,2026-01-11 05:06:29+00:00,2026-03-12 19:01:55+00:00,60,Needs Tests,0,1,2026-01,2026
63639,pull_request,closed,2026-01-11 04:25:38+00:00,2026-01-14 18:06:40+00:00,3,,0,1,2026-01,2026
63638,pull_request,closed,2026-01-11 03:59:48+00:00,2026-01-14 17:59:19+00:00,3,Docs,0,1,2026-01,2026
63637,pull_request,closed,2026-01-11 02:40:37+00:00,2026-01-13 03:26:20+00:00,2,,0,0,2026-01,2026
63634,pull_request,closed,2026-01-10 20:35:03+00:00,2026-01-11 20:16:43+00:00,0,Docs,0,1,2026-01,2026
63632,pull_request,closed,2026-01-10 12:32:39+00:00,2026-01-11 20:15:57+00:00,1,,0,0,2026-01,2026
63631,pull_request,closed,2026-01-10 10:38:12+00:00,2026-01-10 18:12:11+00:00,0,Docs,0,1,2026-01,2026
63629,pull_request,closed,2026-01-10 07:45:59+00:00,2026-01-10 23:32:11+00:00,0,Docs,0,1,2026-01,2026
63628,pull_request,closed,2026-01-10 05:50:12+00:00,2026-01-10 18:17:43+00:00,0,Docs,0,1,2026-01,2026
63627,pull_request,closed,2026-01-10 05:39:15+00:00,2026-01-10 18:19:05+00:00,0,Docs,0,1,2026-01,2026
63626,pull_request,closed,2026-01-10 00:11:16+00:00,2026-03-12 21:07:51+00:00,61,Docs,0,1,2026-01,2026
63625,pull_request,closed,2026-01-10 00:09:27+00:00,2026-01-19 18:45:04+00:00,9,Docs,0,1,2026-01,2026
63624,pull_request,closed,2026-01-09 20:36:27+00:00,2026-01-10 06:03:23+00:00,0,,0,0,2026-01,2026
63622,pull_request,closed,2026-01-09 17:33:53+00:00,2026-01-12 15:46:31+00:00,2,"Docs,Copy / view semantics",0,1,2026-01,2026
63620,pull_request,closed,2026-01-09 12:25:42+00:00,2026-02-03 19:41:49+00:00,25,,0,0,2026-01,2026
63619,pull_request,closed,2026-01-09 11:07:15+00:00,2026-01-09 17:55:23+00:00,0,Docs,0,1,2026-01,2026
63618,pull_request,closed,2026-01-09 10:48:34+00:00,2026-01-09 17:56:35+00:00,0,Docs,0,1,2026-01,2026
63617,pull_request,closed,2026-01-09 07:11:20+00:00,2026-01-09 17:45:48+00:00,0,"Docs,Frequency",0,1,2026-01,2026
63616,pull_request,closed,2026-01-09 06:58:50+00:00,2026-01-09 17:47:41+00:00,0,Docs,0,1,2026-01,2026
63615,pull_request,closed,2026-01-09 06:31:04+00:00,2026-01-09 17:48:22+00:00,0,"Docs,Error Reporting",0,1,2026-01,2026
63614,pull_request,closed,2026-01-09 06:22:04+00:00,2026-01-09 17:48:50+00:00,0,Docs,0,1,2026-01,2026
63613,pull_request,closed,2026-01-08 21:59:13+00:00,2026-01-18 23:54:29+00:00,10,"Bug,Strings,Arrow",1,1,2026-01,2026
63612,pull_request,closed,2026-01-08 16:00:49+00:00,2026-01-08 17:15:39+00:00,0,,0,0,2026-01,2026
63611,pull_request,closed,2026-01-08 14:22:01+00:00,2026-01-08 17:15:55+00:00,0,,0,0,2026-01,2026
63610,pull_request,closed,2026-01-08 14:14:40+00:00,2026-01-08 17:16:32+00:00,0,Code Style,0,1,2026-01,2026
63609,pull_request,closed,2026-01-08 11:58:42+00:00,2026-01-08 17:20:09+00:00,0,Period,0,1,2026-01,2026
63607,pull_request,closed,2026-01-07 15:43:42+00:00,2026-01-10 17:18:06+00:00,3,,0,0,2026-01,2026
63606,pull_request,closed,2026-01-07 15:16:40+00:00,2026-01-07 15:17:02+00:00,0,,0,0,2026-01,2026
63605,pull_request,closed,2026-01-07 14:18:29+00:00,2026-01-07 17:29:51+00:00,0,,0,1,2026-01,2026
63602,pull_request,closed,2026-01-07 06:31:26+00:00,2026-04-29 17:37:06+00:00,112,"Performance,Arrow",0,0,2026-01,2026
63601,pull_request,closed,2026-01-07 03:09:38+00:00,2026-01-07 17:31:20+00:00,0,Code Style,0,1,2026-01,2026
63600,pull_request,closed,2026-01-07 01:54:00+00:00,2026-03-28 19:54:15+00:00,80,,0,0,2026-01,2026
63598,pull_request,closed,2026-01-06 22:32:22+00:00,2026-01-06 22:41:16+00:00,0,,0,0,2026-01,2026
63597,pull_request,closed,2026-01-06 20:02:17+00:00,2026-03-06 21:10:07+00:00,59,,0,0,2026-01,2026
63596,pull_request,closed,2026-01-06 18:34:09+00:00,2026-02-03 19:39:04+00:00,28,,0,0,2026-01,2026
63595,pull_request,closed,2026-01-06 18:30:46+00:00,2026-01-06 20:30:13+00:00,0,"Datetime,Non-Nano",0,1,2026-01,2026
63594,pull_request,closed,2026-01-06 17:38:42+00:00,2026-01-06 18:01:04+00:00,0,,0,0,2026-01,2026
63593,pull_request,closed,2026-01-06 16:34:30+00:00,2026-01-07 17:05:20+00:00,1,,0,0,2026-01,2026
63591,pull_request,closed,2026-01-06 15:26:14+00:00,2026-01-06 18:03:48+00:00,0,,0,0,2026-01,2026
63590,pull_request,closed,2026-01-06 14:19:21+00:00,2026-04-09 22:27:42+00:00,93,Docs,0,0,2026-01,2026
63589,pull_request,closed,2026-01-06 14:12:27+00:00,2026-01-09 17:57:53+00:00,3,Docs,0,1,2026-01,2026
63588,pull_request,closed,2026-01-06 07:25:08+00:00,2026-04-09 22:23:01+00:00,93,Docs,0,0,2026-01,2026
63587,pull_request,closed,2026-01-06 06:40:36+00:00,2026-01-06 18:06:09+00:00,0,"Performance,Arrow",0,1,2026-01,2026
63586,pull_request,closed,2026-01-06 06:34:23+00:00,2026-01-06 17:53:15+00:00,0,Docs,0,1,2026-01,2026
63585,pull_request,closed,2026-01-06 05:40:56+00:00,2026-01-06 17:52:06+00:00,0,Docs,0,1,2026-01,2026
63584,pull_request,closed,2026-01-06 05:20:01+00:00,2026-01-06 17:48:55+00:00,0,Docs,0,1,2026-01,2026
63583,pull_request,closed,2026-01-06 05:08:23+00:00,2026-01-06 17:46:49+00:00,0,Docs,0,1,2026-01,2026
63582,pull_request,closed,2026-01-06 04:46:04+00:00,2026-03-20 14:13:36+00:00,73,Typing,0,0,2026-01,2026
63579,pull_request,closed,2026-01-05 21:44:27+00:00,2026-01-06 22:12:54+00:00,1,Docs,0,1,2026-01,2026
63578,pull_request,closed,2026-01-05 19:37:56+00:00,2026-01-06 01:17:43+00:00,0,Code Style,0,1,2026-01,2026
63577,pull_request,closed,2026-01-05 16:30:53+00:00,2026-01-05 17:58:14+00:00,0,Code Style,0,1,2026-01,2026
63576,pull_request,closed,2026-01-05 16:02:43+00:00,2026-01-05 22:28:12+00:00,0,"Datetime,Missing-data",0,1,2026-01,2026
63575,pull_request,closed,2026-01-05 11:10:28+00:00,2026-03-21 16:10:11+00:00,75,Needs Tests,0,0,2026-01,2026
63573,pull_request,closed,2026-01-05 08:13:58+00:00,2026-01-05 21:46:52+00:00,0,"Performance,Arrow",0,1,2026-01,2026
63571,pull_request,closed,2026-01-04 15:03:48+00:00,2026-01-06 17:47:36+00:00,2,Docs,0,1,2026-01,2026
63570,pull_request,closed,2026-01-04 14:56:22+00:00,2026-01-04 16:53:44+00:00,0,"Docs,CI",0,1,2026-01,2026
63569,pull_request,closed,2026-01-04 14:33:23+00:00,2026-01-04 14:37:21+00:00,0,,0,0,2026-01,2026
63568,pull_request,closed,2026-01-04 13:48:56+00:00,2026-01-04 14:34:02+00:00,0,,0,0,2026-01,2026
63566,pull_request,closed,2026-01-04 10:35:23+00:00,2026-01-05 18:02:37+00:00,1,Docs,0,1,2026-01,2026
63565,pull_request,closed,2026-01-04 09:56:40+00:00,2026-01-05 18:04:31+00:00,1,Docs,0,1,2026-01,2026
63564,pull_request,closed,2026-01-04 07:27:01+00:00,2026-01-04 09:38:33+00:00,0,,0,0,2026-01,2026
63563,pull_request,closed,2026-01-03 18:37:32+00:00,2026-01-05 18:06:50+00:00,1,,0,0,2026-01,2026
63562,pull_request,closed,2026-01-03 14:59:32+00:00,2026-01-03 17:00:11+00:00,0,AI Slop,0,0,2026-01,2026
63561,pull_request,closed,2026-01-03 14:13:57+00:00,2026-01-05 18:11:22+00:00,2,,0,0,2026-01,2026
63560,pull_request,closed,2026-01-03 13:55:42+00:00,2026-01-05 19:39:10+00:00,2,"Timedelta,Reduction Operations,Timestamp",0,1,2026-01,2026
63558,pull_request,closed,2026-01-03 07:12:23+00:00,2026-01-05 18:19:56+00:00,2,,0,0,2026-01,2026
63556,pull_request,closed,2026-01-03 06:29:09+00:00,2026-01-05 17:42:41+00:00,2,Docs,0,1,2026-01,2026
63554,pull_request,closed,2026-01-03 05:55:54+00:00,2026-01-05 17:41:21+00:00,2,Docs,0,1,2026-01,2026
63552,pull_request,closed,2026-01-03 03:21:14+00:00,2026-01-06 02:53:38+00:00,2,Docs,0,1,2026-01,2026
63549,pull_request,closed,2026-01-02 22:05:26+00:00,2026-01-05 18:25:33+00:00,2,Testing,0,1,2026-01,2026
63548,pull_request,closed,2026-01-02 20:13:05+00:00,2026-01-05 18:27:38+00:00,2,"Testing,Frequency",0,1,2026-01,2026
63547,pull_request,closed,2026-01-02 19:12:03+00:00,2026-01-29 22:44:27+00:00,27,,0,0,2026-01,2026
63546,pull_request,closed,2026-01-02 19:02:33+00:00,2026-01-05 18:39:19+00:00,2,Code Style,0,1,2026-01,2026
63545,pull_request,closed,2026-01-02 18:07:07+00:00,2026-01-05 18:48:05+00:00,3,,0,0,2026-01,2026
63544,pull_request,closed,2026-01-02 14:08:51+00:00,2026-03-05 02:11:28+00:00,61,,0,0,2026-01,2026
63543,pull_request,closed,2026-01-02 12:14:21+00:00,2026-01-05 17:39:55+00:00,3,,0,1,2026-01,2026
63542,pull_request,closed,2026-01-02 11:08:15+00:00,2026-01-02 14:35:30+00:00,0,,0,1,2026-01,2026
63541,pull_request,closed,2026-01-02 10:44:10+00:00,2026-01-05 17:28:49+00:00,3,Docs,0,1,2026-01,2026
63539,pull_request,closed,2026-01-02 07:13:48+00:00,2026-01-03 11:52:57+00:00,1,"Docs,Groupby",0,1,2026-01,2026
63538,pull_request,closed,2026-01-02 05:40:10+00:00,2026-01-06 18:03:04+00:00,4,Docs,0,1,2026-01,2026
63537,pull_request,closed,2026-01-02 03:43:39+00:00,2026-01-06 02:52:40+00:00,3,Docs,0,1,2026-01,2026
63536,pull_request,closed,2026-01-02 03:42:45+00:00,2026-01-02 18:00:07+00:00,0,Docs,0,1,2026-01,2026
63535,pull_request,closed,2026-01-02 03:41:53+00:00,2026-01-05 17:35:11+00:00,3,,0,1,2026-01,2026
63534,pull_request,closed,2026-01-02 03:26:05+00:00,2026-01-05 17:37:53+00:00,3,,0,1,2026-01,2026
63533,pull_request,closed,2026-01-01 21:42:54+00:00,2026-01-05 18:57:34+00:00,3,"Timedelta,Non-Nano",0,1,2026-01,2026
63531,pull_request,closed,2026-01-01 18:30:42+00:00,2026-04-09 21:35:57+00:00,98,,0,0,2026-01,2026
63530,pull_request,closed,2026-01-01 18:16:04+00:00,2026-01-20 17:50:29+00:00,18,,0,0,2026-01,2026
63529,pull_request,closed,2026-01-01 18:05:27+00:00,2026-01-23 18:43:29+00:00,22,,0,0,2026-01,2026
63528,pull_request,closed,2026-01-01 17:44:54+00:00,2026-01-05 17:30:13+00:00,3,Docs,0,1,2026-01,2026
63525,pull_request,closed,2025-12-31 21:19:12+00:00,2026-01-01 19:33:34+00:00,0,Clean,0,1,2025-12,2025
63524,pull_request,closed,2025-12-31 19:57:20+00:00,2026-01-30 18:25:53+00:00,29,,0,0,2025-12,2025
63523,pull_request,closed,2025-12-31 17:26:51+00:00,2025-12-31 19:15:09+00:00,0,Code Style,0,1,2025-12,2025
63522,pull_request,closed,2025-12-31 16:39:28+00:00,2026-01-01 19:28:24+00:00,1,"Bug,Groupby,pyarrow dtype retention",1,1,2025-12,2025
63520,pull_request,closed,2025-12-31 06:37:27+00:00,2026-01-01 19:24:23+00:00,1,Docs,0,1,2025-12,2025
63519,pull_request,closed,2025-12-31 05:32:55+00:00,2025-12-31 17:41:19+00:00,0,Docs,0,1,2025-12,2025
63517,pull_request,closed,2025-12-31 01:52:59+00:00,2025-12-31 03:34:07+00:00,0,Arrow,0,1,2025-12,2025
63516,pull_request,closed,2025-12-30 21:36:44+00:00,2026-01-02 17:54:48+00:00,2,Docs,0,1,2025-12,2025
63515,pull_request,closed,2025-12-30 20:41:48+00:00,2026-01-02 17:52:02+00:00,2,Docs,0,1,2025-12,2025
63514,pull_request,closed,2025-12-30 18:54:32+00:00,2026-03-21 01:08:34+00:00,80,,0,1,2025-12,2025
63513,pull_request,closed,2025-12-30 16:46:00+00:00,2026-01-02 17:49:54+00:00,3,Code Style,0,1,2025-12,2025
63510,pull_request,closed,2025-12-30 09:51:30+00:00,2026-01-23 18:47:25+00:00,24,,0,0,2025-12,2025
63509,pull_request,closed,2025-12-30 03:01:26+00:00,2025-12-30 22:37:23+00:00,0,Period,0,1,2025-12,2025
63508,pull_request,closed,2025-12-30 00:21:20+00:00,2025-12-30 18:42:01+00:00,0,AI Slop,0,0,2025-12,2025
63507,pull_request,closed,2025-12-30 00:14:23+00:00,2025-12-30 18:49:53+00:00,0,,0,0,2025-12,2025
63506,pull_request,closed,2025-12-30 00:04:17+00:00,2025-12-30 18:50:14+00:00,0,,0,0,2025-12,2025
63505,pull_request,closed,2025-12-29 18:49:17+00:00,2026-04-09 21:38:41+00:00,101,Docs,0,0,2025-12,2025
63504,pull_request,closed,2025-12-29 17:36:30+00:00,2025-12-30 18:53:06+00:00,1,"Docs,CI",0,1,2025-12,2025
63502,pull_request,closed,2025-12-29 15:05:14+00:00,2025-12-30 18:44:53+00:00,1,"Clean,expressions",0,1,2025-12,2025
63501,pull_request,closed,2025-12-29 12:00:57+00:00,2025-12-30 18:54:10+00:00,1,Docs,0,1,2025-12,2025
63500,pull_request,closed,2025-12-29 10:48:23+00:00,2026-01-21 10:22:32+00:00,22,"Error Reporting,Still Needs Manual Backport,Copy / view semantics",0,1,2025-12,2025
63499,pull_request,closed,2025-12-29 10:13:23+00:00,2026-01-12 18:33:58+00:00,14,"Timedelta,Constructors,Non-Nano",0,1,2025-12,2025
63498,pull_request,closed,2025-12-28 20:12:19+00:00,2025-12-30 18:46:44+00:00,1,,0,1,2025-12,2025
63497,pull_request,closed,2025-12-28 14:59:03+00:00,2026-03-23 22:23:48+00:00,85,"Docs,setops",0,0,2025-12,2025
63496,pull_request,closed,2025-12-28 14:46:22+00:00,2025-12-30 18:46:09+00:00,2,Dependencies,0,1,2025-12,2025
63495,pull_request,closed,2025-12-28 13:43:42+00:00,2025-12-28 17:34:30+00:00,0,AI Slop,0,0,2025-12,2025
63492,pull_request,closed,2025-12-27 19:53:48+00:00,2026-01-21 10:38:55+00:00,24,Testing,0,1,2025-12,2025
63491,pull_request,closed,2025-12-27 16:28:43+00:00,2025-12-29 10:26:37+00:00,1,,0,0,2025-12,2025
63490,pull_request,closed,2025-12-27 05:11:12+00:00,2025-12-30 18:47:44+00:00,3,Code Style,0,1,2025-12,2025
63488,pull_request,closed,2025-12-26 18:46:31+00:00,2025-12-30 19:30:44+00:00,4,Docs,0,1,2025-12,2025
63487,pull_request,closed,2025-12-26 10:24:53+00:00,2025-12-26 18:44:46+00:00,0,Testing,0,1,2025-12,2025
63486,pull_request,closed,2025-12-26 09:35:42+00:00,2025-12-30 19:25:04+00:00,4,Docs,0,1,2025-12,2025
63485,pull_request,closed,2025-12-25 20:22:07+00:00,2026-01-23 18:44:28+00:00,28,,0,0,2025-12,2025
63483,pull_request,closed,2025-12-24 22:33:04+00:00,2025-12-30 19:26:46+00:00,5,Docs,0,1,2025-12,2025
63482,pull_request,closed,2025-12-24 19:53:21+00:00,2026-01-23 18:45:40+00:00,29,,0,0,2025-12,2025
63481,pull_request,closed,2025-12-24 13:50:08+00:00,2026-01-02 08:05:50+00:00,8,"Error Reporting,Compat",0,1,2025-12,2025
63480,pull_request,closed,2025-12-24 13:36:25+00:00,2025-12-30 18:55:45+00:00,6,Docs,0,1,2025-12,2025
63478,pull_request,closed,2025-12-24 06:25:50+00:00,2025-12-26 18:47:14+00:00,2,,0,0,2025-12,2025
63474,pull_request,closed,2025-12-23 19:12:56+00:00,2025-12-26 18:42:29+00:00,2,CI,0,1,2025-12,2025
63473,pull_request,closed,2025-12-23 14:30:35+00:00,2026-01-18 22:55:59+00:00,26,"IO JSON,Non-Nano,Timestamp",0,1,2025-12,2025
63471,pull_request,closed,2025-12-23 11:12:02+00:00,2025-12-23 18:11:00+00:00,0,Code Style,0,1,2025-12,2025
63469,pull_request,closed,2025-12-23 07:58:42+00:00,2025-12-23 18:09:14+00:00,0,Code Style,0,1,2025-12,2025
63468,pull_request,closed,2025-12-23 06:49:55+00:00,2025-12-28 00:42:34+00:00,4,,0,0,2025-12,2025
63467,pull_request,closed,2025-12-23 02:19:37+00:00,2025-12-23 18:12:04+00:00,0,Docs,0,1,2025-12,2025
63466,pull_request,closed,2025-12-22 22:16:39+00:00,2026-02-18 14:50:18+00:00,57,,0,0,2025-12,2025
63464,pull_request,closed,2025-12-22 20:08:17+00:00,2025-12-22 21:51:39+00:00,0,Docs,0,1,2025-12,2025
63463,pull_request,closed,2025-12-22 18:23:15+00:00,2026-01-06 02:46:54+00:00,14,"Enhancement,Series",0,1,2025-12,2025
63462,pull_request,closed,2025-12-22 17:44:58+00:00,2025-12-22 18:24:17+00:00,0,,0,0,2025-12,2025
63461,pull_request,closed,2025-12-22 16:25:26+00:00,2026-01-23 18:46:13+00:00,32,,0,0,2025-12,2025
63460,pull_request,closed,2025-12-22 15:57:59+00:00,2025-12-22 18:27:05+00:00,0,,0,0,2025-12,2025
63457,pull_request,closed,2025-12-22 09:22:06+00:00,2025-12-30 19:50:18+00:00,8,Docs,0,1,2025-12,2025
63456,pull_request,closed,2025-12-22 08:51:35+00:00,2026-01-09 06:31:29+00:00,17,,0,0,2025-12,2025
63455,pull_request,closed,2025-12-22 08:34:10+00:00,2025-12-22 18:29:54+00:00,0,,0,0,2025-12,2025
63454,pull_request,closed,2025-12-22 07:04:02+00:00,2025-12-23 02:18:55+00:00,0,Docs,0,0,2025-12,2025
63453,pull_request,closed,2025-12-21 17:04:18+00:00,2025-12-24 17:21:12+00:00,3,,0,0,2025-12,2025
63452,pull_request,closed,2025-12-21 16:59:55+00:00,2025-12-22 18:51:00+00:00,1,"Bug,combine/combine_first/update",1,1,2025-12,2025
63451,pull_request,closed,2025-12-21 14:13:28+00:00,2025-12-22 13:47:27+00:00,0,"Performance,Index",0,1,2025-12,2025
63450,pull_request,closed,2025-12-21 12:04:28+00:00,2025-12-21 17:40:35+00:00,0,Code Style,0,1,2025-12,2025
63449,pull_request,closed,2025-12-21 10:03:48+00:00,2025-12-21 17:39:27+00:00,0,Testing,0,1,2025-12,2025
63448,pull_request,closed,2025-12-21 09:44:08+00:00,2025-12-21 09:50:10+00:00,0,,0,0,2025-12,2025
63447,pull_request,closed,2025-12-21 09:36:11+00:00,2025-12-22 14:28:14+00:00,1,,0,0,2025-12,2025
63446,pull_request,closed,2025-12-21 05:26:34+00:00,2025-12-21 06:34:21+00:00,0,,0,0,2025-12,2025
63445,pull_request,closed,2025-12-21 03:47:25+00:00,2025-12-21 17:43:10+00:00,0,Docs,0,1,2025-12,2025
63443,pull_request,closed,2025-12-20 21:43:17+00:00,2025-12-21 17:41:46+00:00,0,Docs,0,1,2025-12,2025
63441,pull_request,closed,2025-12-20 21:04:30+00:00,2025-12-21 16:39:50+00:00,0,Web,0,1,2025-12,2025
63440,pull_request,closed,2025-12-20 17:37:22+00:00,2025-12-20 20:27:19+00:00,0,"Bug,Testing",1,1,2025-12,2025
63439,pull_request,closed,2025-12-20 16:11:03+00:00,2025-12-23 18:07:20+00:00,3,"Enhancement,expressions",0,1,2025-12,2025
63438,pull_request,closed,2025-12-20 12:35:59+00:00,2025-12-20 20:30:45+00:00,0,"Performance,Index",0,1,2025-12,2025
63436,pull_request,closed,2025-12-20 07:53:26+00:00,2025-12-20 19:18:44+00:00,0,Testing,0,1,2025-12,2025
63435,pull_request,closed,2025-12-19 21:00:35+00:00,2025-12-22 19:08:42+00:00,2,"Performance,Reshaping,Arrow",0,1,2025-12,2025
63434,pull_request,closed,2025-12-19 20:20:27+00:00,2025-12-22 19:09:42+00:00,2,Testing,0,1,2025-12,2025
63432,pull_request,closed,2025-12-19 12:40:23+00:00,2025-12-19 18:04:18+00:00,0,CI,0,1,2025-12,2025
63431,pull_request,closed,2025-12-19 12:33:07+00:00,2025-12-22 19:11:15+00:00,3,Enhancement,0,1,2025-12,2025
63427,pull_request,closed,2025-12-19 05:51:14+00:00,2025-12-20 20:20:04+00:00,1,"Docs,IO Pickle",0,1,2025-12,2025
63426,pull_request,closed,2025-12-19 05:23:19+00:00,2025-12-19 05:40:49+00:00,0,,0,0,2025-12,2025
63425,pull_request,closed,2025-12-19 05:09:54+00:00,2025-12-19 05:21:19+00:00,0,,0,0,2025-12,2025
63424,pull_request,closed,2025-12-19 05:04:42+00:00,2025-12-19 05:07:24+00:00,0,,0,0,2025-12,2025
63423,pull_request,closed,2025-12-19 04:30:06+00:00,2025-12-19 04:57:22+00:00,0,,0,0,2025-12,2025
63422,pull_request,closed,2025-12-19 04:08:41+00:00,2025-12-23 12:59:21+00:00,4,"Datetime,Performance,Arrow",0,1,2025-12,2025
63421,pull_request,closed,2025-12-19 01:53:38+00:00,2025-12-19 04:17:30+00:00,0,,0,0,2025-12,2025
63414,pull_request,closed,2025-12-18 14:43:35+00:00,2025-12-18 18:35:16+00:00,0,"IO HDF5,Strings",0,1,2025-12,2025
63413,pull_request,closed,2025-12-18 14:03:34+00:00,2026-04-01 00:45:11+00:00,103,,0,1,2025-12,2025
63411,pull_request,closed,2025-12-18 10:53:55+00:00,2025-12-18 17:09:06+00:00,0,Docs,0,1,2025-12,2025
63410,pull_request,closed,2025-12-18 08:56:03+00:00,2025-12-18 10:52:24+00:00,0,,0,0,2025-12,2025
63409,pull_request,closed,2025-12-18 08:22:08+00:00,2025-12-21 09:46:40+00:00,3,,0,0,2025-12,2025
63408,pull_request,closed,2025-12-18 07:56:35+00:00,2025-12-18 08:20:12+00:00,0,,0,0,2025-12,2025
63407,pull_request,closed,2025-12-18 00:56:27+00:00,2025-12-18 23:18:28+00:00,0,"Datetime,Timedelta,quantile",0,1,2025-12,2025
63406,pull_request,closed,2025-12-18 00:53:46+00:00,2025-12-18 10:56:43+00:00,0,Build,0,1,2025-12,2025
63405,pull_request,closed,2025-12-18 00:44:30+00:00,2026-05-12 17:52:48+00:00,145,Build,0,0,2025-12,2025
63402,pull_request,closed,2025-12-17 19:13:15+00:00,2025-12-17 22:55:52+00:00,0,"Bug,ExtensionArray",1,1,2025-12,2025
63401,pull_request,closed,2025-12-17 17:58:40+00:00,2025-12-19 20:03:44+00:00,2,"Performance,Arrow",0,1,2025-12,2025
63400,pull_request,closed,2025-12-17 16:21:05+00:00,2026-01-23 18:49:21+00:00,37,Stale,0,0,2025-12,2025
63398,pull_request,closed,2025-12-17 15:03:21+00:00,2025-12-18 19:57:05+00:00,1,"API Design,Index",0,1,2025-12,2025
63397,pull_request,closed,2025-12-17 12:49:26+00:00,2025-12-18 17:35:48+00:00,1,"Enhancement,Indexing,Error Reporting",0,1,2025-12,2025
63395,pull_request,closed,2025-12-17 11:20:01+00:00,2025-12-18 14:12:46+00:00,1,"Bug,Strings,Arrow",1,1,2025-12,2025
63394,pull_request,closed,2025-12-17 10:19:41+00:00,2025-12-17 21:14:36+00:00,0,Subclassing,0,1,2025-12,2025
63390,pull_request,closed,2025-12-17 09:07:10+00:00,2025-12-17 10:10:45+00:00,0,,0,0,2025-12,2025
63389,pull_request,closed,2025-12-17 05:29:25+00:00,2025-12-18 17:13:56+00:00,1,"Performance,Arrow",0,1,2025-12,2025
63387,pull_request,closed,2025-12-16 20:42:38+00:00,2025-12-16 21:52:39+00:00,0,,0,0,2025-12,2025
63386,pull_request,closed,2025-12-16 19:48:14+00:00,2025-12-16 20:30:38+00:00,0,,0,0,2025-12,2025
63384,pull_request,closed,2025-12-16 15:42:59+00:00,2025-12-19 18:11:12+00:00,3,Docs,0,1,2025-12,2025
63383,pull_request,closed,2025-12-16 15:32:52+00:00,2025-12-16 19:16:03+00:00,0,Docs,0,1,2025-12,2025
63382,pull_request,closed,2025-12-16 14:08:31+00:00,2025-12-22 13:08:26+00:00,5,"Docs,expressions",0,1,2025-12,2025
63381,pull_request,closed,2025-12-16 13:24:16+00:00,2025-12-16 14:58:26+00:00,0,Docs,0,1,2025-12,2025
63380,pull_request,closed,2025-12-16 12:06:43+00:00,2025-12-16 17:44:08+00:00,0,Docs,0,1,2025-12,2025
63379,pull_request,closed,2025-12-16 10:44:28+00:00,2025-12-16 17:41:22+00:00,0,Docs,0,1,2025-12,2025
63370,pull_request,closed,2025-12-15 19:10:36+00:00,2025-12-16 21:10:53+00:00,1,"Index,Series,Copy / view semantics",0,1,2025-12,2025
63369,pull_request,closed,2025-12-15 19:05:50+00:00,2026-04-09 22:45:03+00:00,115,"Numeric Operations,Stale",0,0,2025-12,2025
63368,pull_request,closed,2025-12-15 15:44:37+00:00,2026-03-28 20:00:35+00:00,103,Docs,0,0,2025-12,2025
63367,pull_request,closed,2025-12-15 10:56:29+00:00,2025-12-19 15:54:48+00:00,4,ExtensionArray,0,1,2025-12,2025
63366,pull_request,closed,2025-12-15 08:04:10+00:00,2025-12-15 17:29:05+00:00,0,"CI,Dependencies",0,1,2025-12,2025
63365,pull_request,closed,2025-12-15 08:04:06+00:00,2025-12-15 17:28:32+00:00,0,"CI,Dependencies",0,1,2025-12,2025
63364,pull_request,closed,2025-12-15 00:17:38+00:00,2025-12-26 18:45:53+00:00,11,,0,0,2025-12,2025
63363,pull_request,closed,2025-12-14 18:06:15+00:00,2026-04-09 22:41:17+00:00,116,"Docs,Stale",0,0,2025-12,2025
63362,pull_request,closed,2025-12-14 17:34:34+00:00,2025-12-28 19:20:12+00:00,14,,0,0,2025-12,2025
63361,pull_request,closed,2025-12-14 13:50:34+00:00,2025-12-14 20:31:50+00:00,0,AI Slop,0,0,2025-12,2025
63360,pull_request,closed,2025-12-14 13:38:17+00:00,2025-12-14 18:02:18+00:00,0,Docs,0,1,2025-12,2025
63359,pull_request,closed,2025-12-14 13:29:27+00:00,2025-12-14 15:31:58+00:00,0,"Docs,Strings",0,1,2025-12,2025
63358,pull_request,closed,2025-12-14 12:43:10+00:00,2025-12-15 21:49:03+00:00,1,"Docs,Groupby",0,1,2025-12,2025
63357,pull_request,closed,2025-12-14 10:59:53+00:00,2026-01-01 15:06:28+00:00,18,,0,0,2025-12,2025
63356,pull_request,closed,2025-12-14 06:18:52+00:00,2025-12-14 10:33:26+00:00,0,,0,0,2025-12,2025
63355,pull_request,closed,2025-12-13 20:45:04+00:00,2026-03-22 20:50:34+00:00,99,Stale,0,0,2025-12,2025
63354,pull_request,closed,2025-12-13 18:51:40+00:00,2026-03-28 19:55:18+00:00,105,Docs,0,0,2025-12,2025
63353,pull_request,closed,2025-12-13 16:52:31+00:00,2026-01-13 17:39:55+00:00,31,Stale,0,0,2025-12,2025
63352,pull_request,closed,2025-12-13 16:26:29+00:00,2025-12-13 18:36:16+00:00,0,,0,0,2025-12,2025
63350,pull_request,closed,2025-12-13 10:07:35+00:00,2025-12-14 22:37:03+00:00,1,Code Style,0,1,2025-12,2025
63349,pull_request,closed,2025-12-12 17:46:31+00:00,2026-01-13 10:04:50+00:00,31,,0,0,2025-12,2025
63348,pull_request,closed,2025-12-12 17:15:12+00:00,2025-12-16 09:10:31+00:00,3,Web,0,1,2025-12,2025
63347,pull_request,closed,2025-12-12 16:44:18+00:00,2025-12-22 13:02:33+00:00,9,"Non-Nano,Timestamp",0,1,2025-12,2025
63346,pull_request,closed,2025-12-12 13:42:45+00:00,2025-12-14 18:12:19+00:00,2,"Docs,Indexing",0,1,2025-12,2025
63345,pull_request,closed,2025-12-12 13:09:33+00:00,2025-12-12 13:20:56+00:00,0,,0,0,2025-12,2025
63344,pull_request,closed,2025-12-12 13:00:48+00:00,2025-12-12 13:02:38+00:00,0,,0,0,2025-12,2025
63343,pull_request,closed,2025-12-12 10:18:49+00:00,2026-03-28 19:55:46+00:00,106,Docs,0,0,2025-12,2025
63342,pull_request,closed,2025-12-12 09:39:19+00:00,2025-12-15 21:37:53+00:00,3,"Series,Constructors,Copy / view semantics",0,1,2025-12,2025
63341,pull_request,closed,2025-12-12 09:12:28+00:00,2025-12-14 16:24:03+00:00,2,"Docs,Copy / view semantics",0,1,2025-12,2025
63340,pull_request,closed,2025-12-12 07:13:30+00:00,2025-12-17 13:42:44+00:00,5,,0,0,2025-12,2025
63339,pull_request,closed,2025-12-12 04:35:00+00:00,2025-12-12 19:40:49+00:00,0,Testing,0,1,2025-12,2025
63338,pull_request,closed,2025-12-12 03:11:23+00:00,2026-01-12 17:28:42+00:00,31,"Docs,Stale",0,0,2025-12,2025
63337,pull_request,closed,2025-12-12 02:48:19+00:00,2025-12-12 19:42:54+00:00,0,Docs,0,1,2025-12,2025
63336,pull_request,closed,2025-12-11 23:10:58+00:00,2026-01-11 20:19:43+00:00,30,Stale,0,0,2025-12,2025
63335,pull_request,closed,2025-12-11 21:44:15+00:00,2025-12-19 15:53:51+00:00,7,Dependencies,0,1,2025-12,2025
63334,pull_request,closed,2025-12-11 19:49:19+00:00,2026-01-11 13:54:27+00:00,30,Stale,0,0,2025-12,2025
63333,pull_request,closed,2025-12-11 14:47:37+00:00,2025-12-11 17:06:26+00:00,0,,0,0,2025-12,2025
63332,pull_request,closed,2025-12-11 11:11:43+00:00,2026-05-08 19:20:07+00:00,148,"Numeric Operations,Stale",0,0,2025-12,2025
63331,pull_request,closed,2025-12-11 10:23:51+00:00,2026-03-10 05:36:34+00:00,88,Stale,0,0,2025-12,2025
63330,pull_request,closed,2025-12-11 10:22:57+00:00,2025-12-13 16:50:13+00:00,2,"Bug,Numeric Operations,expressions",1,1,2025-12,2025
63329,pull_request,closed,2025-12-11 10:17:07+00:00,2025-12-11 10:21:53+00:00,0,,0,0,2025-12,2025
63327,pull_request,closed,2025-12-11 07:35:24+00:00,2026-01-16 20:00:47+00:00,36,Stale,0,0,2025-12,2025
63326,pull_request,closed,2025-12-11 07:09:12+00:00,2025-12-30 18:39:31+00:00,19,,0,0,2025-12,2025
63325,pull_request,closed,2025-12-11 04:24:14+00:00,2026-02-02 06:40:46+00:00,53,Stale,0,0,2025-12,2025
63324,pull_request,closed,2025-12-11 03:10:30+00:00,2026-01-23 18:52:59+00:00,43,,0,0,2025-12,2025
63323,pull_request,closed,2025-12-11 02:59:56+00:00,2025-12-11 03:10:07+00:00,0,,0,0,2025-12,2025
63321,pull_request,closed,2025-12-10 19:55:50+00:00,2025-12-11 02:20:02+00:00,0,Docs,0,1,2025-12,2025
63319,pull_request,closed,2025-12-10 14:26:57+00:00,2025-12-11 02:22:05+00:00,0,"Docs,Copy / view semantics",0,1,2025-12,2025
63318,pull_request,closed,2025-12-10 07:33:15+00:00,2025-12-11 00:04:17+00:00,0,IO Excel,0,1,2025-12,2025
63316,pull_request,closed,2025-12-09 20:35:57+00:00,2025-12-09 21:36:05+00:00,0,,0,0,2025-12,2025
63313,pull_request,closed,2025-12-09 17:25:33+00:00,2026-04-29 17:42:45+00:00,141,"IO CSV,Stale",0,0,2025-12,2025
63312,pull_request,closed,2025-12-09 17:22:18+00:00,2026-01-20 18:02:36+00:00,42,Stale,0,0,2025-12,2025
63310,pull_request,closed,2025-12-09 15:03:14+00:00,2026-04-09 21:30:34+00:00,121,"Docs,Copy / view semantics",0,0,2025-12,2025
63309,pull_request,closed,2025-12-09 12:05:42+00:00,2025-12-09 20:03:54+00:00,0,Docs,0,1,2025-12,2025
63308,pull_request,closed,2025-12-09 12:02:52+00:00,2025-12-09 20:04:57+00:00,0,Docs,0,1,2025-12,2025
63307,pull_request,closed,2025-12-09 11:27:18+00:00,2025-12-09 20:11:42+00:00,0,Code Style,0,1,2025-12,2025
63305,pull_request,closed,2025-12-08 23:08:32+00:00,2025-12-09 21:32:52+00:00,0,Docs,0,1,2025-12,2025
63303,pull_request,closed,2025-12-08 21:15:51+00:00,2025-12-30 23:08:15+00:00,22,"Timedelta,Non-Nano",0,1,2025-12,2025
63302,pull_request,closed,2025-12-08 20:17:59+00:00,2025-12-22 21:48:50+00:00,14,"Timedelta,Non-Nano",0,1,2025-12,2025
63301,pull_request,closed,2025-12-08 20:10:00+00:00,2025-12-18 09:59:45+00:00,9,"Bug,Timedelta",1,1,2025-12,2025
63300,pull_request,closed,2025-12-08 18:59:32+00:00,2025-12-09 20:17:41+00:00,1,"Build,CI",0,1,2025-12,2025
63297,pull_request,closed,2025-12-08 10:07:21+00:00,2025-12-09 22:44:57+00:00,1,"Docs,Copy / view semantics",0,1,2025-12,2025
63296,pull_request,closed,2025-12-08 04:15:47+00:00,2025-12-08 17:48:47+00:00,0,Code Style,0,1,2025-12,2025
63295,pull_request,closed,2025-12-08 03:56:07+00:00,2025-12-10 17:39:24+00:00,2,Testing,0,1,2025-12,2025
63294,pull_request,closed,2025-12-08 00:00:49+00:00,2025-12-08 17:50:09+00:00,0,Code Style,0,1,2025-12,2025
63293,pull_request,closed,2025-12-07 23:24:56+00:00,2025-12-08 17:51:26+00:00,0,Code Style,0,1,2025-12,2025
63292,pull_request,closed,2025-12-07 23:17:45+00:00,2025-12-08 18:25:20+00:00,0,"Indexing,Non-Nano",0,1,2025-12,2025
63291,pull_request,closed,2025-12-07 16:52:39+00:00,2025-12-17 10:32:31+00:00,9,"Docs,Copy / view semantics",0,1,2025-12,2025
63290,pull_request,closed,2025-12-07 13:59:45+00:00,2025-12-08 18:39:15+00:00,1,"Bug,Error Reporting",1,1,2025-12,2025
63284,pull_request,closed,2025-12-06 17:05:10+00:00,2025-12-08 09:02:29+00:00,1,Docs,0,1,2025-12,2025
63282,pull_request,closed,2025-12-06 15:22:10+00:00,2025-12-16 10:21:34+00:00,9,Docs,0,1,2025-12,2025
63281,pull_request,closed,2025-12-06 05:02:24+00:00,2026-01-20 18:02:19+00:00,45,Stale,0,0,2025-12,2025
63276,pull_request,closed,2025-12-05 15:48:25+00:00,2025-12-05 17:40:02+00:00,0,,0,0,2025-12,2025
63274,pull_request,closed,2025-12-05 14:42:03+00:00,2025-12-07 13:46:16+00:00,1,"Docs,Copy / view semantics",0,1,2025-12,2025
63273,pull_request,closed,2025-12-05 10:54:34+00:00,2026-01-06 02:53:31+00:00,31,"Typing,Stale",0,0,2025-12,2025
63268,pull_request,closed,2025-12-04 23:19:30+00:00,2025-12-05 12:13:12+00:00,0,"Testing,Code Style",0,1,2025-12,2025
63267,pull_request,closed,2025-12-04 22:13:07+00:00,2025-12-05 17:35:24+00:00,0,"Bug,Regression,Interval",1,1,2025-12,2025
63266,pull_request,closed,2025-12-04 21:10:06+00:00,2025-12-07 09:03:34+00:00,2,CI,0,1,2025-12,2025
63265,pull_request,closed,2025-12-04 19:12:26+00:00,2025-12-05 16:03:55+00:00,0,CI,0,1,2025-12,2025
63263,pull_request,closed,2025-12-04 16:31:06+00:00,2025-12-04 17:30:41+00:00,0,Docs,0,1,2025-12,2025
63261,pull_request,closed,2025-12-04 11:51:15+00:00,2025-12-04 17:32:22+00:00,0,Docs,0,1,2025-12,2025
63260,pull_request,closed,2025-12-04 06:09:09+00:00,2025-12-06 17:39:40+00:00,2,Testing,0,1,2025-12,2025
63259,pull_request,closed,2025-12-04 03:34:54+00:00,2026-01-05 17:49:15+00:00,32,Testing,0,1,2025-12,2025
63257,pull_request,closed,2025-12-04 01:05:13+00:00,2025-12-04 03:26:17+00:00,0,,0,0,2025-12,2025
63256,pull_request,closed,2025-12-03 18:53:44+00:00,2025-12-05 17:43:27+00:00,1,Testing,0,1,2025-12,2025
63254,pull_request,closed,2025-12-03 15:59:29+00:00,2025-12-04 17:49:08+00:00,1,,0,0,2025-12,2025
63253,pull_request,closed,2025-12-03 00:31:19+00:00,2025-12-04 17:51:37+00:00,1,,0,0,2025-12,2025
63252,pull_request,closed,2025-12-02 15:36:31+00:00,2025-12-30 19:55:51+00:00,28,"Docs,IO Excel",0,1,2025-12,2025
63251,pull_request,closed,2025-12-02 11:29:12+00:00,2025-12-02 17:35:26+00:00,0,Docs,0,1,2025-12,2025
63249,pull_request,closed,2025-12-02 08:14:59+00:00,2025-12-26 18:48:47+00:00,24,,0,0,2025-12,2025
63248,pull_request,closed,2025-12-02 06:51:51+00:00,2025-12-05 12:49:12+00:00,3,"Bug,Reshaping,Error Reporting",1,1,2025-12,2025
63247,pull_request,closed,2025-12-02 02:37:43+00:00,2025-12-04 20:51:48+00:00,2,Testing,0,1,2025-12,2025
63244,pull_request,closed,2025-12-01 16:31:14+00:00,2025-12-01 21:45:02+00:00,0,Code Style,0,1,2025-12,2025
63241,pull_request,closed,2025-12-01 13:54:07+00:00,2025-12-02 15:02:09+00:00,1,"Missing-data,API Design,NA - MaskedArrays",0,1,2025-12,2025
63239,pull_request,closed,2025-12-01 00:31:40+00:00,2025-12-02 13:35:06+00:00,1,"IO HDF5,Timedelta,Non-Nano",0,1,2025-12,2025
63238,pull_request,closed,2025-11-30 23:53:24+00:00,2025-12-02 01:06:45+00:00,1,,0,0,2025-11,2025
63237,pull_request,closed,2025-11-30 23:49:41+00:00,2025-12-02 13:34:09+00:00,1,"Visualization,Timedelta,Non-Nano",0,1,2025-11,2025
63234,pull_request,closed,2025-11-30 17:35:15+00:00,2025-12-05 12:04:29+00:00,4,"Docs,Groupby",0,1,2025-11,2025
63233,pull_request,closed,2025-11-30 17:31:06+00:00,2025-12-27 01:29:53+00:00,26,,0,0,2025-11,2025
63232,pull_request,closed,2025-11-30 03:53:34+00:00,2025-12-04 17:57:42+00:00,4,"Bug,Groupby,Copy / view semantics",1,1,2025-11,2025
63231,pull_request,closed,2025-11-30 03:35:11+00:00,2025-12-01 09:01:45+00:00,1,"Deprecate,Copy / view semantics",0,1,2025-11,2025
63229,pull_request,closed,2025-11-28 22:28:55+00:00,2025-12-01 18:52:28+00:00,2,,0,0,2025-11,2025
63228,pull_request,closed,2025-11-28 19:04:32+00:00,2025-12-30 19:52:51+00:00,32,Stale,0,0,2025-11,2025
63227,pull_request,closed,2025-11-28 14:21:43+00:00,2025-12-01 18:46:27+00:00,3,Docs,0,1,2025-11,2025
63226,pull_request,closed,2025-11-28 11:50:22+00:00,2025-12-29 14:14:45+00:00,31,Stale,0,0,2025-11,2025
63224,pull_request,closed,2025-11-28 01:57:10+00:00,2025-12-02 17:46:01+00:00,4,Testing,0,1,2025-11,2025
63223,pull_request,closed,2025-11-28 01:56:23+00:00,2025-12-01 18:49:58+00:00,3,Testing,0,1,2025-11,2025
63222,pull_request,closed,2025-11-28 01:55:14+00:00,2025-12-02 17:44:28+00:00,4,Testing,0,1,2025-11,2025
63220,pull_request,closed,2025-11-27 11:18:45+00:00,2026-01-04 15:27:06+00:00,38,"IO Excel,Needs Tests,Stale",0,0,2025-11,2025
63217,pull_request,closed,2025-11-27 04:02:55+00:00,2025-11-27 10:03:08+00:00,0,Docs,0,1,2025-11,2025
63216,pull_request,closed,2025-11-26 23:38:14+00:00,2025-12-02 22:09:02+00:00,5,"Timedelta,Non-Nano",0,1,2025-11,2025
63214,pull_request,closed,2025-11-26 18:49:15+00:00,2025-12-26 18:48:26+00:00,29,,0,0,2025-11,2025
63212,pull_request,closed,2025-11-26 17:12:28+00:00,2025-12-02 15:30:33+00:00,5,"API Design,Copy / view semantics",0,1,2025-11,2025
63211,pull_request,closed,2025-11-26 16:10:14+00:00,2025-12-01 18:57:24+00:00,5,Docs,0,1,2025-11,2025
63210,pull_request,closed,2025-11-26 15:47:03+00:00,2026-02-14 05:45:35+00:00,79,,0,0,2025-11,2025
63208,pull_request,closed,2025-11-26 12:40:49+00:00,2025-11-26 19:28:10+00:00,0,Arrow,0,1,2025-11,2025
63206,pull_request,closed,2025-11-26 04:57:47+00:00,2025-12-30 19:52:34+00:00,34,Stale,0,0,2025-11,2025
63204,pull_request,closed,2025-11-26 01:01:37+00:00,2025-12-04 17:58:42+00:00,8,AI Slop,0,0,2025-11,2025
63203,pull_request,closed,2025-11-25 23:33:02+00:00,2026-04-09 21:31:26+00:00,134,"Testing,Stale",0,0,2025-11,2025
63202,pull_request,closed,2025-11-25 22:40:22+00:00,2025-12-06 13:27:49+00:00,10,,0,0,2025-11,2025
63201,pull_request,closed,2025-11-25 17:45:33+00:00,2025-11-30 17:41:35+00:00,4,"Docs,Groupby",0,0,2025-11,2025
63200,pull_request,closed,2025-11-25 14:59:16+00:00,2025-11-30 18:03:31+00:00,5,Docs,0,1,2025-11,2025
63199,pull_request,closed,2025-11-25 13:51:14+00:00,2025-11-25 18:15:34+00:00,0,Docs,0,1,2025-11,2025
63198,pull_request,closed,2025-11-25 12:17:33+00:00,2025-11-25 18:17:28+00:00,0,Testing,0,1,2025-11,2025
63197,pull_request,closed,2025-11-25 10:49:50+00:00,2025-11-25 18:19:03+00:00,0,,0,0,2025-11,2025
63196,pull_request,closed,2025-11-24 22:52:20+00:00,2025-12-01 22:42:59+00:00,6,"Timedelta,Non-Nano",0,1,2025-11,2025
63195,pull_request,closed,2025-11-24 22:39:08+00:00,2025-11-27 00:52:28+00:00,2,"API Design,inplace",0,1,2025-11,2025
63193,pull_request,closed,2025-11-24 17:06:27+00:00,2025-12-08 22:08:38+00:00,14,"Docs,IO Excel",0,0,2025-11,2025
63192,pull_request,closed,2025-11-24 16:15:48+00:00,2025-11-25 18:24:03+00:00,1,,0,0,2025-11,2025
63190,pull_request,closed,2025-11-24 15:26:21+00:00,2025-11-25 18:25:35+00:00,1,Docs,0,1,2025-11,2025
63186,pull_request,closed,2025-11-24 09:00:53+00:00,2025-11-26 15:48:41+00:00,2,,0,1,2025-11,2025
63185,pull_request,closed,2025-11-24 08:05:20+00:00,2025-11-25 18:26:19+00:00,1,"CI,Dependencies",0,1,2025-11,2025
63184,pull_request,closed,2025-11-24 02:13:54+00:00,2026-04-20 16:17:03+00:00,147,Stale,0,0,2025-11,2025
63183,pull_request,closed,2025-11-24 01:30:25+00:00,2025-11-25 04:07:46+00:00,1,,0,1,2025-11,2025
63182,pull_request,closed,2025-11-23 22:36:06+00:00,2025-11-24 01:07:35+00:00,0,Typing,0,1,2025-11,2025
63181,pull_request,closed,2025-11-23 22:17:34+00:00,2025-11-25 18:31:59+00:00,1,Window,0,1,2025-11,2025
63179,pull_request,closed,2025-11-23 15:14:40+00:00,2025-12-30 19:56:19+00:00,37,Stale,0,0,2025-11,2025
63178,pull_request,closed,2025-11-23 15:13:32+00:00,2025-12-29 23:01:20+00:00,36,"Bug,Groupby,Missing-data,Filters",1,1,2025-11,2025
63177,pull_request,closed,2025-11-23 14:00:12+00:00,2025-11-23 17:19:28+00:00,0,Docs,0,1,2025-11,2025
63176,pull_request,closed,2025-11-23 01:30:29+00:00,2025-12-05 12:17:14+00:00,12,,0,0,2025-11,2025
63174,pull_request,closed,2025-11-22 23:19:10+00:00,2025-12-19 16:03:09+00:00,26,"Bug,Index,Copy / view semantics,setops",1,1,2025-11,2025
63173,pull_request,closed,2025-11-22 06:44:46+00:00,2025-11-26 13:18:48+00:00,4,,0,0,2025-11,2025
63172,pull_request,closed,2025-11-21 23:55:59+00:00,2025-11-25 18:33:57+00:00,3,"Groupby,Performance,Reduction Operations",0,1,2025-11,2025
63171,pull_request,closed,2025-11-21 23:29:33+00:00,2025-11-26 19:17:07+00:00,4,,0,0,2025-11,2025
63166,pull_request,closed,2025-11-21 04:24:59+00:00,2025-11-25 18:35:46+00:00,4,AI Slop,0,0,2025-11,2025
63165,pull_request,closed,2025-11-20 22:07:36+00:00,2025-12-18 22:54:00+00:00,28,,0,0,2025-11,2025
63164,pull_request,closed,2025-11-20 21:53:31+00:00,2025-11-25 18:37:24+00:00,4,Clean,0,1,2025-11,2025
63163,pull_request,closed,2025-11-20 18:37:30+00:00,2025-11-23 02:31:49+00:00,2,"Dtype Conversions,Needs Tests,combine/combine_first/update",0,1,2025-11,2025
63162,pull_request,closed,2025-11-20 17:12:11+00:00,2025-11-25 18:38:45+00:00,5,Typing,0,1,2025-11,2025
63158,pull_request,closed,2025-11-20 09:17:07+00:00,2025-12-04 17:16:22+00:00,14,Algos,0,1,2025-11,2025
63157,pull_request,closed,2025-11-20 01:30:33+00:00,2025-12-30 19:57:23+00:00,40,,0,0,2025-11,2025
63152,pull_request,closed,2025-11-19 13:17:42+00:00,2025-12-02 07:20:04+00:00,12,"Docs,Index",0,0,2025-11,2025
63151,pull_request,closed,2025-11-19 11:57:28+00:00,2025-11-25 18:45:24+00:00,6,Code Style,0,1,2025-11,2025
63150,pull_request,closed,2025-11-19 09:46:02+00:00,2025-11-25 18:47:50+00:00,6,,0,0,2025-11,2025
63149,pull_request,closed,2025-11-19 02:22:58+00:00,2025-11-22 16:09:54+00:00,3,,0,0,2025-11,2025
63148,pull_request,closed,2025-11-19 02:18:35+00:00,2025-11-20 19:48:59+00:00,1,"Bug,Groupby",1,1,2025-11,2025
63147,pull_request,closed,2025-11-18 22:18:22+00:00,2026-04-20 16:13:23+00:00,152,Stale,0,0,2025-11,2025
63146,pull_request,closed,2025-11-18 21:56:04+00:00,2025-11-29 02:53:11+00:00,10,"Datetime,Timedelta,API - Consistency",0,1,2025-11,2025
63145,pull_request,closed,2025-11-18 17:20:59+00:00,2025-11-25 18:50:03+00:00,7,,0,0,2025-11,2025
63143,pull_request,closed,2025-11-18 13:08:13+00:00,2025-12-01 19:14:20+00:00,13,Window,0,1,2025-11,2025
63142,pull_request,closed,2025-11-18 10:59:43+00:00,2026-02-02 06:41:06+00:00,75,Stale,0,0,2025-11,2025
63139,pull_request,closed,2025-11-17 22:56:10+00:00,2025-11-26 18:04:28+00:00,8,"Numeric Operations,Timedelta",0,1,2025-11,2025
63137,pull_request,closed,2025-11-17 17:54:56+00:00,2026-04-09 21:21:47+00:00,143,"Reshaping,Stale",0,0,2025-11,2025
63136,pull_request,closed,2025-11-17 10:12:28+00:00,2025-11-27 10:22:38+00:00,10,"Bug,Error Reporting,IO JSON",1,1,2025-11,2025
63135,pull_request,closed,2025-11-17 08:59:01+00:00,2025-11-18 13:57:57+00:00,1,Needs Tests,0,1,2025-11,2025
63134,pull_request,closed,2025-11-17 08:08:10+00:00,2026-01-12 17:28:14+00:00,56,"Build,CI,Dependencies",0,0,2025-11,2025
63133,pull_request,closed,2025-11-17 03:07:39+00:00,2025-12-28 13:42:30+00:00,41,"Reshaping,Stale",0,0,2025-11,2025
63132,pull_request,closed,2025-11-16 23:46:28+00:00,2025-11-25 19:00:18+00:00,8,"Groupby,Reduction Operations",0,1,2025-11,2025
63131,pull_request,closed,2025-11-16 21:15:10+00:00,2025-11-25 19:23:06+00:00,8,,0,0,2025-11,2025
63130,pull_request,closed,2025-11-16 16:10:48+00:00,2026-04-18 17:07:12+00:00,153,Testing,0,0,2025-11,2025
63129,pull_request,closed,2025-11-16 15:50:35+00:00,2025-11-24 01:11:26+00:00,7,"Bug,Build",1,1,2025-11,2025
63127,pull_request,closed,2025-11-16 14:05:36+00:00,2026-04-09 21:20:57+00:00,144,"Numeric Operations,Stale",0,0,2025-11,2025
63126,pull_request,closed,2025-11-16 13:09:56+00:00,2025-11-19 21:50:34+00:00,3,"Groupby,Apply,Needs Tests",0,1,2025-11,2025
63125,pull_request,closed,2025-11-15 20:36:15+00:00,2025-11-16 15:59:48+00:00,0,"IO JSON,Needs Tests",0,1,2025-11,2025
63124,pull_request,closed,2025-11-15 18:29:34+00:00,2026-02-05 22:09:07+00:00,82,Stale,0,0,2025-11,2025
63123,pull_request,closed,2025-11-15 15:56:19+00:00,2025-11-16 13:59:50+00:00,0,"Testing,Clean",0,1,2025-11,2025
63122,pull_request,closed,2025-11-15 14:54:11+00:00,2025-11-18 03:12:56+00:00,2,"Testing,Clean",0,1,2025-11,2025
63121,pull_request,closed,2025-11-15 12:57:07+00:00,2026-03-22 19:31:10+00:00,127,"Window,Stale,Reduction Operations,Numeric stability",0,0,2025-11,2025
63118,pull_request,closed,2025-11-15 02:05:27+00:00,2025-12-19 12:36:09+00:00,34,Stale,0,0,2025-11,2025
63117,pull_request,closed,2025-11-15 00:41:27+00:00,2026-05-16 03:18:36+00:00,182,"IO Excel,Stale",0,0,2025-11,2025
63115,pull_request,closed,2025-11-14 21:26:21+00:00,2025-12-30 19:58:27+00:00,45,Stale,0,0,2025-11,2025
63110,pull_request,closed,2025-11-14 07:36:12+00:00,2025-11-16 18:23:13+00:00,2,,0,1,2025-11,2025
63109,pull_request,closed,2025-11-13 17:46:57+00:00,2025-12-03 13:34:25+00:00,19,,0,0,2025-11,2025
63108,pull_request,closed,2025-11-13 17:23:21+00:00,2025-11-18 22:27:41+00:00,5,"Bug,Strings",1,1,2025-11,2025
63107,pull_request,closed,2025-11-13 16:52:07+00:00,2025-11-14 23:32:49+00:00,1,,0,1,2025-11,2025
63106,pull_request,closed,2025-11-13 15:41:09+00:00,2025-11-25 19:05:21+00:00,12,Testing,0,1,2025-11,2025
63104,pull_request,closed,2025-11-13 11:12:37+00:00,2025-12-14 17:52:23+00:00,31,"Docs,Strings",0,1,2025-11,2025
63103,pull_request,closed,2025-11-13 07:02:55+00:00,2026-03-22 18:51:59+00:00,129,Stale,0,0,2025-11,2025
63102,pull_request,closed,2025-11-13 06:30:31+00:00,2026-01-20 18:03:25+00:00,68,,0,0,2025-11,2025
63100,pull_request,closed,2025-11-12 22:12:38+00:00,2025-11-23 20:52:18+00:00,10,"Bug,Datetime,IO JSON",1,1,2025-11,2025
63098,pull_request,closed,2025-11-12 18:09:03+00:00,2025-11-25 19:19:30+00:00,13,AI Slop,0,0,2025-11,2025
63097,pull_request,closed,2025-11-12 14:37:38+00:00,2025-11-12 16:28:46+00:00,0,,0,0,2025-11,2025
63096,pull_request,closed,2025-11-12 13:40:58+00:00,2025-11-29 13:03:59+00:00,16,"Docs,Timestamp",0,1,2025-11,2025
63093,pull_request,closed,2025-11-12 09:10:51+00:00,2025-11-16 21:56:16+00:00,4,AI Slop,0,0,2025-11,2025
63091,pull_request,closed,2025-11-12 07:01:43+00:00,2025-11-25 19:20:38+00:00,13,,0,0,2025-11,2025
63090,pull_request,closed,2025-11-12 07:00:02+00:00,2026-03-28 19:57:09+00:00,136,Docs,0,0,2025-11,2025
63088,pull_request,closed,2025-11-12 02:33:54+00:00,2025-12-01 18:51:09+00:00,19,,0,0,2025-11,2025
63087,pull_request,closed,2025-11-12 01:35:41+00:00,2025-11-16 23:52:27+00:00,4,,0,0,2025-11,2025
63086,pull_request,closed,2025-11-12 00:46:42+00:00,2026-03-24 15:42:12+00:00,132,"Docs,Stale",0,0,2025-11,2025
63085,pull_request,closed,2025-11-12 00:24:19+00:00,2025-12-24 14:03:02+00:00,42,Stale,0,0,2025-11,2025
63083,pull_request,closed,2025-11-11 22:10:39+00:00,2025-11-16 13:58:26+00:00,4,,0,1,2025-11,2025
63082,pull_request,closed,2025-11-11 21:44:29+00:00,2026-03-06 21:11:11+00:00,114,"Docs,Stale",0,1,2025-11,2025
63081,pull_request,closed,2025-11-11 21:23:28+00:00,2025-11-25 19:37:43+00:00,13,,0,0,2025-11,2025
63080,pull_request,closed,2025-11-11 21:10:38+00:00,2025-11-25 19:37:56+00:00,13,AI Slop,0,0,2025-11,2025
63079,pull_request,closed,2025-11-11 20:16:42+00:00,2025-11-25 19:22:13+00:00,13,,0,0,2025-11,2025
63077,pull_request,closed,2025-11-11 14:35:51+00:00,2025-11-30 18:05:00+00:00,19,Docs,0,1,2025-11,2025
63076,pull_request,closed,2025-11-11 12:35:56+00:00,2025-11-11 13:55:26+00:00,0,,0,0,2025-11,2025
63075,pull_request,closed,2025-11-11 11:17:49+00:00,2025-11-11 17:59:56+00:00,0,Testing,0,1,2025-11,2025
63074,pull_request,closed,2025-11-11 09:35:03+00:00,2025-11-11 18:01:49+00:00,0,Clean,0,1,2025-11,2025
63073,pull_request,closed,2025-11-11 08:32:18+00:00,2025-11-11 08:45:49+00:00,0,,0,0,2025-11,2025
63072,pull_request,closed,2025-11-11 05:15:01+00:00,2025-11-11 18:04:17+00:00,0,Code Style,0,1,2025-11,2025
63070,pull_request,closed,2025-11-11 03:55:17+00:00,2025-11-13 12:04:11+00:00,2,,0,1,2025-11,2025
63069,pull_request,closed,2025-11-11 01:07:48+00:00,2025-12-02 17:48:28+00:00,21,Testing,0,0,2025-11,2025
63067,pull_request,closed,2025-11-10 21:32:29+00:00,2025-11-11 01:10:29+00:00,0,Performance,0,1,2025-11,2025
63066,pull_request,closed,2025-11-10 18:25:33+00:00,2025-11-25 19:22:39+00:00,15,"CI,32bit",0,1,2025-11,2025
63065,pull_request,closed,2025-11-10 17:47:33+00:00,2025-11-10 18:05:56+00:00,0,,0,0,2025-11,2025
63063,pull_request,closed,2025-11-10 17:04:23+00:00,2025-11-10 18:02:03+00:00,0,"Testing,Clean",0,1,2025-11,2025
63062,pull_request,closed,2025-11-10 15:47:15+00:00,2025-11-10 17:34:00+00:00,0,,0,0,2025-11,2025
63060,pull_request,closed,2025-11-10 12:47:59+00:00,2025-11-10 15:44:05+00:00,0,,0,0,2025-11,2025
63059,pull_request,closed,2025-11-10 11:15:43+00:00,2025-11-25 11:23:08+00:00,15,,0,0,2025-11,2025
63058,pull_request,closed,2025-11-10 09:38:23+00:00,2025-11-22 05:42:11+00:00,11,,0,0,2025-11,2025
63057,pull_request,closed,2025-11-10 00:46:28+00:00,2025-11-10 11:35:11+00:00,0,,0,0,2025-11,2025
63056,pull_request,closed,2025-11-09 23:16:37+00:00,2025-11-26 07:24:25+00:00,16,Clean,0,1,2025-11,2025
63055,pull_request,closed,2025-11-09 23:04:11+00:00,2025-11-10 18:00:28+00:00,0,Clean,0,1,2025-11,2025
63054,pull_request,closed,2025-11-09 08:02:57+00:00,2025-11-11 05:16:18+00:00,1,,0,0,2025-11,2025
63052,pull_request,closed,2025-11-09 03:35:00+00:00,2025-11-18 14:18:09+00:00,9,,0,1,2025-11,2025
63051,pull_request,closed,2025-11-09 02:47:11+00:00,2025-12-04 17:55:03+00:00,25,,0,0,2025-11,2025
63050,pull_request,closed,2025-11-09 02:03:47+00:00,2025-12-30 19:59:06+00:00,51,Stale,0,0,2025-11,2025
63048,pull_request,closed,2025-11-09 01:30:29+00:00,2025-11-10 18:12:54+00:00,1,Window,0,1,2025-11,2025
63047,pull_request,closed,2025-11-08 22:05:07+00:00,2025-11-10 18:21:05+00:00,1,Frequency,0,1,2025-11,2025
63046,pull_request,closed,2025-11-08 16:11:47+00:00,2025-11-23 13:53:17+00:00,14,Bug,1,1,2025-11,2025
63044,pull_request,closed,2025-11-08 09:09:47+00:00,2025-11-08 17:43:09+00:00,0,Error Reporting,0,1,2025-11,2025
63043,pull_request,closed,2025-11-08 07:41:49+00:00,2025-11-25 10:45:26+00:00,17,AI Slop,0,0,2025-11,2025
63042,pull_request,closed,2025-11-08 06:24:15+00:00,2025-11-08 15:19:01+00:00,0,Docs,0,1,2025-11,2025
63041,pull_request,closed,2025-11-08 02:49:08+00:00,2025-12-04 18:01:16+00:00,26,"Bug,IO Excel",1,0,2025-11,2025
63039,pull_request,closed,2025-11-08 01:41:10+00:00,2025-11-08 01:46:18+00:00,0,"Build,CI,Stale",0,1,2025-11,2025
63038,pull_request,closed,2025-11-07 22:14:06+00:00,2025-11-08 00:59:50+00:00,0,Refactor,0,1,2025-11,2025
63037,pull_request,closed,2025-11-07 22:08:55+00:00,2025-12-13 13:12:05+00:00,35,"IO Excel,Stale",0,0,2025-11,2025
63036,pull_request,closed,2025-11-07 19:06:46+00:00,2025-11-07 21:03:07+00:00,0,"Strings,Clean",0,1,2025-11,2025
63035,pull_request,closed,2025-11-07 18:48:59+00:00,2025-11-08 20:40:33+00:00,1,Docs,0,1,2025-11,2025
63034,pull_request,closed,2025-11-07 18:39:31+00:00,2025-11-07 19:43:34+00:00,0,,0,0,2025-11,2025
63033,pull_request,closed,2025-11-07 18:11:28+00:00,2025-11-07 19:43:03+00:00,0,Deprecate,0,1,2025-11,2025
63032,pull_request,closed,2025-11-07 18:08:42+00:00,2026-04-08 20:53:52+00:00,152,"Deprecate,Mothballed,Stale",0,0,2025-11,2025
63031,pull_request,closed,2025-11-07 18:03:45+00:00,2025-11-27 10:23:29+00:00,19,,0,0,2025-11,2025
63029,pull_request,closed,2025-11-07 16:11:20+00:00,2025-11-08 17:41:29+00:00,1,,0,0,2025-11,2025
63028,pull_request,closed,2025-11-07 15:37:13+00:00,2025-11-27 10:24:00+00:00,19,,0,0,2025-11,2025
63026,pull_request,closed,2025-11-07 14:43:44+00:00,2025-11-08 18:49:55+00:00,1,Docs,0,1,2025-11,2025
63025,pull_request,closed,2025-11-07 14:38:46+00:00,2025-11-08 17:40:06+00:00,1,Testing,0,1,2025-11,2025
63024,pull_request,closed,2025-11-07 14:00:27+00:00,2025-11-07 14:29:29+00:00,0,,0,0,2025-11,2025
63023,pull_request,closed,2025-11-07 13:50:28+00:00,2025-11-07 13:59:15+00:00,0,,0,0,2025-11,2025
63022,pull_request,closed,2025-11-07 13:27:30+00:00,2025-11-07 14:30:26+00:00,0,,0,0,2025-11,2025
63021,pull_request,closed,2025-11-07 12:17:08+00:00,2025-11-07 17:21:25+00:00,0,Docs,0,1,2025-11,2025
63020,pull_request,closed,2025-11-07 06:09:55+00:00,2026-03-07 18:55:47+00:00,120,"Needs Tests,Stale",0,0,2025-11,2025
63018,pull_request,closed,2025-11-07 01:54:50+00:00,2025-11-29 16:40:02+00:00,22,,0,1,2025-11,2025
63017,pull_request,closed,2025-11-06 22:49:35+00:00,2025-11-06 23:32:50+00:00,0,,0,0,2025-11,2025
63016,pull_request,closed,2025-11-06 22:22:37+00:00,2025-12-17 23:20:18+00:00,41,Enhancement,0,1,2025-11,2025
63015,pull_request,closed,2025-11-06 21:36:46+00:00,2025-11-06 23:01:04+00:00,0,"Refactor,Timedelta",0,1,2025-11,2025
63012,pull_request,closed,2025-11-06 17:09:02+00:00,2025-11-07 14:25:43+00:00,0,,0,0,2025-11,2025
63011,pull_request,closed,2025-11-06 17:02:10+00:00,2025-11-06 19:08:45+00:00,0,"Docs,Visualization",0,1,2025-11,2025
63009,pull_request,closed,2025-11-06 14:02:55+00:00,2025-11-06 16:25:19+00:00,0,Testing,0,1,2025-11,2025
63008,pull_request,closed,2025-11-06 11:28:51+00:00,2025-11-06 16:32:40+00:00,0,,0,0,2025-11,2025
63006,pull_request,closed,2025-11-06 08:57:36+00:00,2025-11-06 11:38:31+00:00,0,,0,0,2025-11,2025
63005,pull_request,closed,2025-11-06 04:17:04+00:00,2025-11-06 18:53:28+00:00,0,Code Style,0,1,2025-11,2025
63004,pull_request,closed,2025-11-06 03:43:07+00:00,2025-11-06 13:54:54+00:00,0,,0,0,2025-11,2025
63003,pull_request,closed,2025-11-06 01:45:02+00:00,2025-11-06 16:36:27+00:00,0,Testing,0,1,2025-11,2025
63002,pull_request,closed,2025-11-05 22:51:18+00:00,2025-11-06 00:04:39+00:00,0,"Indexing,Nested Data",0,1,2025-11,2025
63001,pull_request,closed,2025-11-05 20:01:19+00:00,2025-11-05 21:36:32+00:00,0,Docs,0,1,2025-11,2025
63000,pull_request,closed,2025-11-05 17:35:53+00:00,2025-11-06 16:46:51+00:00,0,"Docs,AI Slop",0,1,2025-11,2025
62999,pull_request,closed,2025-11-05 17:14:58+00:00,2025-11-14 17:40:15+00:00,9,,0,1,2025-11,2025
62997,pull_request,closed,2025-11-05 11:45:45+00:00,2025-11-05 18:13:31+00:00,0,Code Style,0,1,2025-11,2025
62996,pull_request,closed,2025-11-05 11:19:25+00:00,2025-11-05 18:12:20+00:00,0,Code Style,0,1,2025-11,2025
62994,pull_request,closed,2025-11-05 08:45:57+00:00,2025-11-19 01:22:07+00:00,13,"Enhancement,IO Excel",0,1,2025-11,2025
62993,pull_request,closed,2025-11-05 06:22:20+00:00,2025-11-10 18:05:47+00:00,5,,0,0,2025-11,2025
62992,pull_request,closed,2025-11-05 04:24:38+00:00,2026-04-29 17:42:00+00:00,175,Visualization,0,0,2025-11,2025
62991,pull_request,closed,2025-11-05 03:08:54+00:00,2026-03-26 00:05:17+00:00,140,"Indexing,Deprecate",0,0,2025-11,2025
62989,pull_request,closed,2025-11-04 23:04:01+00:00,2025-11-06 17:10:44+00:00,1,"Timedelta,Deprecate",0,1,2025-11,2025
62988,pull_request,closed,2025-11-04 22:44:33+00:00,2025-12-31 17:46:51+00:00,56,"Docs,CI",0,1,2025-11,2025
62987,pull_request,closed,2025-11-04 20:57:42+00:00,2025-11-05 00:20:34+00:00,0,Clean,0,1,2025-11,2025
62986,pull_request,closed,2025-11-04 20:22:36+00:00,2025-11-04 22:08:30+00:00,0,"Numeric Operations,NA - MaskedArrays",0,1,2025-11,2025
62985,pull_request,closed,2025-11-04 18:48:48+00:00,2025-11-04 20:10:02+00:00,0,CI,0,1,2025-11,2025
62984,pull_request,closed,2025-11-04 17:18:33+00:00,2025-11-05 18:10:16+00:00,1,Code Style,0,1,2025-11,2025
62983,pull_request,closed,2025-11-04 16:54:08+00:00,2025-11-04 17:46:39+00:00,0,Code Style,0,1,2025-11,2025
62982,pull_request,closed,2025-11-04 16:27:26+00:00,2025-11-04 17:45:39+00:00,0,Code Style,0,1,2025-11,2025
62978,pull_request,closed,2025-11-04 12:19:57+00:00,2025-11-04 15:51:14+00:00,0,,0,1,2025-11,2025
62977,pull_request,closed,2025-11-04 11:21:24+00:00,2025-11-04 16:59:21+00:00,0,AI Slop,0,0,2025-11,2025
62976,pull_request,closed,2025-11-04 10:46:33+00:00,2025-11-04 16:07:20+00:00,0,AI Slop,0,0,2025-11,2025
62975,pull_request,closed,2025-11-04 00:41:08+00:00,2026-03-10 20:46:51+00:00,126,Stale,0,0,2025-11,2025
62973,pull_request,closed,2025-11-03 19:38:04+00:00,2025-12-18 19:52:52+00:00,45,"Refactor,Stale",0,0,2025-11,2025
62972,pull_request,closed,2025-11-03 19:33:30+00:00,2025-11-04 15:56:25+00:00,0,Clean,0,1,2025-11,2025
62971,pull_request,closed,2025-11-03 19:29:41+00:00,2025-11-04 15:57:44+00:00,0,Bug,1,1,2025-11,2025
62970,pull_request,closed,2025-11-03 17:48:08+00:00,2025-11-06 21:35:14+00:00,3,Testing,0,1,2025-11,2025
62969,pull_request,closed,2025-11-03 17:45:05+00:00,2025-11-05 21:19:45+00:00,2,Clean,0,1,2025-11,2025
62968,pull_request,closed,2025-11-03 17:39:54+00:00,2025-11-05 22:30:02+00:00,2,Testing,0,1,2025-11,2025
62967,pull_request,closed,2025-11-03 16:30:38+00:00,2025-11-03 17:30:09+00:00,0,Code Style,0,1,2025-11,2025
62965,pull_request,closed,2025-11-03 14:47:17+00:00,2026-03-03 16:00:17+00:00,120,,0,0,2025-11,2025
62964,pull_request,closed,2025-11-03 03:05:28+00:00,2026-04-16 19:42:24+00:00,164,Stale,0,0,2025-11,2025
62962,pull_request,closed,2025-11-02 18:11:31+00:00,2025-11-06 17:13:08+00:00,3,"Docs,Reshaping",0,1,2025-11,2025
62960,pull_request,closed,2025-11-02 17:43:56+00:00,2025-11-18 03:10:36+00:00,15,"Bug,Dtype Conversions,Complex",1,1,2025-11,2025
62959,pull_request,closed,2025-11-02 12:03:50+00:00,2025-11-03 17:01:35+00:00,1,AI Slop,0,0,2025-11,2025
62958,pull_request,closed,2025-11-02 11:08:17+00:00,2025-12-04 18:02:37+00:00,32,Stale,0,0,2025-11,2025
62957,pull_request,closed,2025-11-02 02:50:45+00:00,2025-11-03 01:45:11+00:00,0,,0,0,2025-11,2025
62956,pull_request,closed,2025-11-02 02:01:10+00:00,2026-03-07 18:50:53+00:00,125,,0,0,2025-11,2025
62955,pull_request,closed,2025-11-01 22:56:25+00:00,2025-11-03 16:35:42+00:00,1,"Resample,Non-Nano",0,1,2025-11,2025
62954,pull_request,closed,2025-11-01 17:36:23+00:00,2025-11-04 20:03:52+00:00,3,"Bug,Reshaping,Sorting",1,1,2025-11,2025
62953,pull_request,closed,2025-11-01 15:15:53+00:00,2025-11-01 23:12:32+00:00,0,Testing,0,1,2025-11,2025
62951,pull_request,closed,2025-11-01 14:58:25+00:00,2025-11-01 16:10:06+00:00,0,Docs,0,1,2025-11,2025
62950,pull_request,closed,2025-11-01 13:57:46+00:00,2025-11-02 05:32:03+00:00,0,,0,0,2025-11,2025
62948,pull_request,closed,2025-11-01 10:08:33+00:00,2025-11-04 19:35:07+00:00,3,,0,1,2025-11,2025
62947,pull_request,closed,2025-11-01 05:06:18+00:00,2025-11-10 18:05:01+00:00,9,,0,0,2025-11,2025
62945,pull_request,closed,2025-10-31 21:23:42+00:00,2025-11-04 17:13:35+00:00,3,Deprecate,0,1,2025-10,2025
62944,pull_request,closed,2025-10-31 21:08:28+00:00,2026-02-19 22:07:24+00:00,111,Stale,0,0,2025-10,2025
62943,pull_request,closed,2025-10-31 21:06:09+00:00,2025-10-31 22:16:23+00:00,0,"Datetime,Indexing",0,1,2025-10,2025
62942,pull_request,closed,2025-10-31 18:39:04+00:00,2025-10-31 20:27:36+00:00,0,"Frequency,Arrow",0,1,2025-10,2025
62941,pull_request,closed,2025-10-31 18:00:28+00:00,2025-10-31 20:26:49+00:00,0,combine/combine_first/update,0,1,2025-10,2025
62939,pull_request,closed,2025-10-31 17:08:02+00:00,2025-11-04 21:52:26+00:00,4,Docs,0,1,2025-10,2025
62935,pull_request,closed,2025-10-31 07:37:20+00:00,2025-10-31 16:49:13+00:00,0,Docs,0,1,2025-10,2025
62934,pull_request,closed,2025-10-31 04:22:19+00:00,2025-11-07 17:23:31+00:00,7,Testing,0,1,2025-10,2025
62933,pull_request,closed,2025-10-31 01:41:08+00:00,2025-10-31 16:53:17+00:00,0,Docs,0,1,2025-10,2025
62932,pull_request,closed,2025-10-31 01:11:33+00:00,2025-10-31 16:54:14+00:00,0,combine/combine_first/update,0,1,2025-10,2025
62931,pull_request,closed,2025-10-31 01:01:59+00:00,2025-10-31 16:55:49+00:00,0,"Deprecate,combine/combine_first/update",0,1,2025-10,2025
62929,pull_request,closed,2025-10-31 00:08:40+00:00,2025-11-02 03:00:17+00:00,2,"Docs,Styler",0,0,2025-10,2025
62928,pull_request,closed,2025-10-30 23:54:26+00:00,2025-11-27 11:06:01+00:00,27,,0,0,2025-10,2025
62927,pull_request,closed,2025-10-30 22:12:14+00:00,2025-10-31 16:56:29+00:00,0,Docs,0,0,2025-10,2025
62925,pull_request,closed,2025-10-30 21:23:16+00:00,2026-03-07 20:24:31+00:00,127,"Stale,Reduction Operations",0,0,2025-10,2025
62924,pull_request,closed,2025-10-30 21:20:46+00:00,2025-11-06 17:01:57+00:00,6,"Docs,IO Parquet",0,1,2025-10,2025
62921,pull_request,closed,2025-10-30 19:06:40+00:00,2025-11-03 22:12:12+00:00,4,Docs,0,1,2025-10,2025
62920,pull_request,closed,2025-10-30 18:58:36+00:00,2025-11-03 17:05:43+00:00,3,Deprecate,0,1,2025-10,2025
62917,pull_request,closed,2025-10-30 15:02:05+00:00,2025-11-30 18:07:41+00:00,31,Stale,0,0,2025-10,2025
62916,pull_request,closed,2025-10-30 11:26:43+00:00,2025-10-30 16:00:35+00:00,0,Testing,0,1,2025-10,2025
62914,pull_request,closed,2025-10-30 02:19:11+00:00,2025-12-01 19:09:51+00:00,32,Stale,0,0,2025-10,2025
62912,pull_request,closed,2025-10-29 22:46:08+00:00,2026-04-01 01:36:02+00:00,153,,0,0,2025-10,2025
62910,pull_request,closed,2025-10-29 21:07:54+00:00,2025-10-29 23:05:34+00:00,0,Frequency,0,1,2025-10,2025
62909,pull_request,closed,2025-10-29 19:18:24+00:00,2025-11-07 17:25:00+00:00,8,Build,0,0,2025-10,2025
62908,pull_request,closed,2025-10-29 18:28:54+00:00,2025-10-29 23:03:29+00:00,0,"Arrow,ufuncs",0,1,2025-10,2025
62907,pull_request,closed,2025-10-29 18:16:28+00:00,2025-10-29 19:24:37+00:00,0,Testing,0,1,2025-10,2025
62906,pull_request,closed,2025-10-29 17:55:33+00:00,2025-10-29 18:39:13+00:00,0,Series,0,1,2025-10,2025
62905,pull_request,closed,2025-10-29 09:30:25+00:00,2025-10-29 18:36:02+00:00,0,Code Style,0,1,2025-10,2025
62904,pull_request,closed,2025-10-29 02:29:12+00:00,2025-10-29 17:12:06+00:00,0,Docs,0,1,2025-10,2025
62902,pull_request,closed,2025-10-28 23:45:16+00:00,2025-10-29 00:42:18+00:00,0,"Performance,Reshaping",0,1,2025-10,2025
62901,pull_request,closed,2025-10-28 20:25:44+00:00,2025-10-29 18:37:24+00:00,0,Docs,0,1,2025-10,2025
62900,pull_request,closed,2025-10-28 18:05:59+00:00,2025-10-28 19:07:52+00:00,0,,0,0,2025-10,2025
62896,pull_request,closed,2025-10-28 13:19:46+00:00,2025-10-28 17:10:39+00:00,0,Testing,0,1,2025-10,2025
62895,pull_request,closed,2025-10-28 11:06:50+00:00,2025-10-30 15:49:32+00:00,2,Testing,0,1,2025-10,2025
62894,pull_request,closed,2025-10-28 10:10:07+00:00,2025-10-28 10:11:33+00:00,0,,0,0,2025-10,2025
62893,pull_request,closed,2025-10-28 06:08:31+00:00,2025-12-13 13:11:05+00:00,46,"Bug,IO Data,Stale",1,0,2025-10,2025
62891,pull_request,closed,2025-10-28 02:24:15+00:00,2025-10-28 17:17:35+00:00,0,Docs,0,1,2025-10,2025
62890,pull_request,closed,2025-10-28 02:10:29+00:00,2025-11-04 12:51:44+00:00,7,"Docs,NA - MaskedArrays",0,1,2025-10,2025
62889,pull_request,closed,2025-10-27 23:41:18+00:00,2025-10-28 17:19:43+00:00,0,"Reshaping,Dtype Conversions",0,1,2025-10,2025
62887,pull_request,closed,2025-10-27 23:18:33+00:00,2025-10-27 23:19:15+00:00,0,,0,0,2025-10,2025
62886,pull_request,closed,2025-10-27 21:25:19+00:00,2025-10-28 23:30:54+00:00,1,"Visualization,Performance",0,1,2025-10,2025
62885,pull_request,closed,2025-10-27 21:21:57+00:00,2025-10-28 23:32:20+00:00,1,Testing,0,1,2025-10,2025
62884,pull_request,closed,2025-10-27 20:50:49+00:00,2025-11-25 04:08:09+00:00,28,,0,1,2025-10,2025
62882,pull_request,closed,2025-10-27 20:12:16+00:00,2025-11-11 22:59:48+00:00,15,Docs,0,0,2025-10,2025
62879,pull_request,closed,2025-10-27 11:08:03+00:00,2025-10-28 01:53:49+00:00,0,,0,0,2025-10,2025
62877,pull_request,closed,2025-10-27 08:39:30+00:00,2025-10-27 17:09:51+00:00,0,"CI,Dependencies",0,1,2025-10,2025
62876,pull_request,closed,2025-10-27 08:17:43+00:00,2025-10-27 17:09:33+00:00,0,"CI,Dependencies",0,1,2025-10,2025
62875,pull_request,closed,2025-10-27 03:49:34+00:00,2025-10-27 17:28:37+00:00,0,Docs,0,1,2025-10,2025
62874,pull_request,closed,2025-10-27 00:27:06+00:00,2025-10-27 17:31:50+00:00,0,Docs,0,1,2025-10,2025
62873,pull_request,closed,2025-10-26 22:44:53+00:00,2025-11-03 15:42:17+00:00,7,Frequency,0,1,2025-10,2025
62872,pull_request,closed,2025-10-26 22:30:58+00:00,2025-10-27 17:36:40+00:00,0,"Strings,Arrow",0,1,2025-10,2025
62871,pull_request,closed,2025-10-26 21:48:35+00:00,2026-03-14 16:55:52+00:00,138,"Dtype Conversions,Deprecate",0,1,2025-10,2025
62869,pull_request,closed,2025-10-26 19:09:07+00:00,2025-10-27 17:38:36+00:00,0,Testing,0,1,2025-10,2025
62868,pull_request,closed,2025-10-26 18:42:21+00:00,2025-10-29 16:50:56+00:00,2,Testing,0,1,2025-10,2025
62867,pull_request,closed,2025-10-26 18:40:11+00:00,2025-10-30 19:50:41+00:00,4,,0,0,2025-10,2025
62866,pull_request,closed,2025-10-26 18:37:08+00:00,2025-10-27 17:44:21+00:00,0,Clean,0,1,2025-10,2025
62865,pull_request,closed,2025-10-26 18:26:04+00:00,2025-10-30 19:49:25+00:00,4,,0,0,2025-10,2025
62863,pull_request,closed,2025-10-26 17:14:45+00:00,2025-11-06 00:06:17+00:00,10,"Window,Reduction Operations",0,1,2025-10,2025
62862,pull_request,closed,2025-10-26 16:20:19+00:00,2025-10-30 19:48:48+00:00,4,,0,0,2025-10,2025
62861,pull_request,closed,2025-10-26 16:14:26+00:00,2025-11-02 14:28:44+00:00,6,,0,0,2025-10,2025
62860,pull_request,closed,2025-10-26 06:37:34+00:00,2025-12-01 19:25:11+00:00,36,,0,0,2025-10,2025
62859,pull_request,closed,2025-10-26 06:25:25+00:00,2025-11-07 17:53:30+00:00,12,Docs,0,1,2025-10,2025
62858,pull_request,closed,2025-10-26 05:38:34+00:00,2025-12-04 18:53:53+00:00,39,,0,0,2025-10,2025
62857,pull_request,closed,2025-10-26 05:20:17+00:00,2025-10-27 20:25:04+00:00,1,Testing,0,1,2025-10,2025
62856,pull_request,closed,2025-10-26 04:45:12+00:00,2025-10-27 20:27:28+00:00,1,Testing,0,1,2025-10,2025
62855,pull_request,closed,2025-10-26 04:24:33+00:00,2025-11-04 13:00:30+00:00,9,"Bug,IO CSV",1,1,2025-10,2025
62854,pull_request,closed,2025-10-26 04:04:18+00:00,2025-10-27 20:31:56+00:00,1,Testing,0,1,2025-10,2025
62853,pull_request,closed,2025-10-26 03:34:56+00:00,2025-11-02 12:44:52+00:00,7,"Docs,Groupby",0,1,2025-10,2025
62852,pull_request,closed,2025-10-26 02:22:43+00:00,2025-10-29 17:01:07+00:00,3,Code Style,0,1,2025-10,2025
62851,pull_request,closed,2025-10-25 23:41:55+00:00,2025-11-25 19:38:52+00:00,30,Stale,0,0,2025-10,2025
62850,pull_request,closed,2025-10-25 21:57:18+00:00,2025-10-27 20:49:15+00:00,1,"Frequency,Conditionals",0,1,2025-10,2025
62848,pull_request,closed,2025-10-25 21:51:48+00:00,2025-11-04 18:03:18+00:00,9,"Error Reporting,IO JSON",0,1,2025-10,2025
62847,pull_request,closed,2025-10-25 21:28:05+00:00,2025-10-27 22:47:49+00:00,2,"Missing-data,Deprecate",0,1,2025-10,2025
62845,pull_request,closed,2025-10-25 21:11:46+00:00,2025-10-27 20:40:42+00:00,1,Docs,0,1,2025-10,2025
62844,pull_request,closed,2025-10-25 21:11:31+00:00,2025-10-27 20:42:36+00:00,1,"Datetime,Warnings",0,1,2025-10,2025
62843,pull_request,closed,2025-10-25 20:45:04+00:00,2025-11-05 18:31:51+00:00,10,"Bug,Reshaping,Deprecate",1,1,2025-10,2025
62842,pull_request,closed,2025-10-25 20:43:06+00:00,2025-10-27 20:27:37+00:00,1,"Bug,Groupby,Error Reporting",1,1,2025-10,2025
62841,pull_request,closed,2025-10-25 18:24:47+00:00,2025-10-27 20:50:42+00:00,2,Warnings,0,1,2025-10,2025
62839,pull_request,closed,2025-10-25 13:13:09+00:00,2025-10-25 17:37:44+00:00,0,"Performance,Index",0,1,2025-10,2025
62837,pull_request,closed,2025-10-25 12:04:12+00:00,2025-10-25 17:40:51+00:00,0,"Reshaping,Error Reporting",0,1,2025-10,2025
62836,pull_request,closed,2025-10-25 09:33:04+00:00,2025-10-25 17:44:19+00:00,0,,0,0,2025-10,2025
62835,pull_request,closed,2025-10-25 09:18:53+00:00,2025-10-25 09:31:24+00:00,0,,0,0,2025-10,2025
62834,pull_request,closed,2025-10-25 09:10:27+00:00,2025-10-25 17:46:11+00:00,0,Docs,0,1,2025-10,2025
62832,pull_request,closed,2025-10-25 07:03:57+00:00,2025-10-27 20:51:57+00:00,2,Bug,1,1,2025-10,2025
62831,pull_request,closed,2025-10-25 06:18:33+00:00,2025-10-25 13:23:06+00:00,0,,0,0,2025-10,2025
62830,pull_request,closed,2025-10-25 03:40:39+00:00,2025-12-01 19:11:01+00:00,37,Stale,0,0,2025-10,2025
62828,pull_request,closed,2025-10-25 01:34:18+00:00,2025-10-25 17:53:55+00:00,0,"Docs,IO HTML",0,1,2025-10,2025
62827,pull_request,closed,2025-10-25 00:50:46+00:00,2025-10-26 06:46:42+00:00,1,,0,0,2025-10,2025
62825,pull_request,closed,2025-10-24 20:51:38+00:00,2025-10-24 23:32:11+00:00,0,Interval,0,1,2025-10,2025
62824,pull_request,closed,2025-10-24 20:43:43+00:00,2025-10-24 21:09:06+00:00,0,Docs,0,1,2025-10,2025
62823,pull_request,closed,2025-10-24 18:09:36+00:00,2026-03-19 22:57:06+00:00,146,Internals,0,0,2025-10,2025
62822,pull_request,closed,2025-10-24 17:54:32+00:00,2025-10-27 20:52:15+00:00,3,CI,0,0,2025-10,2025
62821,pull_request,closed,2025-10-24 17:34:37+00:00,2025-10-24 23:52:45+00:00,0,Docs,0,1,2025-10,2025
62819,pull_request,closed,2025-10-24 13:20:09+00:00,2025-12-01 19:09:27+00:00,38,Stale,0,0,2025-10,2025
62818,pull_request,closed,2025-10-24 13:07:11+00:00,2025-10-24 17:28:45+00:00,0,,0,0,2025-10,2025
62817,pull_request,closed,2025-10-24 07:20:21+00:00,2025-10-24 17:29:54+00:00,0,,0,0,2025-10,2025
62815,pull_request,closed,2025-10-24 04:21:15+00:00,2025-10-24 17:32:48+00:00,0,,0,0,2025-10,2025
62814,pull_request,closed,2025-10-24 02:09:26+00:00,2025-10-24 21:03:46+00:00,0,"Bug,combine/combine_first/update",1,1,2025-10,2025
62813,pull_request,closed,2025-10-24 00:55:13+00:00,2025-10-27 20:56:19+00:00,3,"Enhancement,Dtype Conversions",0,1,2025-10,2025
62812,pull_request,closed,2025-10-24 00:55:10+00:00,2025-11-01 20:37:38+00:00,8,"Reshaping,Needs Tests",0,1,2025-10,2025
62811,pull_request,closed,2025-10-23 20:49:58+00:00,2025-11-10 18:15:38+00:00,17,Docs,0,1,2025-10,2025
62809,pull_request,closed,2025-10-23 16:34:10+00:00,2025-10-23 17:46:50+00:00,0,Docs,0,1,2025-10,2025
62808,pull_request,closed,2025-10-23 12:36:18+00:00,2025-10-23 15:52:10+00:00,0,,0,0,2025-10,2025
62806,pull_request,closed,2025-10-23 07:56:50+00:00,2025-10-23 15:56:03+00:00,0,,0,0,2025-10,2025
62805,pull_request,closed,2025-10-23 07:55:51+00:00,2025-10-23 16:01:53+00:00,0,Testing,0,1,2025-10,2025
62804,pull_request,closed,2025-10-23 07:27:56+00:00,2025-10-23 07:32:08+00:00,0,,0,0,2025-10,2025
62803,pull_request,closed,2025-10-23 03:20:20+00:00,2025-12-11 02:14:35+00:00,48,Stale,0,0,2025-10,2025
62801,pull_request,closed,2025-10-22 22:09:20+00:00,2025-11-19 01:25:38+00:00,27,"Datetime,Non-Nano,Timestamp",0,1,2025-10,2025
62799,pull_request,closed,2025-10-22 20:02:26+00:00,2025-11-17 15:48:44+00:00,25,,0,0,2025-10,2025
62798,pull_request,closed,2025-10-22 19:14:16+00:00,2025-10-23 17:46:04+00:00,0,Docs,0,1,2025-10,2025
62797,pull_request,closed,2025-10-22 18:28:33+00:00,2025-11-30 18:08:12+00:00,38,"Error Reporting,Stale",0,0,2025-10,2025
62795,pull_request,closed,2025-10-22 16:41:04+00:00,2025-10-22 16:48:57+00:00,0,,0,0,2025-10,2025
62794,pull_request,closed,2025-10-22 16:31:15+00:00,2025-12-01 19:18:21+00:00,40,Testing,0,1,2025-10,2025
62793,pull_request,closed,2025-10-22 14:49:12+00:00,2025-10-22 15:52:55+00:00,0,Code Style,0,1,2025-10,2025
62791,pull_request,closed,2025-10-22 14:13:12+00:00,2025-11-25 18:46:31+00:00,34,Stale,0,0,2025-10,2025
62790,pull_request,closed,2025-10-22 13:28:41+00:00,2025-10-22 15:58:00+00:00,0,,0,0,2025-10,2025
62789,pull_request,closed,2025-10-22 12:59:58+00:00,2025-10-22 15:59:55+00:00,0,,0,0,2025-10,2025
62788,pull_request,closed,2025-10-22 11:20:47+00:00,2025-10-22 15:58:23+00:00,0,,0,0,2025-10,2025
62786,pull_request,closed,2025-10-22 09:56:58+00:00,2025-10-22 11:38:26+00:00,0,,0,0,2025-10,2025
62785,pull_request,closed,2025-10-22 09:52:08+00:00,2025-10-22 15:58:40+00:00,0,,0,0,2025-10,2025
62784,pull_request,closed,2025-10-22 07:57:33+00:00,2025-10-23 16:02:59+00:00,1,Docs,0,1,2025-10,2025
62783,pull_request,closed,2025-10-22 07:31:35+00:00,2025-10-22 07:34:22+00:00,0,,0,0,2025-10,2025
62782,pull_request,closed,2025-10-22 06:57:28+00:00,2025-10-22 07:11:52+00:00,0,,0,0,2025-10,2025
62781,pull_request,closed,2025-10-22 03:50:58+00:00,2025-10-23 17:08:06+00:00,1,,0,0,2025-10,2025
62780,pull_request,closed,2025-10-22 03:49:04+00:00,2025-10-22 16:18:18+00:00,0,Docs,0,1,2025-10,2025
62779,pull_request,closed,2025-10-22 01:46:45+00:00,2025-10-22 02:51:39+00:00,0,,0,0,2025-10,2025
62776,pull_request,closed,2025-10-21 18:28:42+00:00,2025-11-26 07:06:29+00:00,35,Stale,0,0,2025-10,2025
62774,pull_request,closed,2025-10-21 17:07:20+00:00,2025-10-22 16:20:04+00:00,0,"Build,CI",0,1,2025-10,2025
62773,pull_request,closed,2025-10-21 16:06:59+00:00,2025-11-25 19:39:41+00:00,35,Stale,0,0,2025-10,2025
62772,pull_request,closed,2025-10-21 02:52:53+00:00,2025-12-04 18:52:58+00:00,44,Docs,0,1,2025-10,2025
62770,pull_request,closed,2025-10-21 00:47:18+00:00,2026-04-09 21:19:53+00:00,170,"Docs,Stale",0,0,2025-10,2025
62767,pull_request,closed,2025-10-20 20:55:07+00:00,2025-10-20 22:24:31+00:00,0,Window,0,1,2025-10,2025
62765,pull_request,closed,2025-10-20 18:41:16+00:00,2025-10-20 20:54:09+00:00,0,,0,1,2025-10,2025
62764,pull_request,closed,2025-10-20 08:17:55+00:00,2025-10-20 16:33:22+00:00,0,"CI,Dependencies",0,1,2025-10,2025
62763,pull_request,closed,2025-10-19 23:37:46+00:00,2025-11-04 17:11:47+00:00,15,"Frequency,Resample",0,1,2025-10,2025
62762,pull_request,closed,2025-10-19 21:45:25+00:00,2025-11-16 18:33:11+00:00,27,,0,0,2025-10,2025
62761,pull_request,closed,2025-10-19 21:39:26+00:00,2025-10-19 21:43:38+00:00,0,,0,0,2025-10,2025
62760,pull_request,closed,2025-10-19 20:37:51+00:00,2025-12-01 19:06:11+00:00,42,Stale,0,0,2025-10,2025
62759,pull_request,closed,2025-10-19 20:23:01+00:00,2025-10-19 21:17:41+00:00,0,Docs,0,1,2025-10,2025
62758,pull_request,closed,2025-10-19 20:04:22+00:00,2025-10-22 07:38:07+00:00,2,Docs,0,1,2025-10,2025
62757,pull_request,closed,2025-10-19 19:24:27+00:00,2025-10-24 17:13:24+00:00,4,"Dtype Conversions,Strings,Categorical",0,1,2025-10,2025
62756,pull_request,closed,2025-10-19 19:12:46+00:00,2025-10-20 17:31:18+00:00,0,"Missing-data,Strings",0,1,2025-10,2025
62755,pull_request,closed,2025-10-19 17:09:59+00:00,2025-10-30 22:38:55+00:00,11,,0,0,2025-10,2025
62754,pull_request,closed,2025-10-19 16:25:22+00:00,2025-12-01 19:15:50+00:00,43,Stale,0,0,2025-10,2025
62753,pull_request,closed,2025-10-19 13:40:53+00:00,2025-10-27 20:51:12+00:00,8,"Docs,Reshaping",0,1,2025-10,2025
62752,pull_request,closed,2025-10-19 12:38:34+00:00,2025-10-25 19:20:02+00:00,6,"Datetime,Reshaping",0,0,2025-10,2025
62751,pull_request,closed,2025-10-19 11:10:05+00:00,2025-10-22 17:55:57+00:00,3,Error Reporting,0,1,2025-10,2025
62750,pull_request,closed,2025-10-19 08:25:41+00:00,2025-10-25 20:58:29+00:00,6,,0,0,2025-10,2025
62749,pull_request,closed,2025-10-19 06:51:22+00:00,2025-10-19 07:48:08+00:00,0,,0,0,2025-10,2025
62748,pull_request,closed,2025-10-19 06:36:30+00:00,2025-10-28 07:23:50+00:00,9,,0,0,2025-10,2025
62747,pull_request,closed,2025-10-19 05:32:38+00:00,2025-10-19 05:37:02+00:00,0,,0,0,2025-10,2025
62746,pull_request,closed,2025-10-19 05:30:58+00:00,2025-10-20 17:46:06+00:00,1,,0,0,2025-10,2025
62745,pull_request,closed,2025-10-19 05:17:12+00:00,2025-10-20 17:45:19+00:00,1,,0,0,2025-10,2025
62744,pull_request,closed,2025-10-19 04:35:48+00:00,2025-10-19 04:49:38+00:00,0,,0,0,2025-10,2025
62743,pull_request,closed,2025-10-19 04:31:09+00:00,2025-10-19 04:49:15+00:00,0,,0,0,2025-10,2025
62741,pull_request,closed,2025-10-18 22:39:56+00:00,2025-10-21 19:51:42+00:00,2,IO CSV,0,1,2025-10,2025
62738,pull_request,closed,2025-10-18 16:05:38+00:00,2025-10-18 18:04:44+00:00,0,MultiIndex,0,1,2025-10,2025
62737,pull_request,closed,2025-10-18 15:55:57+00:00,2025-10-18 18:05:29+00:00,0,Typing,0,1,2025-10,2025
62735,pull_request,closed,2025-10-18 13:08:32+00:00,2025-10-18 18:06:15+00:00,0,Docs,0,1,2025-10,2025
62734,pull_request,closed,2025-10-18 11:21:32+00:00,2025-10-18 18:08:23+00:00,0,,0,0,2025-10,2025
62732,pull_request,closed,2025-10-18 07:04:18+00:00,2025-10-18 18:07:56+00:00,0,,0,0,2025-10,2025
62731,pull_request,closed,2025-10-18 05:34:04+00:00,2025-10-18 18:09:22+00:00,0,,0,0,2025-10,2025
62730,pull_request,closed,2025-10-18 05:20:03+00:00,2025-10-18 20:48:58+00:00,0,,0,0,2025-10,2025
62729,pull_request,closed,2025-10-18 02:17:31+00:00,2025-11-04 12:49:20+00:00,17,"Enhancement,Groupby,Apply",0,1,2025-10,2025
62728,pull_request,closed,2025-10-18 00:45:12+00:00,2025-10-18 18:10:01+00:00,0,Docs,0,1,2025-10,2025
62727,pull_request,closed,2025-10-18 00:08:23+00:00,2025-10-19 19:06:00+00:00,1,Docs,0,1,2025-10,2025
62726,pull_request,closed,2025-10-17 20:46:18+00:00,2025-10-17 22:52:43+00:00,0,Bug,1,1,2025-10,2025
62722,pull_request,closed,2025-10-17 04:11:30+00:00,2025-10-17 04:45:41+00:00,0,,0,0,2025-10,2025
62721,pull_request,closed,2025-10-16 22:57:36+00:00,2025-10-17 16:33:43+00:00,0,Testing,0,1,2025-10,2025
62720,pull_request,closed,2025-10-16 21:15:09+00:00,2025-10-17 16:14:27+00:00,0,,0,1,2025-10,2025
62718,pull_request,closed,2025-10-16 20:26:48+00:00,2025-10-19 20:10:39+00:00,2,Deprecate,0,1,2025-10,2025
62715,pull_request,closed,2025-10-16 17:36:01+00:00,2025-10-16 20:53:08+00:00,0,Clean,0,1,2025-10,2025
62714,pull_request,closed,2025-10-16 16:52:41+00:00,2025-10-16 17:50:20+00:00,0,,0,1,2025-10,2025
62713,pull_request,closed,2025-10-16 14:56:32+00:00,2025-10-24 16:59:13+00:00,8,Docs,0,1,2025-10,2025
62709,pull_request,closed,2025-10-16 03:30:40+00:00,2025-10-17 03:09:23+00:00,0,,0,0,2025-10,2025
62707,pull_request,closed,2025-10-15 22:59:17+00:00,2025-10-16 21:04:07+00:00,0,Typing,0,1,2025-10,2025
62706,pull_request,closed,2025-10-15 22:53:15+00:00,2025-10-16 00:25:43+00:00,0,"Numeric Operations,Strings",0,1,2025-10,2025
62703,pull_request,closed,2025-10-15 13:01:20+00:00,2025-11-30 18:17:26+00:00,46,"Bug,Sparse",1,1,2025-10,2025
62702,pull_request,closed,2025-10-15 12:12:20+00:00,2025-10-15 17:24:58+00:00,0,,0,0,2025-10,2025
62700,pull_request,closed,2025-10-15 10:48:41+00:00,2025-10-15 17:28:31+00:00,0,Testing,0,1,2025-10,2025
62699,pull_request,closed,2025-10-15 09:15:44+00:00,2025-10-16 15:00:05+00:00,1,,0,1,2025-10,2025
62698,pull_request,closed,2025-10-15 09:07:57+00:00,2026-03-24 15:22:34+00:00,160,Needs Tests,0,0,2025-10,2025
62697,pull_request,closed,2025-10-14 21:44:41+00:00,2025-12-30 23:50:30+00:00,77,Stale,0,0,2025-10,2025
62696,pull_request,closed,2025-10-14 17:03:04+00:00,2026-04-29 17:39:34+00:00,197,,0,0,2025-10,2025
62695,pull_request,closed,2025-10-14 15:53:22+00:00,2025-10-14 17:06:08+00:00,0,Testing,0,1,2025-10,2025
62692,pull_request,closed,2025-10-14 13:39:31+00:00,2025-10-16 14:53:33+00:00,2,,0,0,2025-10,2025
62691,pull_request,closed,2025-10-14 12:01:20+00:00,2025-10-30 23:10:20+00:00,16,,0,0,2025-10,2025
62689,pull_request,closed,2025-10-14 06:01:48+00:00,2025-10-14 15:54:44+00:00,0,Docs,0,1,2025-10,2025
62688,pull_request,closed,2025-10-14 02:07:37+00:00,2025-10-14 15:56:08+00:00,0,Testing,0,1,2025-10,2025
62686,pull_request,closed,2025-10-13 23:15:59+00:00,2025-10-14 01:58:03+00:00,0,Error Reporting,0,1,2025-10,2025
62685,pull_request,closed,2025-10-13 23:02:59+00:00,2026-03-05 18:03:15+00:00,142,"Deprecate,Stale",0,0,2025-10,2025
62684,pull_request,closed,2025-10-13 22:04:42+00:00,2026-02-19 22:06:55+00:00,129,Stale,0,0,2025-10,2025
62683,pull_request,closed,2025-10-13 21:35:37+00:00,2025-10-13 22:03:05+00:00,0,"Groupby,Typing",0,0,2025-10,2025
62681,pull_request,closed,2025-10-13 19:16:22+00:00,2025-10-13 23:12:42+00:00,0,Testing,0,1,2025-10,2025
62680,pull_request,closed,2025-10-13 18:24:26+00:00,2025-10-14 20:22:43+00:00,1,Interval,0,1,2025-10,2025
62678,pull_request,closed,2025-10-13 15:45:32+00:00,2026-03-07 20:36:50+00:00,145,Stale,0,0,2025-10,2025
62677,pull_request,closed,2025-10-13 08:19:43+00:00,2025-10-13 16:37:57+00:00,0,"CI,Dependencies",0,1,2025-10,2025
62676,pull_request,closed,2025-10-13 08:19:05+00:00,2025-10-13 17:06:04+00:00,0,"Build,CI,Dependencies",0,1,2025-10,2025
62675,pull_request,closed,2025-10-13 07:25:58+00:00,2025-10-13 16:40:46+00:00,0,Typing,0,1,2025-10,2025
62674,pull_request,closed,2025-10-13 03:02:15+00:00,2025-10-27 21:14:23+00:00,14,Testing,0,1,2025-10,2025
62673,pull_request,closed,2025-10-13 01:53:38+00:00,2025-10-16 15:51:19+00:00,3,Code Style,0,1,2025-10,2025
62672,pull_request,closed,2025-10-13 00:52:08+00:00,2025-11-05 19:16:06+00:00,23,,0,0,2025-10,2025
62671,pull_request,closed,2025-10-12 18:52:50+00:00,2025-11-19 01:20:31+00:00,37,"Bug,Groupby,Visualization,Stale",1,0,2025-10,2025
62670,pull_request,closed,2025-10-12 18:08:03+00:00,2025-10-26 16:21:10+00:00,13,"Enhancement,IO Excel",0,0,2025-10,2025
62668,pull_request,closed,2025-10-12 17:19:52+00:00,2025-10-16 21:16:07+00:00,4,Docs,0,1,2025-10,2025
62667,pull_request,closed,2025-10-12 17:11:19+00:00,2025-10-13 16:45:42+00:00,0,Docs,0,1,2025-10,2025
62666,pull_request,closed,2025-10-12 16:30:35+00:00,2025-12-01 19:05:21+00:00,50,"Docs,Stale",0,0,2025-10,2025
62665,pull_request,closed,2025-10-12 13:09:27+00:00,2025-10-12 14:36:03+00:00,0,,0,0,2025-10,2025
62664,pull_request,closed,2025-10-12 09:17:55+00:00,2025-10-13 20:09:34+00:00,1,Docs,0,1,2025-10,2025
62663,pull_request,closed,2025-10-12 08:15:36+00:00,2026-03-07 20:54:34+00:00,146,Stale,0,0,2025-10,2025
62662,pull_request,closed,2025-10-12 00:22:26+00:00,2025-10-13 20:08:15+00:00,1,Docs,0,1,2025-10,2025
62661,pull_request,closed,2025-10-11 19:30:42+00:00,2025-11-03 22:52:09+00:00,23,,0,0,2025-10,2025
62658,pull_request,closed,2025-10-11 15:32:37+00:00,2025-10-16 16:37:37+00:00,5,Internals,0,1,2025-10,2025
62657,pull_request,closed,2025-10-11 12:19:22+00:00,2025-10-18 18:16:01+00:00,7,Arrow,0,1,2025-10,2025
62656,pull_request,closed,2025-10-11 11:50:55+00:00,2025-10-27 20:59:08+00:00,16,"Bug,Arrow",1,0,2025-10,2025
62655,pull_request,closed,2025-10-11 11:36:36+00:00,2025-10-11 12:12:14+00:00,0,,0,0,2025-10,2025
62654,pull_request,closed,2025-10-11 11:12:18+00:00,2025-10-11 11:27:06+00:00,0,,0,0,2025-10,2025
62652,pull_request,closed,2025-10-11 07:09:56+00:00,2025-10-13 20:11:44+00:00,2,Code Style,0,1,2025-10,2025
62650,pull_request,closed,2025-10-11 01:15:41+00:00,2026-01-28 21:13:48+00:00,109,Docs,0,1,2025-10,2025
62649,pull_request,closed,2025-10-10 22:42:06+00:00,2025-12-01 19:22:21+00:00,51,Stale,0,0,2025-10,2025
62648,pull_request,closed,2025-10-10 22:01:15+00:00,2025-10-16 21:18:11+00:00,5,Error Reporting,0,1,2025-10,2025
62647,pull_request,closed,2025-10-10 21:32:17+00:00,2025-10-19 00:39:17+00:00,8,"Numeric Operations,NA - MaskedArrays,Arrow",0,1,2025-10,2025
62645,pull_request,closed,2025-10-10 19:16:24+00:00,2025-10-17 06:44:59+00:00,6,,0,1,2025-10,2025
62643,pull_request,closed,2025-10-10 09:58:24+00:00,2025-12-01 19:24:26+00:00,52,Stale,0,0,2025-10,2025
62642,pull_request,closed,2025-10-10 07:46:20+00:00,2025-10-10 22:41:52+00:00,0,,0,0,2025-10,2025
62641,pull_request,closed,2025-10-09 15:51:22+00:00,2025-11-27 10:24:58+00:00,48,"Docs,Series,Stale",0,0,2025-10,2025
62640,pull_request,closed,2025-10-09 15:26:04+00:00,2025-10-14 18:49:23+00:00,5,Deprecate,0,1,2025-10,2025
62639,pull_request,closed,2025-10-09 15:03:54+00:00,2025-10-16 21:13:59+00:00,7,Arrow,0,1,2025-10,2025
62638,pull_request,closed,2025-10-09 12:59:27+00:00,2025-12-04 18:54:42+00:00,56,"Testing,Stale",0,0,2025-10,2025
62636,pull_request,closed,2025-10-09 07:46:09+00:00,2025-10-09 11:24:34+00:00,0,CI,0,1,2025-10,2025
62634,pull_request,closed,2025-10-09 02:09:02+00:00,2025-10-09 15:40:23+00:00,0,Testing,0,1,2025-10,2025
62633,pull_request,closed,2025-10-09 01:18:24+00:00,2025-12-04 18:55:02+00:00,56,Stale,0,0,2025-10,2025
62632,pull_request,closed,2025-10-08 23:54:52+00:00,2025-12-06 11:17:29+00:00,58,Stale,0,0,2025-10,2025
62631,pull_request,closed,2025-10-08 23:24:20+00:00,2025-10-10 18:42:59+00:00,1,,0,0,2025-10,2025
62630,pull_request,closed,2025-10-08 23:13:19+00:00,2025-10-08 23:13:48+00:00,0,,0,0,2025-10,2025
62628,pull_request,closed,2025-10-08 19:01:47+00:00,2025-10-15 20:55:44+00:00,7,Testing,0,1,2025-10,2025
62627,pull_request,closed,2025-10-08 18:28:58+00:00,2025-10-08 18:52:48+00:00,0,,0,0,2025-10,2025
62626,pull_request,closed,2025-10-08 17:47:10+00:00,2025-11-08 01:40:42+00:00,30,"Build,CI,Stale",0,1,2025-10,2025
62625,pull_request,closed,2025-10-08 17:32:44+00:00,2025-11-03 16:24:32+00:00,25,,0,0,2025-10,2025
62624,pull_request,closed,2025-10-08 15:35:51+00:00,2025-12-04 18:55:23+00:00,57,Stale,0,0,2025-10,2025
62623,pull_request,closed,2025-10-08 14:22:02+00:00,2025-10-21 19:53:27+00:00,13,,0,1,2025-10,2025
62621,pull_request,closed,2025-10-07 23:01:34+00:00,2025-10-09 15:39:20+00:00,1,Docs,0,1,2025-10,2025
62620,pull_request,closed,2025-10-07 21:13:54+00:00,2026-03-09 15:47:03+00:00,152,"Enhancement,Reshaping,isin",0,0,2025-10,2025
62619,pull_request,closed,2025-10-07 18:25:01+00:00,2025-10-07 19:40:33+00:00,0,"CI,Clean",0,1,2025-10,2025
62618,pull_request,closed,2025-10-07 18:09:27+00:00,2025-10-08 16:49:59+00:00,0,,0,0,2025-10,2025
62616,pull_request,closed,2025-10-07 18:05:13+00:00,2025-10-07 19:42:24+00:00,0,Testing,0,1,2025-10,2025
62615,pull_request,closed,2025-10-07 17:14:01+00:00,2025-10-07 17:56:33+00:00,0,Testing,0,1,2025-10,2025
62614,pull_request,closed,2025-10-07 15:37:12+00:00,2025-10-07 16:39:32+00:00,0,Testing,0,1,2025-10,2025
62613,pull_request,closed,2025-10-07 15:24:54+00:00,2025-10-07 16:33:43+00:00,0,Testing,0,1,2025-10,2025
62612,pull_request,closed,2025-10-07 15:05:26+00:00,2025-10-07 16:14:29+00:00,0,Testing,0,1,2025-10,2025
62608,pull_request,closed,2025-10-07 06:00:42+00:00,2025-12-01 19:23:40+00:00,55,Stale,0,0,2025-10,2025
62607,pull_request,closed,2025-10-07 04:39:15+00:00,2025-12-01 19:20:58+00:00,55,Stale,0,0,2025-10,2025
62606,pull_request,closed,2025-10-07 00:16:28+00:00,2025-12-30 23:39:30+00:00,84,,0,0,2025-10,2025
62605,pull_request,closed,2025-10-06 23:48:35+00:00,2025-10-07 16:15:52+00:00,0,Code Style,0,1,2025-10,2025
62604,pull_request,closed,2025-10-06 18:05:52+00:00,2025-10-07 16:40:28+00:00,0,Datetime,0,1,2025-10,2025
62603,pull_request,closed,2025-10-06 16:31:45+00:00,2025-10-06 18:25:58+00:00,0,Code Style,0,1,2025-10,2025
62600,pull_request,closed,2025-10-06 10:51:20+00:00,2025-10-06 16:25:23+00:00,0,Docs,0,1,2025-10,2025
62599,pull_request,closed,2025-10-06 07:23:43+00:00,2025-10-06 16:58:43+00:00,0,Testing,0,1,2025-10,2025
62598,pull_request,closed,2025-10-06 03:56:40+00:00,2025-10-07 03:17:45+00:00,0,,0,0,2025-10,2025
62597,pull_request,closed,2025-10-06 03:44:18+00:00,2025-10-06 17:00:17+00:00,0,Output-Formatting,0,1,2025-10,2025
62596,pull_request,closed,2025-10-06 01:40:07+00:00,2025-10-07 16:12:44+00:00,1,Code Style,0,1,2025-10,2025
62594,pull_request,closed,2025-10-05 21:30:54+00:00,2025-10-05 22:42:13+00:00,0,Code Style,0,1,2025-10,2025
62593,pull_request,closed,2025-10-05 18:49:19+00:00,2025-10-05 23:02:38+00:00,0,Docs,0,1,2025-10,2025
62592,pull_request,closed,2025-10-05 17:31:44+00:00,2025-10-06 16:22:58+00:00,0,Testing,0,1,2025-10,2025
62591,pull_request,closed,2025-10-05 17:18:55+00:00,2025-10-05 19:18:40+00:00,0,Code Style,0,1,2025-10,2025
62589,pull_request,closed,2025-10-05 10:33:40+00:00,2025-10-05 19:24:11+00:00,0,Code Style,0,1,2025-10,2025
62588,pull_request,closed,2025-10-05 09:51:45+00:00,2025-10-05 19:25:33+00:00,0,Code Style,0,1,2025-10,2025
62587,pull_request,closed,2025-10-05 07:21:55+00:00,2025-10-05 19:26:24+00:00,0,Code Style,0,1,2025-10,2025
62586,pull_request,closed,2025-10-05 04:06:38+00:00,2025-10-05 07:28:40+00:00,0,,0,0,2025-10,2025
62585,pull_request,closed,2025-10-05 02:58:19+00:00,2025-10-07 18:04:19+00:00,2,Admin,0,1,2025-10,2025
62584,pull_request,closed,2025-10-05 02:44:38+00:00,2025-10-06 16:30:35+00:00,1,Docs,0,1,2025-10,2025
62583,pull_request,closed,2025-10-05 00:35:59+00:00,2025-10-05 19:30:30+00:00,0,Warnings,0,1,2025-10,2025
62582,pull_request,closed,2025-10-04 22:05:48+00:00,2025-10-05 19:35:42+00:00,0,IO CSV,0,1,2025-10,2025
62581,pull_request,closed,2025-10-04 19:12:38+00:00,2025-11-04 17:28:14+00:00,30,"Docs,Strings",0,1,2025-10,2025
62579,pull_request,closed,2025-10-04 16:48:10+00:00,2025-10-04 16:53:49+00:00,0,,0,0,2025-10,2025
62577,pull_request,closed,2025-10-04 12:11:32+00:00,2025-10-04 16:21:11+00:00,0,Code Style,0,1,2025-10,2025
62575,pull_request,closed,2025-10-04 10:30:29+00:00,2025-10-04 16:29:10+00:00,0,Code Style,0,1,2025-10,2025
62573,pull_request,closed,2025-10-04 07:47:05+00:00,2025-10-05 19:41:29+00:00,1,Docs,0,1,2025-10,2025
62572,pull_request,closed,2025-10-04 06:48:48+00:00,2025-10-05 19:56:02+00:00,1,Arrow,0,1,2025-10,2025
62571,pull_request,closed,2025-10-04 02:52:20+00:00,2025-12-04 18:57:15+00:00,61,Stale,0,0,2025-10,2025
62570,pull_request,closed,2025-10-03 23:08:07+00:00,2025-10-04 16:27:16+00:00,0,Performance,0,1,2025-10,2025
62569,pull_request,closed,2025-10-03 22:37:49+00:00,2025-10-03 23:08:19+00:00,0,,0,0,2025-10,2025
62567,pull_request,closed,2025-10-03 21:08:21+00:00,2025-12-02 16:03:25+00:00,59,,0,1,2025-10,2025
62566,pull_request,closed,2025-10-03 20:46:45+00:00,2025-10-03 20:48:28+00:00,0,,0,0,2025-10,2025
62565,pull_request,closed,2025-10-03 19:47:58+00:00,2025-11-06 16:33:38+00:00,33,Stale,0,0,2025-10,2025
62564,pull_request,closed,2025-10-03 19:05:26+00:00,2025-12-04 18:55:45+00:00,61,,0,0,2025-10,2025
62563,pull_request,closed,2025-10-03 18:38:34+00:00,2025-11-26 05:24:53+00:00,53,Stale,0,0,2025-10,2025
62560,pull_request,closed,2025-10-03 15:10:19+00:00,2026-02-24 16:42:03+00:00,144,,0,1,2025-10,2025
62559,pull_request,closed,2025-10-03 14:28:18+00:00,2025-10-03 14:33:34+00:00,0,,0,0,2025-10,2025
62557,pull_request,closed,2025-10-03 13:59:53+00:00,2025-10-03 17:11:53+00:00,0,Dependencies,0,1,2025-10,2025
62556,pull_request,closed,2025-10-03 12:27:36+00:00,2025-10-05 20:08:24+00:00,2,Testing,0,1,2025-10,2025
62555,pull_request,closed,2025-10-03 10:31:05+00:00,2026-03-28 19:58:47+00:00,176,"Stale,Reduction Operations",0,0,2025-10,2025
62554,pull_request,closed,2025-10-03 03:17:26+00:00,2025-12-04 18:56:30+00:00,62,Code Style,0,0,2025-10,2025
62553,pull_request,closed,2025-10-02 22:50:38+00:00,2025-10-03 00:43:48+00:00,0,Testing,0,1,2025-10,2025
62552,pull_request,closed,2025-10-02 20:03:26+00:00,2025-11-26 19:23:49+00:00,54,Numeric Operations,0,1,2025-10,2025
62551,pull_request,closed,2025-10-02 18:47:09+00:00,2025-12-04 18:56:09+00:00,63,Stale,0,0,2025-10,2025
62550,pull_request,closed,2025-10-02 18:13:25+00:00,2025-10-02 18:46:03+00:00,0,,0,0,2025-10,2025
62549,pull_request,closed,2025-10-02 17:47:48+00:00,2025-10-02 19:56:08+00:00,0,,0,0,2025-10,2025
62548,pull_request,closed,2025-10-02 17:33:46+00:00,2025-10-02 17:50:38+00:00,0,,0,0,2025-10,2025
62547,pull_request,closed,2025-10-02 13:53:01+00:00,2025-10-02 14:49:25+00:00,0,,0,0,2025-10,2025
62546,pull_request,closed,2025-10-02 13:52:28+00:00,2025-10-02 15:56:26+00:00,0,Testing,0,1,2025-10,2025
62544,pull_request,closed,2025-10-02 07:37:49+00:00,2025-10-02 17:31:32+00:00,0,,0,0,2025-10,2025
62543,pull_request,closed,2025-10-02 07:23:25+00:00,2025-10-02 07:33:19+00:00,0,,0,0,2025-10,2025
62542,pull_request,closed,2025-10-02 02:32:28+00:00,2025-10-06 22:13:38+00:00,4,IO CSV,0,1,2025-10,2025
62541,pull_request,closed,2025-10-01 23:46:46+00:00,2025-11-13 21:14:17+00:00,42,,0,1,2025-10,2025
62540,pull_request,closed,2025-10-01 22:55:59+00:00,2025-10-02 16:15:10+00:00,0,Code Style,0,1,2025-10,2025
62539,pull_request,closed,2025-10-01 18:02:03+00:00,2025-10-05 20:12:22+00:00,4,"Error Reporting,Frequency",0,1,2025-10,2025
62538,pull_request,closed,2025-10-01 17:47:11+00:00,2025-10-01 17:54:56+00:00,0,,0,0,2025-10,2025
62537,pull_request,closed,2025-10-01 17:43:57+00:00,2025-10-09 08:28:57+00:00,7,,0,0,2025-10,2025
62536,pull_request,closed,2025-10-01 17:32:47+00:00,2026-04-09 21:23:06+00:00,190,"Performance,numba,Reduction Operations",0,0,2025-10,2025
62535,pull_request,closed,2025-10-01 17:22:18+00:00,2025-10-01 17:38:19+00:00,0,,0,0,2025-10,2025
62533,pull_request,closed,2025-10-01 15:52:56+00:00,2025-10-13 17:07:35+00:00,12,Code Style,0,1,2025-10,2025
62532,pull_request,closed,2025-10-01 14:57:53+00:00,2025-10-30 16:57:02+00:00,29,Frequency,0,1,2025-10,2025
62530,pull_request,closed,2025-10-01 08:45:50+00:00,2025-10-02 16:31:49+00:00,1,Code Style,0,1,2025-10,2025
62529,pull_request,closed,2025-10-01 06:42:05+00:00,2025-10-01 16:00:33+00:00,0,Testing,0,1,2025-10,2025
62528,pull_request,closed,2025-10-01 02:42:14+00:00,2025-10-02 09:11:38+00:00,1,,0,0,2025-10,2025
62527,pull_request,closed,2025-10-01 02:02:17+00:00,2025-10-02 16:34:51+00:00,1,"MultiIndex,Categorical",0,1,2025-10,2025
62526,pull_request,closed,2025-10-01 01:23:44+00:00,2025-10-01 01:40:23+00:00,0,,0,0,2025-10,2025
62525,pull_request,closed,2025-10-01 00:21:13+00:00,2025-10-01 00:23:21+00:00,0,,0,0,2025-10,2025
62523,pull_request,closed,2025-09-30 19:54:53+00:00,2026-02-20 16:50:23+00:00,142,"Indexing,Dtype Conversions",0,1,2025-09,2025
62521,pull_request,closed,2025-09-30 19:28:01+00:00,2026-03-07 22:27:41+00:00,158,"Docs,Missing-data,Stale",0,1,2025-09,2025
62514,pull_request,closed,2025-09-30 03:44:21+00:00,2025-10-04 16:20:19+00:00,4,Window,0,1,2025-09,2025
62512,pull_request,closed,2025-09-29 23:35:18+00:00,2025-09-30 18:41:52+00:00,0,Docs,0,1,2025-09,2025
62511,pull_request,closed,2025-09-29 23:28:29+00:00,2025-10-05 20:10:06+00:00,5,Testing,0,1,2025-09,2025
62510,pull_request,closed,2025-09-29 20:56:18+00:00,2025-09-30 18:47:07+00:00,0,Code Style,0,1,2025-09,2025
62509,pull_request,closed,2025-09-29 20:29:56+00:00,2025-09-29 21:05:45+00:00,0,Docs,0,1,2025-09,2025
62508,pull_request,closed,2025-09-29 20:22:49+00:00,2025-09-29 21:06:03+00:00,0,,0,1,2025-09,2025
62507,pull_request,closed,2025-09-29 18:52:32+00:00,2025-09-29 21:08:52+00:00,0,Testing,0,1,2025-09,2025
62505,pull_request,closed,2025-09-29 18:42:18+00:00,2025-09-29 20:20:44+00:00,0,,0,1,2025-09,2025
62504,pull_request,closed,2025-09-29 18:28:56+00:00,2025-09-29 19:33:26+00:00,0,,0,1,2025-09,2025
62503,pull_request,closed,2025-09-29 17:50:43+00:00,2025-10-03 15:00:07+00:00,3,Testing,0,1,2025-09,2025
62502,pull_request,closed,2025-09-29 17:44:04+00:00,2025-11-16 18:39:47+00:00,48,"Bug,Algos,ExtensionArray",1,1,2025-09,2025
62500,pull_request,closed,2025-09-29 09:28:39+00:00,2025-09-29 17:33:07+00:00,0,"Build,CI,Dependencies",0,1,2025-09,2025
62499,pull_request,closed,2025-09-29 08:31:33+00:00,2025-09-29 19:09:35+00:00,0,Docs,0,1,2025-09,2025
62498,pull_request,closed,2025-09-29 08:11:32+00:00,2025-09-29 16:22:14+00:00,0,"Bug,Strings",1,1,2025-09,2025
62496,pull_request,closed,2025-09-29 07:21:35+00:00,2025-09-29 16:12:21+00:00,0,,0,0,2025-09,2025
62495,pull_request,closed,2025-09-29 05:46:15+00:00,2025-10-05 20:16:30+00:00,6,,0,0,2025-09,2025
62494,pull_request,closed,2025-09-29 04:07:03+00:00,2025-09-29 16:24:24+00:00,0,Docs,0,1,2025-09,2025
62493,pull_request,closed,2025-09-29 02:10:18+00:00,2025-10-01 16:09:10+00:00,2,Timezones,0,1,2025-09,2025
62491,pull_request,closed,2025-09-28 22:41:48+00:00,2026-03-09 15:44:15+00:00,161,"Visualization,Stale",0,0,2025-09,2025
62489,pull_request,closed,2025-09-28 19:18:45+00:00,2025-09-29 16:27:42+00:00,0,,0,0,2025-09,2025
62487,pull_request,closed,2025-09-28 15:41:23+00:00,2025-09-29 20:59:40+00:00,1,"Missing-data,replace",0,1,2025-09,2025
62486,pull_request,closed,2025-09-28 10:20:12+00:00,2025-09-29 06:38:58+00:00,0,"CI,Typing",0,0,2025-09,2025
62485,pull_request,closed,2025-09-28 10:01:51+00:00,2025-09-28 16:39:34+00:00,0,,0,1,2025-09,2025
62484,pull_request,closed,2025-09-27 21:58:30+00:00,2025-12-30 23:44:12+00:00,94,Stale,0,0,2025-09,2025
62483,pull_request,closed,2025-09-27 20:47:52+00:00,2025-12-30 23:43:46+00:00,94,Code Style,0,0,2025-09,2025
62482,pull_request,closed,2025-09-27 19:58:03+00:00,2025-09-28 16:29:31+00:00,0,Typing,0,1,2025-09,2025
62481,pull_request,closed,2025-09-27 18:50:00+00:00,2025-10-20 16:37:10+00:00,22,Testing,0,1,2025-09,2025
62480,pull_request,closed,2025-09-27 16:20:10+00:00,2025-09-27 17:29:46+00:00,0,"Period,Resample",0,1,2025-09,2025
62479,pull_request,closed,2025-09-27 15:26:51+00:00,2025-11-09 00:17:56+00:00,42,"Missing-data,Stale",0,0,2025-09,2025
62478,pull_request,closed,2025-09-27 12:45:44+00:00,2025-09-29 16:47:03+00:00,2,Visualization,0,1,2025-09,2025
62476,pull_request,closed,2025-09-27 09:36:08+00:00,2025-09-27 17:25:01+00:00,0,,0,1,2025-09,2025
62475,pull_request,closed,2025-09-27 07:36:48+00:00,2025-09-29 20:58:21+00:00,2,Testing,0,1,2025-09,2025
62474,pull_request,closed,2025-09-27 07:11:43+00:00,2025-10-07 22:51:26+00:00,10,Code Style,0,1,2025-09,2025
62471,pull_request,closed,2025-09-26 22:51:47+00:00,2025-10-27 17:52:56+00:00,30,ExtensionArray,0,1,2025-09,2025
62470,pull_request,closed,2025-09-26 20:56:41+00:00,2025-09-29 21:08:08+00:00,3,"Testing,Clean",0,1,2025-09,2025
62469,pull_request,closed,2025-09-26 20:46:53+00:00,2025-10-04 16:18:39+00:00,7,Code Style,0,1,2025-09,2025
62466,pull_request,closed,2025-09-26 17:38:38+00:00,2025-12-15 17:32:32+00:00,79,Docs,0,1,2025-09,2025
62465,pull_request,closed,2025-09-26 15:38:59+00:00,2025-10-05 20:38:44+00:00,9,"Indexing,Arrow",0,1,2025-09,2025
62463,pull_request,closed,2025-09-26 12:08:11+00:00,2025-09-26 15:48:03+00:00,0,,0,0,2025-09,2025
62461,pull_request,closed,2025-09-26 09:24:58+00:00,2025-10-01 17:10:29+00:00,5,Testing,0,1,2025-09,2025
62460,pull_request,closed,2025-09-26 09:08:54+00:00,2025-09-26 09:26:05+00:00,0,,0,0,2025-09,2025
62459,pull_request,closed,2025-09-26 08:05:07+00:00,2025-10-05 21:24:34+00:00,9,Internals,0,1,2025-09,2025
62458,pull_request,closed,2025-09-26 04:51:22+00:00,2025-09-26 04:51:50+00:00,0,,0,0,2025-09,2025
62457,pull_request,closed,2025-09-26 04:27:44+00:00,2025-09-26 04:41:00+00:00,0,,0,0,2025-09,2025
62456,pull_request,closed,2025-09-26 01:16:14+00:00,2025-10-03 15:00:44+00:00,7,,0,0,2025-09,2025
62455,pull_request,closed,2025-09-26 00:48:46+00:00,2025-10-20 16:11:33+00:00,24,Mothballed,0,0,2025-09,2025
62454,pull_request,closed,2025-09-25 18:43:38+00:00,2025-09-25 20:40:48+00:00,0,Testing,0,1,2025-09,2025
62453,pull_request,closed,2025-09-25 18:12:35+00:00,2025-09-25 21:49:47+00:00,0,Code Style,0,1,2025-09,2025
62452,pull_request,closed,2025-09-25 17:51:28+00:00,2025-09-25 18:43:12+00:00,0,Testing,0,1,2025-09,2025
62450,pull_request,closed,2025-09-25 16:19:40+00:00,2025-09-25 17:06:05+00:00,0,,0,0,2025-09,2025
62447,pull_request,closed,2025-09-25 14:54:09+00:00,2025-09-25 17:22:08+00:00,0,Docs,0,1,2025-09,2025
62446,pull_request,closed,2025-09-25 12:33:11+00:00,2025-09-25 17:28:54+00:00,0,Code Style,0,1,2025-09,2025
62445,pull_request,closed,2025-09-25 10:40:59+00:00,2025-09-25 17:25:37+00:00,0,,0,0,2025-09,2025
62444,pull_request,closed,2025-09-25 10:13:15+00:00,2025-10-05 20:39:50+00:00,10,,0,0,2025-09,2025
62441,pull_request,closed,2025-09-25 01:07:35+00:00,2025-10-05 15:24:54+00:00,10,,0,0,2025-09,2025
62439,pull_request,closed,2025-09-24 23:00:00+00:00,2025-09-25 23:21:29+00:00,1,"Resample,Clean",0,1,2025-09,2025
62438,pull_request,closed,2025-09-24 21:47:19+00:00,2025-09-24 23:16:58+00:00,0,Typing,0,1,2025-09,2025
62436,pull_request,closed,2025-09-24 18:35:10+00:00,2025-09-24 23:18:26+00:00,0,Constructors,0,1,2025-09,2025
62433,pull_request,closed,2025-09-24 16:52:26+00:00,2025-11-16 18:37:31+00:00,53,"Visualization,Deprecate,Stale",0,0,2025-09,2025
62432,pull_request,closed,2025-09-24 16:51:16+00:00,2025-12-30 23:49:00+00:00,97,Stale,0,0,2025-09,2025
62431,pull_request,closed,2025-09-24 16:17:41+00:00,2025-09-24 17:12:55+00:00,0,"Visualization,Clean",0,1,2025-09,2025
62430,pull_request,closed,2025-09-24 11:54:33+00:00,2025-09-24 17:17:42+00:00,0,Docs,0,1,2025-09,2025
62428,pull_request,closed,2025-09-24 02:08:27+00:00,2025-09-24 16:27:07+00:00,0,"Indexing,Deprecate",0,1,2025-09,2025
62427,pull_request,closed,2025-09-24 00:13:59+00:00,2025-10-21 12:29:40+00:00,27,,0,0,2025-09,2025
62426,pull_request,closed,2025-09-23 22:14:21+00:00,2025-09-24 00:50:01+00:00,0,Arrow,0,1,2025-09,2025
62425,pull_request,closed,2025-09-23 17:11:43+00:00,2026-01-20 17:32:00+00:00,119,,0,0,2025-09,2025
62424,pull_request,closed,2025-09-23 16:03:01+00:00,2025-09-29 11:36:06+00:00,5,"Bug,Strings",1,1,2025-09,2025
62422,pull_request,closed,2025-09-23 12:35:16+00:00,2025-09-23 19:19:41+00:00,0,,0,1,2025-09,2025
62420,pull_request,closed,2025-09-23 04:42:57+00:00,2025-09-24 15:52:57+00:00,1,,0,1,2025-09,2025
62419,pull_request,closed,2025-09-22 22:24:21+00:00,2025-09-23 00:42:16+00:00,0,,0,0,2025-09,2025
62418,pull_request,closed,2025-09-22 22:23:31+00:00,2025-09-23 00:45:54+00:00,0,,0,0,2025-09,2025
62417,pull_request,closed,2025-09-22 20:48:08+00:00,2025-09-22 22:35:01+00:00,0,Testing,0,1,2025-09,2025
62416,pull_request,closed,2025-09-22 19:47:17+00:00,2025-09-24 17:14:14+00:00,1,Docs,0,1,2025-09,2025
62415,pull_request,closed,2025-09-22 19:20:20+00:00,2025-09-22 19:47:43+00:00,0,Docs,0,1,2025-09,2025
62413,pull_request,closed,2025-09-22 16:47:34+00:00,2025-09-22 17:28:00+00:00,0,"Docs,Strings",0,1,2025-09,2025
62412,pull_request,closed,2025-09-22 16:41:46+00:00,2025-09-22 17:58:31+00:00,0,"Bug,Strings,Arrow",1,1,2025-09,2025
62411,pull_request,closed,2025-09-22 08:16:07+00:00,2025-09-22 16:36:34+00:00,0,"CI,Dependencies",0,1,2025-09,2025
62410,pull_request,closed,2025-09-22 07:20:57+00:00,2025-09-22 16:41:16+00:00,0,"Bug,Strings,Arrow",1,1,2025-09,2025
62409,pull_request,closed,2025-09-22 06:47:38+00:00,2025-09-22 16:41:51+00:00,0,"Indexing,Copy / view semantics",0,1,2025-09,2025
62408,pull_request,closed,2025-09-21 23:13:36+00:00,2025-09-22 17:29:27+00:00,0,"Groupby,metadata",0,1,2025-09,2025
62407,pull_request,closed,2025-09-21 21:09:54+00:00,2025-09-22 16:46:38+00:00,0,Testing,0,1,2025-09,2025
62406,pull_request,closed,2025-09-21 20:22:30+00:00,2025-09-21 22:27:41+00:00,0,"Testing,Dependencies",0,1,2025-09,2025
62405,pull_request,closed,2025-09-21 16:24:05+00:00,2025-09-22 17:27:13+00:00,1,Reduction Operations,0,1,2025-09,2025
62404,pull_request,closed,2025-09-21 15:47:20+00:00,2025-09-24 17:00:01+00:00,3,"Indexing,MultiIndex",0,1,2025-09,2025
62403,pull_request,closed,2025-09-21 14:39:54+00:00,2025-09-22 16:47:27+00:00,1,"Docs,Strings",0,1,2025-09,2025
62402,pull_request,closed,2025-09-21 14:10:47+00:00,2025-09-22 20:18:44+00:00,1,Strings,0,1,2025-09,2025
62401,pull_request,closed,2025-09-21 14:02:30+00:00,2025-09-21 18:06:43+00:00,0,"Strings,Arrow",0,1,2025-09,2025
62400,pull_request,closed,2025-09-21 13:38:46+00:00,2025-09-22 16:49:09+00:00,1,Strings,0,1,2025-09,2025
62399,pull_request,closed,2025-09-21 13:15:46+00:00,2025-10-19 19:27:21+00:00,28,"Error Reporting,Strings,Clean",0,1,2025-09,2025
62398,pull_request,closed,2025-09-21 12:45:52+00:00,2025-09-29 20:47:19+00:00,8,Docs,0,0,2025-09,2025
62397,pull_request,closed,2025-09-21 11:58:36+00:00,2025-09-21 13:08:05+00:00,0,,0,0,2025-09,2025
62396,pull_request,closed,2025-09-21 07:46:02+00:00,2025-09-22 19:20:13+00:00,1,Docs,0,1,2025-09,2025
62395,pull_request,closed,2025-09-21 07:32:31+00:00,2025-09-22 16:51:25+00:00,1,,0,1,2025-09,2025
62394,pull_request,closed,2025-09-21 07:23:35+00:00,2025-09-21 11:36:50+00:00,0,Build,0,1,2025-09,2025
62393,pull_request,closed,2025-09-21 04:52:39+00:00,2025-10-04 16:14:07+00:00,13,Missing-data,0,1,2025-09,2025
62392,pull_request,closed,2025-09-21 00:13:08+00:00,2025-10-05 20:43:06+00:00,14,,0,0,2025-09,2025
62391,pull_request,closed,2025-09-20 19:41:19+00:00,2025-09-21 07:08:47+00:00,0,"IO Excel,Typing",0,1,2025-09,2025
62390,pull_request,closed,2025-09-20 19:28:59+00:00,2025-09-20 20:47:34+00:00,0,,0,0,2025-09,2025
62389,pull_request,closed,2025-09-20 17:09:29+00:00,2026-02-12 16:59:35+00:00,144,"Docs,Stale",0,0,2025-09,2025
62388,pull_request,closed,2025-09-20 17:02:35+00:00,2025-09-22 17:15:32+00:00,2,,0,1,2025-09,2025
62387,pull_request,closed,2025-09-20 16:49:56+00:00,2025-09-20 16:52:29+00:00,0,,0,0,2025-09,2025
62386,pull_request,closed,2025-09-20 16:04:09+00:00,2025-10-07 18:28:11+00:00,17,,0,0,2025-09,2025
62385,pull_request,closed,2025-09-20 15:03:44+00:00,2025-12-04 18:58:13+00:00,75,Stale,0,0,2025-09,2025
62384,pull_request,closed,2025-09-20 14:39:48+00:00,2025-12-30 23:48:29+00:00,101,Docs,0,1,2025-09,2025
62383,pull_request,closed,2025-09-19 21:43:36+00:00,2026-03-25 19:25:56+00:00,186,Numeric Operations,0,0,2025-09,2025
62381,pull_request,closed,2025-09-19 13:05:13+00:00,2025-09-20 10:42:05+00:00,0,,0,0,2025-09,2025
62380,pull_request,closed,2025-09-19 02:47:14+00:00,2025-09-19 16:31:43+00:00,0,Output-Formatting,0,1,2025-09,2025
62379,pull_request,closed,2025-09-18 21:09:26+00:00,2025-09-19 16:33:32+00:00,0,,0,0,2025-09,2025
62378,pull_request,closed,2025-09-18 20:49:31+00:00,2025-09-18 21:00:09+00:00,0,,0,0,2025-09,2025
62376,pull_request,closed,2025-09-18 20:44:02+00:00,2025-10-29 20:51:07+00:00,41,,0,1,2025-09,2025
62375,pull_request,closed,2025-09-18 20:33:45+00:00,2025-09-21 09:14:24+00:00,2,,0,1,2025-09,2025
62374,pull_request,closed,2025-09-18 19:43:07+00:00,2025-09-19 18:34:53+00:00,0,Testing,0,1,2025-09,2025
62373,pull_request,closed,2025-09-18 14:02:17+00:00,2025-09-18 17:33:23+00:00,0,Web,0,1,2025-09,2025
62372,pull_request,closed,2025-09-18 10:01:28+00:00,2025-10-05 20:48:43+00:00,17,,0,0,2025-09,2025
62371,pull_request,closed,2025-09-18 07:16:18+00:00,2025-09-19 16:30:46+00:00,1,,0,0,2025-09,2025
62368,pull_request,closed,2025-09-17 18:17:46+00:00,2025-09-17 20:34:44+00:00,0,Enhancement,0,1,2025-09,2025
62367,pull_request,closed,2025-09-17 16:17:53+00:00,2025-09-22 23:37:03+00:00,5,Warnings,0,1,2025-09,2025
62366,pull_request,closed,2025-09-17 16:15:40+00:00,2025-09-17 17:51:57+00:00,0,Refactor,0,1,2025-09,2025
62364,pull_request,closed,2025-09-17 12:52:11+00:00,2025-09-17 15:58:06+00:00,0,,0,0,2025-09,2025
62363,pull_request,closed,2025-09-17 11:46:11+00:00,2025-09-17 15:57:43+00:00,0,Docs,0,0,2025-09,2025
62362,pull_request,closed,2025-09-17 11:30:18+00:00,2025-10-20 14:48:02+00:00,33,Stale,0,0,2025-09,2025
62360,pull_request,closed,2025-09-17 10:20:05+00:00,2025-09-19 16:37:19+00:00,2,Docs,0,0,2025-09,2025
62359,pull_request,closed,2025-09-17 09:01:34+00:00,2025-09-18 09:39:28+00:00,1,,0,0,2025-09,2025
62356,pull_request,closed,2025-09-17 04:03:01+00:00,2025-10-06 16:23:59+00:00,19,"Bug,Datetime,Reshaping,Arrow",1,0,2025-09,2025
62355,pull_request,closed,2025-09-17 02:15:56+00:00,2025-09-17 15:59:36+00:00,0,,0,0,2025-09,2025
62352,pull_request,closed,2025-09-16 19:07:27+00:00,2025-09-22 14:17:51+00:00,5,,0,1,2025-09,2025
62351,pull_request,closed,2025-09-16 19:05:13+00:00,2025-09-16 21:43:59+00:00,0,Refactor,0,1,2025-09,2025
62350,pull_request,closed,2025-09-16 14:21:21+00:00,2025-09-17 11:00:34+00:00,0,Docs,0,0,2025-09,2025
62349,pull_request,closed,2025-09-16 13:20:42+00:00,2025-09-16 16:21:33+00:00,0,Typing,0,1,2025-09,2025
62348,pull_request,closed,2025-09-15 19:23:54+00:00,2025-09-15 20:33:47+00:00,0,"IO Excel,Typing",0,1,2025-09,2025
62347,pull_request,closed,2025-09-15 19:04:05+00:00,2025-09-19 16:44:11+00:00,3,Docs,0,1,2025-09,2025
62346,pull_request,closed,2025-09-15 17:08:21+00:00,2025-09-16 14:55:38+00:00,0,Docs,0,0,2025-09,2025
62345,pull_request,closed,2025-09-15 15:21:47+00:00,2025-09-16 17:53:23+00:00,1,"Dtype Conversions,ExtensionArray,Index",0,1,2025-09,2025
62341,pull_request,closed,2025-09-14 21:33:27+00:00,2026-03-07 18:02:32+00:00,173,"Bug,Stale,setops",1,0,2025-09,2025
62339,pull_request,closed,2025-09-14 15:31:59+00:00,2025-09-15 17:21:02+00:00,1,"Strings,Clean",0,1,2025-09,2025
62338,pull_request,closed,2025-09-14 14:11:31+00:00,2025-10-05 20:46:54+00:00,21,Docs,0,1,2025-09,2025
62335,pull_request,closed,2025-09-13 15:16:24+00:00,2025-09-15 17:14:14+00:00,2,Enhancement,0,1,2025-09,2025
62334,pull_request,closed,2025-09-13 13:49:39+00:00,2025-09-15 19:19:40+00:00,2,Reshaping,0,1,2025-09,2025
62333,pull_request,closed,2025-09-13 06:39:17+00:00,2025-09-15 22:05:54+00:00,2,Strings,0,1,2025-09,2025
62332,pull_request,closed,2025-09-13 04:54:05+00:00,2025-10-05 21:02:44+00:00,22,,0,0,2025-09,2025
62331,pull_request,closed,2025-09-12 23:59:48+00:00,2025-09-15 17:11:54+00:00,2,Typing,0,1,2025-09,2025
62329,pull_request,closed,2025-09-12 20:55:35+00:00,2025-09-13 06:22:04+00:00,0,,0,1,2025-09,2025
62328,pull_request,closed,2025-09-12 20:36:55+00:00,2025-09-13 06:08:55+00:00,0,"Bug,Strings,Arrow",1,1,2025-09,2025
62327,pull_request,closed,2025-09-12 19:30:13+00:00,2025-09-15 17:27:13+00:00,2,Typing,0,1,2025-09,2025
62326,pull_request,closed,2025-09-12 17:15:43+00:00,2025-09-17 06:19:37+00:00,4,,0,1,2025-09,2025
62325,pull_request,closed,2025-09-12 15:34:09+00:00,2025-09-12 17:04:23+00:00,0,,0,1,2025-09,2025
62324,pull_request,closed,2025-09-12 15:23:24+00:00,2025-09-17 06:19:13+00:00,4,"Indexing,Copy / view semantics,Python 3.14",0,1,2025-09,2025
62323,pull_request,closed,2025-09-12 13:15:40+00:00,2025-09-21 13:38:21+00:00,9,Strings,0,1,2025-09,2025
62322,pull_request,closed,2025-09-12 12:11:15+00:00,2025-09-22 21:46:23+00:00,10,Testing,0,1,2025-09,2025
62321,pull_request,closed,2025-09-12 02:15:36+00:00,2025-09-12 16:14:01+00:00,0,"Numeric Operations,Timedelta,Frequency",0,0,2025-09,2025
62320,pull_request,closed,2025-09-11 17:46:07+00:00,2025-09-15 17:30:01+00:00,3,IO JSON,0,1,2025-09,2025
62319,pull_request,closed,2025-09-11 17:23:24+00:00,2026-01-20 18:04:12+00:00,131,"Missing-data,Categorical,Needs Tests",0,0,2025-09,2025
62318,pull_request,closed,2025-09-11 17:15:59+00:00,2025-09-18 16:17:38+00:00,6,"Build,Python 3.14",0,1,2025-09,2025
62317,pull_request,closed,2025-09-11 14:45:13+00:00,2025-09-22 21:14:50+00:00,11,,0,0,2025-09,2025
62315,pull_request,closed,2025-09-11 10:58:28+00:00,2025-09-12 17:18:45+00:00,1,Typing,0,1,2025-09,2025
62313,pull_request,closed,2025-09-10 19:37:25+00:00,2025-09-30 19:27:32+00:00,19,"Docs,Missing-data",0,1,2025-09,2025
62312,pull_request,closed,2025-09-10 16:05:48+00:00,2025-09-10 18:52:37+00:00,0,Typing,0,1,2025-09,2025
62308,pull_request,closed,2025-09-10 09:16:32+00:00,2025-09-10 18:53:12+00:00,0,Docs,0,1,2025-09,2025
62305,pull_request,closed,2025-09-09 16:56:39+00:00,2025-09-10 18:55:11+00:00,1,"Bug,Timestamp",1,1,2025-09,2025
62304,pull_request,closed,2025-09-09 15:36:43+00:00,2026-03-18 18:28:43+00:00,190,"Datetime,Reshaping,Needs Tests",0,0,2025-09,2025
