id,type,state,created_at,closed_at,days_to_close,label_names,is_bug,is_merged,year_month,year
65716,pull_request,closed,2026-05-23 23:05:41+00:00,2026-05-24 04:28:42+00:00,0,,0,0,2026-05,2026
65697,pull_request,closed,2026-05-20 16:38:19+00:00,2026-05-20 21:22:12+00:00,0,Index,0,1,2026-05,2026
65693,pull_request,closed,2026-05-20 14:03:23+00:00,2026-05-20 16:33:10+00:00,0,,0,1,2026-05,2026
65689,pull_request,closed,2026-05-20 02:16:42+00:00,2026-05-20 03:58:29+00:00,0,,0,0,2026-05,2026
65687,pull_request,closed,2026-05-19 22:57:59+00:00,2026-05-20 00:30:11+00:00,0,,0,0,2026-05,2026
65686,pull_request,closed,2026-05-19 18:54:58+00:00,2026-05-21 14:34:32+00:00,1,"Bug,Index",1,1,2026-05,2026
65681,pull_request,closed,2026-05-18 21:24:09+00:00,2026-05-23 17:26:56+00:00,4,"Enhancement,Benchmark",0,1,2026-05,2026
65680,pull_request,closed,2026-05-18 13:54:43+00:00,2026-05-18 15:27:45+00:00,0,"CI,Dependencies",0,1,2026-05,2026
65672,pull_request,closed,2026-05-17 16:16:18+00:00,2026-05-18 08:59:53+00:00,0,,0,0,2026-05,2026
65671,pull_request,closed,2026-05-17 12:17:41+00:00,2026-05-19 15:30:10+00:00,2,,0,0,2026-05,2026
65670,pull_request,closed,2026-05-17 10:30:47+00:00,2026-05-18 15:36:12+00:00,1,,0,0,2026-05,2026
65669,pull_request,closed,2026-05-17 07:28:08+00:00,2026-05-18 15:35:34+00:00,1,,0,0,2026-05,2026
65668,pull_request,closed,2026-05-17 05:31:42+00:00,2026-05-20 13:55:50+00:00,3,CI,0,1,2026-05,2026
65666,pull_request,closed,2026-05-17 01:38:45+00:00,2026-05-20 02:44:57+00:00,3,"Performance,Copy / view semantics,Arrow",0,1,2026-05,2026
65665,pull_request,closed,2026-05-17 00:32:02+00:00,2026-05-18 15:35:24+00:00,1,,0,0,2026-05,2026
65663,pull_request,closed,2026-05-16 22:09:49+00:00,2026-05-18 15:44:37+00:00,1,,0,0,2026-05,2026
65662,pull_request,closed,2026-05-16 21:50:15+00:00,2026-05-18 15:35:06+00:00,1,,0,0,2026-05,2026
65658,pull_request,closed,2026-05-16 16:34:22+00:00,2026-05-16 17:20:38+00:00,0,Performance,0,1,2026-05,2026
65657,pull_request,closed,2026-05-16 09:16:38+00:00,2026-05-16 12:04:25+00:00,0,,0,0,2026-05,2026
65653,pull_request,closed,2026-05-15 21:05:55+00:00,2026-05-15 23:52:07+00:00,0,"Bug,Dtype Conversions,Index",1,1,2026-05,2026
65651,pull_request,closed,2026-05-15 20:50:18+00:00,2026-05-16 17:08:20+00:00,0,"Clean,Benchmark",0,1,2026-05,2026
65650,pull_request,closed,2026-05-15 19:46:49+00:00,2026-05-15 20:02:00+00:00,0,,0,0,2026-05,2026
65648,pull_request,closed,2026-05-15 10:34:08+00:00,2026-05-20 16:04:50+00:00,5,"Groupby,Performance",0,1,2026-05,2026
65643,pull_request,closed,2026-05-14 18:16:21+00:00,2026-05-15 02:19:19+00:00,0,,0,0,2026-05,2026
65642,pull_request,closed,2026-05-14 18:03:53+00:00,2026-05-16 17:03:54+00:00,1,Docs,0,1,2026-05,2026
65641,pull_request,closed,2026-05-14 18:01:45+00:00,2026-05-15 16:23:00+00:00,0,Docs,0,1,2026-05,2026
65640,pull_request,closed,2026-05-14 17:56:17+00:00,2026-05-19 20:30:12+00:00,5,"Docs,Groupby",0,1,2026-05,2026
65639,pull_request,closed,2026-05-14 17:42:09+00:00,2026-05-15 16:24:13+00:00,0,Typing,0,1,2026-05,2026
65638,pull_request,closed,2026-05-14 17:37:26+00:00,2026-05-16 17:22:25+00:00,1,Docs,0,1,2026-05,2026
65637,pull_request,closed,2026-05-14 17:28:57+00:00,2026-05-15 16:24:57+00:00,0,Docs,0,1,2026-05,2026
65636,pull_request,closed,2026-05-14 17:22:48+00:00,2026-05-16 17:25:10+00:00,2,Docs,0,1,2026-05,2026
65634,pull_request,closed,2026-05-14 16:58:50+00:00,2026-05-16 17:26:46+00:00,2,Docs,0,1,2026-05,2026
65631,pull_request,closed,2026-05-13 22:09:51+00:00,2026-05-14 16:45:25+00:00,0,"Docs,Error Reporting",0,1,2026-05,2026
65630,pull_request,closed,2026-05-13 17:58:19+00:00,2026-05-14 16:46:48+00:00,0,Typing,0,1,2026-05,2026
65629,pull_request,closed,2026-05-13 17:18:42+00:00,2026-05-16 17:18:05+00:00,2,Typing,0,1,2026-05,2026
65628,pull_request,closed,2026-05-13 14:48:33+00:00,2026-05-13 17:17:26+00:00,0,Visualization,0,1,2026-05,2026
65627,pull_request,closed,2026-05-13 14:25:28+00:00,2026-05-13 16:47:22+00:00,0,"Enhancement,IO CSV,Complex",0,1,2026-05,2026
65626,pull_request,closed,2026-05-13 06:59:01+00:00,2026-05-22 14:59:17+00:00,9,,0,0,2026-05,2026
65625,pull_request,closed,2026-05-13 00:29:22+00:00,2026-05-13 01:23:00+00:00,0,,0,1,2026-05,2026
65624,pull_request,closed,2026-05-13 00:14:04+00:00,2026-05-13 17:18:19+00:00,0,Typing,0,1,2026-05,2026
65623,pull_request,closed,2026-05-13 00:09:37+00:00,2026-05-13 16:51:18+00:00,0,Docs,0,1,2026-05,2026
65622,pull_request,closed,2026-05-12 22:48:25+00:00,2026-05-13 16:52:23+00:00,0,Docs,0,1,2026-05,2026
65621,pull_request,closed,2026-05-12 22:45:40+00:00,2026-05-13 16:53:18+00:00,0,Docs,0,1,2026-05,2026
65620,pull_request,closed,2026-05-12 22:40:41+00:00,2026-05-15 16:15:19+00:00,2,Docs,0,1,2026-05,2026
65619,pull_request,closed,2026-05-12 22:38:38+00:00,2026-05-13 16:54:08+00:00,0,Docs,0,1,2026-05,2026
65618,pull_request,closed,2026-05-12 22:29:45+00:00,2026-05-13 14:26:51+00:00,0,,0,1,2026-05,2026
65617,pull_request,closed,2026-05-12 15:38:02+00:00,2026-05-12 15:39:16+00:00,0,,0,0,2026-05,2026
65616,pull_request,closed,2026-05-12 14:57:42+00:00,2026-05-12 16:12:32+00:00,0,Clean,0,1,2026-05,2026
65614,pull_request,closed,2026-05-12 01:05:00+00:00,2026-05-12 16:16:25+00:00,0,Typing,0,1,2026-05,2026
65613,pull_request,closed,2026-05-12 00:52:32+00:00,2026-05-12 19:20:50+00:00,0,Typing,0,1,2026-05,2026
65612,pull_request,closed,2026-05-12 00:51:47+00:00,2026-05-12 16:17:50+00:00,0,Typing,0,1,2026-05,2026
65611,pull_request,closed,2026-05-12 00:50:07+00:00,2026-05-12 19:21:38+00:00,0,Typing,0,1,2026-05,2026
65610,pull_request,closed,2026-05-12 00:39:54+00:00,2026-05-12 16:18:59+00:00,0,Typing,0,1,2026-05,2026
65609,pull_request,closed,2026-05-12 00:28:19+00:00,2026-05-12 08:27:29+00:00,0,Bug,1,1,2026-05,2026
65605,pull_request,closed,2026-05-11 20:22:11+00:00,2026-05-12 16:22:05+00:00,0,Docs,0,1,2026-05,2026
65600,pull_request,closed,2026-05-11 20:03:20+00:00,2026-05-12 16:29:35+00:00,0,Error Reporting,0,1,2026-05,2026
65599,pull_request,closed,2026-05-11 20:02:53+00:00,2026-05-12 16:27:48+00:00,0,Testing,0,1,2026-05,2026
65598,pull_request,closed,2026-05-11 20:02:25+00:00,2026-05-12 16:31:30+00:00,0,IO HDF5,0,1,2026-05,2026
65596,pull_request,closed,2026-05-11 20:01:28+00:00,2026-05-12 16:26:13+00:00,0,Testing,0,1,2026-05,2026
65594,pull_request,closed,2026-05-11 19:43:12+00:00,2026-05-12 17:47:27+00:00,0,Typing,0,1,2026-05,2026
65592,pull_request,closed,2026-05-11 17:30:20+00:00,2026-05-16 15:31:11+00:00,4,"Deprecate,Describe/info/etc",0,1,2026-05,2026
65591,pull_request,closed,2026-05-11 17:28:21+00:00,2026-05-12 00:27:44+00:00,0,Bug,1,1,2026-05,2026
65590,pull_request,closed,2026-05-11 15:38:41+00:00,2026-05-11 16:12:03+00:00,0,"Build,Release",0,1,2026-05,2026
65589,pull_request,closed,2026-05-11 14:01:16+00:00,2026-05-11 15:27:32+00:00,0,"Docs,Release,Still Needs Manual Backport",0,1,2026-05,2026
65586,pull_request,closed,2026-05-11 10:57:35+00:00,2026-05-11 13:53:03+00:00,0,"CI,Dependencies",0,1,2026-05,2026
65585,pull_request,closed,2026-05-11 10:39:01+00:00,2026-05-14 00:33:52+00:00,2,"Bug,ExtensionArray",1,1,2026-05,2026
65584,pull_request,closed,2026-05-11 05:03:44+00:00,2026-05-11 20:43:58+00:00,0,,0,1,2026-05,2026
65582,pull_request,closed,2026-05-10 22:40:40+00:00,2026-05-12 16:33:18+00:00,1,Error Reporting,0,1,2026-05,2026
65579,pull_request,closed,2026-05-10 19:16:38+00:00,2026-05-11 15:18:09+00:00,0,Docs,0,1,2026-05,2026
65578,pull_request,closed,2026-05-10 18:38:26+00:00,2026-05-11 15:35:09+00:00,0,"Error Reporting,IO HDF5",0,1,2026-05,2026
65569,pull_request,closed,2026-05-10 05:24:27+00:00,2026-05-12 09:39:13+00:00,2,CI,0,1,2026-05,2026
65568,pull_request,closed,2026-05-10 01:31:39+00:00,2026-05-17 20:09:16+00:00,7,,0,0,2026-05,2026
65567,pull_request,closed,2026-05-10 00:37:13+00:00,2026-05-16 17:16:19+00:00,6,IO HDF5,0,1,2026-05,2026
65566,pull_request,closed,2026-05-10 00:14:37+00:00,2026-05-11 15:22:37+00:00,1,"IO HDF5,Period",0,1,2026-05,2026
65565,pull_request,closed,2026-05-09 22:02:31+00:00,2026-05-11 15:20:34+00:00,1,Error Reporting,0,1,2026-05,2026
65563,pull_request,closed,2026-05-09 18:32:20+00:00,2026-05-11 15:24:27+00:00,1,Docs,0,1,2026-05,2026
65562,pull_request,closed,2026-05-09 18:31:17+00:00,2026-05-11 15:40:24+00:00,1,"Error Reporting,IO CSV",0,1,2026-05,2026
65561,pull_request,closed,2026-05-09 18:24:05+00:00,2026-05-11 15:43:15+00:00,1,Docs,0,1,2026-05,2026
65560,pull_request,closed,2026-05-09 18:07:57+00:00,2026-05-11 15:46:11+00:00,1,Docs,0,1,2026-05,2026
65556,pull_request,closed,2026-05-09 14:15:26+00:00,2026-05-12 00:19:42+00:00,2,,0,1,2026-05,2026
65555,pull_request,closed,2026-05-09 14:13:22+00:00,2026-05-13 17:49:28+00:00,4,,0,1,2026-05,2026
65554,pull_request,closed,2026-05-09 12:37:52+00:00,2026-05-09 16:23:21+00:00,0,,0,0,2026-05,2026
65552,pull_request,closed,2026-05-09 05:33:24+00:00,2026-05-09 08:31:13+00:00,0,,0,0,2026-05,2026
65551,pull_request,closed,2026-05-08 22:59:14+00:00,2026-05-15 11:33:31+00:00,6,"Bug,Groupby,NA - MaskedArrays,Transformations",1,1,2026-05,2026
65549,pull_request,closed,2026-05-08 22:49:43+00:00,2026-05-08 23:51:52+00:00,0,Typing,0,1,2026-05,2026
65548,pull_request,closed,2026-05-08 22:38:27+00:00,2026-05-11 15:25:44+00:00,2,Typing,0,1,2026-05,2026
65547,pull_request,closed,2026-05-08 22:32:31+00:00,2026-05-08 23:52:53+00:00,0,Typing,0,1,2026-05,2026
65546,pull_request,closed,2026-05-08 22:31:53+00:00,2026-05-08 23:54:32+00:00,0,Docs,0,1,2026-05,2026
65545,pull_request,closed,2026-05-08 22:26:33+00:00,2026-05-09 11:59:19+00:00,0,"Docs,Groupby,Resample,Clean",0,1,2026-05,2026
65544,pull_request,closed,2026-05-08 22:20:09+00:00,2026-05-08 23:57:05+00:00,0,Docs,0,1,2026-05,2026
65543,pull_request,closed,2026-05-08 22:10:35+00:00,2026-05-08 23:58:20+00:00,0,Typing,0,1,2026-05,2026
65542,pull_request,closed,2026-05-08 22:09:43+00:00,2026-05-08 23:59:47+00:00,0,Docs,0,1,2026-05,2026
65541,pull_request,closed,2026-05-08 22:04:44+00:00,2026-05-09 00:00:52+00:00,0,Typing,0,1,2026-05,2026
65540,pull_request,closed,2026-05-08 22:01:32+00:00,2026-05-09 00:01:49+00:00,0,Typing,0,1,2026-05,2026
65539,pull_request,closed,2026-05-08 21:59:50+00:00,2026-05-09 00:02:40+00:00,0,Docs,0,1,2026-05,2026
65538,pull_request,closed,2026-05-08 21:59:02+00:00,2026-05-11 15:47:40+00:00,2,Docs,0,1,2026-05,2026
65537,pull_request,closed,2026-05-08 21:50:59+00:00,2026-05-09 00:04:02+00:00,0,Typing,0,1,2026-05,2026
65535,pull_request,closed,2026-05-08 21:47:11+00:00,2026-05-09 00:05:19+00:00,0,Typing,0,1,2026-05,2026
65534,pull_request,closed,2026-05-08 21:43:15+00:00,2026-05-09 00:06:35+00:00,0,Typing,0,1,2026-05,2026
65533,pull_request,closed,2026-05-08 21:41:07+00:00,2026-05-09 11:53:40+00:00,0,Typing,0,1,2026-05,2026
65532,pull_request,closed,2026-05-08 21:39:38+00:00,2026-05-12 16:32:16+00:00,3,Docs,0,1,2026-05,2026
65531,pull_request,closed,2026-05-08 21:34:25+00:00,2026-05-09 00:08:30+00:00,0,"Code Style,Clean",0,1,2026-05,2026
65530,pull_request,closed,2026-05-08 21:30:34+00:00,2026-05-15 21:12:56+00:00,6,"Sparse,Needs Tests,Reduction Operations",0,1,2026-05,2026
65527,pull_request,closed,2026-05-08 16:37:50+00:00,2026-05-09 00:09:46+00:00,0,Docs,0,1,2026-05,2026
65522,pull_request,closed,2026-05-08 06:46:29+00:00,2026-05-08 17:53:03+00:00,0,,0,1,2026-05,2026
65520,pull_request,closed,2026-05-08 05:01:35+00:00,2026-05-08 07:49:39+00:00,0,,0,1,2026-05,2026
65519,pull_request,closed,2026-05-08 03:24:44+00:00,2026-05-09 04:57:51+00:00,1,,0,0,2026-05,2026
65517,pull_request,closed,2026-05-08 00:48:35+00:00,2026-05-08 17:48:39+00:00,0,Docs,0,1,2026-05,2026
65516,pull_request,closed,2026-05-08 00:44:34+00:00,2026-05-08 07:51:32+00:00,0,Docs,0,1,2026-05,2026
65514,pull_request,closed,2026-05-08 00:27:34+00:00,2026-05-08 17:20:18+00:00,0,Docs,0,1,2026-05,2026
65512,pull_request,closed,2026-05-08 00:18:02+00:00,2026-05-08 17:45:25+00:00,0,Typing,0,1,2026-05,2026
65509,pull_request,closed,2026-05-07 21:37:33+00:00,2026-05-08 17:50:56+00:00,0,Testing,0,1,2026-05,2026
65508,pull_request,closed,2026-05-07 21:30:47+00:00,2026-05-08 17:52:16+00:00,0,Timezones,0,1,2026-05,2026
65506,pull_request,closed,2026-05-07 21:26:29+00:00,2026-05-08 17:40:33+00:00,0,"Groupby,Resample",0,1,2026-05,2026
65505,pull_request,closed,2026-05-07 21:01:25+00:00,2026-05-08 17:26:11+00:00,0,Docs,0,1,2026-05,2026
65504,pull_request,closed,2026-05-07 20:45:17+00:00,2026-05-08 17:27:24+00:00,0,Docs,0,1,2026-05,2026
65503,pull_request,closed,2026-05-07 20:44:02+00:00,2026-05-08 17:24:59+00:00,0,Docs,0,1,2026-05,2026
65501,pull_request,closed,2026-05-07 16:10:49+00:00,2026-05-07 17:32:36+00:00,0,Arrow,0,1,2026-05,2026
65499,pull_request,closed,2026-05-07 09:42:32+00:00,2026-05-07 16:10:34+00:00,0,Arrow,0,1,2026-05,2026
65498,pull_request,closed,2026-05-07 07:52:45+00:00,2026-05-07 09:00:02+00:00,0,,0,1,2026-05,2026
65497,pull_request,closed,2026-05-07 07:43:20+00:00,2026-05-07 16:17:16+00:00,0,Testing,0,1,2026-05,2026
65496,pull_request,closed,2026-05-07 06:59:27+00:00,2026-05-07 14:11:34+00:00,0,,0,1,2026-05,2026
65493,pull_request,closed,2026-05-06 21:45:08+00:00,2026-05-08 17:54:36+00:00,1,"Testing,Complex",0,1,2026-05,2026
65492,pull_request,closed,2026-05-06 21:27:52+00:00,2026-05-06 22:14:19+00:00,0,Docs,0,1,2026-05,2026
65491,pull_request,closed,2026-05-06 20:43:37+00:00,2026-05-06 22:18:59+00:00,0,Internals,0,1,2026-05,2026
65490,pull_request,closed,2026-05-06 20:33:55+00:00,2026-05-06 22:17:54+00:00,0,Performance,0,1,2026-05,2026
65489,pull_request,closed,2026-05-06 16:59:55+00:00,2026-05-06 18:06:20+00:00,0,"CI,Arrow",0,1,2026-05,2026
65487,pull_request,closed,2026-05-06 12:56:20+00:00,2026-05-06 13:00:25+00:00,0,,0,0,2026-05,2026
65486,pull_request,closed,2026-05-06 12:47:44+00:00,2026-05-06 13:53:49+00:00,0,,0,1,2026-05,2026
65485,pull_request,closed,2026-05-06 12:33:14+00:00,2026-05-06 13:54:04+00:00,0,,0,1,2026-05,2026
65484,pull_request,closed,2026-05-06 10:53:19+00:00,2026-05-06 13:00:51+00:00,0,,0,0,2026-05,2026
65482,pull_request,closed,2026-05-06 09:21:40+00:00,2026-05-06 20:33:47+00:00,0,Performance,0,1,2026-05,2026
65481,pull_request,closed,2026-05-06 08:49:38+00:00,2026-05-06 15:59:16+00:00,0,"Performance,Timezones",0,1,2026-05,2026
65480,pull_request,closed,2026-05-06 08:45:39+00:00,2026-05-07 07:30:00+00:00,0,"Performance,Timezones",0,1,2026-05,2026
65477,pull_request,closed,2026-05-05 22:40:30+00:00,2026-05-14 02:13:12+00:00,8,,0,0,2026-05,2026
65476,pull_request,closed,2026-05-05 22:03:18+00:00,2026-05-07 16:18:47+00:00,1,Testing,0,1,2026-05,2026
65474,pull_request,closed,2026-05-05 20:46:43+00:00,2026-05-06 22:24:52+00:00,1,,0,1,2026-05,2026
65470,pull_request,closed,2026-05-05 14:39:33+00:00,2026-05-05 16:36:10+00:00,0,"Bug,IO Data",1,1,2026-05,2026
65466,pull_request,closed,2026-05-05 04:52:29+00:00,2026-05-11 08:43:07+00:00,6,"Deprecate,inplace",0,1,2026-05,2026
65465,pull_request,closed,2026-05-05 02:43:36+00:00,2026-05-05 16:38:36+00:00,0,Typing,0,1,2026-05,2026
65464,pull_request,closed,2026-05-04 16:30:09+00:00,2026-05-04 22:29:41+00:00,0,Code Style,0,1,2026-05,2026
65463,pull_request,closed,2026-05-04 15:29:53+00:00,2026-05-05 13:03:26+00:00,0,CI,0,1,2026-05,2026
65461,pull_request,closed,2026-05-04 12:54:04+00:00,2026-05-04 15:21:41+00:00,0,CI,0,1,2026-05,2026
65460,pull_request,closed,2026-05-04 10:15:00+00:00,2026-05-11 21:12:05+00:00,7,,0,0,2026-05,2026
65459,pull_request,closed,2026-05-04 09:25:10+00:00,2026-05-04 15:07:13+00:00,0,"CI,Dependencies",0,1,2026-05,2026
65456,pull_request,closed,2026-05-04 02:55:13+00:00,2026-05-11 21:16:46+00:00,7,,0,0,2026-05,2026
65455,pull_request,closed,2026-05-03 21:06:59+00:00,2026-05-10 16:08:35+00:00,6,"Build,CI",0,1,2026-05,2026
65454,pull_request,closed,2026-05-03 16:21:59+00:00,2026-05-08 17:59:38+00:00,5,,0,1,2026-05,2026
65453,pull_request,closed,2026-05-03 16:10:00+00:00,2026-05-04 15:28:37+00:00,0,Benchmark,0,1,2026-05,2026
65451,pull_request,closed,2026-05-03 15:33:37+00:00,2026-05-04 15:31:19+00:00,0,Testing,0,1,2026-05,2026
65450,pull_request,closed,2026-05-03 15:16:50+00:00,2026-05-04 15:32:49+00:00,1,IO JSON,0,1,2026-05,2026
65449,pull_request,closed,2026-05-03 14:38:01+00:00,2026-05-03 17:30:40+00:00,0,Benchmark,0,1,2026-05,2026
65447,pull_request,closed,2026-05-03 05:21:18+00:00,2026-05-03 17:25:54+00:00,0,CI,0,1,2026-05,2026
65445,pull_request,closed,2026-05-02 07:47:58+00:00,2026-05-03 14:36:58+00:00,1,,0,1,2026-05,2026
65441,pull_request,closed,2026-05-01 08:04:13+00:00,2026-05-06 00:44:31+00:00,4,"Docs,Missing-data",0,1,2026-05,2026
65440,pull_request,closed,2026-05-01 01:53:18+00:00,2026-05-01 16:11:54+00:00,0,Testing,0,1,2026-05,2026
65439,pull_request,closed,2026-05-01 01:47:40+00:00,2026-05-07 16:20:18+00:00,6,Testing,0,1,2026-05,2026
65438,pull_request,closed,2026-05-01 01:45:09+00:00,2026-05-03 17:36:43+00:00,2,"Bug,Period",1,1,2026-05,2026
65437,pull_request,closed,2026-05-01 01:41:25+00:00,2026-05-01 16:14:16+00:00,0,"Bug,Output-Formatting",1,1,2026-05,2026
65436,pull_request,closed,2026-04-30 20:01:27+00:00,2026-05-03 15:21:05+00:00,2,"Visualization,Compat",0,1,2026-04,2026
65435,pull_request,closed,2026-04-30 17:38:11+00:00,2026-05-03 17:38:52+00:00,3,"Bug,Timestamp",1,1,2026-04,2026
65434,pull_request,closed,2026-04-30 17:34:35+00:00,2026-05-01 16:08:41+00:00,0,Clean,0,1,2026-04,2026
65433,pull_request,closed,2026-04-30 16:40:03+00:00,2026-05-02 17:16:51+00:00,2,CI,0,1,2026-04,2026
65432,pull_request,closed,2026-04-30 16:33:11+00:00,2026-05-17 13:24:27+00:00,16,"Period,Deprecate",0,1,2026-04,2026
65431,pull_request,closed,2026-04-30 16:24:55+00:00,2026-05-07 13:03:12+00:00,6,,0,1,2026-04,2026
65430,pull_request,closed,2026-04-30 16:20:12+00:00,2026-05-01 11:26:45+00:00,0,CI,0,1,2026-04,2026
65429,pull_request,closed,2026-04-30 16:06:07+00:00,2026-04-30 16:58:15+00:00,0,Refactor,0,1,2026-04,2026
65427,pull_request,closed,2026-04-30 10:52:27+00:00,2026-05-06 17:27:31+00:00,6,,0,0,2026-04,2026
65426,pull_request,closed,2026-04-30 09:43:53+00:00,2026-04-30 20:19:48+00:00,0,Docs,0,1,2026-04,2026
65425,pull_request,closed,2026-04-30 08:39:27+00:00,2026-04-30 09:20:26+00:00,0,Docs,0,1,2026-04,2026
65424,pull_request,closed,2026-04-30 08:27:30+00:00,2026-04-30 16:25:26+00:00,0,CI,0,1,2026-04,2026
65423,pull_request,closed,2026-04-29 22:17:02+00:00,2026-04-30 15:29:13+00:00,0,,0,0,2026-04,2026
65422,pull_request,closed,2026-04-29 21:59:35+00:00,2026-05-07 16:21:33+00:00,7,Testing,0,1,2026-04,2026
65421,pull_request,closed,2026-04-29 21:27:08+00:00,2026-04-30 16:54:13+00:00,0,Clean,0,1,2026-04,2026
65418,pull_request,closed,2026-04-29 20:36:27+00:00,2026-05-06 18:04:56+00:00,6,Bug,1,1,2026-04,2026
65417,pull_request,closed,2026-04-29 20:35:30+00:00,2026-04-30 16:53:34+00:00,0,Clean,0,1,2026-04,2026
65416,pull_request,closed,2026-04-29 17:13:49+00:00,2026-04-30 16:52:32+00:00,0,Clean,0,1,2026-04,2026
65415,pull_request,closed,2026-04-29 16:06:50+00:00,2026-04-30 06:44:34+00:00,0,"Timezones,Arrow",0,1,2026-04,2026
65413,pull_request,closed,2026-04-29 13:57:51+00:00,2026-05-06 00:46:18+00:00,6,"Bug,Missing-data,Categorical,Apply",1,1,2026-04,2026
65411,pull_request,closed,2026-04-29 12:36:40+00:00,2026-04-29 16:06:06+00:00,0,"Timezones,Arrow",0,1,2026-04,2026
65410,pull_request,closed,2026-04-29 12:33:07+00:00,2026-05-06 16:59:25+00:00,7,"CI,Arrow",0,1,2026-04,2026
65409,pull_request,closed,2026-04-29 10:05:35+00:00,2026-05-08 21:18:27+00:00,9,,0,1,2026-04,2026
65407,pull_request,closed,2026-04-29 07:51:07+00:00,2026-04-29 08:51:48+00:00,0,,0,1,2026-04,2026
65406,pull_request,closed,2026-04-29 07:49:38+00:00,2026-04-29 08:51:36+00:00,0,,0,1,2026-04,2026
65405,pull_request,closed,2026-04-29 00:35:03+00:00,2026-05-05 22:32:00+00:00,6,Docs,0,1,2026-04,2026
65404,pull_request,closed,2026-04-28 23:57:15+00:00,2026-04-29 07:52:52+00:00,0,,0,1,2026-04,2026
65403,pull_request,closed,2026-04-28 18:18:16+00:00,2026-04-28 23:56:43+00:00,0,,0,1,2026-04,2026
65402,pull_request,closed,2026-04-28 17:49:38+00:00,2026-04-28 18:58:09+00:00,0,Testing,0,1,2026-04,2026
65401,pull_request,closed,2026-04-28 15:12:39+00:00,2026-04-29 08:18:19+00:00,0,"Bug,Strings,Arrow",1,1,2026-04,2026
65400,pull_request,closed,2026-04-28 15:11:12+00:00,2026-04-28 17:50:37+00:00,0,"Bug,Compat",1,1,2026-04,2026
65399,pull_request,closed,2026-04-28 14:53:48+00:00,2026-04-30 08:39:18+00:00,1,Docs,0,1,2026-04,2026
65398,pull_request,closed,2026-04-28 13:50:16+00:00,2026-04-28 15:11:52+00:00,0,,0,1,2026-04,2026
65397,pull_request,closed,2026-04-28 13:31:08+00:00,2026-04-28 15:54:43+00:00,0,,0,1,2026-04,2026
65396,pull_request,closed,2026-04-28 07:06:57+00:00,2026-05-14 17:46:45+00:00,16,,0,1,2026-04,2026
65395,pull_request,closed,2026-04-28 03:25:29+00:00,2026-05-07 20:53:53+00:00,9,Performance,0,1,2026-04,2026
65394,pull_request,closed,2026-04-28 03:19:19+00:00,2026-04-28 17:52:36+00:00,0,Clean,0,1,2026-04,2026
65392,pull_request,closed,2026-04-28 03:05:28+00:00,2026-04-28 16:45:36+00:00,0,,0,1,2026-04,2026
65391,pull_request,closed,2026-04-28 03:04:54+00:00,2026-04-28 17:56:47+00:00,0,Missing-data,0,1,2026-04,2026
65390,pull_request,closed,2026-04-28 03:03:12+00:00,2026-04-28 18:00:03+00:00,0,Frequency,0,1,2026-04,2026
65388,pull_request,closed,2026-04-28 02:51:59+00:00,2026-04-28 18:46:46+00:00,0,Timedelta,0,1,2026-04,2026
65387,pull_request,closed,2026-04-28 02:45:10+00:00,2026-04-28 17:55:23+00:00,0,,0,1,2026-04,2026
65386,pull_request,closed,2026-04-28 02:37:19+00:00,2026-04-28 18:01:42+00:00,0,,0,0,2026-04,2026
65385,pull_request,closed,2026-04-28 02:19:55+00:00,2026-04-29 08:20:47+00:00,1,Docs,0,1,2026-04,2026
65383,pull_request,closed,2026-04-28 02:07:15+00:00,2026-04-28 18:50:11+00:00,0,Typing,0,1,2026-04,2026
65379,pull_request,closed,2026-04-27 15:26:11+00:00,2026-04-27 16:20:53+00:00,0,CI,0,1,2026-04,2026
65377,pull_request,closed,2026-04-27 10:19:29+00:00,2026-04-27 10:27:57+00:00,0,,0,0,2026-04,2026
65376,pull_request,closed,2026-04-27 09:05:15+00:00,2026-04-27 17:35:08+00:00,0,"CI,Dependencies",0,1,2026-04,2026
65374,pull_request,closed,2026-04-27 02:33:17+00:00,2026-04-27 21:09:31+00:00,0,Docs,0,1,2026-04,2026
65371,pull_request,closed,2026-04-26 13:20:35+00:00,2026-05-05 21:32:50+00:00,9,"Docs,Dtype Conversions",0,1,2026-04,2026
65370,pull_request,closed,2026-04-26 11:31:52+00:00,2026-04-29 16:31:56+00:00,3,,0,0,2026-04,2026
65367,pull_request,closed,2026-04-25 13:00:30+00:00,2026-05-07 02:24:59+00:00,11,,0,0,2026-04,2026
65363,pull_request,closed,2026-04-24 21:22:16+00:00,2026-04-28 18:59:43+00:00,3,"Performance,IO SAS",0,1,2026-04,2026
65360,pull_request,closed,2026-04-24 13:57:29+00:00,2026-05-03 13:50:52+00:00,8,"Bug,expressions",1,1,2026-04,2026
65359,pull_request,closed,2026-04-24 13:24:00+00:00,2026-04-27 15:20:29+00:00,3,CI,0,1,2026-04,2026
65356,pull_request,closed,2026-04-24 08:26:45+00:00,2026-04-28 02:35:44+00:00,3,,0,1,2026-04,2026
65354,pull_request,closed,2026-04-24 02:10:37+00:00,2026-04-28 21:12:34+00:00,4,Indexing,0,1,2026-04,2026
65352,pull_request,closed,2026-04-24 00:13:19+00:00,2026-04-29 21:16:28+00:00,5,,0,0,2026-04,2026
65348,pull_request,closed,2026-04-23 17:06:45+00:00,2026-04-24 06:43:51+00:00,0,"CI,Typing",0,1,2026-04,2026
65346,pull_request,closed,2026-04-23 15:19:54+00:00,2026-04-23 17:06:16+00:00,0,"CI,Typing",0,1,2026-04,2026
65344,pull_request,closed,2026-04-23 07:34:20+00:00,2026-05-08 00:15:35+00:00,14,,0,1,2026-04,2026
65343,pull_request,closed,2026-04-23 04:46:16+00:00,2026-04-25 15:05:15+00:00,2,,0,0,2026-04,2026
65342,pull_request,closed,2026-04-23 03:24:49+00:00,2026-05-03 13:22:25+00:00,10,"Bug,Missing-data,Timestamp",1,1,2026-04,2026
65341,pull_request,closed,2026-04-22 22:04:22+00:00,2026-04-28 19:06:30+00:00,5,Docs,0,1,2026-04,2026
65340,pull_request,closed,2026-04-22 22:03:52+00:00,2026-04-23 16:53:12+00:00,0,CI,0,1,2026-04,2026
65339,pull_request,closed,2026-04-22 22:03:23+00:00,2026-04-29 16:10:46+00:00,6,Docs,0,1,2026-04,2026
65338,pull_request,closed,2026-04-22 21:55:43+00:00,2026-04-23 17:19:17+00:00,0,Docs,0,1,2026-04,2026
65337,pull_request,closed,2026-04-22 21:18:58+00:00,2026-05-06 18:03:44+00:00,13,Performance,0,1,2026-04,2026
65336,pull_request,closed,2026-04-22 17:36:46+00:00,2026-04-22 19:19:49+00:00,0,,0,0,2026-04,2026
65335,pull_request,closed,2026-04-22 16:54:48+00:00,2026-05-11 21:17:22+00:00,19,,0,1,2026-04,2026
65334,pull_request,closed,2026-04-22 16:03:07+00:00,2026-04-23 08:27:19+00:00,0,,0,1,2026-04,2026
65332,pull_request,closed,2026-04-22 08:56:08+00:00,2026-05-05 21:34:23+00:00,13,"Bug,Groupby",1,1,2026-04,2026
65331,pull_request,closed,2026-04-22 07:32:08+00:00,2026-04-24 07:04:04+00:00,1,"Build,CI",0,1,2026-04,2026
65330,pull_request,closed,2026-04-22 05:40:30+00:00,2026-04-22 15:57:18+00:00,0,,0,0,2026-04,2026
65328,pull_request,closed,2026-04-22 04:06:23+00:00,2026-04-28 14:37:48+00:00,6,AI Slop,0,0,2026-04,2026
65327,pull_request,closed,2026-04-22 03:39:26+00:00,2026-04-22 15:57:40+00:00,0,,0,0,2026-04,2026
65325,pull_request,closed,2026-04-21 23:48:23+00:00,2026-04-22 00:44:58+00:00,0,,0,1,2026-04,2026
65323,pull_request,closed,2026-04-21 23:44:03+00:00,2026-04-22 00:45:21+00:00,0,,0,1,2026-04,2026
65322,pull_request,closed,2026-04-21 22:49:20+00:00,2026-04-29 16:20:55+00:00,7,Refactor,0,1,2026-04,2026
65321,pull_request,closed,2026-04-21 21:25:39+00:00,2026-04-22 04:43:19+00:00,0,,0,0,2026-04,2026
65319,pull_request,closed,2026-04-21 15:55:48+00:00,2026-04-21 16:46:58+00:00,0,,0,1,2026-04,2026
65318,pull_request,closed,2026-04-21 09:26:56+00:00,2026-04-21 17:55:42+00:00,0,"Bug,ExtensionArray",1,1,2026-04,2026
65316,pull_request,closed,2026-04-21 02:30:23+00:00,2026-04-29 08:29:55+00:00,8,"ExtensionArray,Index",0,1,2026-04,2026
65313,pull_request,closed,2026-04-20 21:02:10+00:00,2026-04-21 15:45:42+00:00,0,,0,1,2026-04,2026
65312,pull_request,closed,2026-04-20 19:01:45+00:00,2026-04-21 02:42:02+00:00,0,,0,0,2026-04,2026
65310,pull_request,closed,2026-04-20 08:51:05+00:00,2026-04-20 15:39:53+00:00,0,"CI,Dependencies",0,1,2026-04,2026
65309,pull_request,closed,2026-04-20 08:50:45+00:00,2026-04-20 15:39:15+00:00,0,"CI,Dependencies",0,1,2026-04,2026
65306,pull_request,closed,2026-04-20 04:08:09+00:00,2026-04-20 04:39:16+00:00,0,,0,0,2026-04,2026
65305,pull_request,closed,2026-04-20 02:54:57+00:00,2026-04-20 03:37:34+00:00,0,,0,0,2026-04,2026
65304,pull_request,closed,2026-04-20 02:26:13+00:00,2026-04-20 02:28:07+00:00,0,,0,0,2026-04,2026
65303,pull_request,closed,2026-04-20 02:14:04+00:00,2026-04-20 02:18:00+00:00,0,,0,0,2026-04,2026
65302,pull_request,closed,2026-04-19 20:00:33+00:00,2026-04-21 17:22:17+00:00,1,Performance,0,1,2026-04,2026
65301,pull_request,closed,2026-04-19 19:38:52+00:00,2026-05-07 17:34:21+00:00,17,"Bug,Reshaping",1,1,2026-04,2026
65300,pull_request,closed,2026-04-19 18:36:41+00:00,2026-05-03 02:47:49+00:00,13,CI,0,1,2026-04,2026
65299,pull_request,closed,2026-04-19 17:20:02+00:00,2026-05-11 21:18:06+00:00,22,,0,0,2026-04,2026
65297,pull_request,closed,2026-04-19 15:56:41+00:00,2026-04-20 15:47:37+00:00,0,"Refactor,NA - MaskedArrays",0,1,2026-04,2026
65296,pull_request,closed,2026-04-19 15:55:40+00:00,2026-04-20 15:39:32+00:00,0,Refactor,0,0,2026-04,2026
65295,pull_request,closed,2026-04-19 15:17:48+00:00,2026-05-16 14:17:36+00:00,26,"Performance,Algos",0,1,2026-04,2026
65292,pull_request,closed,2026-04-19 06:38:43+00:00,2026-04-19 20:08:39+00:00,0,,0,0,2026-04,2026
65289,pull_request,closed,2026-04-19 02:50:00+00:00,2026-04-19 18:59:10+00:00,0,,0,0,2026-04,2026
65288,pull_request,closed,2026-04-19 02:32:22+00:00,2026-04-20 15:12:49+00:00,1,,0,1,2026-04,2026
65285,pull_request,closed,2026-04-19 00:49:23+00:00,2026-04-20 15:52:31+00:00,1,Refactor,0,1,2026-04,2026
65282,pull_request,closed,2026-04-18 22:03:11+00:00,2026-04-19 19:31:10+00:00,0,Bug,1,0,2026-04,2026
65281,pull_request,closed,2026-04-18 21:28:45+00:00,2026-04-18 21:42:21+00:00,0,CI,0,1,2026-04,2026
65279,pull_request,closed,2026-04-18 18:33:18+00:00,2026-04-21 17:14:57+00:00,2,"Performance,Index",0,1,2026-04,2026
65276,pull_request,closed,2026-04-18 17:12:53+00:00,2026-04-18 21:10:02+00:00,0,Refactor,0,1,2026-04,2026
65275,pull_request,closed,2026-04-18 16:54:40+00:00,2026-05-06 17:38:13+00:00,18,,0,0,2026-04,2026
65274,pull_request,closed,2026-04-18 01:33:07+00:00,2026-04-24 20:00:47+00:00,6,,0,0,2026-04,2026
65273,pull_request,closed,2026-04-17 22:27:30+00:00,2026-04-18 21:08:35+00:00,0,"Bug,numba",1,1,2026-04,2026
65272,pull_request,closed,2026-04-17 21:35:18+00:00,2026-04-20 14:53:06+00:00,2,,0,0,2026-04,2026
65271,pull_request,closed,2026-04-17 15:35:37+00:00,2026-04-17 16:00:36+00:00,0,Clean,0,1,2026-04,2026
65270,pull_request,closed,2026-04-17 15:06:24+00:00,2026-04-19 15:59:05+00:00,2,"Deprecate,Mothballed",0,0,2026-04,2026
65269,pull_request,closed,2026-04-17 08:35:05+00:00,2026-04-17 15:42:45+00:00,0,,0,0,2026-04,2026
65268,pull_request,closed,2026-04-17 01:18:41+00:00,2026-04-27 20:54:17+00:00,10,"Bug,Index",1,1,2026-04,2026
65267,pull_request,closed,2026-04-16 23:13:41+00:00,2026-05-06 20:58:37+00:00,19,,0,0,2026-04,2026
65266,pull_request,closed,2026-04-16 21:23:52+00:00,2026-04-18 16:58:25+00:00,1,Refactor,0,1,2026-04,2026
65265,pull_request,closed,2026-04-16 20:43:44+00:00,2026-05-08 17:59:21+00:00,21,Refactor,0,1,2026-04,2026
65264,pull_request,closed,2026-04-16 20:37:12+00:00,2026-04-17 16:02:12+00:00,0,"Bug,Indexing",1,1,2026-04,2026
65263,pull_request,closed,2026-04-16 19:59:13+00:00,2026-05-11 21:18:54+00:00,25,,0,0,2026-04,2026
65262,pull_request,closed,2026-04-16 19:35:44+00:00,2026-04-16 20:48:20+00:00,0,"Bug,Arrow",1,1,2026-04,2026
65261,pull_request,closed,2026-04-16 13:57:24+00:00,2026-04-16 16:49:49+00:00,0,CI,0,1,2026-04,2026
65260,pull_request,closed,2026-04-16 13:17:47+00:00,2026-04-16 16:09:26+00:00,0,,0,1,2026-04,2026
65259,pull_request,closed,2026-04-16 13:12:51+00:00,2026-04-16 13:53:25+00:00,0,,0,1,2026-04,2026
65258,pull_request,closed,2026-04-16 13:10:50+00:00,2026-04-16 13:58:47+00:00,0,Docs,0,1,2026-04,2026
65257,pull_request,closed,2026-04-16 13:06:28+00:00,2026-04-16 13:52:59+00:00,0,,0,1,2026-04,2026
65256,pull_request,closed,2026-04-16 12:59:31+00:00,2026-04-16 13:58:17+00:00,0,"Bug,Strings,Arrow",1,1,2026-04,2026
65255,pull_request,closed,2026-04-16 12:51:55+00:00,2026-04-16 19:35:13+00:00,0,"Bug,Arrow",1,1,2026-04,2026
65246,pull_request,closed,2026-04-14 23:30:09+00:00,2026-04-15 17:08:10+00:00,0,Bug,1,0,2026-04,2026
65245,pull_request,closed,2026-04-14 23:27:19+00:00,2026-04-17 00:49:36+00:00,2,Bug,1,0,2026-04,2026
65244,pull_request,closed,2026-04-14 23:23:19+00:00,2026-04-17 15:49:52+00:00,2,"Bug,Internals",1,1,2026-04,2026
65241,pull_request,closed,2026-04-14 22:44:22+00:00,2026-04-21 17:23:23+00:00,6,"Bug,Indexing,ExtensionArray",1,1,2026-04,2026
65240,pull_request,closed,2026-04-14 22:43:16+00:00,2026-04-20 20:33:33+00:00,5,Bug,1,0,2026-04,2026
65239,pull_request,closed,2026-04-14 22:40:22+00:00,2026-04-21 17:36:08+00:00,6,"Bug,MultiIndex,Interval",1,1,2026-04,2026
65234,pull_request,closed,2026-04-14 22:15:27+00:00,2026-04-21 18:41:42+00:00,6,"Bug,MultiIndex",1,1,2026-04,2026
65235,pull_request,closed,2026-04-14 22:15:27+00:00,2026-04-22 16:28:22+00:00,7,"Bug,Indexing",1,1,2026-04,2026
65233,pull_request,closed,2026-04-14 22:07:47+00:00,2026-04-16 17:50:05+00:00,1,Refactor,0,1,2026-04,2026
65232,pull_request,closed,2026-04-14 22:05:16+00:00,2026-04-16 17:56:18+00:00,1,Testing,0,1,2026-04,2026
65230,pull_request,closed,2026-04-14 21:56:21+00:00,2026-04-16 17:41:46+00:00,1,Bug,1,1,2026-04,2026
65229,pull_request,closed,2026-04-14 21:53:26+00:00,2026-04-20 20:20:15+00:00,5,"Bug,Needs Discussion",1,1,2026-04,2026
65228,pull_request,closed,2026-04-14 21:50:19+00:00,2026-04-15 15:54:55+00:00,0,CI,0,1,2026-04,2026
65225,pull_request,closed,2026-04-14 17:32:11+00:00,2026-04-16 17:37:13+00:00,2,Refactor,0,1,2026-04,2026
65224,pull_request,closed,2026-04-14 17:28:16+00:00,2026-04-17 00:47:32+00:00,2,Testing,0,1,2026-04,2026
65222,pull_request,closed,2026-04-14 16:07:21+00:00,2026-04-20 15:25:01+00:00,5,Multithreading,0,0,2026-04,2026
65221,pull_request,closed,2026-04-14 15:43:07+00:00,2026-04-16 17:47:36+00:00,2,"Bug,MultiIndex",1,1,2026-04,2026
65219,pull_request,closed,2026-04-13 23:49:54+00:00,2026-04-30 01:35:35+00:00,16,,0,1,2026-04,2026
65217,pull_request,closed,2026-04-13 23:00:00+00:00,2026-04-14 16:29:47+00:00,0,"Bug,duplicated",1,1,2026-04,2026
65216,pull_request,closed,2026-04-13 22:39:41+00:00,2026-04-14 18:49:35+00:00,0,Build,0,1,2026-04,2026
65215,pull_request,closed,2026-04-13 20:13:50+00:00,2026-05-08 18:59:09+00:00,24,,0,0,2026-04,2026
65214,pull_request,closed,2026-04-13 18:54:37+00:00,2026-04-13 20:28:17+00:00,0,,0,1,2026-04,2026
65211,pull_request,closed,2026-04-13 17:55:26+00:00,2026-05-03 13:42:01+00:00,19,"Groupby,Performance,Arrow",0,1,2026-04,2026
65209,pull_request,closed,2026-04-13 16:41:24+00:00,2026-04-14 16:31:04+00:00,0,Refactor,0,1,2026-04,2026
65208,pull_request,closed,2026-04-13 14:29:10+00:00,2026-04-14 21:52:21+00:00,1,,0,1,2026-04,2026
65207,pull_request,closed,2026-04-13 08:33:03+00:00,2026-04-13 15:49:41+00:00,0,"CI,Dependencies",0,1,2026-04,2026
65206,pull_request,closed,2026-04-13 08:32:59+00:00,2026-04-13 16:03:46+00:00,0,"CI,Dependencies",0,1,2026-04,2026
65204,pull_request,closed,2026-04-13 08:32:56+00:00,2026-04-13 15:45:02+00:00,0,"CI,Dependencies",0,1,2026-04,2026
65203,pull_request,closed,2026-04-13 08:32:46+00:00,2026-04-13 16:01:17+00:00,0,"Build,CI,Dependencies",0,1,2026-04,2026
65202,pull_request,closed,2026-04-13 08:32:40+00:00,2026-04-13 15:42:39+00:00,0,"CI,Dependencies",0,1,2026-04,2026
65201,pull_request,closed,2026-04-13 04:35:20+00:00,2026-04-13 16:52:11+00:00,0,,0,1,2026-04,2026
65199,pull_request,closed,2026-04-13 00:05:59+00:00,2026-04-29 00:18:16+00:00,16,"Performance,Reshaping",0,1,2026-04,2026
65198,pull_request,closed,2026-04-12 19:55:22+00:00,2026-04-13 16:00:18+00:00,0,"Refactor,Period",0,1,2026-04,2026
65197,pull_request,closed,2026-04-12 19:31:23+00:00,2026-04-13 15:53:10+00:00,0,Dependencies,0,1,2026-04,2026
65196,pull_request,closed,2026-04-12 19:04:14+00:00,2026-04-13 22:25:47+00:00,1,CI,0,1,2026-04,2026
65193,pull_request,closed,2026-04-12 15:13:35+00:00,2026-04-12 18:43:44+00:00,0,Refactor,0,1,2026-04,2026
65192,pull_request,closed,2026-04-12 15:08:44+00:00,2026-05-09 15:43:52+00:00,27,Performance,0,1,2026-04,2026
65191,pull_request,closed,2026-04-12 15:05:14+00:00,2026-04-13 17:12:33+00:00,1,Refactor,0,1,2026-04,2026
65189,pull_request,closed,2026-04-12 09:14:52+00:00,2026-05-08 18:59:43+00:00,26,,0,0,2026-04,2026
65188,pull_request,closed,2026-04-12 01:26:58+00:00,2026-04-12 18:46:03+00:00,0,"Bug,Interval",1,1,2026-04,2026
65186,pull_request,closed,2026-04-12 00:19:03+00:00,2026-04-12 18:48:29+00:00,0,"Bug,Timedelta",1,1,2026-04,2026
65185,pull_request,closed,2026-04-11 23:36:12+00:00,2026-04-12 20:47:10+00:00,0,Refactor,0,1,2026-04,2026
65184,pull_request,closed,2026-04-11 23:33:52+00:00,2026-04-12 18:39:27+00:00,0,Refactor,0,1,2026-04,2026
65182,pull_request,closed,2026-04-11 22:55:57+00:00,2026-04-13 16:02:31+00:00,1,Refactor,0,1,2026-04,2026
65180,pull_request,closed,2026-04-11 22:49:12+00:00,2026-04-12 18:51:52+00:00,0,Performance,0,1,2026-04,2026
65179,pull_request,closed,2026-04-11 22:06:41+00:00,2026-04-18 17:01:52+00:00,6,Testing,0,1,2026-04,2026
65178,pull_request,closed,2026-04-11 19:18:59+00:00,2026-04-20 20:24:19+00:00,9,Clean,0,0,2026-04,2026
65177,pull_request,closed,2026-04-11 19:07:04+00:00,2026-04-16 17:45:31+00:00,4,Testing,0,1,2026-04,2026
65176,pull_request,closed,2026-04-11 19:03:13+00:00,2026-04-29 21:39:36+00:00,18,"Performance,Categorical",0,1,2026-04,2026
65175,pull_request,closed,2026-04-11 18:58:18+00:00,2026-04-15 14:26:28+00:00,3,Refactor,0,1,2026-04,2026
65174,pull_request,closed,2026-04-11 18:55:28+00:00,2026-04-16 17:52:05+00:00,4,"Refactor,Interval",0,1,2026-04,2026
65171,pull_request,closed,2026-04-11 18:37:15+00:00,2026-04-12 18:53:26+00:00,1,Refactor,0,1,2026-04,2026
65170,pull_request,closed,2026-04-11 18:28:42+00:00,2026-04-20 20:20:39+00:00,9,Bug,1,1,2026-04,2026
65169,pull_request,closed,2026-04-11 18:22:11+00:00,2026-04-19 15:59:18+00:00,7,"Deprecate,Mothballed",0,0,2026-04,2026
65168,pull_request,closed,2026-04-11 18:14:01+00:00,2026-04-16 18:01:19+00:00,4,"Bug,Timedelta",1,1,2026-04,2026
65167,pull_request,closed,2026-04-11 17:40:03+00:00,2026-04-11 17:58:22+00:00,0,CI,0,1,2026-04,2026
65166,pull_request,closed,2026-04-11 17:01:17+00:00,2026-04-13 17:13:31+00:00,2,"Datetime,Windows,Needs Tests",0,1,2026-04,2026
65165,pull_request,closed,2026-04-11 15:52:10+00:00,2026-05-16 14:08:28+00:00,34,"Performance,Algos,Non-Nano",0,1,2026-04,2026
65163,pull_request,closed,2026-04-11 00:48:48+00:00,2026-04-19 15:57:56+00:00,8,Deprecate,0,0,2026-04,2026
65162,pull_request,closed,2026-04-11 00:47:09+00:00,2026-04-11 17:03:56+00:00,0,Refactor,0,1,2026-04,2026
65161,pull_request,closed,2026-04-11 00:35:32+00:00,2026-04-13 15:57:45+00:00,2,Refactor,0,1,2026-04,2026
65158,pull_request,closed,2026-04-10 21:12:45+00:00,2026-04-11 17:08:21+00:00,0,Refactor,0,1,2026-04,2026
65157,pull_request,closed,2026-04-10 18:56:31+00:00,2026-04-11 17:10:19+00:00,0,"Error Reporting,ExtensionArray",0,1,2026-04,2026
65156,pull_request,closed,2026-04-10 18:48:16+00:00,2026-05-08 19:04:05+00:00,28,,0,1,2026-04,2026
65155,pull_request,closed,2026-04-10 18:36:45+00:00,2026-04-11 17:12:08+00:00,0,Docs,0,1,2026-04,2026
65154,pull_request,closed,2026-04-10 18:22:31+00:00,2026-04-10 21:04:49+00:00,0,Docs,0,1,2026-04,2026
65153,pull_request,closed,2026-04-10 16:53:46+00:00,2026-04-12 18:57:20+00:00,2,Benchmark,0,1,2026-04,2026
65152,pull_request,closed,2026-04-10 13:50:56+00:00,2026-04-10 15:42:46+00:00,0,,0,0,2026-04,2026
65151,pull_request,closed,2026-04-10 13:50:51+00:00,2026-04-10 15:42:28+00:00,0,,0,0,2026-04,2026
65149,pull_request,closed,2026-04-10 12:44:56+00:00,2026-04-16 19:38:14+00:00,6,Docs,0,1,2026-04,2026
65148,pull_request,closed,2026-04-10 11:00:54+00:00,2026-04-10 16:10:32+00:00,0,"Groupby,Clean",0,1,2026-04,2026
65147,pull_request,closed,2026-04-10 07:28:13+00:00,2026-04-28 15:12:08+00:00,18,"Bug,Strings,Arrow",1,1,2026-04,2026
65146,pull_request,closed,2026-04-10 04:45:16+00:00,2026-04-19 19:59:00+00:00,9,,0,1,2026-04,2026
65145,pull_request,closed,2026-04-10 03:04:12+00:00,2026-04-10 03:32:57+00:00,0,,0,0,2026-04,2026
65144,pull_request,closed,2026-04-09 23:54:11+00:00,2026-04-10 10:54:42+00:00,0,"Docs,Groupby",0,1,2026-04,2026
65143,pull_request,closed,2026-04-09 23:50:42+00:00,2026-04-10 21:11:22+00:00,0,Docs,0,1,2026-04,2026
65142,pull_request,closed,2026-04-09 23:49:54+00:00,2026-04-10 16:12:38+00:00,0,Docs,0,1,2026-04,2026
65141,pull_request,closed,2026-04-09 22:56:07+00:00,2026-04-10 22:33:19+00:00,0,"Bug,Groupby",1,1,2026-04,2026
65139,pull_request,closed,2026-04-09 20:17:31+00:00,2026-04-09 20:55:25+00:00,0,"Docs,Timezones",0,1,2026-04,2026
65138,pull_request,closed,2026-04-09 16:46:48+00:00,2026-04-09 17:47:49+00:00,0,Docs,0,1,2026-04,2026
65137,pull_request,closed,2026-04-09 16:17:16+00:00,2026-04-09 20:16:51+00:00,0,"Docs,Timezones",0,1,2026-04,2026
65135,pull_request,closed,2026-04-09 15:19:52+00:00,2026-04-30 09:30:45+00:00,20,,0,0,2026-04,2026
65134,pull_request,closed,2026-04-09 14:09:16+00:00,2026-04-28 17:47:53+00:00,19,"Timezones,IO Parquet,Arrow",0,1,2026-04,2026
65133,pull_request,closed,2026-04-09 09:20:10+00:00,2026-04-10 16:56:18+00:00,1,"Bug,Timezones,IO Parquet",1,1,2026-04,2026
65132,pull_request,closed,2026-04-09 08:04:59+00:00,2026-04-09 15:30:51+00:00,0,Build,0,1,2026-04,2026
65131,pull_request,closed,2026-04-09 07:47:45+00:00,2026-04-10 17:37:36+00:00,1,,0,1,2026-04,2026
65130,pull_request,closed,2026-04-09 03:35:48+00:00,2026-04-09 15:33:48+00:00,0,Docs,0,1,2026-04,2026
65129,pull_request,closed,2026-04-09 01:03:22+00:00,2026-04-10 00:29:27+00:00,0,,0,1,2026-04,2026
65128,pull_request,closed,2026-04-08 22:20:40+00:00,2026-04-09 11:43:12+00:00,0,Clean,0,1,2026-04,2026
65125,pull_request,closed,2026-04-08 14:59:07+00:00,2026-04-09 15:35:39+00:00,1,Docs,0,1,2026-04,2026
65124,pull_request,closed,2026-04-08 14:58:37+00:00,2026-04-09 15:47:47+00:00,1,Docs,0,1,2026-04,2026
65123,pull_request,closed,2026-04-08 14:57:59+00:00,2026-04-09 15:48:47+00:00,1,Docs,0,1,2026-04,2026
65121,pull_request,closed,2026-04-08 11:30:54+00:00,2026-04-20 14:26:16+00:00,12,,0,0,2026-04,2026
65119,pull_request,closed,2026-04-08 10:37:58+00:00,2026-05-18 06:12:06+00:00,39,,0,0,2026-04,2026
65116,pull_request,closed,2026-04-08 02:34:23+00:00,2026-04-09 22:17:34+00:00,1,,0,0,2026-04,2026
65115,pull_request,closed,2026-04-08 02:07:40+00:00,2026-05-13 23:27:25+00:00,35,Stale,0,0,2026-04,2026
65111,pull_request,closed,2026-04-07 08:58:08+00:00,2026-04-09 22:14:15+00:00,2,,0,0,2026-04,2026
65110,pull_request,closed,2026-04-07 07:57:15+00:00,2026-04-07 15:09:04+00:00,0,,0,1,2026-04,2026
65109,pull_request,closed,2026-04-07 05:23:06+00:00,2026-04-08 01:54:43+00:00,0,,0,0,2026-04,2026
65108,pull_request,closed,2026-04-07 00:44:30+00:00,2026-04-07 22:38:46+00:00,0,,0,0,2026-04,2026
65107,pull_request,closed,2026-04-06 21:59:06+00:00,2026-04-07 17:21:35+00:00,0,Performance,0,1,2026-04,2026
65106,pull_request,closed,2026-04-06 21:49:50+00:00,2026-04-22 21:37:39+00:00,15,Performance,0,0,2026-04,2026
65105,pull_request,closed,2026-04-06 21:44:19+00:00,2026-04-09 18:14:44+00:00,2,Performance,0,1,2026-04,2026
65104,pull_request,closed,2026-04-06 21:43:44+00:00,2026-04-09 18:12:57+00:00,2,Performance,0,1,2026-04,2026
65103,pull_request,closed,2026-04-06 21:25:16+00:00,2026-05-19 16:23:42+00:00,42,"Groupby,Performance,Reduction Operations",0,1,2026-04,2026
65101,pull_request,closed,2026-04-06 19:38:32+00:00,2026-04-07 13:29:31+00:00,0,"Bug,Groupby,Categorical",1,1,2026-04,2026
65099,pull_request,closed,2026-04-06 19:09:22+00:00,2026-04-10 17:28:40+00:00,3,,0,1,2026-04,2026
65095,pull_request,closed,2026-04-06 17:37:24+00:00,2026-04-06 18:52:15+00:00,0,Performance,0,1,2026-04,2026
65094,pull_request,closed,2026-04-06 17:31:31+00:00,2026-04-09 18:14:20+00:00,3,Performance,0,1,2026-04,2026
65090,pull_request,closed,2026-04-06 16:30:53+00:00,2026-04-06 18:53:09+00:00,0,Code Style,0,1,2026-04,2026
65089,pull_request,closed,2026-04-06 16:23:49+00:00,2026-04-06 17:06:16+00:00,0,CI,0,1,2026-04,2026
65088,pull_request,closed,2026-04-06 08:21:07+00:00,2026-04-06 15:10:36+00:00,0,"CI,Dependencies",0,1,2026-04,2026
65087,pull_request,closed,2026-04-06 08:21:02+00:00,2026-04-06 17:04:52+00:00,0,"Build,CI,Dependencies",0,1,2026-04,2026
65086,pull_request,closed,2026-04-06 08:20:54+00:00,2026-04-06 15:09:30+00:00,0,"CI,Dependencies",0,1,2026-04,2026
65084,pull_request,closed,2026-04-05 18:48:20+00:00,2026-04-05 19:37:35+00:00,0,CI,0,1,2026-04,2026
65083,pull_request,closed,2026-04-05 15:02:15+00:00,2026-04-29 08:22:33+00:00,23,,0,0,2026-04,2026
65082,pull_request,closed,2026-04-05 13:25:05+00:00,2026-04-28 14:02:22+00:00,23,,0,0,2026-04,2026
65081,pull_request,closed,2026-04-05 13:21:48+00:00,2026-04-05 14:16:34+00:00,0,,0,0,2026-04,2026
65079,pull_request,closed,2026-04-05 07:34:59+00:00,2026-04-05 18:12:40+00:00,0,,0,0,2026-04,2026
65078,pull_request,closed,2026-04-05 05:36:21+00:00,2026-04-09 22:47:21+00:00,4,,0,0,2026-04,2026
65077,pull_request,closed,2026-04-05 03:08:40+00:00,2026-04-06 02:55:43+00:00,0,,0,0,2026-04,2026
65075,pull_request,closed,2026-04-04 21:19:58+00:00,2026-04-18 21:07:22+00:00,13,CI,0,1,2026-04,2026
65074,pull_request,closed,2026-04-04 18:39:42+00:00,2026-04-04 20:25:29+00:00,0,CI,0,1,2026-04,2026
65073,pull_request,closed,2026-04-04 18:14:20+00:00,2026-04-04 19:40:00+00:00,0,Clean,0,1,2026-04,2026
65072,pull_request,closed,2026-04-04 17:18:38+00:00,2026-04-09 22:15:55+00:00,5,,0,0,2026-04,2026
65071,pull_request,closed,2026-04-04 17:03:53+00:00,2026-04-23 17:09:35+00:00,19,,0,0,2026-04,2026
65070,pull_request,closed,2026-04-04 16:31:35+00:00,2026-04-04 16:54:33+00:00,0,Docs,0,1,2026-04,2026
65061,pull_request,closed,2026-04-04 01:17:28+00:00,2026-04-06 15:33:11+00:00,2,Testing,0,1,2026-04,2026
65060,pull_request,closed,2026-04-04 01:07:50+00:00,2026-04-06 15:35:49+00:00,2,Testing,0,1,2026-04,2026
65059,pull_request,closed,2026-04-04 00:59:13+00:00,2026-04-06 15:38:21+00:00,2,Testing,0,1,2026-04,2026
65058,pull_request,closed,2026-04-04 00:58:50+00:00,2026-04-04 16:57:30+00:00,0,Testing,0,1,2026-04,2026
65057,pull_request,closed,2026-04-04 00:33:38+00:00,2026-04-04 18:15:47+00:00,0,IO CSV,0,1,2026-04,2026
65056,pull_request,closed,2026-04-04 00:25:23+00:00,2026-04-09 23:28:51+00:00,5,Deprecate,0,1,2026-04,2026
65054,pull_request,closed,2026-04-03 17:07:26+00:00,2026-04-04 17:07:21+00:00,0,Internals,0,1,2026-04,2026
65048,pull_request,closed,2026-04-03 08:55:28+00:00,2026-04-09 07:06:16+00:00,5,"Testing,Clean",0,1,2026-04,2026
65046,pull_request,closed,2026-04-03 03:26:15+00:00,2026-04-03 16:51:42+00:00,0,Performance,0,1,2026-04,2026
65045,pull_request,closed,2026-04-03 01:37:19+00:00,2026-05-06 18:55:46+00:00,33,,0,0,2026-04,2026
65044,pull_request,closed,2026-04-03 01:07:11+00:00,2026-04-08 20:52:26+00:00,5,"Deprecate,Mothballed",0,0,2026-04,2026
65042,pull_request,closed,2026-04-02 22:49:29+00:00,2026-04-03 00:21:37+00:00,0,"Performance,Categorical",0,1,2026-04,2026
65041,pull_request,closed,2026-04-02 22:22:32+00:00,2026-04-30 08:34:06+00:00,27,Bug,1,1,2026-04,2026
65039,pull_request,closed,2026-04-02 22:21:55+00:00,2026-04-16 20:09:25+00:00,13,Docs,0,1,2026-04,2026
65038,pull_request,closed,2026-04-02 22:21:43+00:00,2026-04-21 15:51:06+00:00,18,"Bug,Strings",1,1,2026-04,2026
65036,pull_request,closed,2026-04-02 21:59:34+00:00,2026-04-03 00:23:04+00:00,0,Clean,0,1,2026-04,2026
65035,pull_request,closed,2026-04-02 21:52:58+00:00,2026-04-21 09:50:09+00:00,18,Performance,0,0,2026-04,2026
65033,pull_request,closed,2026-04-02 20:58:54+00:00,2026-04-02 21:54:03+00:00,0,CI,0,1,2026-04,2026
65032,pull_request,closed,2026-04-02 20:56:53+00:00,2026-05-13 17:35:46+00:00,40,"Docs,Stale",0,1,2026-04,2026
65031,pull_request,closed,2026-04-02 18:25:36+00:00,2026-04-10 21:12:39+00:00,8,"Performance,Apply",0,1,2026-04,2026
65030,pull_request,closed,2026-04-02 17:10:14+00:00,2026-04-02 21:59:04+00:00,0,Performance,0,1,2026-04,2026
65028,pull_request,closed,2026-04-02 16:57:51+00:00,2026-04-03 18:14:44+00:00,1,Performance,0,1,2026-04,2026
65027,pull_request,closed,2026-04-02 16:56:50+00:00,2026-04-03 20:36:27+00:00,1,Performance,0,1,2026-04,2026
65026,pull_request,closed,2026-04-02 16:49:29+00:00,2026-04-06 16:00:02+00:00,3,Performance,0,1,2026-04,2026
65025,pull_request,closed,2026-04-02 16:22:54+00:00,2026-04-02 22:02:03+00:00,0,Clean,0,1,2026-04,2026
65024,pull_request,closed,2026-04-02 16:12:49+00:00,2026-04-04 19:05:05+00:00,2,Bug,1,1,2026-04,2026
65023,pull_request,closed,2026-04-02 16:10:09+00:00,2026-04-02 23:23:13+00:00,0,"CI,Compat",0,1,2026-04,2026
65022,pull_request,closed,2026-04-02 16:09:53+00:00,2026-04-04 19:00:38+00:00,2,Bug,1,1,2026-04,2026
65021,pull_request,closed,2026-04-02 16:03:39+00:00,2026-04-02 22:00:32+00:00,0,Testing,0,1,2026-04,2026
65019,pull_request,closed,2026-04-02 15:59:29+00:00,2026-04-03 18:17:28+00:00,1,Testing,0,1,2026-04,2026
65018,pull_request,closed,2026-04-02 15:57:58+00:00,2026-04-09 16:32:11+00:00,7,Performance,0,0,2026-04,2026
65017,pull_request,closed,2026-04-02 15:45:30+00:00,2026-04-08 21:24:18+00:00,6,Bug,1,0,2026-04,2026
65016,pull_request,closed,2026-04-02 15:29:42+00:00,2026-04-02 22:04:15+00:00,0,Performance,0,1,2026-04,2026
65015,pull_request,closed,2026-04-02 15:27:17+00:00,2026-04-20 20:23:32+00:00,18,Bug,1,0,2026-04,2026
65014,pull_request,closed,2026-04-02 15:20:31+00:00,2026-04-03 20:38:05+00:00,1,Datetime,0,1,2026-04,2026
65013,pull_request,closed,2026-04-02 15:19:36+00:00,2026-04-02 23:29:09+00:00,0,,0,0,2026-04,2026
65012,pull_request,closed,2026-04-02 15:18:37+00:00,2026-04-06 16:50:38+00:00,4,Bug,1,1,2026-04,2026
65011,pull_request,closed,2026-04-02 15:18:18+00:00,2026-04-03 00:25:12+00:00,0,"Bug,Datetime,Frequency",1,1,2026-04,2026
65010,pull_request,closed,2026-04-02 15:16:34+00:00,2026-04-20 20:23:55+00:00,18,Bug,1,0,2026-04,2026
65009,pull_request,closed,2026-04-02 15:16:19+00:00,2026-04-03 16:54:59+00:00,1,"replace,Non-Nano",0,1,2026-04,2026
65008,pull_request,closed,2026-04-02 15:16:10+00:00,2026-04-08 21:23:54+00:00,6,,0,0,2026-04,2026
65007,pull_request,closed,2026-04-02 15:15:26+00:00,2026-04-02 16:12:09+00:00,0,Docs,0,1,2026-04,2026
65006,pull_request,closed,2026-04-02 15:08:45+00:00,2026-04-02 17:22:03+00:00,0,Performance,0,1,2026-04,2026
65005,pull_request,closed,2026-04-02 15:07:44+00:00,2026-04-02 17:23:18+00:00,0,Performance,0,1,2026-04,2026
65004,pull_request,closed,2026-04-02 13:43:42+00:00,2026-04-09 23:28:36+00:00,7,Clean,0,1,2026-04,2026
65002,pull_request,closed,2026-04-02 12:41:22+00:00,2026-04-05 18:12:40+00:00,3,,0,0,2026-04,2026
65001,pull_request,closed,2026-04-02 09:44:20+00:00,2026-04-02 21:00:14+00:00,0,,0,0,2026-04,2026
64998,pull_request,closed,2026-04-02 05:06:02+00:00,2026-05-06 16:50:50+00:00,34,,0,1,2026-04,2026
64993,pull_request,closed,2026-04-01 20:04:11+00:00,2026-04-02 16:09:35+00:00,0,"CI,Compat",0,1,2026-04,2026
64992,pull_request,closed,2026-04-01 19:37:57+00:00,2026-04-02 16:44:45+00:00,0,Testing,0,1,2026-04,2026
64991,pull_request,closed,2026-04-01 19:29:59+00:00,2026-04-02 16:17:37+00:00,0,Performance,0,1,2026-04,2026
64989,pull_request,closed,2026-04-01 17:36:40+00:00,2026-04-01 20:25:28+00:00,0,Docs,0,1,2026-04,2026
64988,pull_request,closed,2026-04-01 16:37:52+00:00,2026-04-16 12:59:00+00:00,14,"Bug,Strings,Arrow",1,1,2026-04,2026
64987,pull_request,closed,2026-04-01 16:06:59+00:00,2026-04-01 16:44:17+00:00,0,CI,0,1,2026-04,2026
64986,pull_request,closed,2026-04-01 15:14:08+00:00,2026-04-03 09:03:51+00:00,1,,0,1,2026-04,2026
64985,pull_request,closed,2026-04-01 15:14:06+00:00,2026-04-01 15:39:49+00:00,0,Docs,0,1,2026-04,2026
64984,pull_request,closed,2026-04-01 15:14:05+00:00,2026-04-01 15:32:46+00:00,0,Docs,0,1,2026-04,2026
64983,pull_request,closed,2026-04-01 15:14:03+00:00,2026-04-01 15:36:33+00:00,0,Docs,0,1,2026-04,2026
64982,pull_request,closed,2026-04-01 15:13:31+00:00,2026-04-01 20:14:54+00:00,0,Docs,0,1,2026-04,2026
64981,pull_request,closed,2026-04-01 15:11:31+00:00,2026-04-01 15:34:19+00:00,0,Docs,0,1,2026-04,2026
64976,pull_request,closed,2026-04-01 07:59:25+00:00,2026-04-21 22:45:37+00:00,20,"Regression,ExtensionArray,Sorting",0,1,2026-04,2026
64975,pull_request,closed,2026-04-01 07:18:53+00:00,2026-04-01 15:31:24+00:00,0,Docs,0,1,2026-04,2026
64974,pull_request,closed,2026-04-01 07:16:18+00:00,2026-04-01 14:14:24+00:00,0,,0,1,2026-04,2026
64973,pull_request,closed,2026-04-01 02:05:09+00:00,2026-04-10 04:18:18+00:00,9,,0,0,2026-04,2026
64972,pull_request,closed,2026-03-31 20:46:02+00:00,2026-04-02 16:28:01+00:00,1,"Bug,Output-Formatting",1,1,2026-03,2026
64971,pull_request,closed,2026-03-31 20:04:31+00:00,2026-03-31 20:37:05+00:00,0,Docs,0,1,2026-03,2026
64970,pull_request,closed,2026-03-31 20:02:27+00:00,2026-03-31 22:15:55+00:00,0,"Enhancement,Period",0,1,2026-03,2026
64967,pull_request,closed,2026-03-31 18:28:36+00:00,2026-03-31 20:34:59+00:00,0,Docs,0,1,2026-03,2026
64966,pull_request,closed,2026-03-31 18:19:32+00:00,2026-04-03 04:12:32+00:00,2,Performance,0,0,2026-03,2026
64965,pull_request,closed,2026-03-31 18:12:49+00:00,2026-03-31 19:11:27+00:00,0,Docs,0,1,2026-03,2026
64964,pull_request,closed,2026-03-31 16:48:39+00:00,2026-03-31 17:44:00+00:00,0,Testing,0,1,2026-03,2026
64963,pull_request,closed,2026-03-31 16:41:25+00:00,2026-03-31 20:36:01+00:00,0,Testing,0,1,2026-03,2026
64962,pull_request,closed,2026-03-31 16:38:36+00:00,2026-05-06 21:05:36+00:00,36,Docs,0,0,2026-03,2026
64961,pull_request,closed,2026-03-31 16:32:50+00:00,2026-03-31 17:42:10+00:00,0,Testing,0,1,2026-03,2026
64960,pull_request,closed,2026-03-31 16:31:37+00:00,2026-04-29 21:36:46+00:00,29,"Docs,IO Pickle",0,1,2026-03,2026
64958,pull_request,closed,2026-03-31 15:49:23+00:00,2026-03-31 22:18:20+00:00,0,Constructors,0,1,2026-03,2026
64957,pull_request,closed,2026-03-31 15:48:18+00:00,2026-03-31 22:20:03+00:00,0,Index,0,1,2026-03,2026
64956,pull_request,closed,2026-03-31 15:46:35+00:00,2026-04-01 16:49:24+00:00,1,Bug,1,1,2026-03,2026
64955,pull_request,closed,2026-03-31 15:45:47+00:00,2026-03-31 22:27:15+00:00,0,Sparse,0,1,2026-03,2026
64953,pull_request,closed,2026-03-31 15:40:40+00:00,2026-04-03 18:15:55+00:00,3,"Bug,Arrow",1,1,2026-03,2026
64952,pull_request,closed,2026-03-31 15:40:30+00:00,2026-04-02 16:41:00+00:00,2,Bug,1,1,2026-03,2026
64951,pull_request,closed,2026-03-31 15:39:52+00:00,2026-04-02 16:40:27+00:00,2,Bug,1,1,2026-03,2026
64950,pull_request,closed,2026-03-31 15:34:47+00:00,2026-03-31 17:37:24+00:00,0,Testing,0,1,2026-03,2026
64949,pull_request,closed,2026-03-31 15:33:25+00:00,2026-03-31 17:54:23+00:00,0,,0,0,2026-03,2026
64948,pull_request,closed,2026-03-31 15:32:36+00:00,2026-03-31 22:29:14+00:00,0,Testing,0,1,2026-03,2026
64947,pull_request,closed,2026-03-31 15:31:55+00:00,2026-03-31 22:30:16+00:00,0,Testing,0,1,2026-03,2026
64946,pull_request,closed,2026-03-31 15:31:28+00:00,2026-03-31 17:26:23+00:00,0,Regression,0,1,2026-03,2026
64945,pull_request,closed,2026-03-31 13:57:38+00:00,2026-04-16 19:38:57+00:00,16,,0,0,2026-03,2026
64944,pull_request,closed,2026-03-31 13:43:11+00:00,2026-03-31 16:23:06+00:00,0,CI,0,1,2026-03,2026
64943,pull_request,closed,2026-03-31 11:56:38+00:00,2026-04-01 15:08:52+00:00,1,Docs,0,1,2026-03,2026
64942,pull_request,closed,2026-03-31 09:49:14+00:00,2026-03-31 17:22:14+00:00,0,Docs,0,1,2026-03,2026
64940,pull_request,closed,2026-03-30 22:00:11+00:00,2026-04-29 17:40:22+00:00,29,,0,0,2026-03,2026
64939,pull_request,closed,2026-03-30 21:55:16+00:00,2026-03-30 21:55:29+00:00,0,,0,0,2026-03,2026
64936,pull_request,closed,2026-03-30 21:17:23+00:00,2026-04-01 15:49:43+00:00,1,"Bug,Visualization",1,1,2026-03,2026
64935,pull_request,closed,2026-03-30 20:30:41+00:00,2026-03-31 00:24:29+00:00,0,Testing,0,1,2026-03,2026
64934,pull_request,closed,2026-03-30 19:20:40+00:00,2026-03-30 19:25:38+00:00,0,,0,1,2026-03,2026
64932,pull_request,closed,2026-03-30 17:46:15+00:00,2026-03-30 19:09:30+00:00,0,Docs,0,1,2026-03,2026
64931,pull_request,closed,2026-03-30 16:56:47+00:00,2026-03-30 17:46:08+00:00,0,Docs,0,1,2026-03,2026
64930,pull_request,closed,2026-03-30 16:53:30+00:00,2026-03-30 19:08:21+00:00,0,Release,0,1,2026-03,2026
64929,pull_request,closed,2026-03-30 16:17:43+00:00,2026-03-30 19:27:49+00:00,0,"Testing,Clean",0,1,2026-03,2026
64928,pull_request,closed,2026-03-30 14:55:20+00:00,2026-03-30 17:22:39+00:00,0,"Regression,Strings",0,1,2026-03,2026
64927,pull_request,closed,2026-03-30 13:42:23+00:00,2026-03-30 14:42:56+00:00,0,,0,1,2026-03,2026
64926,pull_request,closed,2026-03-30 13:38:17+00:00,2026-03-30 14:39:32+00:00,0,,0,1,2026-03,2026
64925,pull_request,closed,2026-03-30 12:14:59+00:00,2026-04-09 15:18:02+00:00,10,CI,0,1,2026-03,2026
64924,pull_request,closed,2026-03-30 10:03:51+00:00,2026-03-30 19:24:39+00:00,0,Docs,0,1,2026-03,2026
64923,pull_request,closed,2026-03-30 09:57:01+00:00,2026-03-30 11:22:48+00:00,0,,0,1,2026-03,2026
64922,pull_request,closed,2026-03-30 09:49:27+00:00,2026-03-30 11:12:10+00:00,0,,0,1,2026-03,2026
64921,pull_request,closed,2026-03-30 09:25:28+00:00,2026-03-30 11:11:21+00:00,0,,0,1,2026-03,2026
64920,pull_request,closed,2026-03-30 08:25:31+00:00,2026-03-30 15:14:24+00:00,0,"CI,Dependencies",0,1,2026-03,2026
64919,pull_request,closed,2026-03-30 08:25:10+00:00,2026-03-30 13:45:50+00:00,0,"CI,Dependencies",0,1,2026-03,2026
64918,pull_request,closed,2026-03-30 08:25:05+00:00,2026-03-30 13:44:11+00:00,0,"CI,Dependencies",0,1,2026-03,2026
64917,pull_request,closed,2026-03-30 04:29:43+00:00,2026-04-10 17:38:41+00:00,11,,0,0,2026-03,2026
64916,pull_request,closed,2026-03-29 20:27:17+00:00,2026-04-01 00:24:10+00:00,2,Testing,0,1,2026-03,2026
64914,pull_request,closed,2026-03-29 17:54:23+00:00,2026-04-29 17:39:57+00:00,30,,0,0,2026-03,2026
64913,pull_request,closed,2026-03-28 21:24:39+00:00,2026-03-29 16:11:15+00:00,0,Docs,0,1,2026-03,2026
64912,pull_request,closed,2026-03-28 18:12:58+00:00,2026-03-29 17:56:40+00:00,0,Regression,0,1,2026-03,2026
64909,pull_request,closed,2026-03-28 18:07:56+00:00,2026-03-31 17:23:46+00:00,2,CI,0,1,2026-03,2026
64908,pull_request,closed,2026-03-28 17:51:19+00:00,2026-05-12 18:04:56+00:00,45,Stale,0,0,2026-03,2026
64907,pull_request,closed,2026-03-28 16:28:44+00:00,2026-04-09 22:01:23+00:00,12,,0,0,2026-03,2026
64906,pull_request,closed,2026-03-28 16:27:53+00:00,2026-03-28 16:28:14+00:00,0,,0,0,2026-03,2026
64904,pull_request,closed,2026-03-28 02:17:00+00:00,2026-04-23 14:41:03+00:00,26,Bug,1,0,2026-03,2026
64903,pull_request,closed,2026-03-28 01:45:15+00:00,2026-03-28 18:27:56+00:00,0,Testing,0,1,2026-03,2026
64902,pull_request,closed,2026-03-27 22:52:26+00:00,2026-04-16 17:59:20+00:00,19,Bug,1,1,2026-03,2026
64901,pull_request,closed,2026-03-27 18:38:03+00:00,2026-03-28 00:01:47+00:00,0,Testing,0,1,2026-03,2026
64900,pull_request,closed,2026-03-27 18:24:08+00:00,2026-03-28 00:04:03+00:00,0,Docs,0,1,2026-03,2026
64898,pull_request,closed,2026-03-27 18:22:08+00:00,2026-03-28 00:02:56+00:00,0,Docs,0,1,2026-03,2026
64897,pull_request,closed,2026-03-27 18:21:22+00:00,2026-03-28 00:06:23+00:00,0,Docs,0,1,2026-03,2026
64896,pull_request,closed,2026-03-27 18:18:00+00:00,2026-03-29 18:01:25+00:00,1,IO Stata,0,1,2026-03,2026
64895,pull_request,closed,2026-03-27 17:12:34+00:00,2026-03-27 19:59:42+00:00,0,CI,0,1,2026-03,2026
64893,pull_request,closed,2026-03-27 16:00:39+00:00,2026-05-16 03:21:24+00:00,49,,0,0,2026-03,2026
64892,pull_request,closed,2026-03-27 15:54:51+00:00,2026-03-27 18:19:23+00:00,0,,0,1,2026-03,2026
64891,pull_request,closed,2026-03-27 15:36:21+00:00,2026-03-27 17:16:09+00:00,0,Build,0,1,2026-03,2026
64890,pull_request,closed,2026-03-27 15:00:23+00:00,2026-03-27 15:07:20+00:00,0,,0,0,2026-03,2026
64887,pull_request,closed,2026-03-26 22:11:30+00:00,2026-03-27 16:12:11+00:00,0,CI,0,1,2026-03,2026
64886,pull_request,closed,2026-03-26 22:09:48+00:00,2026-03-26 22:58:27+00:00,0,,0,1,2026-03,2026
64882,pull_request,closed,2026-03-26 16:51:40+00:00,2026-03-26 18:54:33+00:00,0,"Bug,Sorting",1,1,2026-03,2026
64881,pull_request,closed,2026-03-26 16:08:25+00:00,2026-03-30 15:21:46+00:00,3,Bug,1,1,2026-03,2026
64880,pull_request,closed,2026-03-26 15:57:05+00:00,2026-04-03 23:49:07+00:00,8,"Regression,Frequency,Timestamp",0,1,2026-03,2026
64876,pull_request,closed,2026-03-26 10:09:56+00:00,2026-05-12 18:05:53+00:00,47,Stale,0,0,2026-03,2026
64874,pull_request,closed,2026-03-26 02:15:15+00:00,2026-03-26 16:28:37+00:00,0,CI,0,1,2026-03,2026
64873,pull_request,closed,2026-03-26 02:09:23+00:00,2026-03-27 15:39:21+00:00,1,,0,0,2026-03,2026
64871,pull_request,closed,2026-03-26 01:30:02+00:00,2026-04-10 16:17:05+00:00,15,"Deprecate,datetime.date",0,1,2026-03,2026
64869,pull_request,closed,2026-03-26 00:54:24+00:00,2026-03-26 18:00:11+00:00,0,Testing,0,1,2026-03,2026
64868,pull_request,closed,2026-03-26 00:53:46+00:00,2026-03-26 22:13:55+00:00,0,Deprecate,0,0,2026-03,2026
64863,pull_request,closed,2026-03-26 00:27:11+00:00,2026-05-03 13:24:10+00:00,38,"Performance,Output-Formatting",0,1,2026-03,2026
64862,pull_request,closed,2026-03-26 00:26:08+00:00,2026-03-26 18:02:26+00:00,0,Testing,0,1,2026-03,2026
64861,pull_request,closed,2026-03-26 00:22:50+00:00,2026-03-26 17:44:36+00:00,0,CI,0,1,2026-03,2026
64860,pull_request,closed,2026-03-26 00:21:43+00:00,2026-03-26 18:03:28+00:00,0,Testing,0,1,2026-03,2026
64859,pull_request,closed,2026-03-26 00:21:40+00:00,2026-03-27 15:53:40+00:00,1,Testing,0,1,2026-03,2026
64858,pull_request,closed,2026-03-26 00:20:37+00:00,2026-03-27 15:58:36+00:00,1,Testing,0,1,2026-03,2026
64857,pull_request,closed,2026-03-26 00:18:22+00:00,2026-03-29 18:06:09+00:00,3,Deprecate,0,1,2026-03,2026
64856,pull_request,closed,2026-03-26 00:13:31+00:00,2026-03-27 16:00:18+00:00,1,Bug,1,1,2026-03,2026
64855,pull_request,closed,2026-03-26 00:10:12+00:00,2026-04-06 17:17:35+00:00,11,Bug,1,0,2026-03,2026
64854,pull_request,closed,2026-03-26 00:09:13+00:00,2026-03-29 18:07:59+00:00,3,Testing,0,1,2026-03,2026
64853,pull_request,closed,2026-03-26 00:08:03+00:00,2026-04-02 16:49:10+00:00,7,Bug,1,1,2026-03,2026
64852,pull_request,closed,2026-03-26 00:01:15+00:00,2026-04-06 16:52:40+00:00,11,"Bug,MultiIndex",1,1,2026-03,2026
64850,pull_request,closed,2026-03-25 23:59:15+00:00,2026-03-26 17:43:03+00:00,0,Docs,0,1,2026-03,2026
64849,pull_request,closed,2026-03-25 23:35:31+00:00,2026-04-21 17:32:20+00:00,26,Build,0,1,2026-03,2026
64848,pull_request,closed,2026-03-25 23:29:36+00:00,2026-05-07 00:59:58+00:00,42,,0,0,2026-03,2026
64846,pull_request,closed,2026-03-25 21:13:07+00:00,2026-03-26 00:37:40+00:00,0,Bug,1,1,2026-03,2026
64845,pull_request,closed,2026-03-25 20:50:23+00:00,2026-03-25 22:12:06+00:00,0,Docs,0,1,2026-03,2026
64843,pull_request,closed,2026-03-25 17:56:43+00:00,2026-03-26 07:15:42+00:00,0,,0,0,2026-03,2026
64842,pull_request,closed,2026-03-25 17:40:55+00:00,2026-03-27 16:28:42+00:00,1,Bug,1,0,2026-03,2026
64840,pull_request,closed,2026-03-25 15:54:32+00:00,2026-03-26 18:07:20+00:00,1,Testing,0,1,2026-03,2026
64838,pull_request,closed,2026-03-25 11:52:47+00:00,2026-04-10 17:38:52+00:00,16,,0,0,2026-03,2026
64837,pull_request,closed,2026-03-25 09:04:11+00:00,2026-03-25 16:12:34+00:00,0,"Regression,IO JSON",0,1,2026-03,2026
64836,pull_request,closed,2026-03-25 06:44:53+00:00,2026-04-10 17:36:03+00:00,16,"Regression,Non-Nano",0,1,2026-03,2026
64833,pull_request,closed,2026-03-24 23:14:39+00:00,2026-03-25 00:29:14+00:00,0,Testing,0,1,2026-03,2026
64832,pull_request,closed,2026-03-24 21:54:41+00:00,2026-03-25 00:30:03+00:00,0,Clean,0,1,2026-03,2026
64831,pull_request,closed,2026-03-24 21:41:56+00:00,2026-04-29 21:08:29+00:00,35,"Refactor,Groupby,ExtensionArray",0,1,2026-03,2026
64830,pull_request,closed,2026-03-24 21:38:24+00:00,2026-03-25 16:17:49+00:00,0,"Indexing,NA - MaskedArrays",0,1,2026-03,2026
64829,pull_request,closed,2026-03-24 20:58:06+00:00,2026-03-24 22:58:45+00:00,0,Testing,0,1,2026-03,2026
64827,pull_request,closed,2026-03-24 16:32:30+00:00,2026-03-24 16:50:14+00:00,0,AI Slop,0,0,2026-03,2026
64826,pull_request,closed,2026-03-24 14:33:11+00:00,2026-04-01 20:12:30+00:00,8,,0,0,2026-03,2026
64822,pull_request,closed,2026-03-24 07:54:29+00:00,2026-03-26 00:37:43+00:00,1,,0,0,2026-03,2026
64821,pull_request,closed,2026-03-24 07:52:30+00:00,2026-03-30 12:52:34+00:00,6,AI Slop,0,0,2026-03,2026
64820,pull_request,closed,2026-03-24 07:51:42+00:00,2026-03-30 12:21:42+00:00,6,AI Slop,0,0,2026-03,2026
64818,pull_request,closed,2026-03-24 01:44:18+00:00,2026-03-24 16:22:05+00:00,0,NA - MaskedArrays,0,1,2026-03,2026
64817,pull_request,closed,2026-03-24 01:42:10+00:00,2026-03-25 16:41:33+00:00,1,Bug,1,1,2026-03,2026
64816,pull_request,closed,2026-03-24 01:27:57+00:00,2026-03-24 16:36:46+00:00,0,Conditionals,0,1,2026-03,2026
64815,pull_request,closed,2026-03-24 01:18:34+00:00,2026-03-24 16:30:42+00:00,0,Testing,0,1,2026-03,2026
64814,pull_request,closed,2026-03-24 01:15:30+00:00,2026-03-25 00:30:30+00:00,0,Bug,1,1,2026-03,2026
64813,pull_request,closed,2026-03-24 01:06:52+00:00,2026-03-24 16:19:14+00:00,0,Testing,0,1,2026-03,2026
64812,pull_request,closed,2026-03-24 00:58:54+00:00,2026-03-24 16:29:43+00:00,0,Error Reporting,0,1,2026-03,2026
64811,pull_request,closed,2026-03-23 21:52:58+00:00,2026-03-24 16:56:51+00:00,0,Performance,0,1,2026-03,2026
64810,pull_request,closed,2026-03-23 21:45:17+00:00,2026-04-08 20:52:42+00:00,15,Deprecate,0,0,2026-03,2026
64809,pull_request,closed,2026-03-23 21:44:05+00:00,2026-03-25 17:53:29+00:00,1,Bug,1,1,2026-03,2026
64808,pull_request,closed,2026-03-23 21:43:43+00:00,2026-04-08 20:52:46+00:00,15,"Deprecate,Mothballed",0,0,2026-03,2026
64807,pull_request,closed,2026-03-23 21:39:20+00:00,2026-03-25 17:54:47+00:00,1,Performance,0,1,2026-03,2026
64806,pull_request,closed,2026-03-23 21:36:16+00:00,2026-03-25 16:32:10+00:00,1,Bug,1,1,2026-03,2026
64805,pull_request,closed,2026-03-23 21:35:40+00:00,2026-03-24 18:08:56+00:00,0,Bug,1,0,2026-03,2026
64804,pull_request,closed,2026-03-23 21:32:57+00:00,2026-04-02 17:18:17+00:00,9,Bug,1,1,2026-03,2026
64802,pull_request,closed,2026-03-23 21:30:57+00:00,2026-04-14 17:33:13+00:00,21,Enhancement,0,1,2026-03,2026
64801,pull_request,closed,2026-03-23 21:28:14+00:00,2026-04-16 16:17:28+00:00,23,"Enhancement,ExtensionArray",0,1,2026-03,2026
64800,pull_request,closed,2026-03-23 21:16:39+00:00,2026-04-06 17:18:10+00:00,13,Bug,1,0,2026-03,2026
64799,pull_request,closed,2026-03-23 21:15:43+00:00,2026-04-20 20:22:25+00:00,27,Performance,0,0,2026-03,2026
64798,pull_request,closed,2026-03-23 21:01:38+00:00,2026-04-25 13:48:21+00:00,32,"Bug,Index",1,1,2026-03,2026
64797,pull_request,closed,2026-03-23 21:01:03+00:00,2026-04-03 22:14:54+00:00,11,Bug,1,1,2026-03,2026
64796,pull_request,closed,2026-03-23 21:00:36+00:00,2026-04-02 16:56:35+00:00,9,Bug,1,1,2026-03,2026
64795,pull_request,closed,2026-03-23 21:00:18+00:00,2026-04-04 02:12:55+00:00,11,Bug,1,0,2026-03,2026
64794,pull_request,closed,2026-03-23 20:59:39+00:00,2026-04-02 17:09:50+00:00,9,Performance,0,1,2026-03,2026
64792,pull_request,closed,2026-03-23 20:59:02+00:00,2026-04-04 18:40:28+00:00,11,"Bug,MultiIndex",1,1,2026-03,2026
64791,pull_request,closed,2026-03-23 20:58:43+00:00,2026-03-24 16:45:32+00:00,0,Bug,1,1,2026-03,2026
64790,pull_request,closed,2026-03-23 20:57:31+00:00,2026-03-29 18:12:10+00:00,5,Bug,1,1,2026-03,2026
64789,pull_request,closed,2026-03-23 20:55:35+00:00,2026-04-01 18:27:59+00:00,8,"Bug,Groupby",1,1,2026-03,2026
64788,pull_request,closed,2026-03-23 20:52:03+00:00,2026-03-25 19:59:00+00:00,1,Bug,1,1,2026-03,2026
64787,pull_request,closed,2026-03-23 20:49:02+00:00,2026-03-24 16:48:54+00:00,0,Performance,0,1,2026-03,2026
64786,pull_request,closed,2026-03-23 20:48:41+00:00,2026-04-04 16:52:32+00:00,11,Performance,0,1,2026-03,2026
64785,pull_request,closed,2026-03-23 20:48:18+00:00,2026-03-24 16:46:59+00:00,0,Performance,0,1,2026-03,2026
64784,pull_request,closed,2026-03-23 14:41:20+00:00,2026-03-23 16:22:14+00:00,0,,0,0,2026-03,2026
64782,pull_request,closed,2026-03-23 08:23:35+00:00,2026-03-23 16:58:19+00:00,0,"CI,Dependencies",0,1,2026-03,2026
64781,pull_request,closed,2026-03-23 08:23:14+00:00,2026-03-23 16:58:01+00:00,0,"CI,Dependencies",0,1,2026-03,2026
64777,pull_request,closed,2026-03-22 22:23:24+00:00,2026-03-23 01:52:50+00:00,0,,0,0,2026-03,2026
64776,pull_request,closed,2026-03-22 20:15:50+00:00,2026-03-29 18:18:19+00:00,6,"Build,CI",0,1,2026-03,2026
64775,pull_request,closed,2026-03-22 19:42:55+00:00,2026-03-26 19:01:55+00:00,3,Build,0,1,2026-03,2026
64774,pull_request,closed,2026-03-22 19:40:43+00:00,2026-03-23 22:11:40+00:00,1,Clean,0,1,2026-03,2026
64773,pull_request,closed,2026-03-22 17:29:57+00:00,2026-03-26 00:37:42+00:00,3,,0,0,2026-03,2026
64772,pull_request,closed,2026-03-22 11:23:49+00:00,2026-03-22 14:20:21+00:00,0,,0,1,2026-03,2026
64771,pull_request,closed,2026-03-22 02:50:36+00:00,2026-04-02 21:43:26+00:00,11,Performance,0,1,2026-03,2026
64770,pull_request,closed,2026-03-22 02:48:24+00:00,2026-03-23 16:56:16+00:00,1,Performance,0,1,2026-03,2026
64769,pull_request,closed,2026-03-22 02:48:00+00:00,2026-04-03 21:55:34+00:00,12,Performance,0,1,2026-03,2026
64768,pull_request,closed,2026-03-22 02:38:05+00:00,2026-04-02 17:17:26+00:00,11,"Performance,IO SAS",0,1,2026-03,2026
64767,pull_request,closed,2026-03-22 02:33:35+00:00,2026-03-23 17:12:19+00:00,1,Bug,1,1,2026-03,2026
64766,pull_request,closed,2026-03-22 02:24:54+00:00,2026-03-22 23:00:34+00:00,0,Performance,0,1,2026-03,2026
64765,pull_request,closed,2026-03-22 02:19:49+00:00,2026-03-22 19:10:25+00:00,0,"Performance,Sparse",0,1,2026-03,2026
64764,pull_request,closed,2026-03-22 02:06:59+00:00,2026-03-23 16:57:30+00:00,1,Performance,0,1,2026-03,2026
64763,pull_request,closed,2026-03-22 01:42:09+00:00,2026-04-08 20:52:50+00:00,17,Deprecate,0,0,2026-03,2026
64762,pull_request,closed,2026-03-22 01:39:50+00:00,2026-03-22 19:24:51+00:00,0,Performance,0,1,2026-03,2026
64761,pull_request,closed,2026-03-22 01:34:04+00:00,2026-03-24 16:51:11+00:00,2,Performance,0,1,2026-03,2026
64760,pull_request,closed,2026-03-22 01:27:35+00:00,2026-04-25 14:26:22+00:00,34,"Performance,IO Excel",0,1,2026-03,2026
64759,pull_request,closed,2026-03-22 01:22:04+00:00,2026-04-08 19:49:27+00:00,17,Deprecate,0,0,2026-03,2026
64758,pull_request,closed,2026-03-22 01:19:36+00:00,2026-03-22 23:06:24+00:00,0,"Groupby,Performance,Sparse",0,1,2026-03,2026
64757,pull_request,closed,2026-03-22 00:54:18+00:00,2026-04-04 00:12:58+00:00,12,,0,0,2026-03,2026
64756,pull_request,closed,2026-03-22 00:51:14+00:00,2026-03-22 20:38:33+00:00,0,Performance,0,1,2026-03,2026
64755,pull_request,closed,2026-03-22 00:48:14+00:00,2026-03-22 23:08:42+00:00,0,Bug,1,1,2026-03,2026
64754,pull_request,closed,2026-03-22 00:30:43+00:00,2026-03-22 23:10:48+00:00,0,Bug,1,1,2026-03,2026
64753,pull_request,closed,2026-03-22 00:00:38+00:00,2026-03-27 15:50:56+00:00,5,Deprecate,0,1,2026-03,2026
64752,pull_request,closed,2026-03-21 23:07:03+00:00,2026-04-01 20:16:56+00:00,10,Bug,1,1,2026-03,2026
64748,pull_request,closed,2026-03-21 14:11:23+00:00,2026-03-23 17:13:53+00:00,2,Internals,0,1,2026-03,2026
64746,pull_request,closed,2026-03-21 05:22:58+00:00,2026-04-03 16:18:39+00:00,13,,0,0,2026-03,2026
64745,pull_request,closed,2026-03-21 03:01:17+00:00,2026-03-21 16:05:43+00:00,0,Needs Tests,0,1,2026-03,2026
64743,pull_request,closed,2026-03-21 00:06:38+00:00,2026-03-21 16:02:17+00:00,0,Needs Tests,0,1,2026-03,2026
64742,pull_request,closed,2026-03-20 22:36:17+00:00,2026-05-07 21:32:23+00:00,47,Docs,0,0,2026-03,2026
64741,pull_request,closed,2026-03-20 20:19:27+00:00,2026-04-04 21:15:51+00:00,15,,0,0,2026-03,2026
64740,pull_request,closed,2026-03-20 19:27:13+00:00,2026-03-20 19:35:23+00:00,0,,0,0,2026-03,2026
64739,pull_request,closed,2026-03-20 18:22:38+00:00,2026-03-20 20:13:51+00:00,0,Docs,0,1,2026-03,2026
64736,pull_request,closed,2026-03-20 08:25:33+00:00,2026-03-20 17:19:34+00:00,0,Docs,0,1,2026-03,2026
64735,pull_request,closed,2026-03-20 06:22:34+00:00,2026-03-24 11:56:51+00:00,4,,0,0,2026-03,2026
64734,pull_request,closed,2026-03-20 04:46:50+00:00,2026-03-20 15:59:25+00:00,0,Frequency,0,1,2026-03,2026
64732,pull_request,closed,2026-03-19 22:53:41+00:00,2026-03-25 19:28:15+00:00,5,Deprecate,0,0,2026-03,2026
64731,pull_request,closed,2026-03-19 22:48:05+00:00,2026-04-08 20:52:57+00:00,19,"Deprecate,Mothballed",0,0,2026-03,2026
64729,pull_request,closed,2026-03-19 22:41:09+00:00,2026-03-26 21:34:23+00:00,6,Deprecate,0,1,2026-03,2026
64728,pull_request,closed,2026-03-19 22:39:53+00:00,2026-04-08 20:53:01+00:00,19,"Deprecate,Mothballed",0,0,2026-03,2026
64727,pull_request,closed,2026-03-19 22:39:22+00:00,2026-04-08 20:53:05+00:00,19,"Deprecate,Mothballed",0,0,2026-03,2026
64726,pull_request,closed,2026-03-19 22:38:06+00:00,2026-04-02 21:55:31+00:00,13,Deprecate,0,1,2026-03,2026
64725,pull_request,closed,2026-03-19 22:32:01+00:00,2026-03-27 18:30:17+00:00,7,Deprecate,0,1,2026-03,2026
64724,pull_request,closed,2026-03-19 22:31:10+00:00,2026-03-20 19:03:35+00:00,0,"IO Excel,Deprecate",0,1,2026-03,2026
64723,pull_request,closed,2026-03-19 22:28:18+00:00,2026-03-25 19:09:39+00:00,5,Deprecate,0,0,2026-03,2026
64722,pull_request,closed,2026-03-19 22:24:47+00:00,2026-04-08 17:53:58+00:00,19,Deprecate,0,0,2026-03,2026
64721,pull_request,closed,2026-03-19 22:21:54+00:00,2026-04-07 13:14:59+00:00,18,"Groupby,Deprecate",0,1,2026-03,2026
64720,pull_request,closed,2026-03-19 22:09:57+00:00,2026-03-20 19:01:40+00:00,0,"Groupby,Deprecate",0,1,2026-03,2026
64719,pull_request,closed,2026-03-19 22:08:59+00:00,2026-04-08 20:53:08+00:00,19,"Deprecate,Mothballed",0,0,2026-03,2026
64718,pull_request,closed,2026-03-19 22:05:39+00:00,2026-03-27 18:27:31+00:00,7,Deprecate,0,1,2026-03,2026
64717,pull_request,closed,2026-03-19 21:59:07+00:00,2026-04-18 17:04:17+00:00,29,Deprecate,0,1,2026-03,2026
64716,pull_request,closed,2026-03-19 19:40:13+00:00,2026-03-20 00:15:43+00:00,0,Build,0,0,2026-03,2026
64715,pull_request,closed,2026-03-19 17:45:45+00:00,2026-03-20 16:01:03+00:00,0,Frequency,0,1,2026-03,2026
64714,pull_request,closed,2026-03-19 17:27:15+00:00,2026-04-08 17:39:47+00:00,20,Docs,0,0,2026-03,2026
64712,pull_request,closed,2026-03-19 14:35:32+00:00,2026-03-21 02:55:31+00:00,1,"Bug,Strings",1,1,2026-03,2026
64709,pull_request,closed,2026-03-19 12:41:06+00:00,2026-03-20 18:32:37+00:00,1,Build,0,1,2026-03,2026
64708,pull_request,closed,2026-03-19 12:40:29+00:00,2026-04-07 20:17:44+00:00,19,,0,0,2026-03,2026
64706,pull_request,closed,2026-03-19 12:05:55+00:00,2026-03-19 21:02:02+00:00,0,"Needs Tests,Constructors",0,1,2026-03,2026
64705,pull_request,closed,2026-03-19 12:02:24+00:00,2026-03-22 14:53:01+00:00,3,,0,1,2026-03,2026
64700,pull_request,closed,2026-03-19 01:13:50+00:00,2026-03-19 16:13:26+00:00,0,Testing,0,1,2026-03,2026
64698,pull_request,closed,2026-03-19 00:34:45+00:00,2026-03-19 11:01:39+00:00,0,,0,0,2026-03,2026
64697,pull_request,closed,2026-03-18 23:25:54+00:00,2026-03-20 00:43:30+00:00,1,,0,1,2026-03,2026
64696,pull_request,closed,2026-03-18 22:51:15+00:00,2026-03-18 23:38:33+00:00,0,"Bug,Strings",1,1,2026-03,2026
64695,pull_request,closed,2026-03-18 22:15:53+00:00,2026-03-21 16:10:43+00:00,2,,0,0,2026-03,2026
64694,pull_request,closed,2026-03-18 19:01:46+00:00,2026-04-09 21:42:41+00:00,22,,0,0,2026-03,2026
64693,pull_request,closed,2026-03-18 17:12:34+00:00,2026-03-18 20:19:01+00:00,0,CI,0,1,2026-03,2026
64692,pull_request,closed,2026-03-18 16:55:20+00:00,2026-03-18 17:02:11+00:00,0,,0,0,2026-03,2026
64691,pull_request,closed,2026-03-18 16:13:59+00:00,2026-04-10 22:36:01+00:00,23,"Performance,Reshaping",0,1,2026-03,2026
64690,pull_request,closed,2026-03-18 15:24:33+00:00,2026-04-09 08:05:40+00:00,21,Build,0,0,2026-03,2026
64689,pull_request,closed,2026-03-18 14:15:30+00:00,2026-03-23 01:52:16+00:00,4,,0,1,2026-03,2026
64688,pull_request,closed,2026-03-18 13:56:55+00:00,2026-03-20 00:51:35+00:00,1,,0,1,2026-03,2026
64687,pull_request,closed,2026-03-18 13:56:46+00:00,2026-03-20 00:39:04+00:00,1,,0,1,2026-03,2026
64686,pull_request,closed,2026-03-18 13:56:34+00:00,2026-03-21 16:10:29+00:00,3,,0,0,2026-03,2026
64685,pull_request,closed,2026-03-18 13:38:04+00:00,2026-04-29 17:40:42+00:00,42,,0,0,2026-03,2026
64684,pull_request,closed,2026-03-18 13:35:24+00:00,2026-03-18 15:34:44+00:00,0,Docs,0,1,2026-03,2026
64683,pull_request,closed,2026-03-18 10:10:09+00:00,2026-03-18 22:50:46+00:00,0,"Bug,Strings",1,1,2026-03,2026
64682,pull_request,closed,2026-03-18 09:04:04+00:00,2026-03-20 01:20:23+00:00,1,,0,1,2026-03,2026
64680,pull_request,closed,2026-03-18 07:45:06+00:00,2026-04-16 19:48:05+00:00,29,IO HDF5,0,1,2026-03,2026
64679,pull_request,closed,2026-03-18 02:47:14+00:00,2026-05-18 21:26:21+00:00,61,"Frequency,Deprecate",0,1,2026-03,2026
64677,pull_request,closed,2026-03-18 01:50:32+00:00,2026-03-18 22:48:47+00:00,0,Performance,0,1,2026-03,2026
64676,pull_request,closed,2026-03-18 01:29:01+00:00,2026-04-04 18:48:48+00:00,17,,0,0,2026-03,2026
64675,pull_request,closed,2026-03-18 01:25:50+00:00,2026-04-08 20:53:32+00:00,21,"Deprecate,Mothballed",0,0,2026-03,2026
64674,pull_request,closed,2026-03-18 01:24:30+00:00,2026-03-19 01:07:24+00:00,0,Performance,0,1,2026-03,2026
64673,pull_request,closed,2026-03-18 01:23:15+00:00,2026-03-26 18:54:02+00:00,8,Deprecate,0,1,2026-03,2026
64672,pull_request,closed,2026-03-18 01:21:26+00:00,2026-03-23 20:38:48+00:00,5,Performance,0,1,2026-03,2026
64671,pull_request,closed,2026-03-18 01:17:31+00:00,2026-03-26 00:36:15+00:00,7,Performance,0,1,2026-03,2026
64670,pull_request,closed,2026-03-18 00:56:42+00:00,2026-03-18 16:27:45+00:00,0,Build,0,1,2026-03,2026
64669,pull_request,closed,2026-03-18 00:52:15+00:00,2026-03-20 10:53:53+00:00,2,Performance,0,1,2026-03,2026
64668,pull_request,closed,2026-03-18 00:28:31+00:00,2026-03-18 20:25:27+00:00,0,"Performance,Internals",0,1,2026-03,2026
64666,pull_request,closed,2026-03-17 21:28:58+00:00,2026-03-26 18:05:15+00:00,8,Deprecate,0,1,2026-03,2026
64665,pull_request,closed,2026-03-17 20:32:55+00:00,2026-03-18 17:59:14+00:00,0,"Refactor,Index",0,1,2026-03,2026
64664,pull_request,closed,2026-03-17 19:57:14+00:00,2026-03-30 14:54:41+00:00,12,"Regression,Strings",0,1,2026-03,2026
64662,pull_request,closed,2026-03-17 18:23:08+00:00,2026-04-29 15:06:52+00:00,42,Performance,0,1,2026-03,2026
64661,pull_request,closed,2026-03-17 17:49:35+00:00,2026-04-09 21:44:10+00:00,23,,0,0,2026-03,2026
64658,pull_request,closed,2026-03-17 16:50:14+00:00,2026-03-17 23:06:32+00:00,0,CI,0,1,2026-03,2026
64654,pull_request,closed,2026-03-17 13:00:44+00:00,2026-04-09 21:50:48+00:00,23,Docs,0,0,2026-03,2026
64653,pull_request,closed,2026-03-17 12:28:08+00:00,2026-03-26 14:57:18+00:00,9,,0,0,2026-03,2026
64652,pull_request,closed,2026-03-17 08:11:16+00:00,2026-03-26 14:56:40+00:00,9,,0,1,2026-03,2026
64649,pull_request,closed,2026-03-17 04:48:16+00:00,2026-03-23 22:17:44+00:00,6,Docs,0,1,2026-03,2026
64648,pull_request,closed,2026-03-17 00:45:57+00:00,2026-03-18 22:50:25+00:00,1,"Performance,Frequency",0,1,2026-03,2026
64646,pull_request,closed,2026-03-17 00:35:34+00:00,2026-03-18 21:39:20+00:00,1,"Performance,Index",0,1,2026-03,2026
64644,pull_request,closed,2026-03-17 00:07:03+00:00,2026-04-04 17:38:36+00:00,18,Performance,0,1,2026-03,2026
64643,pull_request,closed,2026-03-16 23:54:40+00:00,2026-03-20 22:38:49+00:00,3,"Bug,Datetime",1,1,2026-03,2026
64642,pull_request,closed,2026-03-16 23:41:42+00:00,2026-04-02 17:19:20+00:00,16,Deprecate,0,1,2026-03,2026
64640,pull_request,closed,2026-03-16 22:32:17+00:00,2026-03-20 10:34:47+00:00,3,"IO Excel,Deprecate",0,1,2026-03,2026
64639,pull_request,closed,2026-03-16 22:10:30+00:00,2026-03-17 02:20:38+00:00,0,"Bug,Groupby,Algos,Index",1,1,2026-03,2026
64638,pull_request,closed,2026-03-16 22:10:03+00:00,2026-03-17 20:50:34+00:00,0,"Performance,Output-Formatting",0,1,2026-03,2026
64637,pull_request,closed,2026-03-16 21:57:48+00:00,2026-03-19 08:18:24+00:00,2,AI Slop,0,0,2026-03,2026
64636,pull_request,closed,2026-03-16 21:29:03+00:00,2026-03-16 22:15:02+00:00,0,,0,0,2026-03,2026
64634,pull_request,closed,2026-03-16 20:57:42+00:00,2026-03-20 23:26:55+00:00,4,"IO CSV,ExtensionArray",0,1,2026-03,2026
64632,pull_request,closed,2026-03-16 19:06:29+00:00,2026-03-16 23:21:30+00:00,0,Clean,0,1,2026-03,2026
64631,pull_request,closed,2026-03-16 18:25:31+00:00,2026-04-28 13:27:40+00:00,42,"Bug,IO CSV",1,1,2026-03,2026
64630,pull_request,closed,2026-03-16 17:05:01+00:00,2026-03-16 17:52:48+00:00,0,CI,0,1,2026-03,2026
64629,pull_request,closed,2026-03-16 16:07:17+00:00,2026-03-16 19:54:35+00:00,0,Typing,0,1,2026-03,2026
64628,pull_request,closed,2026-03-16 15:06:27+00:00,2026-03-16 16:23:01+00:00,0,"CI,Dependencies",0,1,2026-03,2026
64626,pull_request,closed,2026-03-16 11:21:32+00:00,2026-03-16 15:08:48+00:00,0,"Bug,Numeric Operations",1,1,2026-03,2026
64625,pull_request,closed,2026-03-16 08:23:13+00:00,2026-03-16 15:06:11+00:00,0,"CI,Dependencies",0,1,2026-03,2026
64624,pull_request,closed,2026-03-16 00:55:59+00:00,2026-03-16 07:03:53+00:00,0,,0,0,2026-03,2026
64623,pull_request,closed,2026-03-15 23:36:46+00:00,2026-03-18 00:11:13+00:00,2,"Bug,Datetime,Dtype Conversions",1,1,2026-03,2026
64621,pull_request,closed,2026-03-15 20:01:51+00:00,2026-03-15 22:28:33+00:00,0,Typing,0,1,2026-03,2026
64620,pull_request,closed,2026-03-15 19:26:47+00:00,2026-03-15 20:31:33+00:00,0,Internals,0,1,2026-03,2026
64619,pull_request,closed,2026-03-15 19:12:57+00:00,2026-03-16 22:20:33+00:00,1,,0,1,2026-03,2026
64618,pull_request,closed,2026-03-15 18:49:18+00:00,2026-03-17 02:18:07+00:00,1,Apply,0,1,2026-03,2026
64617,pull_request,closed,2026-03-15 18:44:54+00:00,2026-03-15 18:47:30+00:00,0,,0,0,2026-03,2026
64616,pull_request,closed,2026-03-15 18:15:57+00:00,2026-03-22 01:08:06+00:00,6,,0,0,2026-03,2026
64615,pull_request,closed,2026-03-15 17:56:00+00:00,2026-03-15 18:58:14+00:00,0,Typing,0,1,2026-03,2026
64614,pull_request,closed,2026-03-15 17:54:22+00:00,2026-03-15 19:13:11+00:00,0,Typing,0,1,2026-03,2026
64612,pull_request,closed,2026-03-15 17:19:28+00:00,2026-03-15 19:04:55+00:00,0,Typing,0,1,2026-03,2026
64611,pull_request,closed,2026-03-15 17:01:50+00:00,2026-03-15 19:10:44+00:00,0,Typing,0,1,2026-03,2026
64610,pull_request,closed,2026-03-15 16:58:54+00:00,2026-03-15 19:08:30+00:00,0,Typing,0,1,2026-03,2026
64609,pull_request,closed,2026-03-15 16:48:14+00:00,2026-04-16 16:13:55+00:00,31,Performance,0,1,2026-03,2026
64608,pull_request,closed,2026-03-15 16:47:47+00:00,2026-03-15 22:29:19+00:00,0,"Performance,Sparse",0,1,2026-03,2026
64607,pull_request,closed,2026-03-15 16:41:58+00:00,2026-03-15 20:15:15+00:00,0,Performance,0,1,2026-03,2026
64606,pull_request,closed,2026-03-15 16:37:51+00:00,2026-03-15 19:05:05+00:00,0,"Groupby,Performance",0,1,2026-03,2026
64605,pull_request,closed,2026-03-15 16:31:27+00:00,2026-03-15 18:48:54+00:00,0,"Performance,hashing",0,1,2026-03,2026
64603,pull_request,closed,2026-03-15 16:24:40+00:00,2026-03-15 18:36:16+00:00,0,Typing,0,1,2026-03,2026
64602,pull_request,closed,2026-03-15 16:17:57+00:00,2026-03-15 17:35:44+00:00,0,Typing,0,1,2026-03,2026
64601,pull_request,closed,2026-03-15 04:42:34+00:00,2026-04-04 21:16:00+00:00,20,"Docs,Indexing",0,0,2026-03,2026
64600,pull_request,closed,2026-03-14 21:52:30+00:00,2026-03-15 23:19:47+00:00,1,CI,0,1,2026-03,2026
64599,pull_request,closed,2026-03-14 21:32:24+00:00,2026-03-15 18:38:11+00:00,0,Typing,0,1,2026-03,2026
64598,pull_request,closed,2026-03-14 20:42:54+00:00,2026-03-14 21:52:47+00:00,0,CI,0,1,2026-03,2026
64596,pull_request,closed,2026-03-14 17:25:34+00:00,2026-03-14 18:34:26+00:00,0,"Enhancement,Conditionals,pd.col",0,1,2026-03,2026
64595,pull_request,closed,2026-03-14 17:02:09+00:00,2026-03-19 15:37:42+00:00,4,Docs,0,1,2026-03,2026
64592,pull_request,closed,2026-03-14 08:46:30+00:00,2026-03-14 16:41:53+00:00,0,,0,0,2026-03,2026
64591,pull_request,closed,2026-03-14 08:37:23+00:00,2026-03-14 12:11:55+00:00,0,,0,0,2026-03,2026
64590,pull_request,closed,2026-03-14 02:09:54+00:00,2026-03-15 22:29:56+00:00,1,Performance,0,1,2026-03,2026
64589,pull_request,closed,2026-03-14 02:06:47+00:00,2026-03-25 19:08:28+00:00,11,Deprecate,0,0,2026-03,2026
64587,pull_request,closed,2026-03-13 22:02:13+00:00,2026-03-22 20:50:40+00:00,8,,0,0,2026-03,2026
64586,pull_request,closed,2026-03-13 21:32:26+00:00,2026-03-13 22:02:21+00:00,0,,0,0,2026-03,2026
64583,pull_request,closed,2026-03-13 15:10:14+00:00,2026-03-23 22:22:14+00:00,10,"Docs,IO HDF5",0,1,2026-03,2026
64582,pull_request,closed,2026-03-13 13:55:42+00:00,2026-04-29 21:46:13+00:00,47,Build,0,0,2026-03,2026
64581,pull_request,closed,2026-03-13 13:11:59+00:00,2026-03-16 18:39:20+00:00,3,,0,0,2026-03,2026
64580,pull_request,closed,2026-03-13 11:24:05+00:00,2026-03-14 17:04:45+00:00,1,"Testing,Index",0,1,2026-03,2026
64579,pull_request,closed,2026-03-13 10:06:24+00:00,2026-03-14 16:54:50+00:00,1,Arrow,0,1,2026-03,2026
64577,pull_request,closed,2026-03-13 07:34:10+00:00,2026-03-13 12:44:29+00:00,0,"Indexing,Performance,Arrow",0,1,2026-03,2026
64576,pull_request,closed,2026-03-13 06:40:02+00:00,2026-03-13 07:47:43+00:00,0,,0,0,2026-03,2026
64575,pull_request,closed,2026-03-13 01:32:17+00:00,2026-03-19 14:33:49+00:00,6,Performance,0,1,2026-03,2026
64574,pull_request,closed,2026-03-13 01:08:51+00:00,2026-04-20 13:58:58+00:00,38,Performance,0,1,2026-03,2026
64573,pull_request,closed,2026-03-13 00:26:00+00:00,2026-03-14 16:58:33+00:00,1,Typing,0,1,2026-03,2026
64572,pull_request,closed,2026-03-13 00:22:47+00:00,2026-03-13 16:46:13+00:00,0,Typing,0,1,2026-03,2026
64571,pull_request,closed,2026-03-12 21:40:31+00:00,2026-04-26 13:07:08+00:00,44,"Bug,IO HTML",1,1,2026-03,2026
64570,pull_request,closed,2026-03-12 21:29:17+00:00,2026-03-12 22:51:24+00:00,0,Testing,0,1,2026-03,2026
64569,pull_request,closed,2026-03-12 21:15:50+00:00,2026-03-26 19:30:42+00:00,13,"Bug,IO HDF5,Strings",1,1,2026-03,2026
64568,pull_request,closed,2026-03-12 20:05:13+00:00,2026-03-12 21:20:10+00:00,0,"Docs,CI",0,1,2026-03,2026
64567,pull_request,closed,2026-03-12 19:09:43+00:00,2026-03-22 18:41:06+00:00,9,,0,1,2026-03,2026
64566,pull_request,closed,2026-03-12 17:26:51+00:00,2026-03-12 18:38:39+00:00,0,"Testing,Build",0,1,2026-03,2026
64565,pull_request,closed,2026-03-12 17:20:53+00:00,2026-03-12 19:15:27+00:00,0,,0,1,2026-03,2026
64564,pull_request,closed,2026-03-12 17:18:38+00:00,2026-03-12 23:53:53+00:00,0,Build,0,1,2026-03,2026
64563,pull_request,closed,2026-03-12 17:01:31+00:00,2026-03-12 20:04:46+00:00,0,,0,1,2026-03,2026
64562,pull_request,closed,2026-03-12 16:56:20+00:00,2026-03-18 22:22:42+00:00,6,Typing,0,1,2026-03,2026
64561,pull_request,closed,2026-03-12 16:49:17+00:00,2026-03-12 19:09:44+00:00,0,Testing,0,1,2026-03,2026
64559,pull_request,closed,2026-03-12 14:53:55+00:00,2026-03-21 16:13:05+00:00,9,Typing,0,1,2026-03,2026
64558,pull_request,closed,2026-03-12 12:15:32+00:00,2026-03-12 15:58:06+00:00,0,,0,0,2026-03,2026
64557,pull_request,closed,2026-03-12 06:37:21+00:00,2026-03-12 06:42:17+00:00,0,,0,0,2026-03,2026
64556,pull_request,closed,2026-03-12 06:09:09+00:00,2026-03-19 09:13:44+00:00,7,,0,1,2026-03,2026
64554,pull_request,closed,2026-03-12 05:31:23+00:00,2026-03-12 16:10:30+00:00,0,Typing,0,1,2026-03,2026
64553,pull_request,closed,2026-03-12 04:15:24+00:00,2026-03-12 16:12:29+00:00,0,Docs,0,1,2026-03,2026
64552,pull_request,closed,2026-03-12 03:55:51+00:00,2026-03-12 16:02:04+00:00,0,Docs,0,1,2026-03,2026
64551,pull_request,closed,2026-03-12 02:50:59+00:00,2026-03-12 19:14:17+00:00,0,"Code Style,Typing",0,1,2026-03,2026
64550,pull_request,closed,2026-03-12 02:13:37+00:00,2026-03-12 16:13:32+00:00,0,Testing,0,1,2026-03,2026
64549,pull_request,closed,2026-03-12 02:06:06+00:00,2026-03-12 16:31:42+00:00,0,Refactor,0,1,2026-03,2026
64548,pull_request,closed,2026-03-12 01:39:40+00:00,2026-03-15 22:27:02+00:00,3,Testing,0,1,2026-03,2026
64547,pull_request,closed,2026-03-12 01:37:07+00:00,2026-03-12 19:19:22+00:00,0,"Output-Formatting,Sparse",0,1,2026-03,2026
64545,pull_request,closed,2026-03-12 01:01:44+00:00,2026-03-12 18:59:20+00:00,0,Non-Nano,0,1,2026-03,2026
64544,pull_request,closed,2026-03-12 00:55:41+00:00,2026-03-12 19:12:31+00:00,0,"Performance,Output-Formatting",0,1,2026-03,2026
64543,pull_request,closed,2026-03-12 00:04:15+00:00,2026-03-23 17:20:06+00:00,11,Performance,0,1,2026-03,2026
64542,pull_request,closed,2026-03-11 22:58:13+00:00,2026-03-22 00:19:09+00:00,10,"Deprecate,Index",0,1,2026-03,2026
64541,pull_request,closed,2026-03-11 22:51:34+00:00,2026-04-22 21:30:41+00:00,41,Build,0,0,2026-03,2026
64540,pull_request,closed,2026-03-11 20:53:14+00:00,2026-03-18 01:52:49+00:00,6,IO CSV,0,1,2026-03,2026
64539,pull_request,closed,2026-03-11 19:39:19+00:00,2026-03-11 20:36:54+00:00,0,Docs,0,1,2026-03,2026
64538,pull_request,closed,2026-03-11 19:33:29+00:00,2026-03-12 16:00:17+00:00,0,Docs,0,1,2026-03,2026
64537,pull_request,closed,2026-03-11 17:57:21+00:00,2026-03-21 16:41:51+00:00,9,Docs,0,0,2026-03,2026
64536,pull_request,closed,2026-03-11 17:47:20+00:00,2026-03-11 20:41:00+00:00,0,Performance,0,1,2026-03,2026
64534,pull_request,closed,2026-03-11 17:37:21+00:00,2026-03-12 22:59:12+00:00,1,Build,0,1,2026-03,2026
64533,pull_request,closed,2026-03-11 15:17:07+00:00,2026-04-09 21:57:06+00:00,29,,0,0,2026-03,2026
64532,pull_request,closed,2026-03-11 14:45:32+00:00,2026-03-11 16:06:52+00:00,0,"Testing,Clean",0,1,2026-03,2026
64531,pull_request,closed,2026-03-11 14:38:21+00:00,2026-03-12 13:26:04+00:00,0,Docs,0,1,2026-03,2026
64530,pull_request,closed,2026-03-11 14:04:21+00:00,2026-03-30 13:39:42+00:00,18,"Performance,Strings,Arrow",0,1,2026-03,2026
64529,pull_request,closed,2026-03-11 13:15:05+00:00,2026-03-12 18:24:39+00:00,1,"Indexing,Performance,Arrow",0,1,2026-03,2026
64527,pull_request,closed,2026-03-11 10:28:34+00:00,2026-03-11 10:37:42+00:00,0,Code Style,0,1,2026-03,2026
64526,pull_request,closed,2026-03-11 10:13:32+00:00,2026-03-11 12:00:18+00:00,0,"Bug,Strings,Arrow",1,1,2026-03,2026
64525,pull_request,closed,2026-03-11 06:48:23+00:00,2026-03-12 20:42:13+00:00,1,,0,0,2026-03,2026
64523,pull_request,closed,2026-03-11 06:07:12+00:00,2026-03-11 16:11:24+00:00,0,Docs,0,1,2026-03,2026
64522,pull_request,closed,2026-03-11 05:35:02+00:00,2026-03-11 16:12:37+00:00,0,Docs,0,1,2026-03,2026
64521,pull_request,closed,2026-03-11 05:30:53+00:00,2026-03-11 16:13:22+00:00,0,Error Reporting,0,1,2026-03,2026
64520,pull_request,closed,2026-03-11 05:26:25+00:00,2026-03-11 16:14:58+00:00,0,Error Reporting,0,1,2026-03,2026
64519,pull_request,closed,2026-03-11 04:55:59+00:00,2026-03-11 15:50:00+00:00,0,Docs,0,1,2026-03,2026
64518,pull_request,closed,2026-03-11 04:14:06+00:00,2026-03-11 15:49:13+00:00,0,Docs,0,1,2026-03,2026
64517,pull_request,closed,2026-03-11 04:00:58+00:00,2026-03-11 15:48:28+00:00,0,Docs,0,1,2026-03,2026
64516,pull_request,closed,2026-03-11 02:35:49+00:00,2026-03-11 16:50:23+00:00,0,Refactor,0,1,2026-03,2026
64514,pull_request,closed,2026-03-11 00:01:36+00:00,2026-03-11 09:15:11+00:00,0,,0,1,2026-03,2026
64513,pull_request,closed,2026-03-10 23:41:07+00:00,2026-04-01 19:42:42+00:00,21,"Performance,IO CSV",0,1,2026-03,2026
64512,pull_request,closed,2026-03-10 23:25:50+00:00,2026-03-17 20:43:56+00:00,6,"Performance,IO CSV",0,1,2026-03,2026
64510,pull_request,closed,2026-03-10 21:01:58+00:00,2026-03-20 15:56:47+00:00,9,"Enhancement,NA - MaskedArrays",0,1,2026-03,2026
64509,pull_request,closed,2026-03-10 17:07:37+00:00,2026-03-10 17:53:04+00:00,0,Docs,0,1,2026-03,2026
64508,pull_request,closed,2026-03-10 17:00:19+00:00,2026-03-10 17:52:28+00:00,0,Docs,0,1,2026-03,2026
64507,pull_request,closed,2026-03-10 12:50:32+00:00,2026-04-09 21:41:27+00:00,30,"Enhancement,expressions",0,0,2026-03,2026
64506,pull_request,closed,2026-03-10 12:00:00+00:00,2026-04-24 02:13:43+00:00,44,Stale,0,0,2026-03,2026
64505,pull_request,closed,2026-03-10 06:39:41+00:00,2026-03-10 16:19:33+00:00,0,Error Reporting,0,1,2026-03,2026
64504,pull_request,closed,2026-03-10 06:36:24+00:00,2026-03-10 16:21:11+00:00,0,Warnings,0,1,2026-03,2026
64503,pull_request,closed,2026-03-10 06:28:46+00:00,2026-03-10 16:21:44+00:00,0,Error Reporting,0,1,2026-03,2026
64502,pull_request,closed,2026-03-10 03:49:33+00:00,2026-03-10 17:51:54+00:00,0,Docs,0,1,2026-03,2026
64501,pull_request,closed,2026-03-10 03:41:27+00:00,2026-03-10 16:15:55+00:00,0,Docs,0,1,2026-03,2026
64500,pull_request,closed,2026-03-10 03:34:34+00:00,2026-03-10 16:11:08+00:00,0,Docs,0,1,2026-03,2026
64499,pull_request,closed,2026-03-10 03:27:14+00:00,2026-03-10 16:13:04+00:00,0,Docs,0,1,2026-03,2026
64498,pull_request,closed,2026-03-10 03:08:23+00:00,2026-03-10 16:11:52+00:00,0,Docs,0,1,2026-03,2026
64497,pull_request,closed,2026-03-10 02:16:14+00:00,2026-03-22 01:07:55+00:00,11,,0,0,2026-03,2026
64496,pull_request,closed,2026-03-10 00:21:09+00:00,2026-03-10 16:22:15+00:00,0,"Build,CI,Dependencies",0,1,2026-03,2026
64495,pull_request,closed,2026-03-09 21:36:20+00:00,2026-03-10 16:38:46+00:00,0,,0,1,2026-03,2026
64494,pull_request,closed,2026-03-09 21:16:29+00:00,2026-03-10 00:18:37+00:00,0,Testing,0,1,2026-03,2026
64493,pull_request,closed,2026-03-09 18:06:03+00:00,2026-03-10 16:45:24+00:00,0,"Performance,Non-Nano",0,1,2026-03,2026
64492,pull_request,closed,2026-03-09 17:19:51+00:00,2026-03-15 12:06:57+00:00,5,"Bug,Reshaping",1,1,2026-03,2026
64491,pull_request,closed,2026-03-09 17:04:59+00:00,2026-03-09 17:36:42+00:00,0,Docs,0,1,2026-03,2026
64490,pull_request,closed,2026-03-09 16:32:58+00:00,2026-03-09 17:42:49+00:00,0,Dtype Conversions,0,1,2026-03,2026
64489,pull_request,closed,2026-03-09 16:30:23+00:00,2026-03-09 20:08:26+00:00,0,Internals,0,1,2026-03,2026
64488,pull_request,closed,2026-03-09 16:23:11+00:00,2026-03-09 16:34:27+00:00,0,"CI,Dependencies",0,1,2026-03,2026
64487,pull_request,closed,2026-03-09 16:12:34+00:00,2026-03-09 16:39:10+00:00,0,,0,0,2026-03,2026
64486,pull_request,closed,2026-03-09 09:47:26+00:00,2026-05-12 18:02:36+00:00,64,"Docs,Visualization",0,0,2026-03,2026
64485,pull_request,closed,2026-03-09 08:27:52+00:00,2026-03-10 00:20:28+00:00,0,"Build,CI,Dependencies",0,1,2026-03,2026
64484,pull_request,closed,2026-03-09 08:27:42+00:00,2026-03-09 16:18:52+00:00,0,"CI,Dependencies",0,1,2026-03,2026
64483,pull_request,closed,2026-03-08 22:26:14+00:00,2026-03-09 18:45:18+00:00,0,numba,0,1,2026-03,2026
64482,pull_request,closed,2026-03-08 21:54:36+00:00,2026-03-09 20:03:41+00:00,0,Internals,0,1,2026-03,2026
64481,pull_request,closed,2026-03-08 21:46:22+00:00,2026-03-10 00:21:07+00:00,1,"Testing,Index",0,1,2026-03,2026
64480,pull_request,closed,2026-03-08 21:35:51+00:00,2026-03-09 20:02:31+00:00,0,Frequency,0,1,2026-03,2026
64479,pull_request,closed,2026-03-08 19:51:26+00:00,2026-03-12 18:55:00+00:00,3,,0,1,2026-03,2026
64478,pull_request,closed,2026-03-08 18:59:18+00:00,2026-03-09 16:32:50+00:00,0,Dtype Conversions,0,1,2026-03,2026
64477,pull_request,closed,2026-03-08 18:09:27+00:00,2026-03-09 19:56:50+00:00,1,Internals,0,1,2026-03,2026
64476,pull_request,closed,2026-03-08 17:25:04+00:00,2026-03-09 19:53:50+00:00,1,Internals,0,1,2026-03,2026
64475,pull_request,closed,2026-03-08 14:18:47+00:00,2026-03-08 18:39:18+00:00,0,,0,0,2026-03,2026
64474,pull_request,closed,2026-03-08 05:13:09+00:00,2026-03-08 21:32:02+00:00,0,,0,1,2026-03,2026
64473,pull_request,closed,2026-03-08 05:09:24+00:00,2026-03-09 16:03:09+00:00,1,,0,1,2026-03,2026
64472,pull_request,closed,2026-03-08 04:52:07+00:00,2026-03-10 20:36:52+00:00,2,,0,0,2026-03,2026
64471,pull_request,closed,2026-03-08 04:46:34+00:00,2026-03-09 16:47:34+00:00,1,Docs,0,1,2026-03,2026
64470,pull_request,closed,2026-03-08 04:31:06+00:00,2026-03-09 16:51:34+00:00,1,Docs,0,1,2026-03,2026
64469,pull_request,closed,2026-03-08 04:26:44+00:00,2026-03-09 16:50:57+00:00,1,Docs,0,1,2026-03,2026
64468,pull_request,closed,2026-03-08 04:21:15+00:00,2026-03-09 16:50:20+00:00,1,Docs,0,1,2026-03,2026
64467,pull_request,closed,2026-03-08 04:07:20+00:00,2026-03-09 16:49:45+00:00,1,Docs,0,1,2026-03,2026
64466,pull_request,closed,2026-03-08 03:57:30+00:00,2026-03-09 16:49:01+00:00,1,Docs,0,1,2026-03,2026
64465,pull_request,closed,2026-03-08 03:47:28+00:00,2026-03-09 16:48:25+00:00,1,Docs,0,1,2026-03,2026
64464,pull_request,closed,2026-03-07 23:48:49+00:00,2026-03-08 19:05:42+00:00,0,"Testing,Warnings",0,1,2026-03,2026
64463,pull_request,closed,2026-03-07 23:41:14+00:00,2026-03-08 01:10:26+00:00,0,"Performance,Frequency",0,1,2026-03,2026
64462,pull_request,closed,2026-03-07 23:13:40+00:00,2026-03-08 01:06:32+00:00,0,Internals,0,1,2026-03,2026
64461,pull_request,closed,2026-03-07 23:02:31+00:00,2026-03-10 18:23:32+00:00,2,Testing,0,1,2026-03,2026
64459,pull_request,closed,2026-03-07 19:42:16+00:00,2026-03-21 16:40:02+00:00,13,Docs,0,1,2026-03,2026
64457,pull_request,closed,2026-03-07 19:04:15+00:00,2026-03-09 16:54:30+00:00,1,Testing,0,1,2026-03,2026
64456,pull_request,closed,2026-03-07 18:38:33+00:00,2026-03-12 20:30:23+00:00,5,"Performance,Reshaping",0,1,2026-03,2026
64455,pull_request,closed,2026-03-07 18:33:16+00:00,2026-03-17 20:34:25+00:00,10,"Performance,Reshaping",0,1,2026-03,2026
64453,pull_request,closed,2026-03-07 16:20:25+00:00,2026-03-07 23:29:20+00:00,0,"Performance,NA - MaskedArrays,Copy / view semantics",0,1,2026-03,2026
64452,pull_request,closed,2026-03-07 15:14:32+00:00,2026-03-07 17:39:49+00:00,0,Performance,0,1,2026-03,2026
64451,pull_request,closed,2026-03-07 12:43:06+00:00,2026-03-09 17:12:59+00:00,2,"Enhancement,ExtensionArray",0,1,2026-03,2026
64448,pull_request,closed,2026-03-07 08:34:02+00:00,2026-03-16 11:20:56+00:00,9,"Bug,Numeric Operations",1,1,2026-03,2026
64447,pull_request,closed,2026-03-07 07:06:52+00:00,2026-03-07 18:45:55+00:00,0,Docs,0,1,2026-03,2026
64445,pull_request,closed,2026-03-07 05:17:22+00:00,2026-03-07 17:29:15+00:00,0,Docs,0,1,2026-03,2026
64444,pull_request,closed,2026-03-07 04:32:45+00:00,2026-03-07 17:29:56+00:00,0,Docs,0,1,2026-03,2026
64443,pull_request,closed,2026-03-07 04:28:19+00:00,2026-03-07 14:34:17+00:00,0,"Docs,Groupby",0,1,2026-03,2026
64442,pull_request,closed,2026-03-07 04:22:40+00:00,2026-03-07 17:28:10+00:00,0,Docs,0,1,2026-03,2026
64441,pull_request,closed,2026-03-07 04:18:41+00:00,2026-03-07 17:26:54+00:00,0,Docs,0,1,2026-03,2026
64440,pull_request,closed,2026-03-07 04:08:08+00:00,2026-03-07 17:24:44+00:00,0,Docs,0,1,2026-03,2026
64439,pull_request,closed,2026-03-07 04:00:30+00:00,2026-03-07 17:31:08+00:00,0,Docs,0,1,2026-03,2026
64438,pull_request,closed,2026-03-07 02:33:40+00:00,2026-03-09 17:48:16+00:00,2,Performance,0,1,2026-03,2026
64437,pull_request,closed,2026-03-07 01:54:42+00:00,2026-03-07 17:59:41+00:00,0,Performance,0,1,2026-03,2026
64436,pull_request,closed,2026-03-07 01:29:44+00:00,2026-03-07 17:54:50+00:00,0,Internals,0,1,2026-03,2026
64435,pull_request,closed,2026-03-07 01:15:20+00:00,2026-03-07 19:06:25+00:00,0,,0,0,2026-03,2026
64434,pull_request,closed,2026-03-07 00:31:47+00:00,2026-04-18 16:42:48+00:00,42,"Performance,Stale",0,1,2026-03,2026
64433,pull_request,closed,2026-03-06 22:18:39+00:00,2026-03-07 19:35:42+00:00,0,,0,0,2026-03,2026
64432,pull_request,closed,2026-03-06 21:57:35+00:00,2026-03-17 20:32:48+00:00,10,"Build,Performance,IO CSV,Numeric stability",0,1,2026-03,2026
64431,pull_request,closed,2026-03-06 21:48:48+00:00,2026-03-07 00:42:09+00:00,0,Docs,0,1,2026-03,2026
64430,pull_request,closed,2026-03-06 21:13:16+00:00,2026-03-06 22:18:01+00:00,0,,0,0,2026-03,2026
64427,pull_request,closed,2026-03-06 17:05:14+00:00,2026-03-06 17:28:42+00:00,0,Docs,0,1,2026-03,2026
64424,pull_request,closed,2026-03-06 15:41:30+00:00,2026-04-09 22:46:29+00:00,34,Needs Tests,0,0,2026-03,2026
64423,pull_request,closed,2026-03-06 15:40:06+00:00,2026-03-06 21:48:21+00:00,0,Docs,0,1,2026-03,2026
64422,pull_request,closed,2026-03-06 15:36:40+00:00,2026-04-20 16:31:33+00:00,45,"Error Reporting,Reduction Operations",0,0,2026-03,2026
64421,pull_request,closed,2026-03-06 14:31:58+00:00,2026-03-06 17:25:35+00:00,0,"Missing-data,Regression",0,1,2026-03,2026
64420,pull_request,closed,2026-03-06 14:27:46+00:00,2026-03-06 17:25:57+00:00,0,Docs,0,1,2026-03,2026
64418,pull_request,closed,2026-03-06 07:35:28+00:00,2026-03-08 03:36:28+00:00,1,,0,0,2026-03,2026
64417,pull_request,closed,2026-03-06 04:21:07+00:00,2026-03-11 15:47:23+00:00,5,,0,1,2026-03,2026
64416,pull_request,closed,2026-03-06 04:20:58+00:00,2026-03-11 00:37:08+00:00,4,Docs,0,0,2026-03,2026
64415,pull_request,closed,2026-03-06 01:53:40+00:00,2026-03-06 15:28:24+00:00,0,,0,0,2026-03,2026
64414,pull_request,closed,2026-03-06 01:52:57+00:00,2026-03-06 01:54:35+00:00,0,,0,0,2026-03,2026
64413,pull_request,closed,2026-03-05 22:15:22+00:00,2026-03-05 23:04:13+00:00,0,Build,0,1,2026-03,2026
64412,pull_request,closed,2026-03-05 16:33:45+00:00,2026-03-06 14:27:38+00:00,0,Docs,0,1,2026-03,2026
64411,pull_request,closed,2026-03-05 12:31:18+00:00,2026-03-11 00:34:51+00:00,5,,0,0,2026-03,2026
64410,pull_request,closed,2026-03-05 12:28:53+00:00,2026-03-11 00:33:27+00:00,5,,0,0,2026-03,2026
64409,pull_request,closed,2026-03-05 12:25:09+00:00,2026-03-11 00:34:31+00:00,5,,0,0,2026-03,2026
64408,pull_request,closed,2026-03-05 12:21:38+00:00,2026-03-11 00:34:01+00:00,5,Constructors,0,0,2026-03,2026
64407,pull_request,closed,2026-03-05 11:56:15+00:00,2026-03-05 20:40:30+00:00,0,,0,0,2026-03,2026
64406,pull_request,closed,2026-03-05 11:55:13+00:00,2026-03-05 20:40:26+00:00,0,,0,0,2026-03,2026
64405,pull_request,closed,2026-03-05 11:54:11+00:00,2026-03-05 20:40:21+00:00,0,,0,0,2026-03,2026
64404,pull_request,closed,2026-03-05 11:53:13+00:00,2026-03-05 20:40:16+00:00,0,,0,0,2026-03,2026
64403,pull_request,closed,2026-03-05 11:51:42+00:00,2026-03-05 20:40:11+00:00,0,,0,0,2026-03,2026
64402,pull_request,closed,2026-03-05 11:50:42+00:00,2026-03-05 20:40:06+00:00,0,,0,0,2026-03,2026
64401,pull_request,closed,2026-03-05 11:49:39+00:00,2026-03-05 20:40:01+00:00,0,,0,0,2026-03,2026
64400,pull_request,closed,2026-03-05 11:46:20+00:00,2026-03-05 20:39:55+00:00,0,,0,0,2026-03,2026
64399,pull_request,closed,2026-03-05 11:45:19+00:00,2026-03-05 20:39:49+00:00,0,,0,0,2026-03,2026
64398,pull_request,closed,2026-03-05 11:43:29+00:00,2026-03-05 20:39:44+00:00,0,,0,0,2026-03,2026
64397,pull_request,closed,2026-03-05 11:26:54+00:00,2026-03-11 00:36:44+00:00,5,,0,0,2026-03,2026
64396,pull_request,closed,2026-03-05 04:36:28+00:00,2026-03-05 22:14:57+00:00,0,Build,0,1,2026-03,2026
64392,pull_request,closed,2026-03-04 13:55:57+00:00,2026-03-20 18:08:35+00:00,16,"Bug,Dtype Conversions",1,0,2026-03,2026
64390,pull_request,closed,2026-03-04 08:46:13+00:00,2026-03-28 20:06:08+00:00,24,"Bug,IO SQL",1,0,2026-03,2026
64389,pull_request,closed,2026-03-04 08:08:56+00:00,2026-03-05 16:43:05+00:00,1,,0,1,2026-03,2026
64388,pull_request,closed,2026-03-03 22:13:49+00:00,2026-03-06 17:24:06+00:00,2,"Performance,Regression",0,1,2026-03,2026
64387,pull_request,closed,2026-03-03 20:41:54+00:00,2026-03-09 12:11:33+00:00,5,,0,0,2026-03,2026
64386,pull_request,closed,2026-03-03 20:34:36+00:00,2026-03-26 16:51:05+00:00,22,"Bug,Sorting",1,1,2026-03,2026
64385,pull_request,closed,2026-03-03 19:23:43+00:00,2026-03-03 20:06:19+00:00,0,Testing,0,1,2026-03,2026
64384,pull_request,closed,2026-03-03 17:56:54+00:00,2026-03-03 19:35:36+00:00,0,"Docs,Typing",0,1,2026-03,2026
64382,pull_request,closed,2026-03-03 10:51:29+00:00,2026-03-03 17:42:50+00:00,0,Docs,0,1,2026-03,2026
64380,pull_request,closed,2026-03-03 08:43:34+00:00,2026-03-03 17:42:19+00:00,0,Docs,0,1,2026-03,2026
64379,pull_request,closed,2026-03-03 08:25:53+00:00,2026-05-06 08:45:11+00:00,64,"Performance,Timezones",0,1,2026-03,2026
64378,pull_request,closed,2026-03-03 07:56:17+00:00,2026-03-03 17:43:22+00:00,0,Docs,0,1,2026-03,2026
64377,pull_request,closed,2026-03-03 07:09:40+00:00,2026-03-18 21:54:33+00:00,15,"Performance,Timezones",0,0,2026-03,2026
64376,pull_request,closed,2026-03-03 06:28:14+00:00,2026-03-23 00:04:56+00:00,19,"Visualization,Performance",0,1,2026-03,2026
64375,pull_request,closed,2026-03-03 00:13:55+00:00,2026-03-03 03:15:04+00:00,0,Code Style,0,1,2026-03,2026
64374,pull_request,closed,2026-03-02 23:38:00+00:00,2026-03-04 18:41:02+00:00,1,"Performance,Output-Formatting",0,1,2026-03,2026
64373,pull_request,closed,2026-03-02 19:32:13+00:00,2026-03-02 19:51:14+00:00,0,"Build,CI,Dependencies",0,1,2026-03,2026
64372,pull_request,closed,2026-03-02 19:31:58+00:00,2026-03-02 19:50:59+00:00,0,"Build,CI,Dependencies",0,1,2026-03,2026
64371,pull_request,closed,2026-03-02 19:15:35+00:00,2026-03-02 21:09:15+00:00,0,,0,0,2026-03,2026
64370,pull_request,closed,2026-03-02 17:48:08+00:00,2026-03-02 21:40:08+00:00,0,"Performance,Reshaping",0,1,2026-03,2026
64369,pull_request,closed,2026-03-02 17:39:01+00:00,2026-03-03 17:41:34+00:00,1,Docs,0,1,2026-03,2026
64368,pull_request,closed,2026-03-02 17:29:01+00:00,2026-03-02 19:27:25+00:00,0,Code Style,0,1,2026-03,2026
64367,pull_request,closed,2026-03-02 16:31:46+00:00,2026-03-02 17:28:32+00:00,0,Code Style,0,1,2026-03,2026
64366,pull_request,closed,2026-03-02 15:48:19+00:00,2026-03-13 20:32:53+00:00,11,Reduction Operations,0,1,2026-03,2026
64365,pull_request,closed,2026-03-02 14:19:44+00:00,2026-03-11 14:41:57+00:00,9,"Testing,ExtensionArray",0,1,2026-03,2026
64364,pull_request,closed,2026-03-02 14:10:34+00:00,2026-03-02 14:59:35+00:00,0,,0,0,2026-03,2026
64362,pull_request,closed,2026-03-02 08:38:33+00:00,2026-03-02 17:24:33+00:00,0,Docs,0,1,2026-03,2026
64361,pull_request,closed,2026-03-02 08:29:13+00:00,2026-03-02 19:32:06+00:00,0,"Build,CI,Dependencies",0,1,2026-03,2026
64360,pull_request,closed,2026-03-02 08:29:06+00:00,2026-03-02 19:31:50+00:00,0,"Build,CI,Dependencies",0,1,2026-03,2026
64359,pull_request,closed,2026-03-01 20:19:41+00:00,2026-03-02 17:29:04+00:00,0,"Strings,Arrow",0,1,2026-03,2026
64358,pull_request,closed,2026-03-01 19:44:21+00:00,2026-03-01 20:01:32+00:00,0,,0,0,2026-03,2026
64357,pull_request,closed,2026-03-01 19:12:48+00:00,2026-03-02 19:40:54+00:00,1,IO CSV,0,1,2026-03,2026
64356,pull_request,closed,2026-03-01 19:07:53+00:00,2026-03-02 14:29:34+00:00,0,,0,1,2026-03,2026
64355,pull_request,closed,2026-03-01 16:44:46+00:00,2026-03-01 17:54:10+00:00,0,Docs,0,1,2026-03,2026
64354,pull_request,closed,2026-03-01 15:26:18+00:00,2026-03-01 17:30:59+00:00,0,,0,0,2026-03,2026
64353,pull_request,closed,2026-03-01 15:23:12+00:00,2026-03-01 17:31:26+00:00,0,,0,0,2026-03,2026
64352,pull_request,closed,2026-03-01 05:00:57+00:00,2026-03-01 17:35:57+00:00,0,Docs,0,1,2026-03,2026
64351,pull_request,closed,2026-03-01 04:18:39+00:00,2026-03-01 17:34:38+00:00,0,Docs,0,1,2026-03,2026
64348,pull_request,closed,2026-02-28 20:20:11+00:00,2026-03-01 17:33:17+00:00,0,Typing,0,1,2026-02,2026
64346,pull_request,closed,2026-02-28 07:37:58+00:00,2026-03-06 17:05:07+00:00,6,Docs,0,1,2026-02,2026
64344,pull_request,closed,2026-02-28 02:50:23+00:00,2026-03-02 19:56:49+00:00,2,IO SAS,0,1,2026-02,2026
64343,pull_request,closed,2026-02-27 20:57:45+00:00,2026-03-22 20:51:07+00:00,22,"Bug,Indexing",1,0,2026-02,2026
64340,pull_request,closed,2026-02-27 16:49:55+00:00,2026-02-28 17:01:49+00:00,1,Docs,0,1,2026-02,2026
64339,pull_request,closed,2026-02-27 15:35:40+00:00,2026-03-11 10:12:33+00:00,11,"Bug,Strings,Arrow",1,1,2026-02,2026
64338,pull_request,closed,2026-02-27 14:40:39+00:00,2026-02-27 18:12:31+00:00,0,"Regression,IO HDF5,Non-Nano",0,1,2026-02,2026
64336,pull_request,closed,2026-02-27 10:21:04+00:00,2026-04-04 21:09:39+00:00,36,Docs,0,0,2026-02,2026
64335,pull_request,closed,2026-02-27 10:13:12+00:00,2026-03-28 19:51:25+00:00,29,Docs,0,0,2026-02,2026
64334,pull_request,closed,2026-02-27 09:21:45+00:00,2026-03-23 22:23:22+00:00,24,Docs,0,0,2026-02,2026
64332,pull_request,closed,2026-02-27 06:15:38+00:00,2026-03-06 14:31:49+00:00,7,"Missing-data,Regression",0,1,2026-02,2026
64331,pull_request,closed,2026-02-27 02:19:38+00:00,2026-03-31 23:35:46+00:00,32,Needs Tests,0,1,2026-02,2026
64330,pull_request,closed,2026-02-26 23:16:30+00:00,2026-02-27 00:21:31+00:00,0,"Performance,quantile",0,1,2026-02,2026
64329,pull_request,closed,2026-02-26 22:20:51+00:00,2026-02-26 23:34:13+00:00,0,,0,1,2026-02,2026
64328,pull_request,closed,2026-02-26 22:08:31+00:00,2026-02-26 23:13:11+00:00,0,"Testing,Visualization",0,1,2026-02,2026
64326,pull_request,closed,2026-02-26 20:05:28+00:00,2026-02-26 20:12:37+00:00,0,,0,0,2026-02,2026
64325,pull_request,closed,2026-02-26 19:19:28+00:00,2026-03-01 18:43:05+00:00,2,,0,0,2026-02,2026
64324,pull_request,closed,2026-02-26 17:16:53+00:00,2026-02-27 16:47:24+00:00,0,Docs,0,1,2026-02,2026
64321,pull_request,closed,2026-02-26 13:42:17+00:00,2026-04-25 02:50:13+00:00,57,"Docs,Stale",0,0,2026-02,2026
64319,pull_request,closed,2026-02-26 07:06:40+00:00,2026-04-04 21:16:06+00:00,37,Docs,0,0,2026-02,2026
64318,pull_request,closed,2026-02-26 05:47:48+00:00,2026-02-27 14:40:09+00:00,1,"Regression,IO HDF5,Non-Nano",0,1,2026-02,2026
64317,pull_request,closed,2026-02-26 02:41:02+00:00,2026-03-02 19:42:17+00:00,4,"Testing,Visualization",0,1,2026-02,2026
64316,pull_request,closed,2026-02-26 02:34:40+00:00,2026-02-26 16:29:13+00:00,0,"Testing,Visualization",0,1,2026-02,2026
64311,pull_request,closed,2026-02-25 23:43:13+00:00,2026-02-26 16:28:20+00:00,0,Period,0,1,2026-02,2026
64309,pull_request,closed,2026-02-25 17:04:11+00:00,2026-02-25 18:22:48+00:00,0,Docs,0,1,2026-02,2026
64306,pull_request,closed,2026-02-25 11:37:48+00:00,2026-03-28 17:31:20+00:00,31,"Timedelta,Frequency",0,1,2026-02,2026
64305,pull_request,closed,2026-02-25 09:14:29+00:00,2026-02-25 09:15:03+00:00,0,,0,0,2026-02,2026
64304,pull_request,closed,2026-02-25 07:24:49+00:00,2026-02-25 21:48:05+00:00,0,"Performance,Describe/info/etc",0,1,2026-02,2026
64301,pull_request,closed,2026-02-24 20:38:44+00:00,2026-02-24 21:24:52+00:00,0,Docs,0,1,2026-02,2026
64299,pull_request,closed,2026-02-24 18:33:18+00:00,2026-02-26 02:15:51+00:00,1,CI,0,1,2026-02,2026
64296,pull_request,closed,2026-02-24 17:13:51+00:00,2026-03-22 20:50:47+00:00,26,Needs Tests,0,0,2026-02,2026
64295,pull_request,closed,2026-02-24 09:53:04+00:00,2026-02-24 21:39:44+00:00,0,Docs,0,1,2026-02,2026
64294,pull_request,closed,2026-02-24 07:04:55+00:00,2026-04-11 17:00:42+00:00,46,"Datetime,Windows,Needs Tests",0,1,2026-02,2026
64293,pull_request,closed,2026-02-24 05:31:12+00:00,2026-02-25 04:51:08+00:00,0,,0,0,2026-02,2026
64292,pull_request,closed,2026-02-24 05:14:22+00:00,2026-03-06 22:11:09+00:00,10,"Bug,Error Reporting",1,1,2026-02,2026
64291,pull_request,closed,2026-02-24 04:39:30+00:00,2026-03-31 11:20:48+00:00,35,Docs,0,1,2026-02,2026
64290,pull_request,closed,2026-02-23 23:28:25+00:00,2026-04-25 02:49:46+00:00,60,Docs,0,1,2026-02,2026
64289,pull_request,closed,2026-02-23 23:23:47+00:00,2026-04-10 17:24:12+00:00,45,,0,0,2026-02,2026
64288,pull_request,closed,2026-02-23 19:21:02+00:00,2026-02-23 21:54:16+00:00,0,,0,0,2026-02,2026
64287,pull_request,closed,2026-02-23 17:48:12+00:00,2026-02-23 18:33:25+00:00,0,"Bug,expressions",1,1,2026-02,2026
64286,pull_request,closed,2026-02-23 17:09:59+00:00,2026-03-22 19:55:28+00:00,27,Needs Tests,0,0,2026-02,2026
64284,pull_request,closed,2026-02-23 12:11:20+00:00,2026-02-24 04:45:05+00:00,0,,0,0,2026-02,2026
64283,pull_request,closed,2026-02-23 12:00:36+00:00,2026-04-17 15:13:06+00:00,53,,0,0,2026-02,2026
64279,pull_request,closed,2026-02-22 23:30:44+00:00,2026-03-24 17:46:12+00:00,29,"Build,CI",0,0,2026-02,2026
64278,pull_request,closed,2026-02-22 19:00:13+00:00,2026-03-23 08:47:34+00:00,28,Needs Tests,0,0,2026-02,2026
64277,pull_request,closed,2026-02-22 18:21:15+00:00,2026-03-21 16:09:54+00:00,26,Needs Tests,0,0,2026-02,2026
64276,pull_request,closed,2026-02-22 17:56:13+00:00,2026-02-24 04:46:17+00:00,1,,0,0,2026-02,2026
64275,pull_request,closed,2026-02-22 16:19:50+00:00,2026-05-13 23:27:44+00:00,80,"Build,Stale",0,0,2026-02,2026
64274,pull_request,closed,2026-02-22 11:18:11+00:00,2026-04-04 21:12:04+00:00,41,Docs,0,1,2026-02,2026
64273,pull_request,closed,2026-02-22 09:09:04+00:00,2026-05-13 23:27:32+00:00,80,Stale,0,0,2026-02,2026
64270,pull_request,closed,2026-02-21 22:00:25+00:00,2026-02-23 17:47:43+00:00,1,"Bug,expressions",1,1,2026-02,2026
64269,pull_request,closed,2026-02-21 19:40:19+00:00,2026-03-17 20:26:22+00:00,24,Needs Tests,0,0,2026-02,2026
64268,pull_request,closed,2026-02-21 19:28:22+00:00,2026-02-23 17:38:50+00:00,1,Docs,0,1,2026-02,2026
64264,pull_request,closed,2026-02-21 18:18:31+00:00,2026-02-21 18:48:39+00:00,0,,0,0,2026-02,2026
64262,pull_request,closed,2026-02-21 09:56:19+00:00,2026-02-21 18:13:27+00:00,0,Docs,0,1,2026-02,2026
64261,pull_request,closed,2026-02-21 06:33:08+00:00,2026-02-21 18:12:56+00:00,0,Docs,0,1,2026-02,2026
64260,pull_request,closed,2026-02-21 06:19:14+00:00,2026-02-23 17:48:22+00:00,2,Docs,0,1,2026-02,2026
64259,pull_request,closed,2026-02-21 05:49:37+00:00,2026-02-21 18:12:15+00:00,0,Docs,0,1,2026-02,2026
64258,pull_request,closed,2026-02-21 01:33:33+00:00,2026-02-23 17:50:20+00:00,2,Period,0,1,2026-02,2026
64257,pull_request,closed,2026-02-20 21:30:19+00:00,2026-02-20 22:20:52+00:00,0,Period,0,1,2026-02,2026
64256,pull_request,closed,2026-02-20 18:20:17+00:00,2026-02-20 22:22:18+00:00,0,Period,0,1,2026-02,2026
64254,pull_request,closed,2026-02-20 17:30:57+00:00,2026-03-06 16:57:56+00:00,13,Docs,0,0,2026-02,2026
64251,pull_request,closed,2026-02-20 07:55:13+00:00,2026-04-10 15:27:39+00:00,49,Performance,0,1,2026-02,2026
64248,pull_request,closed,2026-02-20 06:37:08+00:00,2026-02-20 16:52:28+00:00,0,Docs,0,1,2026-02,2026
64247,pull_request,closed,2026-02-20 06:21:12+00:00,2026-02-20 16:51:45+00:00,0,Docs,0,1,2026-02,2026
64246,pull_request,closed,2026-02-20 06:14:35+00:00,2026-02-20 16:51:08+00:00,0,Docs,0,1,2026-02,2026
64245,pull_request,closed,2026-02-20 00:02:53+00:00,2026-02-20 17:28:08+00:00,0,"Bug,Period",1,1,2026-02,2026
64244,pull_request,closed,2026-02-19 18:58:23+00:00,2026-02-21 00:38:37+00:00,1,"Refactor,Period",0,1,2026-02,2026
64243,pull_request,closed,2026-02-19 18:33:38+00:00,2026-02-19 21:25:52+00:00,0,"Build,CI",0,1,2026-02,2026
64242,pull_request,closed,2026-02-19 18:17:40+00:00,2026-02-19 23:04:58+00:00,0,Period,0,1,2026-02,2026
64236,pull_request,closed,2026-02-19 06:52:37+00:00,2026-04-11 11:42:58+00:00,51,"Docs,Apply",0,1,2026-02,2026
64235,pull_request,closed,2026-02-19 05:59:30+00:00,2026-03-25 09:03:41+00:00,34,"Regression,IO JSON",0,1,2026-02,2026
64234,pull_request,closed,2026-02-19 03:30:45+00:00,2026-02-19 13:24:09+00:00,0,,0,0,2026-02,2026
64233,pull_request,closed,2026-02-19 02:57:51+00:00,2026-04-09 22:16:47+00:00,49,Stale,0,0,2026-02,2026
64232,pull_request,closed,2026-02-18 23:24:18+00:00,2026-02-18 23:33:32+00:00,0,,0,0,2026-02,2026
64231,pull_request,closed,2026-02-18 22:06:48+00:00,2026-02-19 18:38:35+00:00,0,"Refactor,Period",0,1,2026-02,2026
64230,pull_request,closed,2026-02-18 19:03:32+00:00,2026-03-26 00:18:25+00:00,35,Performance,0,1,2026-02,2026
64228,pull_request,closed,2026-02-18 17:30:37+00:00,2026-02-18 18:49:51+00:00,0,,0,0,2026-02,2026
64226,pull_request,closed,2026-02-18 15:29:33+00:00,2026-02-18 18:51:06+00:00,0,Docs,0,1,2026-02,2026
64225,pull_request,closed,2026-02-18 15:24:27+00:00,2026-02-18 19:05:43+00:00,0,"Testing,Visualization",0,1,2026-02,2026
64222,pull_request,closed,2026-02-18 14:40:54+00:00,2026-02-18 15:37:53+00:00,0,,0,1,2026-02,2026
64221,pull_request,closed,2026-02-18 13:50:24+00:00,2026-02-18 15:54:03+00:00,0,,0,1,2026-02,2026
64220,pull_request,closed,2026-02-18 13:30:22+00:00,2026-02-18 14:18:34+00:00,0,Docs,0,1,2026-02,2026
64218,pull_request,closed,2026-02-18 10:32:19+00:00,2026-02-19 18:33:07+00:00,1,"Build,CI",0,1,2026-02,2026
64217,pull_request,closed,2026-02-18 09:59:56+00:00,2026-02-18 18:52:07+00:00,0,Docs,0,1,2026-02,2026
64216,pull_request,closed,2026-02-18 08:19:52+00:00,2026-02-18 09:16:24+00:00,0,"Bug,Docs,CI",1,1,2026-02,2026
64213,pull_request,closed,2026-02-18 04:27:43+00:00,2026-02-18 21:58:54+00:00,0,Testing,0,1,2026-02,2026
64212,pull_request,closed,2026-02-18 01:35:27+00:00,2026-02-28 19:40:27+00:00,10,Deprecate,0,1,2026-02,2026
64211,pull_request,closed,2026-02-17 23:58:00+00:00,2026-02-18 08:19:44+00:00,0,"Bug,Docs,CI",1,1,2026-02,2026
64210,pull_request,closed,2026-02-17 23:02:36+00:00,2026-02-18 18:54:50+00:00,0,Clean,0,1,2026-02,2026
64209,pull_request,closed,2026-02-17 22:49:42+00:00,2026-02-18 18:55:47+00:00,0,"Visualization,Clean",0,1,2026-02,2026
64206,pull_request,closed,2026-02-17 20:59:23+00:00,2026-02-17 20:59:59+00:00,0,,0,1,2026-02,2026
64205,pull_request,closed,2026-02-17 20:42:52+00:00,2026-02-18 15:35:04+00:00,0,,0,0,2026-02,2026
64204,pull_request,closed,2026-02-17 20:37:40+00:00,2026-02-17 20:39:40+00:00,0,,0,1,2026-02,2026
64203,pull_request,closed,2026-02-17 20:26:49+00:00,2026-04-09 22:09:07+00:00,51,"Docs,Typing,Stale",0,0,2026-02,2026
64202,pull_request,closed,2026-02-17 17:40:28+00:00,2026-03-26 00:34:03+00:00,36,,0,0,2026-02,2026
64201,pull_request,closed,2026-02-17 17:32:11+00:00,2026-02-17 17:33:31+00:00,0,Docs,0,1,2026-02,2026
64200,pull_request,closed,2026-02-17 17:05:45+00:00,2026-02-17 20:58:55+00:00,0,,0,1,2026-02,2026
64199,pull_request,closed,2026-02-17 17:03:33+00:00,2026-02-17 17:31:40+00:00,0,Docs,0,1,2026-02,2026
64197,pull_request,closed,2026-02-17 15:45:50+00:00,2026-02-17 16:50:42+00:00,0,,0,1,2026-02,2026
64194,pull_request,closed,2026-02-17 14:45:48+00:00,2026-02-17 15:47:32+00:00,0,,0,1,2026-02,2026
64193,pull_request,closed,2026-02-17 14:27:27+00:00,2026-04-09 22:13:24+00:00,51,"Docs,IO JSON,Stale",0,0,2026-02,2026
64191,pull_request,closed,2026-02-17 14:23:19+00:00,2026-02-18 18:56:22+00:00,1,Docs,0,1,2026-02,2026
64189,pull_request,closed,2026-02-17 14:03:55+00:00,2026-02-17 14:05:49+00:00,0,,0,0,2026-02,2026
64187,pull_request,closed,2026-02-17 13:03:59+00:00,2026-02-17 14:40:52+00:00,0,"Bug,Strings,Arrow",1,1,2026-02,2026
64186,pull_request,closed,2026-02-17 12:21:05+00:00,2026-02-17 14:39:33+00:00,0,"Testing,Arrow",0,1,2026-02,2026
64185,pull_request,closed,2026-02-17 11:02:54+00:00,2026-02-17 12:20:58+00:00,0,"Testing,Arrow",0,1,2026-02,2026
64183,pull_request,closed,2026-02-17 09:31:17+00:00,2026-03-12 16:14:07+00:00,23,"Bug,Indexing,Sparse",1,1,2026-02,2026
64182,pull_request,closed,2026-02-17 08:27:07+00:00,2026-02-18 18:57:33+00:00,1,Docs,0,1,2026-02,2026
64181,pull_request,closed,2026-02-17 08:12:34+00:00,2026-02-18 19:02:48+00:00,1,"Testing,IO HDF5,Clean",0,1,2026-02,2026
64179,pull_request,closed,2026-02-17 02:32:04+00:00,2026-03-07 22:47:24+00:00,18,Docs,0,0,2026-02,2026
64178,pull_request,closed,2026-02-16 23:49:47+00:00,2026-02-17 00:10:12+00:00,0,,0,0,2026-02,2026
64177,pull_request,closed,2026-02-16 23:44:12+00:00,2026-02-17 00:45:12+00:00,0,Code Style,0,1,2026-02,2026
64176,pull_request,closed,2026-02-16 23:25:37+00:00,2026-02-17 03:27:21+00:00,0,Docs,0,1,2026-02,2026
64175,pull_request,closed,2026-02-16 22:51:46+00:00,2026-02-17 03:26:16+00:00,0,"Testing,IO HDF5",0,1,2026-02,2026
64171,pull_request,closed,2026-02-16 21:00:56+00:00,2026-02-17 08:39:44+00:00,0,Docs,0,1,2026-02,2026
64170,pull_request,closed,2026-02-16 20:29:34+00:00,2026-02-17 05:36:26+00:00,0,,0,0,2026-02,2026
64169,pull_request,closed,2026-02-16 17:58:05+00:00,2026-03-06 20:59:46+00:00,18,Needs Tests,0,0,2026-02,2026
64168,pull_request,closed,2026-02-16 16:34:29+00:00,2026-02-16 22:51:14+00:00,0,"Testing,IO HDF5",0,1,2026-02,2026
64167,pull_request,closed,2026-02-16 16:12:41+00:00,2026-02-16 19:46:32+00:00,0,Typing,0,1,2026-02,2026
64166,pull_request,closed,2026-02-16 14:29:05+00:00,2026-04-09 22:45:20+00:00,52,Numeric Operations,0,0,2026-02,2026
64165,pull_request,closed,2026-02-16 10:12:08+00:00,2026-04-24 08:42:04+00:00,66,CI,0,1,2026-02,2026
64164,pull_request,closed,2026-02-16 09:54:40+00:00,2026-02-16 19:36:14+00:00,0,"Bug,Indexing,setitem-with-expansion",1,1,2026-02,2026
64163,pull_request,closed,2026-02-16 05:08:39+00:00,2026-03-12 18:36:11+00:00,24,,0,0,2026-02,2026
64162,pull_request,closed,2026-02-16 04:29:36+00:00,2026-02-16 19:15:36+00:00,0,Docs,0,1,2026-02,2026
64161,pull_request,closed,2026-02-16 01:25:33+00:00,2026-02-16 21:48:49+00:00,0,,0,0,2026-02,2026
64160,pull_request,closed,2026-02-15 23:07:13+00:00,2026-02-16 19:27:59+00:00,0,"Refactor,Period",0,1,2026-02,2026
64159,pull_request,closed,2026-02-15 22:43:07+00:00,2026-02-16 19:22:04+00:00,0,Refactor,0,1,2026-02,2026
64158,pull_request,closed,2026-02-15 22:09:55+00:00,2026-02-16 19:19:31+00:00,0,"Performance,Period",0,1,2026-02,2026
64157,pull_request,closed,2026-02-15 18:06:56+00:00,2026-03-26 21:40:38+00:00,39,"Period,Deprecate",0,0,2026-02,2026
64156,pull_request,closed,2026-02-15 17:19:41+00:00,2026-02-15 19:46:22+00:00,0,Docs,0,1,2026-02,2026
64154,pull_request,closed,2026-02-15 04:56:46+00:00,2026-02-15 16:57:59+00:00,0,Docs,0,1,2026-02,2026
64151,pull_request,closed,2026-02-14 18:24:57+00:00,2026-02-15 16:59:45+00:00,0,Docs,0,1,2026-02,2026
64149,pull_request,closed,2026-02-14 17:30:50+00:00,2026-02-15 17:32:05+00:00,1,Clean,0,1,2026-02,2026
64148,pull_request,closed,2026-02-14 16:56:00+00:00,2026-04-04 00:08:52+00:00,48,"Performance,Reshaping",0,1,2026-02,2026
64147,pull_request,closed,2026-02-14 16:47:16+00:00,2026-02-16 16:16:54+00:00,1,,0,0,2026-02,2026
64145,pull_request,closed,2026-02-14 16:29:50+00:00,2026-04-04 21:09:10+00:00,49,"Docs,Conditionals",0,1,2026-02,2026
64143,pull_request,closed,2026-02-14 15:34:10+00:00,2026-03-17 17:29:49+00:00,31,Needs Tests,0,1,2026-02,2026
64142,pull_request,closed,2026-02-14 15:31:42+00:00,2026-03-26 00:35:45+00:00,39,,0,0,2026-02,2026
64140,pull_request,closed,2026-02-14 13:17:57+00:00,2026-03-28 14:21:25+00:00,42,Docs,0,0,2026-02,2026
64139,pull_request,closed,2026-02-14 10:43:13+00:00,2026-03-16 18:41:19+00:00,30,Needs Tests,0,1,2026-02,2026
64138,pull_request,closed,2026-02-14 06:29:19+00:00,2026-02-22 15:45:42+00:00,8,"Docs,Strings,Needs Tests,Constructors",0,1,2026-02,2026
64137,pull_request,closed,2026-02-14 02:46:53+00:00,2026-02-15 18:31:01+00:00,1,"Refactor,Period",0,1,2026-02,2026
64136,pull_request,closed,2026-02-14 02:21:23+00:00,2026-02-15 18:26:46+00:00,1,"Refactor,Period",0,1,2026-02,2026
64135,pull_request,closed,2026-02-14 02:06:38+00:00,2026-02-15 17:40:33+00:00,1,"Refactor,Period",0,1,2026-02,2026
64134,pull_request,closed,2026-02-13 18:37:49+00:00,2026-02-17 20:35:03+00:00,4,ExtensionArray,0,1,2026-02,2026
64133,pull_request,closed,2026-02-13 13:37:23+00:00,2026-03-30 13:37:33+00:00,45,"Bug,Strings,Arrow",1,1,2026-02,2026
64131,pull_request,closed,2026-02-13 13:19:16+00:00,2026-03-15 21:51:03+00:00,30,Clean,0,0,2026-02,2026
64130,pull_request,closed,2026-02-13 01:16:09+00:00,2026-02-14 16:42:21+00:00,1,,0,0,2026-02,2026
64128,pull_request,closed,2026-02-12 21:26:37+00:00,2026-03-05 01:38:10+00:00,20,Docs,0,1,2026-02,2026
64127,pull_request,closed,2026-02-12 19:52:27+00:00,2026-02-16 19:14:26+00:00,3,"Indexing,Performance",0,1,2026-02,2026
64125,pull_request,closed,2026-02-12 16:12:17+00:00,2026-02-12 20:06:49+00:00,0,Docs,0,1,2026-02,2026
64124,pull_request,closed,2026-02-12 15:03:07+00:00,2026-02-12 16:06:25+00:00,0,Docs,0,1,2026-02,2026
64122,pull_request,closed,2026-02-11 17:45:44+00:00,2026-02-17 13:03:52+00:00,5,"Bug,Strings,Arrow",1,1,2026-02,2026
64121,pull_request,closed,2026-02-11 17:12:26+00:00,2026-02-11 18:07:53+00:00,0,"Regression,Timedelta,Non-Nano",0,1,2026-02,2026
64120,pull_request,closed,2026-02-11 16:58:03+00:00,2026-03-12 14:34:16+00:00,28,Needs Tests,0,0,2026-02,2026
64119,pull_request,closed,2026-02-11 15:29:59+00:00,2026-02-13 13:21:11+00:00,1,Docs,0,1,2026-02,2026
64117,pull_request,closed,2026-02-11 13:18:58+00:00,2026-02-11 15:54:55+00:00,0,"Docs,Copy / view semantics",0,1,2026-02,2026
64116,pull_request,closed,2026-02-11 10:26:47+00:00,2026-02-11 13:06:34+00:00,0,"Indexing,Regression",0,1,2026-02,2026
64115,pull_request,closed,2026-02-11 08:18:52+00:00,2026-03-11 14:36:31+00:00,28,Docs,0,1,2026-02,2026
64114,pull_request,closed,2026-02-11 08:18:14+00:00,2026-02-11 09:37:40+00:00,0,Docs,0,1,2026-02,2026
64113,pull_request,closed,2026-02-11 04:04:21+00:00,2026-02-13 17:24:03+00:00,2,"Bug,Groupby,Apply",1,1,2026-02,2026
64112,pull_request,closed,2026-02-11 03:56:29+00:00,2026-02-13 17:13:59+00:00,2,"Groupby,Resample,Deprecate,Apply",0,1,2026-02,2026
64111,pull_request,closed,2026-02-11 03:44:32+00:00,2026-02-16 22:57:32+00:00,5,"Enhancement,Groupby,Apply",0,1,2026-02,2026
64110,pull_request,closed,2026-02-10 18:13:58+00:00,2026-02-10 19:33:28+00:00,0,Typing,0,1,2026-02,2026
64109,pull_request,closed,2026-02-10 17:49:25+00:00,2026-02-10 19:32:42+00:00,0,"Window,Segfault",0,1,2026-02,2026
64108,pull_request,closed,2026-02-10 17:45:56+00:00,2026-02-10 19:32:23+00:00,0,"Regression,DataFrame,Constructors",0,1,2026-02,2026
64106,pull_request,closed,2026-02-10 15:58:58+00:00,2026-02-11 08:17:49+00:00,0,Docs,0,1,2026-02,2026
64105,pull_request,closed,2026-02-10 13:59:24+00:00,2026-02-18 14:13:00+00:00,8,Docs,0,1,2026-02,2026
64104,pull_request,closed,2026-02-10 09:56:40+00:00,2026-02-10 17:45:22+00:00,0,"Regression,DataFrame,Constructors",0,1,2026-02,2026
64103,pull_request,closed,2026-02-10 06:35:37+00:00,2026-02-15 14:47:51+00:00,5,,0,0,2026-02,2026
64102,pull_request,closed,2026-02-10 06:13:19+00:00,2026-02-10 07:45:17+00:00,0,,0,0,2026-02,2026
64101,pull_request,closed,2026-02-10 02:43:14+00:00,2026-02-10 17:48:52+00:00,0,"Window,Segfault",0,1,2026-02,2026
64100,pull_request,closed,2026-02-09 20:15:22+00:00,2026-02-09 20:58:57+00:00,0,CI,0,1,2026-02,2026
64099,pull_request,closed,2026-02-09 20:03:43+00:00,2026-04-09 21:42:59+00:00,59,,0,0,2026-02,2026
64098,pull_request,closed,2026-02-09 19:00:25+00:00,2026-02-10 17:47:07+00:00,0,Typing,0,1,2026-02,2026
64097,pull_request,closed,2026-02-09 18:48:57+00:00,2026-02-09 23:34:36+00:00,0,"Docs,Code Style",0,1,2026-02,2026
64096,pull_request,closed,2026-02-09 17:11:17+00:00,2026-02-09 18:49:47+00:00,0,"Bug,Strings,Compat,Arrow",1,1,2026-02,2026
64095,pull_request,closed,2026-02-09 16:31:04+00:00,2026-03-26 00:31:55+00:00,44,Docs,0,0,2026-02,2026
64093,pull_request,closed,2026-02-09 15:14:58+00:00,2026-03-06 20:59:33+00:00,25,Needs Tests,0,0,2026-02,2026
64092,pull_request,closed,2026-02-09 14:59:59+00:00,2026-02-16 09:54:10+00:00,6,"Bug,Indexing,Still Needs Manual Backport,setitem-with-expansion",1,1,2026-02,2026
64091,pull_request,closed,2026-02-09 11:21:49+00:00,2026-02-09 15:11:29+00:00,0,,0,0,2026-02,2026
64090,pull_request,closed,2026-02-09 10:43:43+00:00,2026-02-09 16:59:10+00:00,0,"Docs,CI",0,1,2026-02,2026
64089,pull_request,closed,2026-02-09 10:07:38+00:00,2026-03-18 20:17:12+00:00,37,Docs,0,1,2026-02,2026
64088,pull_request,closed,2026-02-09 08:40:42+00:00,2026-02-09 09:46:07+00:00,0,,0,0,2026-02,2026
64087,pull_request,closed,2026-02-09 07:31:02+00:00,2026-02-09 17:04:15+00:00,0,,0,0,2026-02,2026
64086,pull_request,closed,2026-02-09 06:49:49+00:00,2026-02-09 09:47:12+00:00,0,,0,0,2026-02,2026
64085,pull_request,closed,2026-02-09 06:47:55+00:00,2026-02-09 09:42:42+00:00,0,,0,0,2026-02,2026
64084,pull_request,closed,2026-02-09 06:47:24+00:00,2026-02-09 07:03:59+00:00,0,,0,0,2026-02,2026
64083,pull_request,closed,2026-02-09 06:20:17+00:00,2026-02-09 09:46:44+00:00,0,,0,0,2026-02,2026
64082,pull_request,closed,2026-02-09 06:12:06+00:00,2026-02-09 09:42:29+00:00,0,,0,0,2026-02,2026
64081,pull_request,closed,2026-02-09 02:36:52+00:00,2026-02-17 14:37:10+00:00,8,"Bug,Arrow",1,1,2026-02,2026
64080,pull_request,closed,2026-02-09 02:32:46+00:00,2026-02-09 17:04:54+00:00,0,Docs,0,1,2026-02,2026
64079,pull_request,closed,2026-02-08 20:19:52+00:00,2026-04-09 22:45:46+00:00,60,Stale,0,0,2026-02,2026
64078,pull_request,closed,2026-02-08 18:13:40+00:00,2026-02-08 19:02:17+00:00,0,Free Threading,0,1,2026-02,2026
64077,pull_request,closed,2026-02-08 17:36:53+00:00,2026-03-14 17:25:05+00:00,33,"Enhancement,Conditionals,pd.col",0,1,2026-02,2026
64076,pull_request,closed,2026-02-08 14:48:49+00:00,2026-02-08 18:02:29+00:00,0,Docs,0,1,2026-02,2026
64073,pull_request,closed,2026-02-08 06:55:22+00:00,2026-02-10 22:52:47+00:00,2,Docs,0,1,2026-02,2026
64072,pull_request,closed,2026-02-08 03:33:17+00:00,2026-02-18 15:46:36+00:00,10,Web,0,1,2026-02,2026
64071,pull_request,closed,2026-02-08 03:26:09+00:00,2026-02-11 13:18:51+00:00,3,"Docs,Copy / view semantics",0,1,2026-02,2026
64068,pull_request,closed,2026-02-07 14:11:09+00:00,2026-02-11 17:12:18+00:00,4,"Regression,Timedelta,Non-Nano",0,1,2026-02,2026
64067,pull_request,closed,2026-02-07 13:31:16+00:00,2026-02-10 21:52:10+00:00,3,,0,0,2026-02,2026
64065,pull_request,closed,2026-02-07 11:50:28+00:00,2026-03-18 22:28:50+00:00,39,Needs Tests,0,1,2026-02,2026
64063,pull_request,closed,2026-02-07 10:06:33+00:00,2026-04-09 21:34:02+00:00,61,Period,0,0,2026-02,2026
64062,pull_request,closed,2026-02-07 09:04:55+00:00,2026-02-08 18:05:20+00:00,1,Docs,0,1,2026-02,2026
64059,pull_request,closed,2026-02-07 05:23:29+00:00,2026-02-09 17:05:38+00:00,2,Docs,0,1,2026-02,2026
64058,pull_request,closed,2026-02-06 20:17:09+00:00,2026-02-06 21:29:52+00:00,0,"Error Reporting,Dependencies",0,1,2026-02,2026
64057,pull_request,closed,2026-02-06 18:59:00+00:00,2026-02-06 20:16:39+00:00,0,"Error Reporting,Dependencies",0,1,2026-02,2026
64053,pull_request,closed,2026-02-06 10:19:38+00:00,2026-02-06 19:01:44+00:00,0,Docs,0,1,2026-02,2026
64052,pull_request,closed,2026-02-06 07:53:59+00:00,2026-02-06 19:00:14+00:00,0,Docs,0,1,2026-02,2026
64051,pull_request,closed,2026-02-06 07:40:48+00:00,2026-02-07 06:57:24+00:00,0,,0,0,2026-02,2026
64050,pull_request,closed,2026-02-06 04:39:08+00:00,2026-02-06 18:53:11+00:00,0,Docs,0,1,2026-02,2026
64049,pull_request,closed,2026-02-06 03:59:37+00:00,2026-02-06 18:52:34+00:00,0,Frequency,0,1,2026-02,2026
64048,pull_request,closed,2026-02-05 22:58:05+00:00,2026-02-09 19:44:40+00:00,3,CI,0,1,2026-02,2026
64046,pull_request,closed,2026-02-05 20:41:01+00:00,2026-02-07 06:57:24+00:00,1,,0,0,2026-02,2026
64045,pull_request,closed,2026-02-05 20:38:31+00:00,2026-02-07 06:57:24+00:00,1,,0,0,2026-02,2026
64043,pull_request,closed,2026-02-05 19:36:19+00:00,2026-02-05 20:11:34+00:00,0,Build,0,1,2026-02,2026
64042,pull_request,closed,2026-02-05 19:10:43+00:00,2026-02-05 20:12:50+00:00,0,Docs,0,1,2026-02,2026
64041,pull_request,closed,2026-02-05 18:26:49+00:00,2026-02-05 19:35:45+00:00,0,Build,0,1,2026-02,2026
64039,pull_request,closed,2026-02-05 17:05:27+00:00,2026-03-03 17:05:15+00:00,25,,0,1,2026-02,2026
64036,pull_request,closed,2026-02-05 10:23:15+00:00,2026-03-26 00:35:11+00:00,48,"Testing,API Design,Deprecate,Index",0,0,2026-02,2026
64035,pull_request,closed,2026-02-05 08:26:59+00:00,2026-02-09 17:08:08+00:00,4,"Bug,Strings,Compat,Arrow",1,1,2026-02,2026
64034,pull_request,closed,2026-02-05 08:02:39+00:00,2026-02-05 16:58:47+00:00,0,Docs,0,1,2026-02,2026
64033,pull_request,closed,2026-02-05 06:51:28+00:00,2026-02-05 16:56:59+00:00,0,Docs,0,1,2026-02,2026
64032,pull_request,closed,2026-02-05 05:04:28+00:00,2026-02-05 16:54:54+00:00,0,Docs,0,1,2026-02,2026
64031,pull_request,closed,2026-02-05 04:15:13+00:00,2026-02-05 17:21:03+00:00,0,Frequency,0,1,2026-02,2026
64030,pull_request,closed,2026-02-05 03:58:07+00:00,2026-02-05 17:22:20+00:00,0,Frequency,0,1,2026-02,2026
64029,pull_request,closed,2026-02-05 01:59:21+00:00,2026-02-09 18:50:31+00:00,4,,0,0,2026-02,2026
64027,pull_request,closed,2026-02-04 17:22:02+00:00,2026-02-10 22:01:52+00:00,6,"Bug,IO Excel",1,1,2026-02,2026
64026,pull_request,closed,2026-02-04 15:40:45+00:00,2026-02-04 20:27:17+00:00,0,"Testing,Strings,Copy / view semantics",0,1,2026-02,2026
64025,pull_request,closed,2026-02-04 13:32:19+00:00,2026-02-16 22:11:56+00:00,12,"Bug,IO JSON",1,1,2026-02,2026
64024,pull_request,closed,2026-02-04 13:18:22+00:00,2026-02-04 15:40:36+00:00,0,"Testing,Strings,Copy / view semantics",0,1,2026-02,2026
64022,pull_request,closed,2026-02-04 11:23:48+00:00,2026-02-04 20:48:55+00:00,0,Docs,0,1,2026-02,2026
64021,pull_request,closed,2026-02-04 10:18:40+00:00,2026-02-04 20:30:04+00:00,0,Docs,0,1,2026-02,2026
64020,pull_request,closed,2026-02-04 09:58:16+00:00,2026-02-04 20:44:02+00:00,0,Docs,0,1,2026-02,2026
64019,pull_request,closed,2026-02-04 09:55:14+00:00,2026-02-10 01:48:27+00:00,5,,0,0,2026-02,2026
64018,pull_request,closed,2026-02-04 08:51:50+00:00,2026-03-22 19:38:20+00:00,46,Stale,0,0,2026-02,2026
64017,pull_request,closed,2026-02-04 07:25:26+00:00,2026-02-04 20:50:40+00:00,0,Frequency,0,1,2026-02,2026
64016,pull_request,closed,2026-02-04 03:00:21+00:00,2026-02-09 16:58:46+00:00,5,,0,0,2026-02,2026
64015,pull_request,closed,2026-02-04 02:25:11+00:00,2026-02-04 20:27:00+00:00,0,Build,0,1,2026-02,2026
64013,pull_request,closed,2026-02-03 22:25:39+00:00,2026-02-09 10:43:14+00:00,5,"Docs,CI",0,1,2026-02,2026
64010,pull_request,closed,2026-02-03 18:40:40+00:00,2026-02-03 18:41:09+00:00,0,,0,0,2026-02,2026
64009,pull_request,closed,2026-02-03 15:25:45+00:00,2026-02-04 02:24:45+00:00,0,Build,0,1,2026-02,2026
64008,pull_request,closed,2026-02-03 15:14:08+00:00,2026-02-17 15:42:48+00:00,14,"Regression,IO HDF5",0,1,2026-02,2026
64004,pull_request,closed,2026-02-03 12:04:58+00:00,2026-03-23 08:46:54+00:00,47,Needs Tests,0,0,2026-02,2026
64003,pull_request,closed,2026-02-03 11:48:21+00:00,2026-02-03 17:48:54+00:00,0,Docs,0,1,2026-02,2026
64001,pull_request,closed,2026-02-03 05:09:00+00:00,2026-02-03 17:52:58+00:00,0,Frequency,0,1,2026-02,2026
64000,pull_request,closed,2026-02-03 04:37:37+00:00,2026-02-03 17:41:01+00:00,0,Docs,0,1,2026-02,2026
63999,pull_request,closed,2026-02-03 04:12:17+00:00,2026-02-03 19:00:05+00:00,0,Code Style,0,1,2026-02,2026
63998,pull_request,closed,2026-02-03 04:10:04+00:00,2026-02-03 18:15:52+00:00,0,,0,0,2026-02,2026
63997,pull_request,closed,2026-02-03 04:07:27+00:00,2026-02-03 18:16:01+00:00,0,,0,0,2026-02,2026
63996,pull_request,closed,2026-02-03 04:05:52+00:00,2026-02-03 18:16:15+00:00,0,,0,0,2026-02,2026
63995,pull_request,closed,2026-02-03 03:45:22+00:00,2026-02-03 17:50:06+00:00,0,Code Style,0,1,2026-02,2026
63994,pull_request,closed,2026-02-03 03:12:39+00:00,2026-02-11 10:26:39+00:00,8,"Indexing,Regression",0,1,2026-02,2026
63992,pull_request,closed,2026-02-02 18:20:30+00:00,2026-02-02 18:47:21+00:00,0,Code Style,0,1,2026-02,2026
63989,pull_request,closed,2026-02-02 16:29:49+00:00,2026-02-02 18:20:23+00:00,0,Code Style,0,1,2026-02,2026
63988,pull_request,closed,2026-02-02 10:14:58+00:00,2026-02-02 18:19:44+00:00,0,,0,0,2026-02,2026
63987,pull_request,closed,2026-02-02 08:50:34+00:00,2026-03-28 20:01:54+00:00,54,Stale,0,0,2026-02,2026
63986,pull_request,closed,2026-02-02 04:29:50+00:00,2026-02-02 18:16:07+00:00,0,Docs,0,1,2026-02,2026
63985,pull_request,closed,2026-02-02 04:09:00+00:00,2026-02-02 18:15:16+00:00,0,Docs,0,1,2026-02,2026
63984,pull_request,closed,2026-02-02 03:33:44+00:00,2026-02-02 18:23:23+00:00,0,Frequency,0,1,2026-02,2026
63983,pull_request,closed,2026-02-02 02:17:14+00:00,2026-02-02 03:20:40+00:00,0,"Bug,Regression,Numeric Operations,Subclassing",1,1,2026-02,2026
63982,pull_request,closed,2026-02-02 01:46:36+00:00,2026-02-02 03:24:00+00:00,0,Docs,0,1,2026-02,2026
63981,pull_request,closed,2026-02-02 01:34:29+00:00,2026-02-12 16:59:08+00:00,10,"Build,Docs",0,1,2026-02,2026
63980,pull_request,closed,2026-02-01 21:27:56+00:00,2026-02-03 10:04:16+00:00,1,,0,0,2026-02,2026
63979,pull_request,closed,2026-02-01 19:58:21+00:00,2026-02-03 17:45:49+00:00,1,"Bug,Reshaping",1,1,2026-02,2026
63978,pull_request,closed,2026-02-01 17:28:26+00:00,2026-02-01 19:56:30+00:00,0,"Testing,Reshaping",0,1,2026-02,2026
63977,pull_request,closed,2026-02-01 16:41:14+00:00,2026-02-01 19:07:21+00:00,0,Clean,0,1,2026-02,2026
63976,pull_request,closed,2026-02-01 15:40:48+00:00,2026-02-01 19:58:05+00:00,0,Docs,0,1,2026-02,2026
63975,pull_request,closed,2026-02-01 13:37:53+00:00,2026-02-05 18:30:05+00:00,4,"Bug,Groupby,Apply",1,1,2026-02,2026
63974,pull_request,closed,2026-02-01 08:23:47+00:00,2026-02-03 21:35:01+00:00,2,"Bug,Numeric Operations",1,1,2026-02,2026
63973,pull_request,closed,2026-02-01 05:18:08+00:00,2026-04-09 21:37:01+00:00,67,Docs,0,0,2026-02,2026
63972,pull_request,closed,2026-02-01 04:32:47+00:00,2026-02-01 20:01:24+00:00,0,Frequency,0,1,2026-02,2026
63971,pull_request,closed,2026-02-01 03:55:02+00:00,2026-02-01 20:04:35+00:00,0,Docs,0,1,2026-02,2026
63970,pull_request,closed,2026-02-01 02:05:24+00:00,2026-02-01 20:08:14+00:00,0,Docs,0,1,2026-02,2026
63969,pull_request,closed,2026-01-31 22:41:52+00:00,2026-03-14 19:30:03+00:00,41,CI,0,1,2026-01,2026
63968,pull_request,closed,2026-01-31 19:17:38+00:00,2026-01-31 21:29:01+00:00,0,"Performance,Frequency",0,1,2026-01,2026
63966,pull_request,closed,2026-01-31 18:45:05+00:00,2026-02-01 19:59:44+00:00,1,Docs,0,1,2026-01,2026
63965,pull_request,closed,2026-01-31 18:40:38+00:00,2026-02-01 20:09:02+00:00,1,Strings,0,1,2026-01,2026
63964,pull_request,closed,2026-01-31 18:27:02+00:00,2026-02-01 20:08:42+00:00,1,"Bug,pd.col",1,1,2026-01,2026
63962,pull_request,closed,2026-01-31 18:15:59+00:00,2026-01-31 19:03:04+00:00,0,"Bug,Groupby,Missing-data,Regression,Categorical",1,1,2026-01,2026
63961,pull_request,closed,2026-01-31 16:52:52+00:00,2026-01-31 18:15:33+00:00,0,"Bug,Groupby,Missing-data,Regression,Categorical",1,1,2026-01,2026
63960,pull_request,closed,2026-01-31 15:32:34+00:00,2026-01-31 18:17:59+00:00,0,Docs,0,1,2026-01,2026
63959,pull_request,closed,2026-01-31 13:22:10+00:00,2026-01-31 16:55:01+00:00,0,"Bug,ExtensionArray,Constructors",1,1,2026-01,2026
63958,pull_request,closed,2026-01-31 01:06:03+00:00,2026-01-31 18:21:02+00:00,0,Docs,0,1,2026-01,2026
63956,pull_request,closed,2026-01-30 19:30:14+00:00,2026-01-30 20:22:32+00:00,0,Docs,0,1,2026-01,2026
63955,pull_request,closed,2026-01-30 18:45:03+00:00,2026-02-09 22:28:46+00:00,10,"Docs,Error Reporting,Timestamp",0,1,2026-01,2026
63954,pull_request,closed,2026-01-30 18:11:30+00:00,2026-01-30 18:43:09+00:00,0,,0,0,2026-01,2026
63953,pull_request,closed,2026-01-30 18:00:06+00:00,2026-01-30 19:00:38+00:00,0,Docs,0,1,2026-01,2026
63952,pull_request,closed,2026-01-30 17:54:23+00:00,2026-01-30 21:24:12+00:00,0,Docs,0,1,2026-01,2026
63951,pull_request,closed,2026-01-30 13:22:01+00:00,2026-01-30 19:18:06+00:00,0,"Docs,Window",0,1,2026-01,2026
63950,pull_request,closed,2026-01-30 09:10:35+00:00,2026-01-30 17:56:11+00:00,0,Docs,0,1,2026-01,2026
63949,pull_request,closed,2026-01-30 08:56:30+00:00,2026-01-30 17:54:44+00:00,0,Docs,0,1,2026-01,2026
63948,pull_request,closed,2026-01-30 07:00:38+00:00,2026-01-30 17:23:03+00:00,0,Docs,0,1,2026-01,2026
63947,pull_request,closed,2026-01-30 06:51:41+00:00,2026-01-30 17:22:23+00:00,0,Docs,0,1,2026-01,2026
63946,pull_request,closed,2026-01-30 06:42:13+00:00,2026-01-30 17:21:36+00:00,0,Docs,0,1,2026-01,2026
63945,pull_request,closed,2026-01-30 04:30:20+00:00,2026-01-31 18:26:56+00:00,1,"Bug,pd.col",1,1,2026-01,2026
63944,pull_request,closed,2026-01-29 22:34:00+00:00,2026-01-29 23:54:27+00:00,0,Docs,0,1,2026-01,2026
63943,pull_request,closed,2026-01-29 22:14:26+00:00,2026-01-29 23:56:52+00:00,0,Docs,0,1,2026-01,2026
63942,pull_request,closed,2026-01-29 21:30:41+00:00,2026-02-03 22:15:56+00:00,5,Docs,0,1,2026-01,2026
63941,pull_request,closed,2026-01-29 20:30:38+00:00,2026-01-30 17:24:48+00:00,0,Docs,0,1,2026-01,2026
63940,pull_request,closed,2026-01-29 20:00:04+00:00,2026-01-29 20:07:07+00:00,0,,0,0,2026-01,2026
63937,pull_request,closed,2026-01-29 15:15:04+00:00,2026-05-13 23:27:18+00:00,104,Copy / view semantics,0,0,2026-01,2026
63934,pull_request,closed,2026-01-29 11:44:28+00:00,2026-04-29 17:43:26+00:00,90,isin,0,0,2026-01,2026
63933,pull_request,closed,2026-01-29 10:46:24+00:00,2026-01-29 17:44:42+00:00,0,AI Slop,0,0,2026-01,2026
63932,pull_request,closed,2026-01-29 09:32:41+00:00,2026-01-29 17:46:17+00:00,0,,0,1,2026-01,2026
63930,pull_request,closed,2026-01-29 06:38:55+00:00,2026-01-29 17:48:04+00:00,0,Docs,0,1,2026-01,2026
63929,pull_request,closed,2026-01-29 05:25:52+00:00,2026-01-29 21:26:11+00:00,0,Docs,0,1,2026-01,2026
63928,pull_request,closed,2026-01-29 05:16:32+00:00,2026-01-29 16:54:10+00:00,0,Docs,0,1,2026-01,2026
63927,pull_request,closed,2026-01-29 05:08:05+00:00,2026-01-29 16:52:50+00:00,0,Docs,0,1,2026-01,2026
63926,pull_request,closed,2026-01-29 05:04:14+00:00,2026-01-29 16:53:23+00:00,0,Docs,0,1,2026-01,2026
63925,pull_request,closed,2026-01-29 04:52:52+00:00,2026-02-16 22:16:20+00:00,18,"Bug,Apply,NA - MaskedArrays",1,1,2026-01,2026
63924,pull_request,closed,2026-01-29 04:52:39+00:00,2026-01-29 16:48:36+00:00,0,Docs,0,1,2026-01,2026
63923,pull_request,closed,2026-01-29 04:39:16+00:00,2026-01-29 16:51:24+00:00,0,Docs,0,1,2026-01,2026
63922,pull_request,closed,2026-01-29 04:30:45+00:00,2026-01-29 16:52:00+00:00,0,Docs,0,1,2026-01,2026
63919,pull_request,closed,2026-01-28 21:04:54+00:00,2026-01-28 21:58:03+00:00,0,"Bug,Copy / view semantics",1,1,2026-01,2026
63918,pull_request,closed,2026-01-28 21:03:48+00:00,2026-01-28 21:31:53+00:00,0,Build,0,0,2026-01,2026
63916,pull_request,closed,2026-01-28 18:25:37+00:00,2026-01-28 20:06:10+00:00,0,Testing,0,1,2026-01,2026
63915,pull_request,closed,2026-01-28 17:40:09+00:00,2026-05-08 19:11:56+00:00,100,,0,1,2026-01,2026
63914,pull_request,closed,2026-01-28 17:11:33+00:00,2026-03-01 20:56:42+00:00,32,"IO Data,Needs Tests",0,1,2026-01,2026
63912,pull_request,closed,2026-01-28 12:57:10+00:00,2026-01-28 20:06:24+00:00,0,,0,1,2026-01,2026
63911,pull_request,closed,2026-01-28 12:47:32+00:00,2026-01-28 18:25:05+00:00,0,Testing,0,1,2026-01,2026
63910,pull_request,closed,2026-01-28 12:16:37+00:00,2026-01-29 17:44:54+00:00,1,AI Slop,0,0,2026-01,2026
63909,pull_request,closed,2026-01-28 10:45:26+00:00,2026-01-28 12:10:35+00:00,0,,0,0,2026-01,2026
63908,pull_request,closed,2026-01-28 09:31:18+00:00,2026-01-28 21:04:26+00:00,0,"Bug,Copy / view semantics",1,1,2026-01,2026
63907,pull_request,closed,2026-01-28 08:49:17+00:00,2026-01-28 20:55:36+00:00,0,,0,0,2026-01,2026
63906,pull_request,closed,2026-01-28 08:05:35+00:00,2026-01-28 09:54:02+00:00,0,"Docs,CI",0,1,2026-01,2026
63905,pull_request,closed,2026-01-27 22:20:59+00:00,2026-01-28 12:53:21+00:00,0,"Testing,Arrow",0,1,2026-01,2026
63902,pull_request,closed,2026-01-27 17:33:23+00:00,2026-01-27 18:26:34+00:00,0,"Testing,Arrow",0,1,2026-01,2026
63900,pull_request,closed,2026-01-27 14:51:19+00:00,2026-01-29 09:12:31+00:00,1,"Strings,IO Parquet",0,1,2026-01,2026
63898,pull_request,closed,2026-01-27 13:43:05+00:00,2026-01-27 18:26:17+00:00,0,,0,0,2026-01,2026
63897,pull_request,closed,2026-01-27 11:22:05+00:00,2026-01-27 18:06:26+00:00,0,Testing,0,1,2026-01,2026
63895,pull_request,closed,2026-01-27 04:08:56+00:00,2026-01-27 17:32:39+00:00,0,"Testing,Arrow",0,1,2026-01,2026
63894,pull_request,closed,2026-01-27 03:56:21+00:00,2026-01-27 04:58:25+00:00,0,"Testing,Windows,Arrow",0,1,2026-01,2026
63893,pull_request,closed,2026-01-26 23:13:50+00:00,2026-01-27 00:58:50+00:00,0,"CI,Dependencies",0,1,2026-01,2026
63892,pull_request,closed,2026-01-26 21:01:11+00:00,2026-02-03 19:40:45+00:00,7,,0,0,2026-01,2026
63891,pull_request,closed,2026-01-26 19:17:46+00:00,2026-01-27 17:54:22+00:00,0,Docs,0,1,2026-01,2026
63890,pull_request,closed,2026-01-26 18:19:25+00:00,2026-02-02 02:23:51+00:00,6,"Enhancement,Output-Formatting",0,1,2026-01,2026
63888,pull_request,closed,2026-01-26 17:35:55+00:00,2026-01-27 00:26:12+00:00,0,Docs,0,1,2026-01,2026
63887,pull_request,closed,2026-01-26 14:24:06+00:00,2026-02-16 22:14:02+00:00,21,"Bug,Constructors",1,1,2026-01,2026
63886,pull_request,closed,2026-01-26 14:18:33+00:00,2026-03-20 00:04:10+00:00,52,"Constructors,Stale",0,0,2026-01,2026
63885,pull_request,closed,2026-01-26 14:00:11+00:00,2026-01-26 17:53:28+00:00,0,Docs,0,1,2026-01,2026
63884,pull_request,closed,2026-01-26 12:30:35+00:00,2026-01-30 12:20:08+00:00,3,,0,0,2026-01,2026
63883,pull_request,closed,2026-01-26 12:26:18+00:00,2026-01-26 12:27:06+00:00,0,,0,0,2026-01,2026
63882,pull_request,closed,2026-01-26 12:04:50+00:00,2026-01-27 22:17:42+00:00,1,Code Style,0,1,2026-01,2026
63881,pull_request,closed,2026-01-26 11:56:21+00:00,2026-01-26 18:04:34+00:00,0,,0,0,2026-01,2026
63880,pull_request,closed,2026-01-26 11:52:16+00:00,2026-01-26 23:21:25+00:00,0,,0,0,2026-01,2026
63878,pull_request,closed,2026-01-26 04:41:33+00:00,2026-01-28 18:14:40+00:00,2,Docs,0,1,2026-01,2026
63877,pull_request,closed,2026-01-25 23:01:19+00:00,2026-01-27 15:55:41+00:00,1,,0,0,2026-01,2026
63875,pull_request,closed,2026-01-25 21:22:42+00:00,2026-01-25 23:32:00+00:00,0,,0,0,2026-01,2026
63874,pull_request,closed,2026-01-25 20:17:31+00:00,2026-01-25 21:19:16+00:00,0,,0,0,2026-01,2026
63873,pull_request,closed,2026-01-25 19:48:11+00:00,2026-01-25 20:08:08+00:00,0,,0,0,2026-01,2026
63872,pull_request,closed,2026-01-25 18:56:34+00:00,2026-01-28 22:36:29+00:00,3,"Bug,Index",1,1,2026-01,2026
63871,pull_request,closed,2026-01-25 18:35:50+00:00,2026-01-25 18:55:01+00:00,0,,0,0,2026-01,2026
63870,pull_request,closed,2026-01-25 17:56:01+00:00,2026-02-09 22:04:26+00:00,15,"Docs,CI",0,1,2026-01,2026
63869,pull_request,closed,2026-01-25 17:17:33+00:00,2026-01-27 18:08:54+00:00,2,Docs,0,1,2026-01,2026
63868,pull_request,closed,2026-01-25 16:00:56+00:00,2026-03-05 21:42:27+00:00,39,Stale,0,0,2026-01,2026
63867,pull_request,closed,2026-01-25 14:50:02+00:00,2026-01-25 15:40:38+00:00,0,,0,0,2026-01,2026
63866,pull_request,closed,2026-01-25 13:57:54+00:00,2026-01-28 18:23:05+00:00,3,,0,0,2026-01,2026
63865,pull_request,closed,2026-01-25 13:57:25+00:00,2026-01-25 18:54:55+00:00,0,,0,0,2026-01,2026
63864,pull_request,closed,2026-01-25 13:08:08+00:00,2026-01-25 18:55:53+00:00,0,,0,0,2026-01,2026
63862,pull_request,closed,2026-01-25 09:01:54+00:00,2026-01-25 09:14:16+00:00,0,,0,0,2026-01,2026
63861,pull_request,closed,2026-01-25 08:26:05+00:00,2026-01-27 05:09:11+00:00,1,,0,0,2026-01,2026
63860,pull_request,closed,2026-01-25 08:04:12+00:00,2026-03-11 11:59:13+00:00,45,"Docs,Reshaping",0,1,2026-01,2026
63859,pull_request,closed,2026-01-25 07:26:13+00:00,2026-05-13 22:07:01+00:00,108,"Enhancement,Stale,Arrow",0,0,2026-01,2026
63858,pull_request,closed,2026-01-25 06:02:46+00:00,2026-01-25 08:53:23+00:00,0,,0,0,2026-01,2026
63857,pull_request,closed,2026-01-25 05:32:43+00:00,2026-05-12 17:47:28+00:00,107,"Performance,Stale,Arrow",0,0,2026-01,2026
63856,pull_request,closed,2026-01-25 02:28:11+00:00,2026-04-11 14:34:58+00:00,76,"Docs,cut",0,1,2026-01,2026
63854,pull_request,closed,2026-01-24 16:39:26+00:00,2026-01-28 01:13:04+00:00,3,"Error Reporting,Frequency",0,1,2026-01,2026
63853,pull_request,closed,2026-01-24 15:20:21+00:00,2026-01-24 17:56:40+00:00,0,,0,0,2026-01,2026
63852,pull_request,closed,2026-01-24 15:20:04+00:00,2026-01-28 08:05:06+00:00,3,"Docs,CI",0,1,2026-01,2026
63851,pull_request,closed,2026-01-24 13:18:15+00:00,2026-01-26 22:44:22+00:00,2,,0,0,2026-01,2026
63850,pull_request,closed,2026-01-24 10:40:17+00:00,2026-01-24 11:01:13+00:00,0,,0,0,2026-01,2026
63849,pull_request,closed,2026-01-24 08:00:30+00:00,2026-03-17 02:22:13+00:00,51,Stale,0,0,2026-01,2026
63848,pull_request,closed,2026-01-24 05:54:19+00:00,2026-01-24 18:09:55+00:00,0,Docs,0,1,2026-01,2026
63847,pull_request,closed,2026-01-24 04:55:10+00:00,2026-01-24 18:14:04+00:00,0,Docs,0,1,2026-01,2026
63846,pull_request,closed,2026-01-24 04:26:24+00:00,2026-02-02 18:17:51+00:00,9,"Docs,Deprecate",0,1,2026-01,2026
63845,pull_request,closed,2026-01-24 03:47:14+00:00,2026-01-24 18:05:45+00:00,0,Docs,0,1,2026-01,2026
63844,pull_request,closed,2026-01-24 03:20:04+00:00,2026-01-24 18:07:50+00:00,0,Docs,0,1,2026-01,2026
63843,pull_request,closed,2026-01-24 02:36:40+00:00,2026-05-13 21:47:09+00:00,109,"Docs,Stale",0,1,2026-01,2026
63841,pull_request,closed,2026-01-24 00:33:43+00:00,2026-01-24 01:55:10+00:00,0,Docs,0,1,2026-01,2026
63840,pull_request,closed,2026-01-24 00:22:34+00:00,2026-01-24 01:54:17+00:00,0,Docs,0,1,2026-01,2026
63839,pull_request,closed,2026-01-24 00:17:38+00:00,2026-01-24 01:53:40+00:00,0,Docs,0,1,2026-01,2026
63838,pull_request,closed,2026-01-24 00:07:05+00:00,2026-01-24 00:56:25+00:00,0,Docs,0,1,2026-01,2026
63837,pull_request,closed,2026-01-23 22:14:28+00:00,2026-01-28 03:11:45+00:00,4,"Docs,Groupby,Apply",0,1,2026-01,2026
63836,pull_request,closed,2026-01-23 20:34:00+00:00,2026-01-23 21:03:56+00:00,0,Docs,0,1,2026-01,2026
63835,pull_request,closed,2026-01-23 19:38:08+00:00,2026-01-25 13:43:44+00:00,1,,0,0,2026-01,2026
63834,pull_request,closed,2026-01-23 18:33:46+00:00,2026-01-23 18:54:12+00:00,0,Docs,0,1,2026-01,2026
63829,pull_request,closed,2026-01-23 08:02:52+00:00,2026-01-23 18:33:16+00:00,0,Docs,0,1,2026-01,2026
63828,pull_request,closed,2026-01-23 05:53:41+00:00,2026-01-23 18:09:54+00:00,0,Docs,0,1,2026-01,2026
63827,pull_request,closed,2026-01-23 05:39:47+00:00,2026-01-23 18:54:44+00:00,0,Docs,0,1,2026-01,2026
63826,pull_request,closed,2026-01-23 05:16:52+00:00,2026-01-23 17:42:36+00:00,0,Docs,0,1,2026-01,2026
63825,pull_request,closed,2026-01-23 05:01:21+00:00,2026-01-23 18:03:19+00:00,0,Docs,0,1,2026-01,2026
63824,pull_request,closed,2026-01-23 04:36:31+00:00,2026-01-23 18:02:10+00:00,0,Docs,0,1,2026-01,2026
63823,pull_request,closed,2026-01-23 04:29:25+00:00,2026-01-23 18:01:23+00:00,0,Docs,0,1,2026-01,2026
63822,pull_request,closed,2026-01-23 02:15:56+00:00,2026-01-23 18:35:47+00:00,0,Docs,0,1,2026-01,2026
63821,pull_request,closed,2026-01-23 02:13:58+00:00,2026-01-23 18:37:27+00:00,0,Docs,0,1,2026-01,2026
63820,pull_request,closed,2026-01-23 01:20:47+00:00,2026-01-23 18:34:47+00:00,0,Docs,0,1,2026-01,2026
63819,pull_request,closed,2026-01-23 00:51:02+00:00,2026-01-23 18:39:40+00:00,0,Docs,0,1,2026-01,2026
63817,pull_request,closed,2026-01-22 21:52:54+00:00,2026-01-23 20:33:53+00:00,0,Docs,0,1,2026-01,2026
63816,pull_request,closed,2026-01-22 21:44:52+00:00,2026-01-26 14:10:26+00:00,3,,0,0,2026-01,2026
63815,pull_request,closed,2026-01-22 19:53:44+00:00,2026-01-22 21:34:46+00:00,0,CI,0,1,2026-01,2026
63814,pull_request,closed,2026-01-22 19:16:31+00:00,2026-01-22 19:53:37+00:00,0,CI,0,1,2026-01,2026
63813,pull_request,closed,2026-01-22 18:40:02+00:00,2026-01-22 19:11:07+00:00,0,CI,0,1,2026-01,2026
63812,pull_request,closed,2026-01-22 16:30:24+00:00,2026-02-03 21:05:49+00:00,12,Docs,0,1,2026-01,2026
63808,pull_request,closed,2026-01-22 12:59:31+00:00,2026-01-30 20:48:18+00:00,8,,0,0,2026-01,2026
63807,pull_request,closed,2026-01-22 11:30:50+00:00,2026-02-01 07:31:41+00:00,9,,0,0,2026-01,2026
63806,pull_request,closed,2026-01-22 10:35:51+00:00,2026-01-22 10:36:40+00:00,0,,0,0,2026-01,2026
63802,pull_request,closed,2026-01-21 23:13:52+00:00,2026-01-31 18:40:32+00:00,9,Strings,0,1,2026-01,2026
63801,pull_request,closed,2026-01-21 20:55:17+00:00,2026-03-24 15:40:03+00:00,61,"Docs,Stale",0,0,2026-01,2026
63800,pull_request,closed,2026-01-21 20:47:47+00:00,2026-01-22 18:07:47+00:00,0,,0,0,2026-01,2026
63799,pull_request,closed,2026-01-21 17:16:02+00:00,2026-01-22 19:52:03+00:00,1,,0,0,2026-01,2026
63798,pull_request,closed,2026-01-21 16:15:37+00:00,2026-01-22 18:39:31+00:00,1,CI,0,1,2026-01,2026
63797,pull_request,closed,2026-01-21 15:45:33+00:00,2026-01-21 20:43:10+00:00,0,Docs,0,1,2026-01,2026
63796,pull_request,closed,2026-01-21 15:29:46+00:00,2026-01-22 10:57:48+00:00,0,,0,1,2026-01,2026
63795,pull_request,closed,2026-01-21 14:48:15+00:00,2026-01-21 15:45:02+00:00,0,Docs,0,1,2026-01,2026
63793,pull_request,closed,2026-01-21 14:04:36+00:00,2026-01-21 20:36:29+00:00,0,,0,0,2026-01,2026
63792,pull_request,closed,2026-01-21 13:29:02+00:00,2026-01-22 19:50:00+00:00,1,Clean,0,1,2026-01,2026
63789,pull_request,closed,2026-01-21 08:04:03+00:00,2026-01-22 19:28:13+00:00,1,Docs,0,1,2026-01,2026
63788,pull_request,closed,2026-01-21 07:53:12+00:00,2026-01-22 19:22:14+00:00,1,Docs,0,1,2026-01,2026
63786,pull_request,closed,2026-01-21 07:42:02+00:00,2026-01-22 19:21:02+00:00,1,Docs,0,1,2026-01,2026
63785,pull_request,closed,2026-01-21 07:27:28+00:00,2026-01-22 19:20:11+00:00,1,Docs,0,1,2026-01,2026
63784,pull_request,closed,2026-01-21 05:59:38+00:00,2026-01-22 19:19:10+00:00,1,Docs,0,1,2026-01,2026
63783,pull_request,closed,2026-01-20 23:51:18+00:00,2026-02-08 18:13:13+00:00,18,Free Threading,0,1,2026-01,2026
63782,pull_request,closed,2026-01-20 18:57:49+00:00,2026-03-14 02:34:25+00:00,52,Stale,0,0,2026-01,2026
63781,pull_request,closed,2026-01-20 18:27:14+00:00,2026-04-09 21:51:19+00:00,79,Stale,0,0,2026-01,2026
63780,pull_request,closed,2026-01-20 16:46:51+00:00,2026-01-21 12:18:31+00:00,0,Docs,0,1,2026-01,2026
63779,pull_request,closed,2026-01-20 16:46:30+00:00,2026-01-21 12:16:54+00:00,0,Docs,0,1,2026-01,2026
63778,pull_request,closed,2026-01-20 16:26:05+00:00,2026-01-20 18:21:25+00:00,0,Docs,0,1,2026-01,2026
63777,pull_request,closed,2026-01-20 16:15:50+00:00,2026-01-21 13:43:14+00:00,0,,0,1,2026-01,2026
63776,pull_request,closed,2026-01-20 16:07:42+00:00,2026-01-20 17:28:50+00:00,0,Docs,0,1,2026-01,2026
63775,pull_request,closed,2026-01-20 15:20:10+00:00,2026-01-20 21:52:18+00:00,0,"Strings,Arrow",0,1,2026-01,2026
63773,pull_request,closed,2026-01-20 14:39:41+00:00,2026-04-28 01:55:35+00:00,97,Stale,0,1,2026-01,2026
63772,pull_request,closed,2026-01-20 14:26:01+00:00,2026-04-09 21:34:35+00:00,79,Stale,0,0,2026-01,2026
63771,pull_request,closed,2026-01-20 03:35:46+00:00,2026-01-22 19:26:35+00:00,2,Docs,0,1,2026-01,2026
63770,pull_request,closed,2026-01-20 02:59:22+00:00,2026-01-20 18:14:20+00:00,0,Docs,0,1,2026-01,2026
63768,pull_request,closed,2026-01-20 02:51:51+00:00,2026-01-20 18:13:09+00:00,0,Docs,0,1,2026-01,2026
63766,pull_request,closed,2026-01-20 02:37:44+00:00,2026-01-20 18:11:32+00:00,0,Docs,0,1,2026-01,2026
63765,pull_request,closed,2026-01-20 01:53:37+00:00,2026-01-22 19:24:54+00:00,2,Docs,0,1,2026-01,2026
63764,pull_request,closed,2026-01-20 00:27:35+00:00,2026-01-20 17:40:21+00:00,0,Testing,0,1,2026-01,2026
63763,pull_request,closed,2026-01-19 23:01:09+00:00,2026-01-19 23:14:42+00:00,0,,0,0,2026-01,2026
63762,pull_request,closed,2026-01-19 21:49:13+00:00,2026-01-21 13:42:51+00:00,1,Docs,0,1,2026-01,2026
63761,pull_request,closed,2026-01-19 21:10:47+00:00,2026-03-18 20:24:51+00:00,57,Stale,0,1,2026-01,2026
63760,pull_request,closed,2026-01-19 20:56:51+00:00,2026-01-21 10:18:40+00:00,1,"Period,Non-Nano,Timestamp",0,1,2026-01,2026
63759,pull_request,closed,2026-01-19 19:43:39+00:00,2026-01-19 20:35:45+00:00,0,,0,0,2026-01,2026
63758,pull_request,closed,2026-01-19 18:13:30+00:00,2026-01-20 17:55:08+00:00,0,Testing,0,1,2026-01,2026
63756,pull_request,closed,2026-01-19 10:49:11+00:00,2026-01-23 17:42:02+00:00,4,,0,0,2026-01,2026
63755,pull_request,closed,2026-01-19 10:38:01+00:00,2026-01-22 19:10:25+00:00,3,Testing,0,1,2026-01,2026
63754,pull_request,closed,2026-01-19 09:01:06+00:00,2026-03-11 09:56:26+00:00,51,"Build,CI,Dependencies",0,0,2026-01,2026
63753,pull_request,closed,2026-01-19 08:59:25+00:00,2026-01-19 17:50:06+00:00,0,Docs,0,1,2026-01,2026
63752,pull_request,closed,2026-01-19 08:55:25+00:00,2026-01-19 17:51:05+00:00,0,Docs,0,1,2026-01,2026
63751,pull_request,closed,2026-01-19 07:59:02+00:00,2026-01-19 17:54:24+00:00,0,Docs,0,1,2026-01,2026
63750,pull_request,closed,2026-01-19 07:30:01+00:00,2026-01-19 17:55:25+00:00,0,Docs,0,1,2026-01,2026
63749,pull_request,closed,2026-01-19 01:22:28+00:00,2026-01-19 08:36:14+00:00,0,,0,1,2026-01,2026
63748,pull_request,closed,2026-01-19 01:09:19+00:00,2026-01-21 10:22:08+00:00,2,"IO Data,API - Consistency",0,1,2026-01,2026
63747,pull_request,closed,2026-01-19 00:41:09+00:00,2026-01-20 22:22:04+00:00,1,Build,0,1,2026-01,2026
63746,pull_request,closed,2026-01-18 23:56:39+00:00,2026-01-27 17:29:50+00:00,8,Testing,0,1,2026-01,2026
63744,pull_request,closed,2026-01-18 19:20:37+00:00,2026-02-28 16:34:22+00:00,40,Stale,0,0,2026-01,2026
63743,pull_request,closed,2026-01-18 19:01:54+00:00,2026-02-01 19:46:07+00:00,14,"Groupby,Performance",0,1,2026-01,2026
63741,pull_request,closed,2026-01-18 18:42:24+00:00,2026-01-19 17:59:19+00:00,0,Docs,0,1,2026-01,2026
63740,pull_request,closed,2026-01-18 18:04:36+00:00,2026-01-20 14:58:19+00:00,1,Dependencies,0,1,2026-01,2026
63737,pull_request,closed,2026-01-18 14:47:48+00:00,2026-01-18 15:00:37+00:00,0,,0,0,2026-01,2026
63736,pull_request,closed,2026-01-18 14:12:22+00:00,2026-01-18 17:28:40+00:00,0,Docs,0,1,2026-01,2026
63734,pull_request,closed,2026-01-18 13:30:11+00:00,2026-01-18 17:29:48+00:00,0,Docs,0,1,2026-01,2026
63733,pull_request,closed,2026-01-18 13:24:24+00:00,2026-01-18 17:26:12+00:00,0,Docs,0,1,2026-01,2026
63731,pull_request,closed,2026-01-18 06:59:37+00:00,2026-01-18 17:27:38+00:00,0,Docs,0,1,2026-01,2026
63730,pull_request,closed,2026-01-18 06:45:11+00:00,2026-01-18 17:25:08+00:00,0,Docs,0,1,2026-01,2026
63729,pull_request,closed,2026-01-18 02:30:01+00:00,2026-01-19 18:02:26+00:00,1,Docs,0,1,2026-01,2026
63728,pull_request,closed,2026-01-18 02:00:28+00:00,2026-01-18 17:31:02+00:00,0,Docs,0,1,2026-01,2026
63727,pull_request,closed,2026-01-18 01:59:33+00:00,2026-01-18 17:32:16+00:00,0,Docs,0,1,2026-01,2026
63726,pull_request,closed,2026-01-18 00:31:18+00:00,2026-01-18 18:23:33+00:00,0,Build,0,1,2026-01,2026
63725,pull_request,closed,2026-01-17 21:31:32+00:00,2026-01-29 17:02:26+00:00,11,,0,0,2026-01,2026
63724,pull_request,closed,2026-01-17 18:17:23+00:00,2026-01-18 17:33:22+00:00,0,,0,1,2026-01,2026
63723,pull_request,closed,2026-01-17 17:48:05+00:00,2026-01-17 18:34:22+00:00,0,,0,0,2026-01,2026
63722,pull_request,closed,2026-01-17 16:32:50+00:00,2026-01-17 17:34:01+00:00,0,,0,0,2026-01,2026
63719,pull_request,closed,2026-01-17 13:00:31+00:00,2026-01-24 14:47:14+00:00,7,,0,0,2026-01,2026
63718,pull_request,closed,2026-01-17 09:19:54+00:00,2026-01-17 18:11:48+00:00,0,Docs,0,1,2026-01,2026
63717,pull_request,closed,2026-01-17 05:08:12+00:00,2026-01-17 18:13:53+00:00,0,Docs,0,1,2026-01,2026
63716,pull_request,closed,2026-01-17 04:48:53+00:00,2026-01-17 18:14:47+00:00,0,Docs,0,1,2026-01,2026
63715,pull_request,closed,2026-01-17 04:35:45+00:00,2026-01-17 18:15:52+00:00,0,Docs,0,1,2026-01,2026
63714,pull_request,closed,2026-01-17 04:15:28+00:00,2026-01-17 18:17:00+00:00,0,Docs,0,1,2026-01,2026
63713,pull_request,closed,2026-01-17 02:22:31+00:00,2026-01-17 02:23:05+00:00,0,,0,0,2026-01,2026
63711,pull_request,closed,2026-01-16 18:36:25+00:00,2026-01-16 20:39:36+00:00,0,Docs,0,1,2026-01,2026
63710,pull_request,closed,2026-01-16 18:05:28+00:00,2026-01-16 19:56:38+00:00,0,Docs,0,1,2026-01,2026
63709,pull_request,closed,2026-01-16 16:29:13+00:00,2026-01-16 17:35:42+00:00,0,Docs,0,1,2026-01,2026
63707,pull_request,closed,2026-01-16 12:57:52+00:00,2026-01-17 18:18:03+00:00,1,"Needs Tests,Non-Nano",0,1,2026-01,2026
63706,pull_request,closed,2026-01-16 10:55:09+00:00,2026-04-09 22:22:32+00:00,83,"Docs,Stale",0,0,2026-01,2026
63705,pull_request,closed,2026-01-16 10:54:45+00:00,2026-01-21 10:21:44+00:00,4,"Strings,Arrow",0,1,2026-01,2026
63704,pull_request,closed,2026-01-16 08:57:38+00:00,2026-03-06 20:59:11+00:00,49,Needs Tests,0,1,2026-01,2026
63702,pull_request,closed,2026-01-16 05:24:28+00:00,2026-01-16 19:56:00+00:00,0,Docs,0,1,2026-01,2026
63700,pull_request,closed,2026-01-15 14:54:24+00:00,2026-02-26 12:13:28+00:00,41,Stale,0,0,2026-01,2026
63699,pull_request,closed,2026-01-15 14:53:26+00:00,2026-01-15 21:00:15+00:00,0,,0,1,2026-01,2026
63698,pull_request,closed,2026-01-15 14:50:07+00:00,2026-01-17 18:29:58+00:00,2,Code Style,0,1,2026-01,2026
63697,pull_request,closed,2026-01-15 12:54:34+00:00,2026-01-15 16:20:32+00:00,0,Build,0,1,2026-01,2026
63696,pull_request,closed,2026-01-15 10:04:14+00:00,2026-03-24 15:50:55+00:00,68,"Docs,Closing Candidate",0,0,2026-01,2026
63695,pull_request,closed,2026-01-15 08:49:29+00:00,2026-01-15 21:45:31+00:00,0,Docs,0,1,2026-01,2026
63694,pull_request,closed,2026-01-15 08:03:58+00:00,2026-01-15 17:26:27+00:00,0,Docs,0,1,2026-01,2026
63693,pull_request,closed,2026-01-15 07:39:54+00:00,2026-01-15 16:46:14+00:00,0,Docs,0,1,2026-01,2026
63692,pull_request,closed,2026-01-15 04:58:21+00:00,2026-01-15 16:13:50+00:00,0,Docs,0,1,2026-01,2026
63689,pull_request,closed,2026-01-14 20:02:58+00:00,2026-01-14 21:56:18+00:00,0,Docs,0,1,2026-01,2026
63682,pull_request,closed,2026-01-14 11:32:36+00:00,2026-01-15 21:43:44+00:00,1,"Categorical,Needs Tests",0,1,2026-01,2026
63680,pull_request,closed,2026-01-14 10:22:15+00:00,2026-03-24 15:41:21+00:00,69,Stale,0,0,2026-01,2026
63679,pull_request,closed,2026-01-14 07:25:21+00:00,2026-01-14 18:08:06+00:00,0,Docs,0,1,2026-01,2026
63676,pull_request,closed,2026-01-13 14:28:06+00:00,2026-03-24 15:25:10+00:00,70,Stale,0,0,2026-01,2026
63675,pull_request,closed,2026-01-13 12:17:06+00:00,2026-01-17 18:20:19+00:00,4,Docs,0,1,2026-01,2026
63674,pull_request,closed,2026-01-13 11:56:22+00:00,2026-01-13 17:36:09+00:00,0,Docs,0,1,2026-01,2026
63673,pull_request,closed,2026-01-13 11:46:29+00:00,2026-01-18 17:23:37+00:00,5,Docs,0,1,2026-01,2026
63672,pull_request,closed,2026-01-13 11:41:11+00:00,2026-01-14 17:58:28+00:00,1,Docs,0,1,2026-01,2026
63671,pull_request,closed,2026-01-13 11:14:24+00:00,2026-01-13 17:28:24+00:00,0,Docs,0,1,2026-01,2026
63670,pull_request,closed,2026-01-13 11:06:27+00:00,2026-01-21 12:57:02+00:00,8,,0,0,2026-01,2026
63669,pull_request,closed,2026-01-13 11:02:41+00:00,2026-01-13 17:26:19+00:00,0,Docs,0,1,2026-01,2026
63667,pull_request,closed,2026-01-13 10:18:08+00:00,2026-03-06 21:09:34+00:00,52,"Docs,Stale",0,1,2026-01,2026
63666,pull_request,closed,2026-01-13 10:02:05+00:00,2026-01-21 08:17:05+00:00,7,"IO JSON,Timedelta,Non-Nano",0,1,2026-01,2026
63665,pull_request,closed,2026-01-13 05:43:21+00:00,2026-01-13 17:24:49+00:00,0,Code Style,0,1,2026-01,2026
63663,pull_request,closed,2026-01-13 04:39:16+00:00,2026-01-13 10:18:33+00:00,0,,0,0,2026-01,2026
63662,pull_request,closed,2026-01-13 04:19:54+00:00,2026-01-13 10:17:37+00:00,0,Docs,0,1,2026-01,2026
63661,pull_request,closed,2026-01-13 01:27:16+00:00,2026-01-13 21:31:56+00:00,0,Code Style,0,1,2026-01,2026
63660,pull_request,closed,2026-01-13 00:40:13+00:00,2026-01-13 23:05:45+00:00,0,"Groupby,Error Reporting",0,1,2026-01,2026
63659,pull_request,closed,2026-01-12 23:55:42+00:00,2026-02-02 02:16:49+00:00,20,"Bug,Regression,Numeric Operations,Subclassing",1,1,2026-01,2026
63658,pull_request,closed,2026-01-12 22:54:52+00:00,2026-03-28 20:00:04+00:00,74,Docs,0,0,2026-01,2026
63657,pull_request,closed,2026-01-12 18:24:53+00:00,2026-01-14 17:32:01+00:00,1,Testing,0,1,2026-01,2026
63656,pull_request,closed,2026-01-12 17:00:15+00:00,2026-01-12 23:22:31+00:00,0,Non-Nano,0,1,2026-01,2026
63655,pull_request,closed,2026-01-12 16:40:30+00:00,2026-01-12 17:55:01+00:00,0,Copy / view semantics,0,1,2026-01,2026
63654,pull_request,closed,2026-01-12 15:22:18+00:00,2026-01-12 17:37:28+00:00,0,"Testing,CI",0,1,2026-01,2026
63653,pull_request,closed,2026-01-12 14:30:44+00:00,2026-03-24 15:27:25+00:00,71,"Segfault,Stale",0,0,2026-01,2026
63652,pull_request,closed,2026-01-12 11:57:08+00:00,2026-03-10 20:38:47+00:00,57,Docs,0,0,2026-01,2026
63651,pull_request,closed,2026-01-12 08:53:00+00:00,2026-01-14 18:00:25+00:00,2,Docs,0,1,2026-01,2026
63648,pull_request,closed,2026-01-12 06:02:50+00:00,2026-03-24 15:26:55+00:00,71,,0,0,2026-01,2026
63647,pull_request,closed,2026-01-12 01:53:02+00:00,2026-01-20 17:47:32+00:00,8,,0,0,2026-01,2026
63646,pull_request,closed,2026-01-12 01:22:49+00:00,2026-01-12 01:25:20+00:00,0,,0,0,2026-01,2026
63645,pull_request,closed,2026-01-12 00:57:46+00:00,2026-01-20 03:16:48+00:00,8,Docs,0,1,2026-01,2026
63644,pull_request,closed,2026-01-11 21:38:53+00:00,2026-02-09 18:53:58+00:00,28,,0,0,2026-01,2026
63643,pull_request,closed,2026-01-11 17:28:46+00:00,2026-01-16 15:01:25+00:00,4,,0,0,2026-01,2026
63642,pull_request,closed,2026-01-11 15:47:51+00:00,2026-04-03 16:22:27+00:00,82,Docs,0,0,2026-01,2026
63641,pull_request,closed,2026-01-11 05:06:29+00:00,2026-03-12 19:01:55+00:00,60,Needs Tests,0,1,2026-01,2026
63639,pull_request,closed,2026-01-11 04:25:38+00:00,2026-01-14 18:06:40+00:00,3,,0,1,2026-01,2026
63638,pull_request,closed,2026-01-11 03:59:48+00:00,2026-01-14 17:59:19+00:00,3,Docs,0,1,2026-01,2026
63637,pull_request,closed,2026-01-11 02:40:37+00:00,2026-01-13 03:26:20+00:00,2,,0,0,2026-01,2026
63634,pull_request,closed,2026-01-10 20:35:03+00:00,2026-01-11 20:16:43+00:00,0,Docs,0,1,2026-01,2026
63632,pull_request,closed,2026-01-10 12:32:39+00:00,2026-01-11 20:15:57+00:00,1,,0,0,2026-01,2026
63631,pull_request,closed,2026-01-10 10:38:12+00:00,2026-01-10 18:12:11+00:00,0,Docs,0,1,2026-01,2026
63629,pull_request,closed,2026-01-10 07:45:59+00:00,2026-01-10 23:32:11+00:00,0,Docs,0,1,2026-01,2026
63628,pull_request,closed,2026-01-10 05:50:12+00:00,2026-01-10 18:17:43+00:00,0,Docs,0,1,2026-01,2026
63627,pull_request,closed,2026-01-10 05:39:15+00:00,2026-01-10 18:19:05+00:00,0,Docs,0,1,2026-01,2026
63626,pull_request,closed,2026-01-10 00:11:16+00:00,2026-03-12 21:07:51+00:00,61,Docs,0,1,2026-01,2026
63625,pull_request,closed,2026-01-10 00:09:27+00:00,2026-01-19 18:45:04+00:00,9,Docs,0,1,2026-01,2026
63624,pull_request,closed,2026-01-09 20:36:27+00:00,2026-01-10 06:03:23+00:00,0,,0,0,2026-01,2026
63622,pull_request,closed,2026-01-09 17:33:53+00:00,2026-01-12 15:46:31+00:00,2,"Docs,Copy / view semantics",0,1,2026-01,2026
63620,pull_request,closed,2026-01-09 12:25:42+00:00,2026-02-03 19:41:49+00:00,25,,0,0,2026-01,2026
63619,pull_request,closed,2026-01-09 11:07:15+00:00,2026-01-09 17:55:23+00:00,0,Docs,0,1,2026-01,2026
63618,pull_request,closed,2026-01-09 10:48:34+00:00,2026-01-09 17:56:35+00:00,0,Docs,0,1,2026-01,2026
63617,pull_request,closed,2026-01-09 07:11:20+00:00,2026-01-09 17:45:48+00:00,0,"Docs,Frequency",0,1,2026-01,2026
63616,pull_request,closed,2026-01-09 06:58:50+00:00,2026-01-09 17:47:41+00:00,0,Docs,0,1,2026-01,2026
63615,pull_request,closed,2026-01-09 06:31:04+00:00,2026-01-09 17:48:22+00:00,0,"Docs,Error Reporting",0,1,2026-01,2026
63614,pull_request,closed,2026-01-09 06:22:04+00:00,2026-01-09 17:48:50+00:00,0,Docs,0,1,2026-01,2026
63613,pull_request,closed,2026-01-08 21:59:13+00:00,2026-01-18 23:54:29+00:00,10,"Bug,Strings,Arrow",1,1,2026-01,2026
63612,pull_request,closed,2026-01-08 16:00:49+00:00,2026-01-08 17:15:39+00:00,0,,0,0,2026-01,2026
63611,pull_request,closed,2026-01-08 14:22:01+00:00,2026-01-08 17:15:55+00:00,0,,0,0,2026-01,2026
63610,pull_request,closed,2026-01-08 14:14:40+00:00,2026-01-08 17:16:32+00:00,0,Code Style,0,1,2026-01,2026
63609,pull_request,closed,2026-01-08 11:58:42+00:00,2026-01-08 17:20:09+00:00,0,Period,0,1,2026-01,2026
63607,pull_request,closed,2026-01-07 15:43:42+00:00,2026-01-10 17:18:06+00:00,3,,0,0,2026-01,2026
63606,pull_request,closed,2026-01-07 15:16:40+00:00,2026-01-07 15:17:02+00:00,0,,0,0,2026-01,2026
63605,pull_request,closed,2026-01-07 14:18:29+00:00,2026-01-07 17:29:51+00:00,0,,0,1,2026-01,2026
63602,pull_request,closed,2026-01-07 06:31:26+00:00,2026-04-29 17:37:06+00:00,112,"Performance,Arrow",0,0,2026-01,2026
63601,pull_request,closed,2026-01-07 03:09:38+00:00,2026-01-07 17:31:20+00:00,0,Code Style,0,1,2026-01,2026
63600,pull_request,closed,2026-01-07 01:54:00+00:00,2026-03-28 19:54:15+00:00,80,,0,0,2026-01,2026
63598,pull_request,closed,2026-01-06 22:32:22+00:00,2026-01-06 22:41:16+00:00,0,,0,0,2026-01,2026
63597,pull_request,closed,2026-01-06 20:02:17+00:00,2026-03-06 21:10:07+00:00,59,,0,0,2026-01,2026
63596,pull_request,closed,2026-01-06 18:34:09+00:00,2026-02-03 19:39:04+00:00,28,,0,0,2026-01,2026
63595,pull_request,closed,2026-01-06 18:30:46+00:00,2026-01-06 20:30:13+00:00,0,"Datetime,Non-Nano",0,1,2026-01,2026
63594,pull_request,closed,2026-01-06 17:38:42+00:00,2026-01-06 18:01:04+00:00,0,,0,0,2026-01,2026
63593,pull_request,closed,2026-01-06 16:34:30+00:00,2026-01-07 17:05:20+00:00,1,,0,0,2026-01,2026
63591,pull_request,closed,2026-01-06 15:26:14+00:00,2026-01-06 18:03:48+00:00,0,,0,0,2026-01,2026
63590,pull_request,closed,2026-01-06 14:19:21+00:00,2026-04-09 22:27:42+00:00,93,Docs,0,0,2026-01,2026
63589,pull_request,closed,2026-01-06 14:12:27+00:00,2026-01-09 17:57:53+00:00,3,Docs,0,1,2026-01,2026
63588,pull_request,closed,2026-01-06 07:25:08+00:00,2026-04-09 22:23:01+00:00,93,Docs,0,0,2026-01,2026
63587,pull_request,closed,2026-01-06 06:40:36+00:00,2026-01-06 18:06:09+00:00,0,"Performance,Arrow",0,1,2026-01,2026
63586,pull_request,closed,2026-01-06 06:34:23+00:00,2026-01-06 17:53:15+00:00,0,Docs,0,1,2026-01,2026
63585,pull_request,closed,2026-01-06 05:40:56+00:00,2026-01-06 17:52:06+00:00,0,Docs,0,1,2026-01,2026
63584,pull_request,closed,2026-01-06 05:20:01+00:00,2026-01-06 17:48:55+00:00,0,Docs,0,1,2026-01,2026
63583,pull_request,closed,2026-01-06 05:08:23+00:00,2026-01-06 17:46:49+00:00,0,Docs,0,1,2026-01,2026
63582,pull_request,closed,2026-01-06 04:46:04+00:00,2026-03-20 14:13:36+00:00,73,Typing,0,0,2026-01,2026
63579,pull_request,closed,2026-01-05 21:44:27+00:00,2026-01-06 22:12:54+00:00,1,Docs,0,1,2026-01,2026
63578,pull_request,closed,2026-01-05 19:37:56+00:00,2026-01-06 01:17:43+00:00,0,Code Style,0,1,2026-01,2026
63577,pull_request,closed,2026-01-05 16:30:53+00:00,2026-01-05 17:58:14+00:00,0,Code Style,0,1,2026-01,2026
63576,pull_request,closed,2026-01-05 16:02:43+00:00,2026-01-05 22:28:12+00:00,0,"Datetime,Missing-data",0,1,2026-01,2026
63575,pull_request,closed,2026-01-05 11:10:28+00:00,2026-03-21 16:10:11+00:00,75,Needs Tests,0,0,2026-01,2026
63573,pull_request,closed,2026-01-05 08:13:58+00:00,2026-01-05 21:46:52+00:00,0,"Performance,Arrow",0,1,2026-01,2026
63571,pull_request,closed,2026-01-04 15:03:48+00:00,2026-01-06 17:47:36+00:00,2,Docs,0,1,2026-01,2026
63570,pull_request,closed,2026-01-04 14:56:22+00:00,2026-01-04 16:53:44+00:00,0,"Docs,CI",0,1,2026-01,2026
63569,pull_request,closed,2026-01-04 14:33:23+00:00,2026-01-04 14:37:21+00:00,0,,0,0,2026-01,2026
63568,pull_request,closed,2026-01-04 13:48:56+00:00,2026-01-04 14:34:02+00:00,0,,0,0,2026-01,2026
63566,pull_request,closed,2026-01-04 10:35:23+00:00,2026-01-05 18:02:37+00:00,1,Docs,0,1,2026-01,2026
63565,pull_request,closed,2026-01-04 09:56:40+00:00,2026-01-05 18:04:31+00:00,1,Docs,0,1,2026-01,2026
63564,pull_request,closed,2026-01-04 07:27:01+00:00,2026-01-04 09:38:33+00:00,0,,0,0,2026-01,2026
63563,pull_request,closed,2026-01-03 18:37:32+00:00,2026-01-05 18:06:50+00:00,1,,0,0,2026-01,2026
63562,pull_request,closed,2026-01-03 14:59:32+00:00,2026-01-03 17:00:11+00:00,0,AI Slop,0,0,2026-01,2026
63561,pull_request,closed,2026-01-03 14:13:57+00:00,2026-01-05 18:11:22+00:00,2,,0,0,2026-01,2026
63560,pull_request,closed,2026-01-03 13:55:42+00:00,2026-01-05 19:39:10+00:00,2,"Timedelta,Reduction Operations,Timestamp",0,1,2026-01,2026
63558,pull_request,closed,2026-01-03 07:12:23+00:00,2026-01-05 18:19:56+00:00,2,,0,0,2026-01,2026
63556,pull_request,closed,2026-01-03 06:29:09+00:00,2026-01-05 17:42:41+00:00,2,Docs,0,1,2026-01,2026
63554,pull_request,closed,2026-01-03 05:55:54+00:00,2026-01-05 17:41:21+00:00,2,Docs,0,1,2026-01,2026
63552,pull_request,closed,2026-01-03 03:21:14+00:00,2026-01-06 02:53:38+00:00,2,Docs,0,1,2026-01,2026
63549,pull_request,closed,2026-01-02 22:05:26+00:00,2026-01-05 18:25:33+00:00,2,Testing,0,1,2026-01,2026
63548,pull_request,closed,2026-01-02 20:13:05+00:00,2026-01-05 18:27:38+00:00,2,"Testing,Frequency",0,1,2026-01,2026
63547,pull_request,closed,2026-01-02 19:12:03+00:00,2026-01-29 22:44:27+00:00,27,,0,0,2026-01,2026
63546,pull_request,closed,2026-01-02 19:02:33+00:00,2026-01-05 18:39:19+00:00,2,Code Style,0,1,2026-01,2026
63545,pull_request,closed,2026-01-02 18:07:07+00:00,2026-01-05 18:48:05+00:00,3,,0,0,2026-01,2026
63544,pull_request,closed,2026-01-02 14:08:51+00:00,2026-03-05 02:11:28+00:00,61,,0,0,2026-01,2026
63543,pull_request,closed,2026-01-02 12:14:21+00:00,2026-01-05 17:39:55+00:00,3,,0,1,2026-01,2026
63542,pull_request,closed,2026-01-02 11:08:15+00:00,2026-01-02 14:35:30+00:00,0,,0,1,2026-01,2026
63541,pull_request,closed,2026-01-02 10:44:10+00:00,2026-01-05 17:28:49+00:00,3,Docs,0,1,2026-01,2026
63539,pull_request,closed,2026-01-02 07:13:48+00:00,2026-01-03 11:52:57+00:00,1,"Docs,Groupby",0,1,2026-01,2026
63538,pull_request,closed,2026-01-02 05:40:10+00:00,2026-01-06 18:03:04+00:00,4,Docs,0,1,2026-01,2026
63537,pull_request,closed,2026-01-02 03:43:39+00:00,2026-01-06 02:52:40+00:00,3,Docs,0,1,2026-01,2026
63536,pull_request,closed,2026-01-02 03:42:45+00:00,2026-01-02 18:00:07+00:00,0,Docs,0,1,2026-01,2026
63535,pull_request,closed,2026-01-02 03:41:53+00:00,2026-01-05 17:35:11+00:00,3,,0,1,2026-01,2026
63534,pull_request,closed,2026-01-02 03:26:05+00:00,2026-01-05 17:37:53+00:00,3,,0,1,2026-01,2026
63533,pull_request,closed,2026-01-01 21:42:54+00:00,2026-01-05 18:57:34+00:00,3,"Timedelta,Non-Nano",0,1,2026-01,2026
63531,pull_request,closed,2026-01-01 18:30:42+00:00,2026-04-09 21:35:57+00:00,98,,0,0,2026-01,2026
63530,pull_request,closed,2026-01-01 18:16:04+00:00,2026-01-20 17:50:29+00:00,18,,0,0,2026-01,2026
63529,pull_request,closed,2026-01-01 18:05:27+00:00,2026-01-23 18:43:29+00:00,22,,0,0,2026-01,2026
63528,pull_request,closed,2026-01-01 17:44:54+00:00,2026-01-05 17:30:13+00:00,3,Docs,0,1,2026-01,2026
63525,pull_request,closed,2025-12-31 21:19:12+00:00,2026-01-01 19:33:34+00:00,0,Clean,0,1,2025-12,2025
63524,pull_request,closed,2025-12-31 19:57:20+00:00,2026-01-30 18:25:53+00:00,29,,0,0,2025-12,2025
63523,pull_request,closed,2025-12-31 17:26:51+00:00,2025-12-31 19:15:09+00:00,0,Code Style,0,1,2025-12,2025
63522,pull_request,closed,2025-12-31 16:39:28+00:00,2026-01-01 19:28:24+00:00,1,"Bug,Groupby,pyarrow dtype retention",1,1,2025-12,2025
63520,pull_request,closed,2025-12-31 06:37:27+00:00,2026-01-01 19:24:23+00:00,1,Docs,0,1,2025-12,2025
63519,pull_request,closed,2025-12-31 05:32:55+00:00,2025-12-31 17:41:19+00:00,0,Docs,0,1,2025-12,2025
63517,pull_request,closed,2025-12-31 01:52:59+00:00,2025-12-31 03:34:07+00:00,0,Arrow,0,1,2025-12,2025
63516,pull_request,closed,2025-12-30 21:36:44+00:00,2026-01-02 17:54:48+00:00,2,Docs,0,1,2025-12,2025
63515,pull_request,closed,2025-12-30 20:41:48+00:00,2026-01-02 17:52:02+00:00,2,Docs,0,1,2025-12,2025
63514,pull_request,closed,2025-12-30 18:54:32+00:00,2026-03-21 01:08:34+00:00,80,,0,1,2025-12,2025
63513,pull_request,closed,2025-12-30 16:46:00+00:00,2026-01-02 17:49:54+00:00,3,Code Style,0,1,2025-12,2025
63510,pull_request,closed,2025-12-30 09:51:30+00:00,2026-01-23 18:47:25+00:00,24,,0,0,2025-12,2025
63509,pull_request,closed,2025-12-30 03:01:26+00:00,2025-12-30 22:37:23+00:00,0,Period,0,1,2025-12,2025
63508,pull_request,closed,2025-12-30 00:21:20+00:00,2025-12-30 18:42:01+00:00,0,AI Slop,0,0,2025-12,2025
63507,pull_request,closed,2025-12-30 00:14:23+00:00,2025-12-30 18:49:53+00:00,0,,0,0,2025-12,2025
63506,pull_request,closed,2025-12-30 00:04:17+00:00,2025-12-30 18:50:14+00:00,0,,0,0,2025-12,2025
63505,pull_request,closed,2025-12-29 18:49:17+00:00,2026-04-09 21:38:41+00:00,101,Docs,0,0,2025-12,2025
63504,pull_request,closed,2025-12-29 17:36:30+00:00,2025-12-30 18:53:06+00:00,1,"Docs,CI",0,1,2025-12,2025
63502,pull_request,closed,2025-12-29 15:05:14+00:00,2025-12-30 18:44:53+00:00,1,"Clean,expressions",0,1,2025-12,2025
63501,pull_request,closed,2025-12-29 12:00:57+00:00,2025-12-30 18:54:10+00:00,1,Docs,0,1,2025-12,2025
63500,pull_request,closed,2025-12-29 10:48:23+00:00,2026-01-21 10:22:32+00:00,22,"Error Reporting,Still Needs Manual Backport,Copy / view semantics",0,1,2025-12,2025
63499,pull_request,closed,2025-12-29 10:13:23+00:00,2026-01-12 18:33:58+00:00,14,"Timedelta,Constructors,Non-Nano",0,1,2025-12,2025
63498,pull_request,closed,2025-12-28 20:12:19+00:00,2025-12-30 18:46:44+00:00,1,,0,1,2025-12,2025
63497,pull_request,closed,2025-12-28 14:59:03+00:00,2026-03-23 22:23:48+00:00,85,"Docs,setops",0,0,2025-12,2025
63496,pull_request,closed,2025-12-28 14:46:22+00:00,2025-12-30 18:46:09+00:00,2,Dependencies,0,1,2025-12,2025
63495,pull_request,closed,2025-12-28 13:43:42+00:00,2025-12-28 17:34:30+00:00,0,AI Slop,0,0,2025-12,2025
63492,pull_request,closed,2025-12-27 19:53:48+00:00,2026-01-21 10:38:55+00:00,24,Testing,0,1,2025-12,2025
63491,pull_request,closed,2025-12-27 16:28:43+00:00,2025-12-29 10:26:37+00:00,1,,0,0,2025-12,2025
63490,pull_request,closed,2025-12-27 05:11:12+00:00,2025-12-30 18:47:44+00:00,3,Code Style,0,1,2025-12,2025
63488,pull_request,closed,2025-12-26 18:46:31+00:00,2025-12-30 19:30:44+00:00,4,Docs,0,1,2025-12,2025
63487,pull_request,closed,2025-12-26 10:24:53+00:00,2025-12-26 18:44:46+00:00,0,Testing,0,1,2025-12,2025
63486,pull_request,closed,2025-12-26 09:35:42+00:00,2025-12-30 19:25:04+00:00,4,Docs,0,1,2025-12,2025
63485,pull_request,closed,2025-12-25 20:22:07+00:00,2026-01-23 18:44:28+00:00,28,,0,0,2025-12,2025
63483,pull_request,closed,2025-12-24 22:33:04+00:00,2025-12-30 19:26:46+00:00,5,Docs,0,1,2025-12,2025
63482,pull_request,closed,2025-12-24 19:53:21+00:00,2026-01-23 18:45:40+00:00,29,,0,0,2025-12,2025
63481,pull_request,closed,2025-12-24 13:50:08+00:00,2026-01-02 08:05:50+00:00,8,"Error Reporting,Compat",0,1,2025-12,2025
63480,pull_request,closed,2025-12-24 13:36:25+00:00,2025-12-30 18:55:45+00:00,6,Docs,0,1,2025-12,2025
63478,pull_request,closed,2025-12-24 06:25:50+00:00,2025-12-26 18:47:14+00:00,2,,0,0,2025-12,2025
63474,pull_request,closed,2025-12-23 19:12:56+00:00,2025-12-26 18:42:29+00:00,2,CI,0,1,2025-12,2025
63473,pull_request,closed,2025-12-23 14:30:35+00:00,2026-01-18 22:55:59+00:00,26,"IO JSON,Non-Nano,Timestamp",0,1,2025-12,2025
63471,pull_request,closed,2025-12-23 11:12:02+00:00,2025-12-23 18:11:00+00:00,0,Code Style,0,1,2025-12,2025
63469,pull_request,closed,2025-12-23 07:58:42+00:00,2025-12-23 18:09:14+00:00,0,Code Style,0,1,2025-12,2025
63468,pull_request,closed,2025-12-23 06:49:55+00:00,2025-12-28 00:42:34+00:00,4,,0,0,2025-12,2025
63467,pull_request,closed,2025-12-23 02:19:37+00:00,2025-12-23 18:12:04+00:00,0,Docs,0,1,2025-12,2025
63466,pull_request,closed,2025-12-22 22:16:39+00:00,2026-02-18 14:50:18+00:00,57,,0,0,2025-12,2025
63464,pull_request,closed,2025-12-22 20:08:17+00:00,2025-12-22 21:51:39+00:00,0,Docs,0,1,2025-12,2025
63463,pull_request,closed,2025-12-22 18:23:15+00:00,2026-01-06 02:46:54+00:00,14,"Enhancement,Series",0,1,2025-12,2025
63462,pull_request,closed,2025-12-22 17:44:58+00:00,2025-12-22 18:24:17+00:00,0,,0,0,2025-12,2025
63461,pull_request,closed,2025-12-22 16:25:26+00:00,2026-01-23 18:46:13+00:00,32,,0,0,2025-12,2025
63460,pull_request,closed,2025-12-22 15:57:59+00:00,2025-12-22 18:27:05+00:00,0,,0,0,2025-12,2025
63457,pull_request,closed,2025-12-22 09:22:06+00:00,2025-12-30 19:50:18+00:00,8,Docs,0,1,2025-12,2025
63456,pull_request,closed,2025-12-22 08:51:35+00:00,2026-01-09 06:31:29+00:00,17,,0,0,2025-12,2025
63455,pull_request,closed,2025-12-22 08:34:10+00:00,2025-12-22 18:29:54+00:00,0,,0,0,2025-12,2025
63454,pull_request,closed,2025-12-22 07:04:02+00:00,2025-12-23 02:18:55+00:00,0,Docs,0,0,2025-12,2025
63453,pull_request,closed,2025-12-21 17:04:18+00:00,2025-12-24 17:21:12+00:00,3,,0,0,2025-12,2025
63452,pull_request,closed,2025-12-21 16:59:55+00:00,2025-12-22 18:51:00+00:00,1,"Bug,combine/combine_first/update",1,1,2025-12,2025
63451,pull_request,closed,2025-12-21 14:13:28+00:00,2025-12-22 13:47:27+00:00,0,"Performance,Index",0,1,2025-12,2025
63450,pull_request,closed,2025-12-21 12:04:28+00:00,2025-12-21 17:40:35+00:00,0,Code Style,0,1,2025-12,2025
63449,pull_request,closed,2025-12-21 10:03:48+00:00,2025-12-21 17:39:27+00:00,0,Testing,0,1,2025-12,2025
63448,pull_request,closed,2025-12-21 09:44:08+00:00,2025-12-21 09:50:10+00:00,0,,0,0,2025-12,2025
63447,pull_request,closed,2025-12-21 09:36:11+00:00,2025-12-22 14:28:14+00:00,1,,0,0,2025-12,2025
63446,pull_request,closed,2025-12-21 05:26:34+00:00,2025-12-21 06:34:21+00:00,0,,0,0,2025-12,2025
63445,pull_request,closed,2025-12-21 03:47:25+00:00,2025-12-21 17:43:10+00:00,0,Docs,0,1,2025-12,2025
63443,pull_request,closed,2025-12-20 21:43:17+00:00,2025-12-21 17:41:46+00:00,0,Docs,0,1,2025-12,2025
63441,pull_request,closed,2025-12-20 21:04:30+00:00,2025-12-21 16:39:50+00:00,0,Web,0,1,2025-12,2025
63440,pull_request,closed,2025-12-20 17:37:22+00:00,2025-12-20 20:27:19+00:00,0,"Bug,Testing",1,1,2025-12,2025
63439,pull_request,closed,2025-12-20 16:11:03+00:00,2025-12-23 18:07:20+00:00,3,"Enhancement,expressions",0,1,2025-12,2025
63438,pull_request,closed,2025-12-20 12:35:59+00:00,2025-12-20 20:30:45+00:00,0,"Performance,Index",0,1,2025-12,2025
63436,pull_request,closed,2025-12-20 07:53:26+00:00,2025-12-20 19:18:44+00:00,0,Testing,0,1,2025-12,2025
63435,pull_request,closed,2025-12-19 21:00:35+00:00,2025-12-22 19:08:42+00:00,2,"Performance,Reshaping,Arrow",0,1,2025-12,2025
63434,pull_request,closed,2025-12-19 20:20:27+00:00,2025-12-22 19:09:42+00:00,2,Testing,0,1,2025-12,2025
63432,pull_request,closed,2025-12-19 12:40:23+00:00,2025-12-19 18:04:18+00:00,0,CI,0,1,2025-12,2025
63431,pull_request,closed,2025-12-19 12:33:07+00:00,2025-12-22 19:11:15+00:00,3,Enhancement,0,1,2025-12,2025
63427,pull_request,closed,2025-12-19 05:51:14+00:00,2025-12-20 20:20:04+00:00,1,"Docs,IO Pickle",0,1,2025-12,2025
63426,pull_request,closed,2025-12-19 05:23:19+00:00,2025-12-19 05:40:49+00:00,0,,0,0,2025-12,2025
63425,pull_request,closed,2025-12-19 05:09:54+00:00,2025-12-19 05:21:19+00:00,0,,0,0,2025-12,2025
63424,pull_request,closed,2025-12-19 05:04:42+00:00,2025-12-19 05:07:24+00:00,0,,0,0,2025-12,2025
63423,pull_request,closed,2025-12-19 04:30:06+00:00,2025-12-19 04:57:22+00:00,0,,0,0,2025-12,2025
63422,pull_request,closed,2025-12-19 04:08:41+00:00,2025-12-23 12:59:21+00:00,4,"Datetime,Performance,Arrow",0,1,2025-12,2025
63421,pull_request,closed,2025-12-19 01:53:38+00:00,2025-12-19 04:17:30+00:00,0,,0,0,2025-12,2025
63414,pull_request,closed,2025-12-18 14:43:35+00:00,2025-12-18 18:35:16+00:00,0,"IO HDF5,Strings",0,1,2025-12,2025
63413,pull_request,closed,2025-12-18 14:03:34+00:00,2026-04-01 00:45:11+00:00,103,,0,1,2025-12,2025
63411,pull_request,closed,2025-12-18 10:53:55+00:00,2025-12-18 17:09:06+00:00,0,Docs,0,1,2025-12,2025
63410,pull_request,closed,2025-12-18 08:56:03+00:00,2025-12-18 10:52:24+00:00,0,,0,0,2025-12,2025
63409,pull_request,closed,2025-12-18 08:22:08+00:00,2025-12-21 09:46:40+00:00,3,,0,0,2025-12,2025
63408,pull_request,closed,2025-12-18 07:56:35+00:00,2025-12-18 08:20:12+00:00,0,,0,0,2025-12,2025
63407,pull_request,closed,2025-12-18 00:56:27+00:00,2025-12-18 23:18:28+00:00,0,"Datetime,Timedelta,quantile",0,1,2025-12,2025
63406,pull_request,closed,2025-12-18 00:53:46+00:00,2025-12-18 10:56:43+00:00,0,Build,0,1,2025-12,2025
63405,pull_request,closed,2025-12-18 00:44:30+00:00,2026-05-12 17:52:48+00:00,145,Build,0,0,2025-12,2025
63402,pull_request,closed,2025-12-17 19:13:15+00:00,2025-12-17 22:55:52+00:00,0,"Bug,ExtensionArray",1,1,2025-12,2025
63401,pull_request,closed,2025-12-17 17:58:40+00:00,2025-12-19 20:03:44+00:00,2,"Performance,Arrow",0,1,2025-12,2025
63400,pull_request,closed,2025-12-17 16:21:05+00:00,2026-01-23 18:49:21+00:00,37,Stale,0,0,2025-12,2025
63398,pull_request,closed,2025-12-17 15:03:21+00:00,2025-12-18 19:57:05+00:00,1,"API Design,Index",0,1,2025-12,2025
63397,pull_request,closed,2025-12-17 12:49:26+00:00,2025-12-18 17:35:48+00:00,1,"Enhancement,Indexing,Error Reporting",0,1,2025-12,2025
63395,pull_request,closed,2025-12-17 11:20:01+00:00,2025-12-18 14:12:46+00:00,1,"Bug,Strings,Arrow",1,1,2025-12,2025
63394,pull_request,closed,2025-12-17 10:19:41+00:00,2025-12-17 21:14:36+00:00,0,Subclassing,0,1,2025-12,2025
63390,pull_request,closed,2025-12-17 09:07:10+00:00,2025-12-17 10:10:45+00:00,0,,0,0,2025-12,2025
63389,pull_request,closed,2025-12-17 05:29:25+00:00,2025-12-18 17:13:56+00:00,1,"Performance,Arrow",0,1,2025-12,2025
63387,pull_request,closed,2025-12-16 20:42:38+00:00,2025-12-16 21:52:39+00:00,0,,0,0,2025-12,2025
63386,pull_request,closed,2025-12-16 19:48:14+00:00,2025-12-16 20:30:38+00:00,0,,0,0,2025-12,2025
63384,pull_request,closed,2025-12-16 15:42:59+00:00,2025-12-19 18:11:12+00:00,3,Docs,0,1,2025-12,2025
63383,pull_request,closed,2025-12-16 15:32:52+00:00,2025-12-16 19:16:03+00:00,0,Docs,0,1,2025-12,2025
63382,pull_request,closed,2025-12-16 14:08:31+00:00,2025-12-22 13:08:26+00:00,5,"Docs,expressions",0,1,2025-12,2025
63381,pull_request,closed,2025-12-16 13:24:16+00:00,2025-12-16 14:58:26+00:00,0,Docs,0,1,2025-12,2025
63380,pull_request,closed,2025-12-16 12:06:43+00:00,2025-12-16 17:44:08+00:00,0,Docs,0,1,2025-12,2025
63379,pull_request,closed,2025-12-16 10:44:28+00:00,2025-12-16 17:41:22+00:00,0,Docs,0,1,2025-12,2025
63370,pull_request,closed,2025-12-15 19:10:36+00:00,2025-12-16 21:10:53+00:00,1,"Index,Series,Copy / view semantics",0,1,2025-12,2025
63369,pull_request,closed,2025-12-15 19:05:50+00:00,2026-04-09 22:45:03+00:00,115,"Numeric Operations,Stale",0,0,2025-12,2025
63368,pull_request,closed,2025-12-15 15:44:37+00:00,2026-03-28 20:00:35+00:00,103,Docs,0,0,2025-12,2025
63367,pull_request,closed,2025-12-15 10:56:29+00:00,2025-12-19 15:54:48+00:00,4,ExtensionArray,0,1,2025-12,2025
63366,pull_request,closed,2025-12-15 08:04:10+00:00,2025-12-15 17:29:05+00:00,0,"CI,Dependencies",0,1,2025-12,2025
63365,pull_request,closed,2025-12-15 08:04:06+00:00,2025-12-15 17:28:32+00:00,0,"CI,Dependencies",0,1,2025-12,2025
63364,pull_request,closed,2025-12-15 00:17:38+00:00,2025-12-26 18:45:53+00:00,11,,0,0,2025-12,2025
63363,pull_request,closed,2025-12-14 18:06:15+00:00,2026-04-09 22:41:17+00:00,116,"Docs,Stale",0,0,2025-12,2025
63362,pull_request,closed,2025-12-14 17:34:34+00:00,2025-12-28 19:20:12+00:00,14,,0,0,2025-12,2025
63361,pull_request,closed,2025-12-14 13:50:34+00:00,2025-12-14 20:31:50+00:00,0,AI Slop,0,0,2025-12,2025
63360,pull_request,closed,2025-12-14 13:38:17+00:00,2025-12-14 18:02:18+00:00,0,Docs,0,1,2025-12,2025
63359,pull_request,closed,2025-12-14 13:29:27+00:00,2025-12-14 15:31:58+00:00,0,"Docs,Strings",0,1,2025-12,2025
63358,pull_request,closed,2025-12-14 12:43:10+00:00,2025-12-15 21:49:03+00:00,1,"Docs,Groupby",0,1,2025-12,2025
63357,pull_request,closed,2025-12-14 10:59:53+00:00,2026-01-01 15:06:28+00:00,18,,0,0,2025-12,2025
63356,pull_request,closed,2025-12-14 06:18:52+00:00,2025-12-14 10:33:26+00:00,0,,0,0,2025-12,2025
63355,pull_request,closed,2025-12-13 20:45:04+00:00,2026-03-22 20:50:34+00:00,99,Stale,0,0,2025-12,2025
63354,pull_request,closed,2025-12-13 18:51:40+00:00,2026-03-28 19:55:18+00:00,105,Docs,0,0,2025-12,2025
63353,pull_request,closed,2025-12-13 16:52:31+00:00,2026-01-13 17:39:55+00:00,31,Stale,0,0,2025-12,2025
63352,pull_request,closed,2025-12-13 16:26:29+00:00,2025-12-13 18:36:16+00:00,0,,0,0,2025-12,2025
63350,pull_request,closed,2025-12-13 10:07:35+00:00,2025-12-14 22:37:03+00:00,1,Code Style,0,1,2025-12,2025
63349,pull_request,closed,2025-12-12 17:46:31+00:00,2026-01-13 10:04:50+00:00,31,,0,0,2025-12,2025
63348,pull_request,closed,2025-12-12 17:15:12+00:00,2025-12-16 09:10:31+00:00,3,Web,0,1,2025-12,2025
63347,pull_request,closed,2025-12-12 16:44:18+00:00,2025-12-22 13:02:33+00:00,9,"Non-Nano,Timestamp",0,1,2025-12,2025
63346,pull_request,closed,2025-12-12 13:42:45+00:00,2025-12-14 18:12:19+00:00,2,"Docs,Indexing",0,1,2025-12,2025
63345,pull_request,closed,2025-12-12 13:09:33+00:00,2025-12-12 13:20:56+00:00,0,,0,0,2025-12,2025
63344,pull_request,closed,2025-12-12 13:00:48+00:00,2025-12-12 13:02:38+00:00,0,,0,0,2025-12,2025
63343,pull_request,closed,2025-12-12 10:18:49+00:00,2026-03-28 19:55:46+00:00,106,Docs,0,0,2025-12,2025
63342,pull_request,closed,2025-12-12 09:39:19+00:00,2025-12-15 21:37:53+00:00,3,"Series,Constructors,Copy / view semantics",0,1,2025-12,2025
63341,pull_request,closed,2025-12-12 09:12:28+00:00,2025-12-14 16:24:03+00:00,2,"Docs,Copy / view semantics",0,1,2025-12,2025
63340,pull_request,closed,2025-12-12 07:13:30+00:00,2025-12-17 13:42:44+00:00,5,,0,0,2025-12,2025
63339,pull_request,closed,2025-12-12 04:35:00+00:00,2025-12-12 19:40:49+00:00,0,Testing,0,1,2025-12,2025
63338,pull_request,closed,2025-12-12 03:11:23+00:00,2026-01-12 17:28:42+00:00,31,"Docs,Stale",0,0,2025-12,2025
63337,pull_request,closed,2025-12-12 02:48:19+00:00,2025-12-12 19:42:54+00:00,0,Docs,0,1,2025-12,2025
63336,pull_request,closed,2025-12-11 23:10:58+00:00,2026-01-11 20:19:43+00:00,30,Stale,0,0,2025-12,2025
63335,pull_request,closed,2025-12-11 21:44:15+00:00,2025-12-19 15:53:51+00:00,7,Dependencies,0,1,2025-12,2025
63334,pull_request,closed,2025-12-11 19:49:19+00:00,2026-01-11 13:54:27+00:00,30,Stale,0,0,2025-12,2025
63333,pull_request,closed,2025-12-11 14:47:37+00:00,2025-12-11 17:06:26+00:00,0,,0,0,2025-12,2025
63332,pull_request,closed,2025-12-11 11:11:43+00:00,2026-05-08 19:20:07+00:00,148,"Numeric Operations,Stale",0,0,2025-12,2025
63331,pull_request,closed,2025-12-11 10:23:51+00:00,2026-03-10 05:36:34+00:00,88,Stale,0,0,2025-12,2025
63330,pull_request,closed,2025-12-11 10:22:57+00:00,2025-12-13 16:50:13+00:00,2,"Bug,Numeric Operations,expressions",1,1,2025-12,2025
63329,pull_request,closed,2025-12-11 10:17:07+00:00,2025-12-11 10:21:53+00:00,0,,0,0,2025-12,2025
63327,pull_request,closed,2025-12-11 07:35:24+00:00,2026-01-16 20:00:47+00:00,36,Stale,0,0,2025-12,2025
63326,pull_request,closed,2025-12-11 07:09:12+00:00,2025-12-30 18:39:31+00:00,19,,0,0,2025-12,2025
63325,pull_request,closed,2025-12-11 04:24:14+00:00,2026-02-02 06:40:46+00:00,53,Stale,0,0,2025-12,2025
63324,pull_request,closed,2025-12-11 03:10:30+00:00,2026-01-23 18:52:59+00:00,43,,0,0,2025-12,2025
63323,pull_request,closed,2025-12-11 02:59:56+00:00,2025-12-11 03:10:07+00:00,0,,0,0,2025-12,2025
63321,pull_request,closed,2025-12-10 19:55:50+00:00,2025-12-11 02:20:02+00:00,0,Docs,0,1,2025-12,2025
63319,pull_request,closed,2025-12-10 14:26:57+00:00,2025-12-11 02:22:05+00:00,0,"Docs,Copy / view semantics",0,1,2025-12,2025
63318,pull_request,closed,2025-12-10 07:33:15+00:00,2025-12-11 00:04:17+00:00,0,IO Excel,0,1,2025-12,2025
63316,pull_request,closed,2025-12-09 20:35:57+00:00,2025-12-09 21:36:05+00:00,0,,0,0,2025-12,2025
63313,pull_request,closed,2025-12-09 17:25:33+00:00,2026-04-29 17:42:45+00:00,141,"IO CSV,Stale",0,0,2025-12,2025
63312,pull_request,closed,2025-12-09 17:22:18+00:00,2026-01-20 18:02:36+00:00,42,Stale,0,0,2025-12,2025
63310,pull_request,closed,2025-12-09 15:03:14+00:00,2026-04-09 21:30:34+00:00,121,"Docs,Copy / view semantics",0,0,2025-12,2025
63309,pull_request,closed,2025-12-09 12:05:42+00:00,2025-12-09 20:03:54+00:00,0,Docs,0,1,2025-12,2025
63308,pull_request,closed,2025-12-09 12:02:52+00:00,2025-12-09 20:04:57+00:00,0,Docs,0,1,2025-12,2025
63307,pull_request,closed,2025-12-09 11:27:18+00:00,2025-12-09 20:11:42+00:00,0,Code Style,0,1,2025-12,2025
63305,pull_request,closed,2025-12-08 23:08:32+00:00,2025-12-09 21:32:52+00:00,0,Docs,0,1,2025-12,2025
63303,pull_request,closed,2025-12-08 21:15:51+00:00,2025-12-30 23:08:15+00:00,22,"Timedelta,Non-Nano",0,1,2025-12,2025
63302,pull_request,closed,2025-12-08 20:17:59+00:00,2025-12-22 21:48:50+00:00,14,"Timedelta,Non-Nano",0,1,2025-12,2025
63301,pull_request,closed,2025-12-08 20:10:00+00:00,2025-12-18 09:59:45+00:00,9,"Bug,Timedelta",1,1,2025-12,2025
63300,pull_request,closed,2025-12-08 18:59:32+00:00,2025-12-09 20:17:41+00:00,1,"Build,CI",0,1,2025-12,2025
63297,pull_request,closed,2025-12-08 10:07:21+00:00,2025-12-09 22:44:57+00:00,1,"Docs,Copy / view semantics",0,1,2025-12,2025
63296,pull_request,closed,2025-12-08 04:15:47+00:00,2025-12-08 17:48:47+00:00,0,Code Style,0,1,2025-12,2025
63295,pull_request,closed,2025-12-08 03:56:07+00:00,2025-12-10 17:39:24+00:00,2,Testing,0,1,2025-12,2025
63294,pull_request,closed,2025-12-08 00:00:49+00:00,2025-12-08 17:50:09+00:00,0,Code Style,0,1,2025-12,2025
63293,pull_request,closed,2025-12-07 23:24:56+00:00,2025-12-08 17:51:26+00:00,0,Code Style,0,1,2025-12,2025
63292,pull_request,closed,2025-12-07 23:17:45+00:00,2025-12-08 18:25:20+00:00,0,"Indexing,Non-Nano",0,1,2025-12,2025
63291,pull_request,closed,2025-12-07 16:52:39+00:00,2025-12-17 10:32:31+00:00,9,"Docs,Copy / view semantics",0,1,2025-12,2025
63290,pull_request,closed,2025-12-07 13:59:45+00:00,2025-12-08 18:39:15+00:00,1,"Bug,Error Reporting",1,1,2025-12,2025
63284,pull_request,closed,2025-12-06 17:05:10+00:00,2025-12-08 09:02:29+00:00,1,Docs,0,1,2025-12,2025
63282,pull_request,closed,2025-12-06 15:22:10+00:00,2025-12-16 10:21:34+00:00,9,Docs,0,1,2025-12,2025
63281,pull_request,closed,2025-12-06 05:02:24+00:00,2026-01-20 18:02:19+00:00,45,Stale,0,0,2025-12,2025
63276,pull_request,closed,2025-12-05 15:48:25+00:00,2025-12-05 17:40:02+00:00,0,,0,0,2025-12,2025
63274,pull_request,closed,2025-12-05 14:42:03+00:00,2025-12-07 13:46:16+00:00,1,"Docs,Copy / view semantics",0,1,2025-12,2025
63273,pull_request,closed,2025-12-05 10:54:34+00:00,2026-01-06 02:53:31+00:00,31,"Typing,Stale",0,0,2025-12,2025
63268,pull_request,closed,2025-12-04 23:19:30+00:00,2025-12-05 12:13:12+00:00,0,"Testing,Code Style",0,1,2025-12,2025
63267,pull_request,closed,2025-12-04 22:13:07+00:00,2025-12-05 17:35:24+00:00,0,"Bug,Regression,Interval",1,1,2025-12,2025
63266,pull_request,closed,2025-12-04 21:10:06+00:00,2025-12-07 09:03:34+00:00,2,CI,0,1,2025-12,2025
63265,pull_request,closed,2025-12-04 19:12:26+00:00,2025-12-05 16:03:55+00:00,0,CI,0,1,2025-12,2025
63263,pull_request,closed,2025-12-04 16:31:06+00:00,2025-12-04 17:30:41+00:00,0,Docs,0,1,2025-12,2025
63261,pull_request,closed,2025-12-04 11:51:15+00:00,2025-12-04 17:32:22+00:00,0,Docs,0,1,2025-12,2025
63260,pull_request,closed,2025-12-04 06:09:09+00:00,2025-12-06 17:39:40+00:00,2,Testing,0,1,2025-12,2025
63259,pull_request,closed,2025-12-04 03:34:54+00:00,2026-01-05 17:49:15+00:00,32,Testing,0,1,2025-12,2025
63257,pull_request,closed,2025-12-04 01:05:13+00:00,2025-12-04 03:26:17+00:00,0,,0,0,2025-12,2025
63256,pull_request,closed,2025-12-03 18:53:44+00:00,2025-12-05 17:43:27+00:00,1,Testing,0,1,2025-12,2025
63254,pull_request,closed,2025-12-03 15:59:29+00:00,2025-12-04 17:49:08+00:00,1,,0,0,2025-12,2025
63253,pull_request,closed,2025-12-03 00:31:19+00:00,2025-12-04 17:51:37+00:00,1,,0,0,2025-12,2025
63252,pull_request,closed,2025-12-02 15:36:31+00:00,2025-12-30 19:55:51+00:00,28,"Docs,IO Excel",0,1,2025-12,2025
63251,pull_request,closed,2025-12-02 11:29:12+00:00,2025-12-02 17:35:26+00:00,0,Docs,0,1,2025-12,2025
63249,pull_request,closed,2025-12-02 08:14:59+00:00,2025-12-26 18:48:47+00:00,24,,0,0,2025-12,2025
63248,pull_request,closed,2025-12-02 06:51:51+00:00,2025-12-05 12:49:12+00:00,3,"Bug,Reshaping,Error Reporting",1,1,2025-12,2025
63247,pull_request,closed,2025-12-02 02:37:43+00:00,2025-12-04 20:51:48+00:00,2,Testing,0,1,2025-12,2025
63244,pull_request,closed,2025-12-01 16:31:14+00:00,2025-12-01 21:45:02+00:00,0,Code Style,0,1,2025-12,2025
63241,pull_request,closed,2025-12-01 13:54:07+00:00,2025-12-02 15:02:09+00:00,1,"Missing-data,API Design,NA - MaskedArrays",0,1,2025-12,2025
63239,pull_request,closed,2025-12-01 00:31:40+00:00,2025-12-02 13:35:06+00:00,1,"IO HDF5,Timedelta,Non-Nano",0,1,2025-12,2025
63238,pull_request,closed,2025-11-30 23:53:24+00:00,2025-12-02 01:06:45+00:00,1,,0,0,2025-11,2025
63237,pull_request,closed,2025-11-30 23:49:41+00:00,2025-12-02 13:34:09+00:00,1,"Visualization,Timedelta,Non-Nano",0,1,2025-11,2025
63234,pull_request,closed,2025-11-30 17:35:15+00:00,2025-12-05 12:04:29+00:00,4,"Docs,Groupby",0,1,2025-11,2025
63233,pull_request,closed,2025-11-30 17:31:06+00:00,2025-12-27 01:29:53+00:00,26,,0,0,2025-11,2025
63232,pull_request,closed,2025-11-30 03:53:34+00:00,2025-12-04 17:57:42+00:00,4,"Bug,Groupby,Copy / view semantics",1,1,2025-11,2025
63231,pull_request,closed,2025-11-30 03:35:11+00:00,2025-12-01 09:01:45+00:00,1,"Deprecate,Copy / view semantics",0,1,2025-11,2025
63229,pull_request,closed,2025-11-28 22:28:55+00:00,2025-12-01 18:52:28+00:00,2,,0,0,2025-11,2025
63228,pull_request,closed,2025-11-28 19:04:32+00:00,2025-12-30 19:52:51+00:00,32,Stale,0,0,2025-11,2025
63227,pull_request,closed,2025-11-28 14:21:43+00:00,2025-12-01 18:46:27+00:00,3,Docs,0,1,2025-11,2025
63226,pull_request,closed,2025-11-28 11:50:22+00:00,2025-12-29 14:14:45+00:00,31,Stale,0,0,2025-11,2025
63224,pull_request,closed,2025-11-28 01:57:10+00:00,2025-12-02 17:46:01+00:00,4,Testing,0,1,2025-11,2025
63223,pull_request,closed,2025-11-28 01:56:23+00:00,2025-12-01 18:49:58+00:00,3,Testing,0,1,2025-11,2025
63222,pull_request,closed,2025-11-28 01:55:14+00:00,2025-12-02 17:44:28+00:00,4,Testing,0,1,2025-11,2025
63220,pull_request,closed,2025-11-27 11:18:45+00:00,2026-01-04 15:27:06+00:00,38,"IO Excel,Needs Tests,Stale",0,0,2025-11,2025
63217,pull_request,closed,2025-11-27 04:02:55+00:00,2025-11-27 10:03:08+00:00,0,Docs,0,1,2025-11,2025
63216,pull_request,closed,2025-11-26 23:38:14+00:00,2025-12-02 22:09:02+00:00,5,"Timedelta,Non-Nano",0,1,2025-11,2025
63214,pull_request,closed,2025-11-26 18:49:15+00:00,2025-12-26 18:48:26+00:00,29,,0,0,2025-11,2025
63212,pull_request,closed,2025-11-26 17:12:28+00:00,2025-12-02 15:30:33+00:00,5,"API Design,Copy / view semantics",0,1,2025-11,2025
63211,pull_request,closed,2025-11-26 16:10:14+00:00,2025-12-01 18:57:24+00:00,5,Docs,0,1,2025-11,2025
63210,pull_request,closed,2025-11-26 15:47:03+00:00,2026-02-14 05:45:35+00:00,79,,0,0,2025-11,2025
63208,pull_request,closed,2025-11-26 12:40:49+00:00,2025-11-26 19:28:10+00:00,0,Arrow,0,1,2025-11,2025
63206,pull_request,closed,2025-11-26 04:57:47+00:00,2025-12-30 19:52:34+00:00,34,Stale,0,0,2025-11,2025
63204,pull_request,closed,2025-11-26 01:01:37+00:00,2025-12-04 17:58:42+00:00,8,AI Slop,0,0,2025-11,2025
63203,pull_request,closed,2025-11-25 23:33:02+00:00,2026-04-09 21:31:26+00:00,134,"Testing,Stale",0,0,2025-11,2025
63202,pull_request,closed,2025-11-25 22:40:22+00:00,2025-12-06 13:27:49+00:00,10,,0,0,2025-11,2025
63201,pull_request,closed,2025-11-25 17:45:33+00:00,2025-11-30 17:41:35+00:00,4,"Docs,Groupby",0,0,2025-11,2025
63200,pull_request,closed,2025-11-25 14:59:16+00:00,2025-11-30 18:03:31+00:00,5,Docs,0,1,2025-11,2025
63199,pull_request,closed,2025-11-25 13:51:14+00:00,2025-11-25 18:15:34+00:00,0,Docs,0,1,2025-11,2025
63198,pull_request,closed,2025-11-25 12:17:33+00:00,2025-11-25 18:17:28+00:00,0,Testing,0,1,2025-11,2025
63197,pull_request,closed,2025-11-25 10:49:50+00:00,2025-11-25 18:19:03+00:00,0,,0,0,2025-11,2025
63196,pull_request,closed,2025-11-24 22:52:20+00:00,2025-12-01 22:42:59+00:00,6,"Timedelta,Non-Nano",0,1,2025-11,2025
63195,pull_request,closed,2025-11-24 22:39:08+00:00,2025-11-27 00:52:28+00:00,2,"API Design,inplace",0,1,2025-11,2025
63193,pull_request,closed,2025-11-24 17:06:27+00:00,2025-12-08 22:08:38+00:00,14,"Docs,IO Excel",0,0,2025-11,2025
63192,pull_request,closed,2025-11-24 16:15:48+00:00,2025-11-25 18:24:03+00:00,1,,0,0,2025-11,2025
63190,pull_request,closed,2025-11-24 15:26:21+00:00,2025-11-25 18:25:35+00:00,1,Docs,0,1,2025-11,2025
63186,pull_request,closed,2025-11-24 09:00:53+00:00,2025-11-26 15:48:41+00:00,2,,0,1,2025-11,2025
63185,pull_request,closed,2025-11-24 08:05:20+00:00,2025-11-25 18:26:19+00:00,1,"CI,Dependencies",0,1,2025-11,2025
63184,pull_request,closed,2025-11-24 02:13:54+00:00,2026-04-20 16:17:03+00:00,147,Stale,0,0,2025-11,2025
63183,pull_request,closed,2025-11-24 01:30:25+00:00,2025-11-25 04:07:46+00:00,1,,0,1,2025-11,2025
63182,pull_request,closed,2025-11-23 22:36:06+00:00,2025-11-24 01:07:35+00:00,0,Typing,0,1,2025-11,2025
63181,pull_request,closed,2025-11-23 22:17:34+00:00,2025-11-25 18:31:59+00:00,1,Window,0,1,2025-11,2025
63179,pull_request,closed,2025-11-23 15:14:40+00:00,2025-12-30 19:56:19+00:00,37,Stale,0,0,2025-11,2025
63178,pull_request,closed,2025-11-23 15:13:32+00:00,2025-12-29 23:01:20+00:00,36,"Bug,Groupby,Missing-data,Filters",1,1,2025-11,2025
63177,pull_request,closed,2025-11-23 14:00:12+00:00,2025-11-23 17:19:28+00:00,0,Docs,0,1,2025-11,2025
63176,pull_request,closed,2025-11-23 01:30:29+00:00,2025-12-05 12:17:14+00:00,12,,0,0,2025-11,2025
63174,pull_request,closed,2025-11-22 23:19:10+00:00,2025-12-19 16:03:09+00:00,26,"Bug,Index,Copy / view semantics,setops",1,1,2025-11,2025
63173,pull_request,closed,2025-11-22 06:44:46+00:00,2025-11-26 13:18:48+00:00,4,,0,0,2025-11,2025
63172,pull_request,closed,2025-11-21 23:55:59+00:00,2025-11-25 18:33:57+00:00,3,"Groupby,Performance,Reduction Operations",0,1,2025-11,2025
63171,pull_request,closed,2025-11-21 23:29:33+00:00,2025-11-26 19:17:07+00:00,4,,0,0,2025-11,2025
63166,pull_request,closed,2025-11-21 04:24:59+00:00,2025-11-25 18:35:46+00:00,4,AI Slop,0,0,2025-11,2025
63165,pull_request,closed,2025-11-20 22:07:36+00:00,2025-12-18 22:54:00+00:00,28,,0,0,2025-11,2025
63164,pull_request,closed,2025-11-20 21:53:31+00:00,2025-11-25 18:37:24+00:00,4,Clean,0,1,2025-11,2025
63163,pull_request,closed,2025-11-20 18:37:30+00:00,2025-11-23 02:31:49+00:00,2,"Dtype Conversions,Needs Tests,combine/combine_first/update",0,1,2025-11,2025
63162,pull_request,closed,2025-11-20 17:12:11+00:00,2025-11-25 18:38:45+00:00,5,Typing,0,1,2025-11,2025
63158,pull_request,closed,2025-11-20 09:17:07+00:00,2025-12-04 17:16:22+00:00,14,Algos,0,1,2025-11,2025
63157,pull_request,closed,2025-11-20 01:30:33+00:00,2025-12-30 19:57:23+00:00,40,,0,0,2025-11,2025
63152,pull_request,closed,2025-11-19 13:17:42+00:00,2025-12-02 07:20:04+00:00,12,"Docs,Index",0,0,2025-11,2025
63151,pull_request,closed,2025-11-19 11:57:28+00:00,2025-11-25 18:45:24+00:00,6,Code Style,0,1,2025-11,2025
63150,pull_request,closed,2025-11-19 09:46:02+00:00,2025-11-25 18:47:50+00:00,6,,0,0,2025-11,2025
63149,pull_request,closed,2025-11-19 02:22:58+00:00,2025-11-22 16:09:54+00:00,3,,0,0,2025-11,2025
63148,pull_request,closed,2025-11-19 02:18:35+00:00,2025-11-20 19:48:59+00:00,1,"Bug,Groupby",1,1,2025-11,2025
63147,pull_request,closed,2025-11-18 22:18:22+00:00,2026-04-20 16:13:23+00:00,152,Stale,0,0,2025-11,2025
63146,pull_request,closed,2025-11-18 21:56:04+00:00,2025-11-29 02:53:11+00:00,10,"Datetime,Timedelta,API - Consistency",0,1,2025-11,2025
63145,pull_request,closed,2025-11-18 17:20:59+00:00,2025-11-25 18:50:03+00:00,7,,0,0,2025-11,2025
63143,pull_request,closed,2025-11-18 13:08:13+00:00,2025-12-01 19:14:20+00:00,13,Window,0,1,2025-11,2025
63142,pull_request,closed,2025-11-18 10:59:43+00:00,2026-02-02 06:41:06+00:00,75,Stale,0,0,2025-11,2025
63139,pull_request,closed,2025-11-17 22:56:10+00:00,2025-11-26 18:04:28+00:00,8,"Numeric Operations,Timedelta",0,1,2025-11,2025
63137,pull_request,closed,2025-11-17 17:54:56+00:00,2026-04-09 21:21:47+00:00,143,"Reshaping,Stale",0,0,2025-11,2025
63136,pull_request,closed,2025-11-17 10:12:28+00:00,2025-11-27 10:22:38+00:00,10,"Bug,Error Reporting,IO JSON",1,1,2025-11,2025
63135,pull_request,closed,2025-11-17 08:59:01+00:00,2025-11-18 13:57:57+00:00,1,Needs Tests,0,1,2025-11,2025
63134,pull_request,closed,2025-11-17 08:08:10+00:00,2026-01-12 17:28:14+00:00,56,"Build,CI,Dependencies",0,0,2025-11,2025
63133,pull_request,closed,2025-11-17 03:07:39+00:00,2025-12-28 13:42:30+00:00,41,"Reshaping,Stale",0,0,2025-11,2025
63132,pull_request,closed,2025-11-16 23:46:28+00:00,2025-11-25 19:00:18+00:00,8,"Groupby,Reduction Operations",0,1,2025-11,2025
63131,pull_request,closed,2025-11-16 21:15:10+00:00,2025-11-25 19:23:06+00:00,8,,0,0,2025-11,2025
63130,pull_request,closed,2025-11-16 16:10:48+00:00,2026-04-18 17:07:12+00:00,153,Testing,0,0,2025-11,2025
63129,pull_request,closed,2025-11-16 15:50:35+00:00,2025-11-24 01:11:26+00:00,7,"Bug,Build",1,1,2025-11,2025
63127,pull_request,closed,2025-11-16 14:05:36+00:00,2026-04-09 21:20:57+00:00,144,"Numeric Operations,Stale",0,0,2025-11,2025
63126,pull_request,closed,2025-11-16 13:09:56+00:00,2025-11-19 21:50:34+00:00,3,"Groupby,Apply,Needs Tests",0,1,2025-11,2025
63125,pull_request,closed,2025-11-15 20:36:15+00:00,2025-11-16 15:59:48+00:00,0,"IO JSON,Needs Tests",0,1,2025-11,2025
63124,pull_request,closed,2025-11-15 18:29:34+00:00,2026-02-05 22:09:07+00:00,82,Stale,0,0,2025-11,2025
63123,pull_request,closed,2025-11-15 15:56:19+00:00,2025-11-16 13:59:50+00:00,0,"Testing,Clean",0,1,2025-11,2025
63122,pull_request,closed,2025-11-15 14:54:11+00:00,2025-11-18 03:12:56+00:00,2,"Testing,Clean",0,1,2025-11,2025
63121,pull_request,closed,2025-11-15 12:57:07+00:00,2026-03-22 19:31:10+00:00,127,"Window,Stale,Reduction Operations,Numeric stability",0,0,2025-11,2025
63118,pull_request,closed,2025-11-15 02:05:27+00:00,2025-12-19 12:36:09+00:00,34,Stale,0,0,2025-11,2025
63117,pull_request,closed,2025-11-15 00:41:27+00:00,2026-05-16 03:18:36+00:00,182,"IO Excel,Stale",0,0,2025-11,2025
63115,pull_request,closed,2025-11-14 21:26:21+00:00,2025-12-30 19:58:27+00:00,45,Stale,0,0,2025-11,2025
63110,pull_request,closed,2025-11-14 07:36:12+00:00,2025-11-16 18:23:13+00:00,2,,0,1,2025-11,2025
63109,pull_request,closed,2025-11-13 17:46:57+00:00,2025-12-03 13:34:25+00:00,19,,0,0,2025-11,2025
63108,pull_request,closed,2025-11-13 17:23:21+00:00,2025-11-18 22:27:41+00:00,5,"Bug,Strings",1,1,2025-11,2025
63107,pull_request,closed,2025-11-13 16:52:07+00:00,2025-11-14 23:32:49+00:00,1,,0,1,2025-11,2025
63106,pull_request,closed,2025-11-13 15:41:09+00:00,2025-11-25 19:05:21+00:00,12,Testing,0,1,2025-11,2025
63104,pull_request,closed,2025-11-13 11:12:37+00:00,2025-12-14 17:52:23+00:00,31,"Docs,Strings",0,1,2025-11,2025
63103,pull_request,closed,2025-11-13 07:02:55+00:00,2026-03-22 18:51:59+00:00,129,Stale,0,0,2025-11,2025
63102,pull_request,closed,2025-11-13 06:30:31+00:00,2026-01-20 18:03:25+00:00,68,,0,0,2025-11,2025
63100,pull_request,closed,2025-11-12 22:12:38+00:00,2025-11-23 20:52:18+00:00,10,"Bug,Datetime,IO JSON",1,1,2025-11,2025
63098,pull_request,closed,2025-11-12 18:09:03+00:00,2025-11-25 19:19:30+00:00,13,AI Slop,0,0,2025-11,2025
63097,pull_request,closed,2025-11-12 14:37:38+00:00,2025-11-12 16:28:46+00:00,0,,0,0,2025-11,2025
63096,pull_request,closed,2025-11-12 13:40:58+00:00,2025-11-29 13:03:59+00:00,16,"Docs,Timestamp",0,1,2025-11,2025
63093,pull_request,closed,2025-11-12 09:10:51+00:00,2025-11-16 21:56:16+00:00,4,AI Slop,0,0,2025-11,2025
63091,pull_request,closed,2025-11-12 07:01:43+00:00,2025-11-25 19:20:38+00:00,13,,0,0,2025-11,2025
63090,pull_request,closed,2025-11-12 07:00:02+00:00,2026-03-28 19:57:09+00:00,136,Docs,0,0,2025-11,2025
63088,pull_request,closed,2025-11-12 02:33:54+00:00,2025-12-01 18:51:09+00:00,19,,0,0,2025-11,2025
63087,pull_request,closed,2025-11-12 01:35:41+00:00,2025-11-16 23:52:27+00:00,4,,0,0,2025-11,2025
63086,pull_request,closed,2025-11-12 00:46:42+00:00,2026-03-24 15:42:12+00:00,132,"Docs,Stale",0,0,2025-11,2025
63085,pull_request,closed,2025-11-12 00:24:19+00:00,2025-12-24 14:03:02+00:00,42,Stale,0,0,2025-11,2025
63083,pull_request,closed,2025-11-11 22:10:39+00:00,2025-11-16 13:58:26+00:00,4,,0,1,2025-11,2025
63082,pull_request,closed,2025-11-11 21:44:29+00:00,2026-03-06 21:11:11+00:00,114,"Docs,Stale",0,1,2025-11,2025
63081,pull_request,closed,2025-11-11 21:23:28+00:00,2025-11-25 19:37:43+00:00,13,,0,0,2025-11,2025
63080,pull_request,closed,2025-11-11 21:10:38+00:00,2025-11-25 19:37:56+00:00,13,AI Slop,0,0,2025-11,2025
63079,pull_request,closed,2025-11-11 20:16:42+00:00,2025-11-25 19:22:13+00:00,13,,0,0,2025-11,2025
63077,pull_request,closed,2025-11-11 14:35:51+00:00,2025-11-30 18:05:00+00:00,19,Docs,0,1,2025-11,2025
63076,pull_request,closed,2025-11-11 12:35:56+00:00,2025-11-11 13:55:26+00:00,0,,0,0,2025-11,2025
63075,pull_request,closed,2025-11-11 11:17:49+00:00,2025-11-11 17:59:56+00:00,0,Testing,0,1,2025-11,2025
63074,pull_request,closed,2025-11-11 09:35:03+00:00,2025-11-11 18:01:49+00:00,0,Clean,0,1,2025-11,2025
63073,pull_request,closed,2025-11-11 08:32:18+00:00,2025-11-11 08:45:49+00:00,0,,0,0,2025-11,2025
63072,pull_request,closed,2025-11-11 05:15:01+00:00,2025-11-11 18:04:17+00:00,0,Code Style,0,1,2025-11,2025
63070,pull_request,closed,2025-11-11 03:55:17+00:00,2025-11-13 12:04:11+00:00,2,,0,1,2025-11,2025
63069,pull_request,closed,2025-11-11 01:07:48+00:00,2025-12-02 17:48:28+00:00,21,Testing,0,0,2025-11,2025
63067,pull_request,closed,2025-11-10 21:32:29+00:00,2025-11-11 01:10:29+00:00,0,Performance,0,1,2025-11,2025
63066,pull_request,closed,2025-11-10 18:25:33+00:00,2025-11-25 19:22:39+00:00,15,"CI,32bit",0,1,2025-11,2025
63065,pull_request,closed,2025-11-10 17:47:33+00:00,2025-11-10 18:05:56+00:00,0,,0,0,2025-11,2025
63063,pull_request,closed,2025-11-10 17:04:23+00:00,2025-11-10 18:02:03+00:00,0,"Testing,Clean",0,1,2025-11,2025
63062,pull_request,closed,2025-11-10 15:47:15+00:00,2025-11-10 17:34:00+00:00,0,,0,0,2025-11,2025
63060,pull_request,closed,2025-11-10 12:47:59+00:00,2025-11-10 15:44:05+00:00,0,,0,0,2025-11,2025
63059,pull_request,closed,2025-11-10 11:15:43+00:00,2025-11-25 11:23:08+00:00,15,,0,0,2025-11,2025
63058,pull_request,closed,2025-11-10 09:38:23+00:00,2025-11-22 05:42:11+00:00,11,,0,0,2025-11,2025
63057,pull_request,closed,2025-11-10 00:46:28+00:00,2025-11-10 11:35:11+00:00,0,,0,0,2025-11,2025
63056,pull_request,closed,2025-11-09 23:16:37+00:00,2025-11-26 07:24:25+00:00,16,Clean,0,1,2025-11,2025
63055,pull_request,closed,2025-11-09 23:04:11+00:00,2025-11-10 18:00:28+00:00,0,Clean,0,1,2025-11,2025
63054,pull_request,closed,2025-11-09 08:02:57+00:00,2025-11-11 05:16:18+00:00,1,,0,0,2025-11,2025
63052,pull_request,closed,2025-11-09 03:35:00+00:00,2025-11-18 14:18:09+00:00,9,,0,1,2025-11,2025
63051,pull_request,closed,2025-11-09 02:47:11+00:00,2025-12-04 17:55:03+00:00,25,,0,0,2025-11,2025
63050,pull_request,closed,2025-11-09 02:03:47+00:00,2025-12-30 19:59:06+00:00,51,Stale,0,0,2025-11,2025
63048,pull_request,closed,2025-11-09 01:30:29+00:00,2025-11-10 18:12:54+00:00,1,Window,0,1,2025-11,2025
63047,pull_request,closed,2025-11-08 22:05:07+00:00,2025-11-10 18:21:05+00:00,1,Frequency,0,1,2025-11,2025
63046,pull_request,closed,2025-11-08 16:11:47+00:00,2025-11-23 13:53:17+00:00,14,Bug,1,1,2025-11,2025
63044,pull_request,closed,2025-11-08 09:09:47+00:00,2025-11-08 17:43:09+00:00,0,Error Reporting,0,1,2025-11,2025
63043,pull_request,closed,2025-11-08 07:41:49+00:00,2025-11-25 10:45:26+00:00,17,AI Slop,0,0,2025-11,2025
63042,pull_request,closed,2025-11-08 06:24:15+00:00,2025-11-08 15:19:01+00:00,0,Docs,0,1,2025-11,2025
63041,pull_request,closed,2025-11-08 02:49:08+00:00,2025-12-04 18:01:16+00:00,26,"Bug,IO Excel",1,0,2025-11,2025
63039,pull_request,closed,2025-11-08 01:41:10+00:00,2025-11-08 01:46:18+00:00,0,"Build,CI,Stale",0,1,2025-11,2025
63038,pull_request,closed,2025-11-07 22:14:06+00:00,2025-11-08 00:59:50+00:00,0,Refactor,0,1,2025-11,2025
63037,pull_request,closed,2025-11-07 22:08:55+00:00,2025-12-13 13:12:05+00:00,35,"IO Excel,Stale",0,0,2025-11,2025
63036,pull_request,closed,2025-11-07 19:06:46+00:00,2025-11-07 21:03:07+00:00,0,"Strings,Clean",0,1,2025-11,2025
63035,pull_request,closed,2025-11-07 18:48:59+00:00,2025-11-08 20:40:33+00:00,1,Docs,0,1,2025-11,2025
63034,pull_request,closed,2025-11-07 18:39:31+00:00,2025-11-07 19:43:34+00:00,0,,0,0,2025-11,2025
63033,pull_request,closed,2025-11-07 18:11:28+00:00,2025-11-07 19:43:03+00:00,0,Deprecate,0,1,2025-11,2025
63032,pull_request,closed,2025-11-07 18:08:42+00:00,2026-04-08 20:53:52+00:00,152,"Deprecate,Mothballed,Stale",0,0,2025-11,2025
63031,pull_request,closed,2025-11-07 18:03:45+00:00,2025-11-27 10:23:29+00:00,19,,0,0,2025-11,2025
63029,pull_request,closed,2025-11-07 16:11:20+00:00,2025-11-08 17:41:29+00:00,1,,0,0,2025-11,2025
63028,pull_request,closed,2025-11-07 15:37:13+00:00,2025-11-27 10:24:00+00:00,19,,0,0,2025-11,2025
63026,pull_request,closed,2025-11-07 14:43:44+00:00,2025-11-08 18:49:55+00:00,1,Docs,0,1,2025-11,2025
63025,pull_request,closed,2025-11-07 14:38:46+00:00,2025-11-08 17:40:06+00:00,1,Testing,0,1,2025-11,2025
63024,pull_request,closed,2025-11-07 14:00:27+00:00,2025-11-07 14:29:29+00:00,0,,0,0,2025-11,2025
63023,pull_request,closed,2025-11-07 13:50:28+00:00,2025-11-07 13:59:15+00:00,0,,0,0,2025-11,2025
63022,pull_request,closed,2025-11-07 13:27:30+00:00,2025-11-07 14:30:26+00:00,0,,0,0,2025-11,2025
63021,pull_request,closed,2025-11-07 12:17:08+00:00,2025-11-07 17:21:25+00:00,0,Docs,0,1,2025-11,2025
63020,pull_request,closed,2025-11-07 06:09:55+00:00,2026-03-07 18:55:47+00:00,120,"Needs Tests,Stale",0,0,2025-11,2025
63018,pull_request,closed,2025-11-07 01:54:50+00:00,2025-11-29 16:40:02+00:00,22,,0,1,2025-11,2025
63017,pull_request,closed,2025-11-06 22:49:35+00:00,2025-11-06 23:32:50+00:00,0,,0,0,2025-11,2025
63016,pull_request,closed,2025-11-06 22:22:37+00:00,2025-12-17 23:20:18+00:00,41,Enhancement,0,1,2025-11,2025
63015,pull_request,closed,2025-11-06 21:36:46+00:00,2025-11-06 23:01:04+00:00,0,"Refactor,Timedelta",0,1,2025-11,2025
63012,pull_request,closed,2025-11-06 17:09:02+00:00,2025-11-07 14:25:43+00:00,0,,0,0,2025-11,2025
63011,pull_request,closed,2025-11-06 17:02:10+00:00,2025-11-06 19:08:45+00:00,0,"Docs,Visualization",0,1,2025-11,2025
63009,pull_request,closed,2025-11-06 14:02:55+00:00,2025-11-06 16:25:19+00:00,0,Testing,0,1,2025-11,2025
63008,pull_request,closed,2025-11-06 11:28:51+00:00,2025-11-06 16:32:40+00:00,0,,0,0,2025-11,2025
63006,pull_request,closed,2025-11-06 08:57:36+00:00,2025-11-06 11:38:31+00:00,0,,0,0,2025-11,2025
63005,pull_request,closed,2025-11-06 04:17:04+00:00,2025-11-06 18:53:28+00:00,0,Code Style,0,1,2025-11,2025
63004,pull_request,closed,2025-11-06 03:43:07+00:00,2025-11-06 13:54:54+00:00,0,,0,0,2025-11,2025
63003,pull_request,closed,2025-11-06 01:45:02+00:00,2025-11-06 16:36:27+00:00,0,Testing,0,1,2025-11,2025
63002,pull_request,closed,2025-11-05 22:51:18+00:00,2025-11-06 00:04:39+00:00,0,"Indexing,Nested Data",0,1,2025-11,2025
63001,pull_request,closed,2025-11-05 20:01:19+00:00,2025-11-05 21:36:32+00:00,0,Docs,0,1,2025-11,2025
63000,pull_request,closed,2025-11-05 17:35:53+00:00,2025-11-06 16:46:51+00:00,0,"Docs,AI Slop",0,1,2025-11,2025
62999,pull_request,closed,2025-11-05 17:14:58+00:00,2025-11-14 17:40:15+00:00,9,,0,1,2025-11,2025
62997,pull_request,closed,2025-11-05 11:45:45+00:00,2025-11-05 18:13:31+00:00,0,Code Style,0,1,2025-11,2025
62996,pull_request,closed,2025-11-05 11:19:25+00:00,2025-11-05 18:12:20+00:00,0,Code Style,0,1,2025-11,2025
62994,pull_request,closed,2025-11-05 08:45:57+00:00,2025-11-19 01:22:07+00:00,13,"Enhancement,IO Excel",0,1,2025-11,2025
62993,pull_request,closed,2025-11-05 06:22:20+00:00,2025-11-10 18:05:47+00:00,5,,0,0,2025-11,2025
62992,pull_request,closed,2025-11-05 04:24:38+00:00,2026-04-29 17:42:00+00:00,175,Visualization,0,0,2025-11,2025
62991,pull_request,closed,2025-11-05 03:08:54+00:00,2026-03-26 00:05:17+00:00,140,"Indexing,Deprecate",0,0,2025-11,2025
62989,pull_request,closed,2025-11-04 23:04:01+00:00,2025-11-06 17:10:44+00:00,1,"Timedelta,Deprecate",0,1,2025-11,2025
62988,pull_request,closed,2025-11-04 22:44:33+00:00,2025-12-31 17:46:51+00:00,56,"Docs,CI",0,1,2025-11,2025
62987,pull_request,closed,2025-11-04 20:57:42+00:00,2025-11-05 00:20:34+00:00,0,Clean,0,1,2025-11,2025
62986,pull_request,closed,2025-11-04 20:22:36+00:00,2025-11-04 22:08:30+00:00,0,"Numeric Operations,NA - MaskedArrays",0,1,2025-11,2025
62985,pull_request,closed,2025-11-04 18:48:48+00:00,2025-11-04 20:10:02+00:00,0,CI,0,1,2025-11,2025
62984,pull_request,closed,2025-11-04 17:18:33+00:00,2025-11-05 18:10:16+00:00,1,Code Style,0,1,2025-11,2025
62983,pull_request,closed,2025-11-04 16:54:08+00:00,2025-11-04 17:46:39+00:00,0,Code Style,0,1,2025-11,2025
62982,pull_request,closed,2025-11-04 16:27:26+00:00,2025-11-04 17:45:39+00:00,0,Code Style,0,1,2025-11,2025
62978,pull_request,closed,2025-11-04 12:19:57+00:00,2025-11-04 15:51:14+00:00,0,,0,1,2025-11,2025
62977,pull_request,closed,2025-11-04 11:21:24+00:00,2025-11-04 16:59:21+00:00,0,AI Slop,0,0,2025-11,2025
62976,pull_request,closed,2025-11-04 10:46:33+00:00,2025-11-04 16:07:20+00:00,0,AI Slop,0,0,2025-11,2025
62975,pull_request,closed,2025-11-04 00:41:08+00:00,2026-03-10 20:46:51+00:00,126,Stale,0,0,2025-11,2025
62973,pull_request,closed,2025-11-03 19:38:04+00:00,2025-12-18 19:52:52+00:00,45,"Refactor,Stale",0,0,2025-11,2025
62972,pull_request,closed,2025-11-03 19:33:30+00:00,2025-11-04 15:56:25+00:00,0,Clean,0,1,2025-11,2025
62971,pull_request,closed,2025-11-03 19:29:41+00:00,2025-11-04 15:57:44+00:00,0,Bug,1,1,2025-11,2025
62970,pull_request,closed,2025-11-03 17:48:08+00:00,2025-11-06 21:35:14+00:00,3,Testing,0,1,2025-11,2025
62969,pull_request,closed,2025-11-03 17:45:05+00:00,2025-11-05 21:19:45+00:00,2,Clean,0,1,2025-11,2025
62968,pull_request,closed,2025-11-03 17:39:54+00:00,2025-11-05 22:30:02+00:00,2,Testing,0,1,2025-11,2025
62967,pull_request,closed,2025-11-03 16:30:38+00:00,2025-11-03 17:30:09+00:00,0,Code Style,0,1,2025-11,2025
62965,pull_request,closed,2025-11-03 14:47:17+00:00,2026-03-03 16:00:17+00:00,120,,0,0,2025-11,2025
62964,pull_request,closed,2025-11-03 03:05:28+00:00,2026-04-16 19:42:24+00:00,164,Stale,0,0,2025-11,2025
62962,pull_request,closed,2025-11-02 18:11:31+00:00,2025-11-06 17:13:08+00:00,3,"Docs,Reshaping",0,1,2025-11,2025
62960,pull_request,closed,2025-11-02 17:43:56+00:00,2025-11-18 03:10:36+00:00,15,"Bug,Dtype Conversions,Complex",1,1,2025-11,2025
62959,pull_request,closed,2025-11-02 12:03:50+00:00,2025-11-03 17:01:35+00:00,1,AI Slop,0,0,2025-11,2025
62958,pull_request,closed,2025-11-02 11:08:17+00:00,2025-12-04 18:02:37+00:00,32,Stale,0,0,2025-11,2025
62957,pull_request,closed,2025-11-02 02:50:45+00:00,2025-11-03 01:45:11+00:00,0,,0,0,2025-11,2025
62956,pull_request,closed,2025-11-02 02:01:10+00:00,2026-03-07 18:50:53+00:00,125,,0,0,2025-11,2025
62955,pull_request,closed,2025-11-01 22:56:25+00:00,2025-11-03 16:35:42+00:00,1,"Resample,Non-Nano",0,1,2025-11,2025
62954,pull_request,closed,2025-11-01 17:36:23+00:00,2025-11-04 20:03:52+00:00,3,"Bug,Reshaping,Sorting",1,1,2025-11,2025
62953,pull_request,closed,2025-11-01 15:15:53+00:00,2025-11-01 23:12:32+00:00,0,Testing,0,1,2025-11,2025
62951,pull_request,closed,2025-11-01 14:58:25+00:00,2025-11-01 16:10:06+00:00,0,Docs,0,1,2025-11,2025
62950,pull_request,closed,2025-11-01 13:57:46+00:00,2025-11-02 05:32:03+00:00,0,,0,0,2025-11,2025
62948,pull_request,closed,2025-11-01 10:08:33+00:00,2025-11-04 19:35:07+00:00,3,,0,1,2025-11,2025
62947,pull_request,closed,2025-11-01 05:06:18+00:00,2025-11-10 18:05:01+00:00,9,,0,0,2025-11,2025
62945,pull_request,closed,2025-10-31 21:23:42+00:00,2025-11-04 17:13:35+00:00,3,Deprecate,0,1,2025-10,2025
62944,pull_request,closed,2025-10-31 21:08:28+00:00,2026-02-19 22:07:24+00:00,111,Stale,0,0,2025-10,2025
62943,pull_request,closed,2025-10-31 21:06:09+00:00,2025-10-31 22:16:23+00:00,0,"Datetime,Indexing",0,1,2025-10,2025
62942,pull_request,closed,2025-10-31 18:39:04+00:00,2025-10-31 20:27:36+00:00,0,"Frequency,Arrow",0,1,2025-10,2025
62941,pull_request,closed,2025-10-31 18:00:28+00:00,2025-10-31 20:26:49+00:00,0,combine/combine_first/update,0,1,2025-10,2025
62939,pull_request,closed,2025-10-31 17:08:02+00:00,2025-11-04 21:52:26+00:00,4,Docs,0,1,2025-10,2025
62935,pull_request,closed,2025-10-31 07:37:20+00:00,2025-10-31 16:49:13+00:00,0,Docs,0,1,2025-10,2025
62934,pull_request,closed,2025-10-31 04:22:19+00:00,2025-11-07 17:23:31+00:00,7,Testing,0,1,2025-10,2025
62933,pull_request,closed,2025-10-31 01:41:08+00:00,2025-10-31 16:53:17+00:00,0,Docs,0,1,2025-10,2025
62932,pull_request,closed,2025-10-31 01:11:33+00:00,2025-10-31 16:54:14+00:00,0,combine/combine_first/update,0,1,2025-10,2025
62931,pull_request,closed,2025-10-31 01:01:59+00:00,2025-10-31 16:55:49+00:00,0,"Deprecate,combine/combine_first/update",0,1,2025-10,2025
62929,pull_request,closed,2025-10-31 00:08:40+00:00,2025-11-02 03:00:17+00:00,2,"Docs,Styler",0,0,2025-10,2025
62928,pull_request,closed,2025-10-30 23:54:26+00:00,2025-11-27 11:06:01+00:00,27,,0,0,2025-10,2025
62927,pull_request,closed,2025-10-30 22:12:14+00:00,2025-10-31 16:56:29+00:00,0,Docs,0,0,2025-10,2025
62925,pull_request,closed,2025-10-30 21:23:16+00:00,2026-03-07 20:24:31+00:00,127,"Stale,Reduction Operations",0,0,2025-10,2025
62924,pull_request,closed,2025-10-30 21:20:46+00:00,2025-11-06 17:01:57+00:00,6,"Docs,IO Parquet",0,1,2025-10,2025
62921,pull_request,closed,2025-10-30 19:06:40+00:00,2025-11-03 22:12:12+00:00,4,Docs,0,1,2025-10,2025
62920,pull_request,closed,2025-10-30 18:58:36+00:00,2025-11-03 17:05:43+00:00,3,Deprecate,0,1,2025-10,2025
62917,pull_request,closed,2025-10-30 15:02:05+00:00,2025-11-30 18:07:41+00:00,31,Stale,0,0,2025-10,2025
62916,pull_request,closed,2025-10-30 11:26:43+00:00,2025-10-30 16:00:35+00:00,0,Testing,0,1,2025-10,2025
62914,pull_request,closed,2025-10-30 02:19:11+00:00,2025-12-01 19:09:51+00:00,32,Stale,0,0,2025-10,2025
62912,pull_request,closed,2025-10-29 22:46:08+00:00,2026-04-01 01:36:02+00:00,153,,0,0,2025-10,2025
62910,pull_request,closed,2025-10-29 21:07:54+00:00,2025-10-29 23:05:34+00:00,0,Frequency,0,1,2025-10,2025
62909,pull_request,closed,2025-10-29 19:18:24+00:00,2025-11-07 17:25:00+00:00,8,Build,0,0,2025-10,2025
62908,pull_request,closed,2025-10-29 18:28:54+00:00,2025-10-29 23:03:29+00:00,0,"Arrow,ufuncs",0,1,2025-10,2025
62907,pull_request,closed,2025-10-29 18:16:28+00:00,2025-10-29 19:24:37+00:00,0,Testing,0,1,2025-10,2025
62906,pull_request,closed,2025-10-29 17:55:33+00:00,2025-10-29 18:39:13+00:00,0,Series,0,1,2025-10,2025
62905,pull_request,closed,2025-10-29 09:30:25+00:00,2025-10-29 18:36:02+00:00,0,Code Style,0,1,2025-10,2025
62904,pull_request,closed,2025-10-29 02:29:12+00:00,2025-10-29 17:12:06+00:00,0,Docs,0,1,2025-10,2025
62902,pull_request,closed,2025-10-28 23:45:16+00:00,2025-10-29 00:42:18+00:00,0,"Performance,Reshaping",0,1,2025-10,2025
62901,pull_request,closed,2025-10-28 20:25:44+00:00,2025-10-29 18:37:24+00:00,0,Docs,0,1,2025-10,2025
62900,pull_request,closed,2025-10-28 18:05:59+00:00,2025-10-28 19:07:52+00:00,0,,0,0,2025-10,2025
62896,pull_request,closed,2025-10-28 13:19:46+00:00,2025-10-28 17:10:39+00:00,0,Testing,0,1,2025-10,2025
62895,pull_request,closed,2025-10-28 11:06:50+00:00,2025-10-30 15:49:32+00:00,2,Testing,0,1,2025-10,2025
62894,pull_request,closed,2025-10-28 10:10:07+00:00,2025-10-28 10:11:33+00:00,0,,0,0,2025-10,2025
62893,pull_request,closed,2025-10-28 06:08:31+00:00,2025-12-13 13:11:05+00:00,46,"Bug,IO Data,Stale",1,0,2025-10,2025
62891,pull_request,closed,2025-10-28 02:24:15+00:00,2025-10-28 17:17:35+00:00,0,Docs,0,1,2025-10,2025
62890,pull_request,closed,2025-10-28 02:10:29+00:00,2025-11-04 12:51:44+00:00,7,"Docs,NA - MaskedArrays",0,1,2025-10,2025
62889,pull_request,closed,2025-10-27 23:41:18+00:00,2025-10-28 17:19:43+00:00,0,"Reshaping,Dtype Conversions",0,1,2025-10,2025
62887,pull_request,closed,2025-10-27 23:18:33+00:00,2025-10-27 23:19:15+00:00,0,,0,0,2025-10,2025
62886,pull_request,closed,2025-10-27 21:25:19+00:00,2025-10-28 23:30:54+00:00,1,"Visualization,Performance",0,1,2025-10,2025
62885,pull_request,closed,2025-10-27 21:21:57+00:00,2025-10-28 23:32:20+00:00,1,Testing,0,1,2025-10,2025
62884,pull_request,closed,2025-10-27 20:50:49+00:00,2025-11-25 04:08:09+00:00,28,,0,1,2025-10,2025
62882,pull_request,closed,2025-10-27 20:12:16+00:00,2025-11-11 22:59:48+00:00,15,Docs,0,0,2025-10,2025
62879,pull_request,closed,2025-10-27 11:08:03+00:00,2025-10-28 01:53:49+00:00,0,,0,0,2025-10,2025
62877,pull_request,closed,2025-10-27 08:39:30+00:00,2025-10-27 17:09:51+00:00,0,"CI,Dependencies",0,1,2025-10,2025
62876,pull_request,closed,2025-10-27 08:17:43+00:00,2025-10-27 17:09:33+00:00,0,"CI,Dependencies",0,1,2025-10,2025
62875,pull_request,closed,2025-10-27 03:49:34+00:00,2025-10-27 17:28:37+00:00,0,Docs,0,1,2025-10,2025
62874,pull_request,closed,2025-10-27 00:27:06+00:00,2025-10-27 17:31:50+00:00,0,Docs,0,1,2025-10,2025
62873,pull_request,closed,2025-10-26 22:44:53+00:00,2025-11-03 15:42:17+00:00,7,Frequency,0,1,2025-10,2025
62872,pull_request,closed,2025-10-26 22:30:58+00:00,2025-10-27 17:36:40+00:00,0,"Strings,Arrow",0,1,2025-10,2025
62871,pull_request,closed,2025-10-26 21:48:35+00:00,2026-03-14 16:55:52+00:00,138,"Dtype Conversions,Deprecate",0,1,2025-10,2025
62869,pull_request,closed,2025-10-26 19:09:07+00:00,2025-10-27 17:38:36+00:00,0,Testing,0,1,2025-10,2025
62868,pull_request,closed,2025-10-26 18:42:21+00:00,2025-10-29 16:50:56+00:00,2,Testing,0,1,2025-10,2025
62867,pull_request,closed,2025-10-26 18:40:11+00:00,2025-10-30 19:50:41+00:00,4,,0,0,2025-10,2025
62866,pull_request,closed,2025-10-26 18:37:08+00:00,2025-10-27 17:44:21+00:00,0,Clean,0,1,2025-10,2025
62865,pull_request,closed,2025-10-26 18:26:04+00:00,2025-10-30 19:49:25+00:00,4,,0,0,2025-10,2025
62863,pull_request,closed,2025-10-26 17:14:45+00:00,2025-11-06 00:06:17+00:00,10,"Window,Reduction Operations",0,1,2025-10,2025
62862,pull_request,closed,2025-10-26 16:20:19+00:00,2025-10-30 19:48:48+00:00,4,,0,0,2025-10,2025
62861,pull_request,closed,2025-10-26 16:14:26+00:00,2025-11-02 14:28:44+00:00,6,,0,0,2025-10,2025
62860,pull_request,closed,2025-10-26 06:37:34+00:00,2025-12-01 19:25:11+00:00,36,,0,0,2025-10,2025
62859,pull_request,closed,2025-10-26 06:25:25+00:00,2025-11-07 17:53:30+00:00,12,Docs,0,1,2025-10,2025
62858,pull_request,closed,2025-10-26 05:38:34+00:00,2025-12-04 18:53:53+00:00,39,,0,0,2025-10,2025
62857,pull_request,closed,2025-10-26 05:20:17+00:00,2025-10-27 20:25:04+00:00,1,Testing,0,1,2025-10,2025
62856,pull_request,closed,2025-10-26 04:45:12+00:00,2025-10-27 20:27:28+00:00,1,Testing,0,1,2025-10,2025
62855,pull_request,closed,2025-10-26 04:24:33+00:00,2025-11-04 13:00:30+00:00,9,"Bug,IO CSV",1,1,2025-10,2025
62854,pull_request,closed,2025-10-26 04:04:18+00:00,2025-10-27 20:31:56+00:00,1,Testing,0,1,2025-10,2025
62853,pull_request,closed,2025-10-26 03:34:56+00:00,2025-11-02 12:44:52+00:00,7,"Docs,Groupby",0,1,2025-10,2025
62852,pull_request,closed,2025-10-26 02:22:43+00:00,2025-10-29 17:01:07+00:00,3,Code Style,0,1,2025-10,2025
62851,pull_request,closed,2025-10-25 23:41:55+00:00,2025-11-25 19:38:52+00:00,30,Stale,0,0,2025-10,2025
62850,pull_request,closed,2025-10-25 21:57:18+00:00,2025-10-27 20:49:15+00:00,1,"Frequency,Conditionals",0,1,2025-10,2025
62848,pull_request,closed,2025-10-25 21:51:48+00:00,2025-11-04 18:03:18+00:00,9,"Error Reporting,IO JSON",0,1,2025-10,2025
62847,pull_request,closed,2025-10-25 21:28:05+00:00,2025-10-27 22:47:49+00:00,2,"Missing-data,Deprecate",0,1,2025-10,2025
62845,pull_request,closed,2025-10-25 21:11:46+00:00,2025-10-27 20:40:42+00:00,1,Docs,0,1,2025-10,2025
62844,pull_request,closed,2025-10-25 21:11:31+00:00,2025-10-27 20:42:36+00:00,1,"Datetime,Warnings",0,1,2025-10,2025
62843,pull_request,closed,2025-10-25 20:45:04+00:00,2025-11-05 18:31:51+00:00,10,"Bug,Reshaping,Deprecate",1,1,2025-10,2025
62842,pull_request,closed,2025-10-25 20:43:06+00:00,2025-10-27 20:27:37+00:00,1,"Bug,Groupby,Error Reporting",1,1,2025-10,2025
62841,pull_request,closed,2025-10-25 18:24:47+00:00,2025-10-27 20:50:42+00:00,2,Warnings,0,1,2025-10,2025
62839,pull_request,closed,2025-10-25 13:13:09+00:00,2025-10-25 17:37:44+00:00,0,"Performance,Index",0,1,2025-10,2025
62837,pull_request,closed,2025-10-25 12:04:12+00:00,2025-10-25 17:40:51+00:00,0,"Reshaping,Error Reporting",0,1,2025-10,2025
62836,pull_request,closed,2025-10-25 09:33:04+00:00,2025-10-25 17:44:19+00:00,0,,0,0,2025-10,2025
62835,pull_request,closed,2025-10-25 09:18:53+00:00,2025-10-25 09:31:24+00:00,0,,0,0,2025-10,2025
62834,pull_request,closed,2025-10-25 09:10:27+00:00,2025-10-25 17:46:11+00:00,0,Docs,0,1,2025-10,2025
62832,pull_request,closed,2025-10-25 07:03:57+00:00,2025-10-27 20:51:57+00:00,2,Bug,1,1,2025-10,2025
62831,pull_request,closed,2025-10-25 06:18:33+00:00,2025-10-25 13:23:06+00:00,0,,0,0,2025-10,2025
62830,pull_request,closed,2025-10-25 03:40:39+00:00,2025-12-01 19:11:01+00:00,37,Stale,0,0,2025-10,2025
62828,pull_request,closed,2025-10-25 01:34:18+00:00,2025-10-25 17:53:55+00:00,0,"Docs,IO HTML",0,1,2025-10,2025
62827,pull_request,closed,2025-10-25 00:50:46+00:00,2025-10-26 06:46:42+00:00,1,,0,0,2025-10,2025
62825,pull_request,closed,2025-10-24 20:51:38+00:00,2025-10-24 23:32:11+00:00,0,Interval,0,1,2025-10,2025
62824,pull_request,closed,2025-10-24 20:43:43+00:00,2025-10-24 21:09:06+00:00,0,Docs,0,1,2025-10,2025
62823,pull_request,closed,2025-10-24 18:09:36+00:00,2026-03-19 22:57:06+00:00,146,Internals,0,0,2025-10,2025
62822,pull_request,closed,2025-10-24 17:54:32+00:00,2025-10-27 20:52:15+00:00,3,CI,0,0,2025-10,2025
62821,pull_request,closed,2025-10-24 17:34:37+00:00,2025-10-24 23:52:45+00:00,0,Docs,0,1,2025-10,2025
62819,pull_request,closed,2025-10-24 13:20:09+00:00,2025-12-01 19:09:27+00:00,38,Stale,0,0,2025-10,2025
62818,pull_request,closed,2025-10-24 13:07:11+00:00,2025-10-24 17:28:45+00:00,0,,0,0,2025-10,2025
62817,pull_request,closed,2025-10-24 07:20:21+00:00,2025-10-24 17:29:54+00:00,0,,0,0,2025-10,2025
62815,pull_request,closed,2025-10-24 04:21:15+00:00,2025-10-24 17:32:48+00:00,0,,0,0,2025-10,2025
62814,pull_request,closed,2025-10-24 02:09:26+00:00,2025-10-24 21:03:46+00:00,0,"Bug,combine/combine_first/update",1,1,2025-10,2025
62813,pull_request,closed,2025-10-24 00:55:13+00:00,2025-10-27 20:56:19+00:00,3,"Enhancement,Dtype Conversions",0,1,2025-10,2025
62812,pull_request,closed,2025-10-24 00:55:10+00:00,2025-11-01 20:37:38+00:00,8,"Reshaping,Needs Tests",0,1,2025-10,2025
62811,pull_request,closed,2025-10-23 20:49:58+00:00,2025-11-10 18:15:38+00:00,17,Docs,0,1,2025-10,2025
62809,pull_request,closed,2025-10-23 16:34:10+00:00,2025-10-23 17:46:50+00:00,0,Docs,0,1,2025-10,2025
62808,pull_request,closed,2025-10-23 12:36:18+00:00,2025-10-23 15:52:10+00:00,0,,0,0,2025-10,2025
62806,pull_request,closed,2025-10-23 07:56:50+00:00,2025-10-23 15:56:03+00:00,0,,0,0,2025-10,2025
62805,pull_request,closed,2025-10-23 07:55:51+00:00,2025-10-23 16:01:53+00:00,0,Testing,0,1,2025-10,2025
62804,pull_request,closed,2025-10-23 07:27:56+00:00,2025-10-23 07:32:08+00:00,0,,0,0,2025-10,2025
62803,pull_request,closed,2025-10-23 03:20:20+00:00,2025-12-11 02:14:35+00:00,48,Stale,0,0,2025-10,2025
62801,pull_request,closed,2025-10-22 22:09:20+00:00,2025-11-19 01:25:38+00:00,27,"Datetime,Non-Nano,Timestamp",0,1,2025-10,2025
62799,pull_request,closed,2025-10-22 20:02:26+00:00,2025-11-17 15:48:44+00:00,25,,0,0,2025-10,2025
62798,pull_request,closed,2025-10-22 19:14:16+00:00,2025-10-23 17:46:04+00:00,0,Docs,0,1,2025-10,2025
62797,pull_request,closed,2025-10-22 18:28:33+00:00,2025-11-30 18:08:12+00:00,38,"Error Reporting,Stale",0,0,2025-10,2025
62795,pull_request,closed,2025-10-22 16:41:04+00:00,2025-10-22 16:48:57+00:00,0,,0,0,2025-10,2025
62794,pull_request,closed,2025-10-22 16:31:15+00:00,2025-12-01 19:18:21+00:00,40,Testing,0,1,2025-10,2025
62793,pull_request,closed,2025-10-22 14:49:12+00:00,2025-10-22 15:52:55+00:00,0,Code Style,0,1,2025-10,2025
62791,pull_request,closed,2025-10-22 14:13:12+00:00,2025-11-25 18:46:31+00:00,34,Stale,0,0,2025-10,2025
62790,pull_request,closed,2025-10-22 13:28:41+00:00,2025-10-22 15:58:00+00:00,0,,0,0,2025-10,2025
62789,pull_request,closed,2025-10-22 12:59:58+00:00,2025-10-22 15:59:55+00:00,0,,0,0,2025-10,2025
62788,pull_request,closed,2025-10-22 11:20:47+00:00,2025-10-22 15:58:23+00:00,0,,0,0,2025-10,2025
62786,pull_request,closed,2025-10-22 09:56:58+00:00,2025-10-22 11:38:26+00:00,0,,0,0,2025-10,2025
62785,pull_request,closed,2025-10-22 09:52:08+00:00,2025-10-22 15:58:40+00:00,0,,0,0,2025-10,2025
62784,pull_request,closed,2025-10-22 07:57:33+00:00,2025-10-23 16:02:59+00:00,1,Docs,0,1,2025-10,2025
62783,pull_request,closed,2025-10-22 07:31:35+00:00,2025-10-22 07:34:22+00:00,0,,0,0,2025-10,2025
62782,pull_request,closed,2025-10-22 06:57:28+00:00,2025-10-22 07:11:52+00:00,0,,0,0,2025-10,2025
62781,pull_request,closed,2025-10-22 03:50:58+00:00,2025-10-23 17:08:06+00:00,1,,0,0,2025-10,2025
62780,pull_request,closed,2025-10-22 03:49:04+00:00,2025-10-22 16:18:18+00:00,0,Docs,0,1,2025-10,2025
62779,pull_request,closed,2025-10-22 01:46:45+00:00,2025-10-22 02:51:39+00:00,0,,0,0,2025-10,2025
62776,pull_request,closed,2025-10-21 18:28:42+00:00,2025-11-26 07:06:29+00:00,35,Stale,0,0,2025-10,2025
62774,pull_request,closed,2025-10-21 17:07:20+00:00,2025-10-22 16:20:04+00:00,0,"Build,CI",0,1,2025-10,2025
62773,pull_request,closed,2025-10-21 16:06:59+00:00,2025-11-25 19:39:41+00:00,35,Stale,0,0,2025-10,2025
62772,pull_request,closed,2025-10-21 02:52:53+00:00,2025-12-04 18:52:58+00:00,44,Docs,0,1,2025-10,2025
62770,pull_request,closed,2025-10-21 00:47:18+00:00,2026-04-09 21:19:53+00:00,170,"Docs,Stale",0,0,2025-10,2025
62767,pull_request,closed,2025-10-20 20:55:07+00:00,2025-10-20 22:24:31+00:00,0,Window,0,1,2025-10,2025
62765,pull_request,closed,2025-10-20 18:41:16+00:00,2025-10-20 20:54:09+00:00,0,,0,1,2025-10,2025
62764,pull_request,closed,2025-10-20 08:17:55+00:00,2025-10-20 16:33:22+00:00,0,"CI,Dependencies",0,1,2025-10,2025
62763,pull_request,closed,2025-10-19 23:37:46+00:00,2025-11-04 17:11:47+00:00,15,"Frequency,Resample",0,1,2025-10,2025
62762,pull_request,closed,2025-10-19 21:45:25+00:00,2025-11-16 18:33:11+00:00,27,,0,0,2025-10,2025
62761,pull_request,closed,2025-10-19 21:39:26+00:00,2025-10-19 21:43:38+00:00,0,,0,0,2025-10,2025
62760,pull_request,closed,2025-10-19 20:37:51+00:00,2025-12-01 19:06:11+00:00,42,Stale,0,0,2025-10,2025
62759,pull_request,closed,2025-10-19 20:23:01+00:00,2025-10-19 21:17:41+00:00,0,Docs,0,1,2025-10,2025
62758,pull_request,closed,2025-10-19 20:04:22+00:00,2025-10-22 07:38:07+00:00,2,Docs,0,1,2025-10,2025
62757,pull_request,closed,2025-10-19 19:24:27+00:00,2025-10-24 17:13:24+00:00,4,"Dtype Conversions,Strings,Categorical",0,1,2025-10,2025
62756,pull_request,closed,2025-10-19 19:12:46+00:00,2025-10-20 17:31:18+00:00,0,"Missing-data,Strings",0,1,2025-10,2025
62755,pull_request,closed,2025-10-19 17:09:59+00:00,2025-10-30 22:38:55+00:00,11,,0,0,2025-10,2025
62754,pull_request,closed,2025-10-19 16:25:22+00:00,2025-12-01 19:15:50+00:00,43,Stale,0,0,2025-10,2025
62753,pull_request,closed,2025-10-19 13:40:53+00:00,2025-10-27 20:51:12+00:00,8,"Docs,Reshaping",0,1,2025-10,2025
62752,pull_request,closed,2025-10-19 12:38:34+00:00,2025-10-25 19:20:02+00:00,6,"Datetime,Reshaping",0,0,2025-10,2025
62751,pull_request,closed,2025-10-19 11:10:05+00:00,2025-10-22 17:55:57+00:00,3,Error Reporting,0,1,2025-10,2025
62750,pull_request,closed,2025-10-19 08:25:41+00:00,2025-10-25 20:58:29+00:00,6,,0,0,2025-10,2025
62749,pull_request,closed,2025-10-19 06:51:22+00:00,2025-10-19 07:48:08+00:00,0,,0,0,2025-10,2025
62748,pull_request,closed,2025-10-19 06:36:30+00:00,2025-10-28 07:23:50+00:00,9,,0,0,2025-10,2025
62747,pull_request,closed,2025-10-19 05:32:38+00:00,2025-10-19 05:37:02+00:00,0,,0,0,2025-10,2025
62746,pull_request,closed,2025-10-19 05:30:58+00:00,2025-10-20 17:46:06+00:00,1,,0,0,2025-10,2025
62745,pull_request,closed,2025-10-19 05:17:12+00:00,2025-10-20 17:45:19+00:00,1,,0,0,2025-10,2025
62744,pull_request,closed,2025-10-19 04:35:48+00:00,2025-10-19 04:49:38+00:00,0,,0,0,2025-10,2025
62743,pull_request,closed,2025-10-19 04:31:09+00:00,2025-10-19 04:49:15+00:00,0,,0,0,2025-10,2025
62741,pull_request,closed,2025-10-18 22:39:56+00:00,2025-10-21 19:51:42+00:00,2,IO CSV,0,1,2025-10,2025
62738,pull_request,closed,2025-10-18 16:05:38+00:00,2025-10-18 18:04:44+00:00,0,MultiIndex,0,1,2025-10,2025
62737,pull_request,closed,2025-10-18 15:55:57+00:00,2025-10-18 18:05:29+00:00,0,Typing,0,1,2025-10,2025
62735,pull_request,closed,2025-10-18 13:08:32+00:00,2025-10-18 18:06:15+00:00,0,Docs,0,1,2025-10,2025
62734,pull_request,closed,2025-10-18 11:21:32+00:00,2025-10-18 18:08:23+00:00,0,,0,0,2025-10,2025
62732,pull_request,closed,2025-10-18 07:04:18+00:00,2025-10-18 18:07:56+00:00,0,,0,0,2025-10,2025
62731,pull_request,closed,2025-10-18 05:34:04+00:00,2025-10-18 18:09:22+00:00,0,,0,0,2025-10,2025
62730,pull_request,closed,2025-10-18 05:20:03+00:00,2025-10-18 20:48:58+00:00,0,,0,0,2025-10,2025
62729,pull_request,closed,2025-10-18 02:17:31+00:00,2025-11-04 12:49:20+00:00,17,"Enhancement,Groupby,Apply",0,1,2025-10,2025
62728,pull_request,closed,2025-10-18 00:45:12+00:00,2025-10-18 18:10:01+00:00,0,Docs,0,1,2025-10,2025
62727,pull_request,closed,2025-10-18 00:08:23+00:00,2025-10-19 19:06:00+00:00,1,Docs,0,1,2025-10,2025
62726,pull_request,closed,2025-10-17 20:46:18+00:00,2025-10-17 22:52:43+00:00,0,Bug,1,1,2025-10,2025
62722,pull_request,closed,2025-10-17 04:11:30+00:00,2025-10-17 04:45:41+00:00,0,,0,0,2025-10,2025
62721,pull_request,closed,2025-10-16 22:57:36+00:00,2025-10-17 16:33:43+00:00,0,Testing,0,1,2025-10,2025
62720,pull_request,closed,2025-10-16 21:15:09+00:00,2025-10-17 16:14:27+00:00,0,,0,1,2025-10,2025
62718,pull_request,closed,2025-10-16 20:26:48+00:00,2025-10-19 20:10:39+00:00,2,Deprecate,0,1,2025-10,2025
62715,pull_request,closed,2025-10-16 17:36:01+00:00,2025-10-16 20:53:08+00:00,0,Clean,0,1,2025-10,2025
62714,pull_request,closed,2025-10-16 16:52:41+00:00,2025-10-16 17:50:20+00:00,0,,0,1,2025-10,2025
62713,pull_request,closed,2025-10-16 14:56:32+00:00,2025-10-24 16:59:13+00:00,8,Docs,0,1,2025-10,2025
62709,pull_request,closed,2025-10-16 03:30:40+00:00,2025-10-17 03:09:23+00:00,0,,0,0,2025-10,2025
62707,pull_request,closed,2025-10-15 22:59:17+00:00,2025-10-16 21:04:07+00:00,0,Typing,0,1,2025-10,2025
62706,pull_request,closed,2025-10-15 22:53:15+00:00,2025-10-16 00:25:43+00:00,0,"Numeric Operations,Strings",0,1,2025-10,2025
62703,pull_request,closed,2025-10-15 13:01:20+00:00,2025-11-30 18:17:26+00:00,46,"Bug,Sparse",1,1,2025-10,2025
62702,pull_request,closed,2025-10-15 12:12:20+00:00,2025-10-15 17:24:58+00:00,0,,0,0,2025-10,2025
62700,pull_request,closed,2025-10-15 10:48:41+00:00,2025-10-15 17:28:31+00:00,0,Testing,0,1,2025-10,2025
62699,pull_request,closed,2025-10-15 09:15:44+00:00,2025-10-16 15:00:05+00:00,1,,0,1,2025-10,2025
62698,pull_request,closed,2025-10-15 09:07:57+00:00,2026-03-24 15:22:34+00:00,160,Needs Tests,0,0,2025-10,2025
62697,pull_request,closed,2025-10-14 21:44:41+00:00,2025-12-30 23:50:30+00:00,77,Stale,0,0,2025-10,2025
62696,pull_request,closed,2025-10-14 17:03:04+00:00,2026-04-29 17:39:34+00:00,197,,0,0,2025-10,2025
62695,pull_request,closed,2025-10-14 15:53:22+00:00,2025-10-14 17:06:08+00:00,0,Testing,0,1,2025-10,2025
62692,pull_request,closed,2025-10-14 13:39:31+00:00,2025-10-16 14:53:33+00:00,2,,0,0,2025-10,2025
62691,pull_request,closed,2025-10-14 12:01:20+00:00,2025-10-30 23:10:20+00:00,16,,0,0,2025-10,2025
62689,pull_request,closed,2025-10-14 06:01:48+00:00,2025-10-14 15:54:44+00:00,0,Docs,0,1,2025-10,2025
62688,pull_request,closed,2025-10-14 02:07:37+00:00,2025-10-14 15:56:08+00:00,0,Testing,0,1,2025-10,2025
62686,pull_request,closed,2025-10-13 23:15:59+00:00,2025-10-14 01:58:03+00:00,0,Error Reporting,0,1,2025-10,2025
62685,pull_request,closed,2025-10-13 23:02:59+00:00,2026-03-05 18:03:15+00:00,142,"Deprecate,Stale",0,0,2025-10,2025
62684,pull_request,closed,2025-10-13 22:04:42+00:00,2026-02-19 22:06:55+00:00,129,Stale,0,0,2025-10,2025
62683,pull_request,closed,2025-10-13 21:35:37+00:00,2025-10-13 22:03:05+00:00,0,"Groupby,Typing",0,0,2025-10,2025
62681,pull_request,closed,2025-10-13 19:16:22+00:00,2025-10-13 23:12:42+00:00,0,Testing,0,1,2025-10,2025
62680,pull_request,closed,2025-10-13 18:24:26+00:00,2025-10-14 20:22:43+00:00,1,Interval,0,1,2025-10,2025
62678,pull_request,closed,2025-10-13 15:45:32+00:00,2026-03-07 20:36:50+00:00,145,Stale,0,0,2025-10,2025
62677,pull_request,closed,2025-10-13 08:19:43+00:00,2025-10-13 16:37:57+00:00,0,"CI,Dependencies",0,1,2025-10,2025
62676,pull_request,closed,2025-10-13 08:19:05+00:00,2025-10-13 17:06:04+00:00,0,"Build,CI,Dependencies",0,1,2025-10,2025
62675,pull_request,closed,2025-10-13 07:25:58+00:00,2025-10-13 16:40:46+00:00,0,Typing,0,1,2025-10,2025
62674,pull_request,closed,2025-10-13 03:02:15+00:00,2025-10-27 21:14:23+00:00,14,Testing,0,1,2025-10,2025
62673,pull_request,closed,2025-10-13 01:53:38+00:00,2025-10-16 15:51:19+00:00,3,Code Style,0,1,2025-10,2025
62672,pull_request,closed,2025-10-13 00:52:08+00:00,2025-11-05 19:16:06+00:00,23,,0,0,2025-10,2025
62671,pull_request,closed,2025-10-12 18:52:50+00:00,2025-11-19 01:20:31+00:00,37,"Bug,Groupby,Visualization,Stale",1,0,2025-10,2025
62670,pull_request,closed,2025-10-12 18:08:03+00:00,2025-10-26 16:21:10+00:00,13,"Enhancement,IO Excel",0,0,2025-10,2025
62668,pull_request,closed,2025-10-12 17:19:52+00:00,2025-10-16 21:16:07+00:00,4,Docs,0,1,2025-10,2025
62667,pull_request,closed,2025-10-12 17:11:19+00:00,2025-10-13 16:45:42+00:00,0,Docs,0,1,2025-10,2025
62666,pull_request,closed,2025-10-12 16:30:35+00:00,2025-12-01 19:05:21+00:00,50,"Docs,Stale",0,0,2025-10,2025
62665,pull_request,closed,2025-10-12 13:09:27+00:00,2025-10-12 14:36:03+00:00,0,,0,0,2025-10,2025
62664,pull_request,closed,2025-10-12 09:17:55+00:00,2025-10-13 20:09:34+00:00,1,Docs,0,1,2025-10,2025
62663,pull_request,closed,2025-10-12 08:15:36+00:00,2026-03-07 20:54:34+00:00,146,Stale,0,0,2025-10,2025
62662,pull_request,closed,2025-10-12 00:22:26+00:00,2025-10-13 20:08:15+00:00,1,Docs,0,1,2025-10,2025
62661,pull_request,closed,2025-10-11 19:30:42+00:00,2025-11-03 22:52:09+00:00,23,,0,0,2025-10,2025
62658,pull_request,closed,2025-10-11 15:32:37+00:00,2025-10-16 16:37:37+00:00,5,Internals,0,1,2025-10,2025
62657,pull_request,closed,2025-10-11 12:19:22+00:00,2025-10-18 18:16:01+00:00,7,Arrow,0,1,2025-10,2025
62656,pull_request,closed,2025-10-11 11:50:55+00:00,2025-10-27 20:59:08+00:00,16,"Bug,Arrow",1,0,2025-10,2025
62655,pull_request,closed,2025-10-11 11:36:36+00:00,2025-10-11 12:12:14+00:00,0,,0,0,2025-10,2025
62654,pull_request,closed,2025-10-11 11:12:18+00:00,2025-10-11 11:27:06+00:00,0,,0,0,2025-10,2025
62652,pull_request,closed,2025-10-11 07:09:56+00:00,2025-10-13 20:11:44+00:00,2,Code Style,0,1,2025-10,2025
62650,pull_request,closed,2025-10-11 01:15:41+00:00,2026-01-28 21:13:48+00:00,109,Docs,0,1,2025-10,2025
62649,pull_request,closed,2025-10-10 22:42:06+00:00,2025-12-01 19:22:21+00:00,51,Stale,0,0,2025-10,2025
62648,pull_request,closed,2025-10-10 22:01:15+00:00,2025-10-16 21:18:11+00:00,5,Error Reporting,0,1,2025-10,2025
62647,pull_request,closed,2025-10-10 21:32:17+00:00,2025-10-19 00:39:17+00:00,8,"Numeric Operations,NA - MaskedArrays,Arrow",0,1,2025-10,2025
62645,pull_request,closed,2025-10-10 19:16:24+00:00,2025-10-17 06:44:59+00:00,6,,0,1,2025-10,2025
62643,pull_request,closed,2025-10-10 09:58:24+00:00,2025-12-01 19:24:26+00:00,52,Stale,0,0,2025-10,2025
62642,pull_request,closed,2025-10-10 07:46:20+00:00,2025-10-10 22:41:52+00:00,0,,0,0,2025-10,2025
62641,pull_request,closed,2025-10-09 15:51:22+00:00,2025-11-27 10:24:58+00:00,48,"Docs,Series,Stale",0,0,2025-10,2025
62640,pull_request,closed,2025-10-09 15:26:04+00:00,2025-10-14 18:49:23+00:00,5,Deprecate,0,1,2025-10,2025
62639,pull_request,closed,2025-10-09 15:03:54+00:00,2025-10-16 21:13:59+00:00,7,Arrow,0,1,2025-10,2025
62638,pull_request,closed,2025-10-09 12:59:27+00:00,2025-12-04 18:54:42+00:00,56,"Testing,Stale",0,0,2025-10,2025
62636,pull_request,closed,2025-10-09 07:46:09+00:00,2025-10-09 11:24:34+00:00,0,CI,0,1,2025-10,2025
62634,pull_request,closed,2025-10-09 02:09:02+00:00,2025-10-09 15:40:23+00:00,0,Testing,0,1,2025-10,2025
62633,pull_request,closed,2025-10-09 01:18:24+00:00,2025-12-04 18:55:02+00:00,56,Stale,0,0,2025-10,2025
62632,pull_request,closed,2025-10-08 23:54:52+00:00,2025-12-06 11:17:29+00:00,58,Stale,0,0,2025-10,2025
62631,pull_request,closed,2025-10-08 23:24:20+00:00,2025-10-10 18:42:59+00:00,1,,0,0,2025-10,2025
62630,pull_request,closed,2025-10-08 23:13:19+00:00,2025-10-08 23:13:48+00:00,0,,0,0,2025-10,2025
62628,pull_request,closed,2025-10-08 19:01:47+00:00,2025-10-15 20:55:44+00:00,7,Testing,0,1,2025-10,2025
62627,pull_request,closed,2025-10-08 18:28:58+00:00,2025-10-08 18:52:48+00:00,0,,0,0,2025-10,2025
62626,pull_request,closed,2025-10-08 17:47:10+00:00,2025-11-08 01:40:42+00:00,30,"Build,CI,Stale",0,1,2025-10,2025
62625,pull_request,closed,2025-10-08 17:32:44+00:00,2025-11-03 16:24:32+00:00,25,,0,0,2025-10,2025
62624,pull_request,closed,2025-10-08 15:35:51+00:00,2025-12-04 18:55:23+00:00,57,Stale,0,0,2025-10,2025
62623,pull_request,closed,2025-10-08 14:22:02+00:00,2025-10-21 19:53:27+00:00,13,,0,1,2025-10,2025
62621,pull_request,closed,2025-10-07 23:01:34+00:00,2025-10-09 15:39:20+00:00,1,Docs,0,1,2025-10,2025
62620,pull_request,closed,2025-10-07 21:13:54+00:00,2026-03-09 15:47:03+00:00,152,"Enhancement,Reshaping,isin",0,0,2025-10,2025
62619,pull_request,closed,2025-10-07 18:25:01+00:00,2025-10-07 19:40:33+00:00,0,"CI,Clean",0,1,2025-10,2025
62618,pull_request,closed,2025-10-07 18:09:27+00:00,2025-10-08 16:49:59+00:00,0,,0,0,2025-10,2025
62616,pull_request,closed,2025-10-07 18:05:13+00:00,2025-10-07 19:42:24+00:00,0,Testing,0,1,2025-10,2025
62615,pull_request,closed,2025-10-07 17:14:01+00:00,2025-10-07 17:56:33+00:00,0,Testing,0,1,2025-10,2025
62614,pull_request,closed,2025-10-07 15:37:12+00:00,2025-10-07 16:39:32+00:00,0,Testing,0,1,2025-10,2025
62613,pull_request,closed,2025-10-07 15:24:54+00:00,2025-10-07 16:33:43+00:00,0,Testing,0,1,2025-10,2025
62612,pull_request,closed,2025-10-07 15:05:26+00:00,2025-10-07 16:14:29+00:00,0,Testing,0,1,2025-10,2025
62608,pull_request,closed,2025-10-07 06:00:42+00:00,2025-12-01 19:23:40+00:00,55,Stale,0,0,2025-10,2025
62607,pull_request,closed,2025-10-07 04:39:15+00:00,2025-12-01 19:20:58+00:00,55,Stale,0,0,2025-10,2025
62606,pull_request,closed,2025-10-07 00:16:28+00:00,2025-12-30 23:39:30+00:00,84,,0,0,2025-10,2025
62605,pull_request,closed,2025-10-06 23:48:35+00:00,2025-10-07 16:15:52+00:00,0,Code Style,0,1,2025-10,2025
62604,pull_request,closed,2025-10-06 18:05:52+00:00,2025-10-07 16:40:28+00:00,0,Datetime,0,1,2025-10,2025
62603,pull_request,closed,2025-10-06 16:31:45+00:00,2025-10-06 18:25:58+00:00,0,Code Style,0,1,2025-10,2025
62600,pull_request,closed,2025-10-06 10:51:20+00:00,2025-10-06 16:25:23+00:00,0,Docs,0,1,2025-10,2025
62599,pull_request,closed,2025-10-06 07:23:43+00:00,2025-10-06 16:58:43+00:00,0,Testing,0,1,2025-10,2025
62598,pull_request,closed,2025-10-06 03:56:40+00:00,2025-10-07 03:17:45+00:00,0,,0,0,2025-10,2025
62597,pull_request,closed,2025-10-06 03:44:18+00:00,2025-10-06 17:00:17+00:00,0,Output-Formatting,0,1,2025-10,2025
62596,pull_request,closed,2025-10-06 01:40:07+00:00,2025-10-07 16:12:44+00:00,1,Code Style,0,1,2025-10,2025
62594,pull_request,closed,2025-10-05 21:30:54+00:00,2025-10-05 22:42:13+00:00,0,Code Style,0,1,2025-10,2025
62593,pull_request,closed,2025-10-05 18:49:19+00:00,2025-10-05 23:02:38+00:00,0,Docs,0,1,2025-10,2025
62592,pull_request,closed,2025-10-05 17:31:44+00:00,2025-10-06 16:22:58+00:00,0,Testing,0,1,2025-10,2025
62591,pull_request,closed,2025-10-05 17:18:55+00:00,2025-10-05 19:18:40+00:00,0,Code Style,0,1,2025-10,2025
62589,pull_request,closed,2025-10-05 10:33:40+00:00,2025-10-05 19:24:11+00:00,0,Code Style,0,1,2025-10,2025
62588,pull_request,closed,2025-10-05 09:51:45+00:00,2025-10-05 19:25:33+00:00,0,Code Style,0,1,2025-10,2025
62587,pull_request,closed,2025-10-05 07:21:55+00:00,2025-10-05 19:26:24+00:00,0,Code Style,0,1,2025-10,2025
62586,pull_request,closed,2025-10-05 04:06:38+00:00,2025-10-05 07:28:40+00:00,0,,0,0,2025-10,2025
62585,pull_request,closed,2025-10-05 02:58:19+00:00,2025-10-07 18:04:19+00:00,2,Admin,0,1,2025-10,2025
62584,pull_request,closed,2025-10-05 02:44:38+00:00,2025-10-06 16:30:35+00:00,1,Docs,0,1,2025-10,2025
62583,pull_request,closed,2025-10-05 00:35:59+00:00,2025-10-05 19:30:30+00:00,0,Warnings,0,1,2025-10,2025
62582,pull_request,closed,2025-10-04 22:05:48+00:00,2025-10-05 19:35:42+00:00,0,IO CSV,0,1,2025-10,2025
62581,pull_request,closed,2025-10-04 19:12:38+00:00,2025-11-04 17:28:14+00:00,30,"Docs,Strings",0,1,2025-10,2025
62579,pull_request,closed,2025-10-04 16:48:10+00:00,2025-10-04 16:53:49+00:00,0,,0,0,2025-10,2025
62577,pull_request,closed,2025-10-04 12:11:32+00:00,2025-10-04 16:21:11+00:00,0,Code Style,0,1,2025-10,2025
62575,pull_request,closed,2025-10-04 10:30:29+00:00,2025-10-04 16:29:10+00:00,0,Code Style,0,1,2025-10,2025
62573,pull_request,closed,2025-10-04 07:47:05+00:00,2025-10-05 19:41:29+00:00,1,Docs,0,1,2025-10,2025
62572,pull_request,closed,2025-10-04 06:48:48+00:00,2025-10-05 19:56:02+00:00,1,Arrow,0,1,2025-10,2025
62571,pull_request,closed,2025-10-04 02:52:20+00:00,2025-12-04 18:57:15+00:00,61,Stale,0,0,2025-10,2025
62570,pull_request,closed,2025-10-03 23:08:07+00:00,2025-10-04 16:27:16+00:00,0,Performance,0,1,2025-10,2025
62569,pull_request,closed,2025-10-03 22:37:49+00:00,2025-10-03 23:08:19+00:00,0,,0,0,2025-10,2025
62567,pull_request,closed,2025-10-03 21:08:21+00:00,2025-12-02 16:03:25+00:00,59,,0,1,2025-10,2025
62566,pull_request,closed,2025-10-03 20:46:45+00:00,2025-10-03 20:48:28+00:00,0,,0,0,2025-10,2025
62565,pull_request,closed,2025-10-03 19:47:58+00:00,2025-11-06 16:33:38+00:00,33,Stale,0,0,2025-10,2025
62564,pull_request,closed,2025-10-03 19:05:26+00:00,2025-12-04 18:55:45+00:00,61,,0,0,2025-10,2025
62563,pull_request,closed,2025-10-03 18:38:34+00:00,2025-11-26 05:24:53+00:00,53,Stale,0,0,2025-10,2025
62560,pull_request,closed,2025-10-03 15:10:19+00:00,2026-02-24 16:42:03+00:00,144,,0,1,2025-10,2025
62559,pull_request,closed,2025-10-03 14:28:18+00:00,2025-10-03 14:33:34+00:00,0,,0,0,2025-10,2025
62557,pull_request,closed,2025-10-03 13:59:53+00:00,2025-10-03 17:11:53+00:00,0,Dependencies,0,1,2025-10,2025
62556,pull_request,closed,2025-10-03 12:27:36+00:00,2025-10-05 20:08:24+00:00,2,Testing,0,1,2025-10,2025
62555,pull_request,closed,2025-10-03 10:31:05+00:00,2026-03-28 19:58:47+00:00,176,"Stale,Reduction Operations",0,0,2025-10,2025
62554,pull_request,closed,2025-10-03 03:17:26+00:00,2025-12-04 18:56:30+00:00,62,Code Style,0,0,2025-10,2025
62553,pull_request,closed,2025-10-02 22:50:38+00:00,2025-10-03 00:43:48+00:00,0,Testing,0,1,2025-10,2025
62552,pull_request,closed,2025-10-02 20:03:26+00:00,2025-11-26 19:23:49+00:00,54,Numeric Operations,0,1,2025-10,2025
62551,pull_request,closed,2025-10-02 18:47:09+00:00,2025-12-04 18:56:09+00:00,63,Stale,0,0,2025-10,2025
62550,pull_request,closed,2025-10-02 18:13:25+00:00,2025-10-02 18:46:03+00:00,0,,0,0,2025-10,2025
62549,pull_request,closed,2025-10-02 17:47:48+00:00,2025-10-02 19:56:08+00:00,0,,0,0,2025-10,2025
62548,pull_request,closed,2025-10-02 17:33:46+00:00,2025-10-02 17:50:38+00:00,0,,0,0,2025-10,2025
62547,pull_request,closed,2025-10-02 13:53:01+00:00,2025-10-02 14:49:25+00:00,0,,0,0,2025-10,2025
62546,pull_request,closed,2025-10-02 13:52:28+00:00,2025-10-02 15:56:26+00:00,0,Testing,0,1,2025-10,2025
62544,pull_request,closed,2025-10-02 07:37:49+00:00,2025-10-02 17:31:32+00:00,0,,0,0,2025-10,2025
62543,pull_request,closed,2025-10-02 07:23:25+00:00,2025-10-02 07:33:19+00:00,0,,0,0,2025-10,2025
62542,pull_request,closed,2025-10-02 02:32:28+00:00,2025-10-06 22:13:38+00:00,4,IO CSV,0,1,2025-10,2025
62541,pull_request,closed,2025-10-01 23:46:46+00:00,2025-11-13 21:14:17+00:00,42,,0,1,2025-10,2025
62540,pull_request,closed,2025-10-01 22:55:59+00:00,2025-10-02 16:15:10+00:00,0,Code Style,0,1,2025-10,2025
62539,pull_request,closed,2025-10-01 18:02:03+00:00,2025-10-05 20:12:22+00:00,4,"Error Reporting,Frequency",0,1,2025-10,2025
62538,pull_request,closed,2025-10-01 17:47:11+00:00,2025-10-01 17:54:56+00:00,0,,0,0,2025-10,2025
62537,pull_request,closed,2025-10-01 17:43:57+00:00,2025-10-09 08:28:57+00:00,7,,0,0,2025-10,2025
62536,pull_request,closed,2025-10-01 17:32:47+00:00,2026-04-09 21:23:06+00:00,190,"Performance,numba,Reduction Operations",0,0,2025-10,2025
62535,pull_request,closed,2025-10-01 17:22:18+00:00,2025-10-01 17:38:19+00:00,0,,0,0,2025-10,2025
62533,pull_request,closed,2025-10-01 15:52:56+00:00,2025-10-13 17:07:35+00:00,12,Code Style,0,1,2025-10,2025
62532,pull_request,closed,2025-10-01 14:57:53+00:00,2025-10-30 16:57:02+00:00,29,Frequency,0,1,2025-10,2025
62530,pull_request,closed,2025-10-01 08:45:50+00:00,2025-10-02 16:31:49+00:00,1,Code Style,0,1,2025-10,2025
62529,pull_request,closed,2025-10-01 06:42:05+00:00,2025-10-01 16:00:33+00:00,0,Testing,0,1,2025-10,2025
62528,pull_request,closed,2025-10-01 02:42:14+00:00,2025-10-02 09:11:38+00:00,1,,0,0,2025-10,2025
62527,pull_request,closed,2025-10-01 02:02:17+00:00,2025-10-02 16:34:51+00:00,1,"MultiIndex,Categorical",0,1,2025-10,2025
62526,pull_request,closed,2025-10-01 01:23:44+00:00,2025-10-01 01:40:23+00:00,0,,0,0,2025-10,2025
62525,pull_request,closed,2025-10-01 00:21:13+00:00,2025-10-01 00:23:21+00:00,0,,0,0,2025-10,2025
62523,pull_request,closed,2025-09-30 19:54:53+00:00,2026-02-20 16:50:23+00:00,142,"Indexing,Dtype Conversions",0,1,2025-09,2025
62521,pull_request,closed,2025-09-30 19:28:01+00:00,2026-03-07 22:27:41+00:00,158,"Docs,Missing-data,Stale",0,1,2025-09,2025
62514,pull_request,closed,2025-09-30 03:44:21+00:00,2025-10-04 16:20:19+00:00,4,Window,0,1,2025-09,2025
62512,pull_request,closed,2025-09-29 23:35:18+00:00,2025-09-30 18:41:52+00:00,0,Docs,0,1,2025-09,2025
62511,pull_request,closed,2025-09-29 23:28:29+00:00,2025-10-05 20:10:06+00:00,5,Testing,0,1,2025-09,2025
62510,pull_request,closed,2025-09-29 20:56:18+00:00,2025-09-30 18:47:07+00:00,0,Code Style,0,1,2025-09,2025
62509,pull_request,closed,2025-09-29 20:29:56+00:00,2025-09-29 21:05:45+00:00,0,Docs,0,1,2025-09,2025
62508,pull_request,closed,2025-09-29 20:22:49+00:00,2025-09-29 21:06:03+00:00,0,,0,1,2025-09,2025
62507,pull_request,closed,2025-09-29 18:52:32+00:00,2025-09-29 21:08:52+00:00,0,Testing,0,1,2025-09,2025
62505,pull_request,closed,2025-09-29 18:42:18+00:00,2025-09-29 20:20:44+00:00,0,,0,1,2025-09,2025
62504,pull_request,closed,2025-09-29 18:28:56+00:00,2025-09-29 19:33:26+00:00,0,,0,1,2025-09,2025
62503,pull_request,closed,2025-09-29 17:50:43+00:00,2025-10-03 15:00:07+00:00,3,Testing,0,1,2025-09,2025
62502,pull_request,closed,2025-09-29 17:44:04+00:00,2025-11-16 18:39:47+00:00,48,"Bug,Algos,ExtensionArray",1,1,2025-09,2025
62500,pull_request,closed,2025-09-29 09:28:39+00:00,2025-09-29 17:33:07+00:00,0,"Build,CI,Dependencies",0,1,2025-09,2025
62499,pull_request,closed,2025-09-29 08:31:33+00:00,2025-09-29 19:09:35+00:00,0,Docs,0,1,2025-09,2025
62498,pull_request,closed,2025-09-29 08:11:32+00:00,2025-09-29 16:22:14+00:00,0,"Bug,Strings",1,1,2025-09,2025
62496,pull_request,closed,2025-09-29 07:21:35+00:00,2025-09-29 16:12:21+00:00,0,,0,0,2025-09,2025
62495,pull_request,closed,2025-09-29 05:46:15+00:00,2025-10-05 20:16:30+00:00,6,,0,0,2025-09,2025
62494,pull_request,closed,2025-09-29 04:07:03+00:00,2025-09-29 16:24:24+00:00,0,Docs,0,1,2025-09,2025
62493,pull_request,closed,2025-09-29 02:10:18+00:00,2025-10-01 16:09:10+00:00,2,Timezones,0,1,2025-09,2025
62491,pull_request,closed,2025-09-28 22:41:48+00:00,2026-03-09 15:44:15+00:00,161,"Visualization,Stale",0,0,2025-09,2025
62489,pull_request,closed,2025-09-28 19:18:45+00:00,2025-09-29 16:27:42+00:00,0,,0,0,2025-09,2025
62487,pull_request,closed,2025-09-28 15:41:23+00:00,2025-09-29 20:59:40+00:00,1,"Missing-data,replace",0,1,2025-09,2025
62486,pull_request,closed,2025-09-28 10:20:12+00:00,2025-09-29 06:38:58+00:00,0,"CI,Typing",0,0,2025-09,2025
62485,pull_request,closed,2025-09-28 10:01:51+00:00,2025-09-28 16:39:34+00:00,0,,0,1,2025-09,2025
62484,pull_request,closed,2025-09-27 21:58:30+00:00,2025-12-30 23:44:12+00:00,94,Stale,0,0,2025-09,2025
62483,pull_request,closed,2025-09-27 20:47:52+00:00,2025-12-30 23:43:46+00:00,94,Code Style,0,0,2025-09,2025
62482,pull_request,closed,2025-09-27 19:58:03+00:00,2025-09-28 16:29:31+00:00,0,Typing,0,1,2025-09,2025
62481,pull_request,closed,2025-09-27 18:50:00+00:00,2025-10-20 16:37:10+00:00,22,Testing,0,1,2025-09,2025
62480,pull_request,closed,2025-09-27 16:20:10+00:00,2025-09-27 17:29:46+00:00,0,"Period,Resample",0,1,2025-09,2025
62479,pull_request,closed,2025-09-27 15:26:51+00:00,2025-11-09 00:17:56+00:00,42,"Missing-data,Stale",0,0,2025-09,2025
62478,pull_request,closed,2025-09-27 12:45:44+00:00,2025-09-29 16:47:03+00:00,2,Visualization,0,1,2025-09,2025
62476,pull_request,closed,2025-09-27 09:36:08+00:00,2025-09-27 17:25:01+00:00,0,,0,1,2025-09,2025
62475,pull_request,closed,2025-09-27 07:36:48+00:00,2025-09-29 20:58:21+00:00,2,Testing,0,1,2025-09,2025
62474,pull_request,closed,2025-09-27 07:11:43+00:00,2025-10-07 22:51:26+00:00,10,Code Style,0,1,2025-09,2025
62471,pull_request,closed,2025-09-26 22:51:47+00:00,2025-10-27 17:52:56+00:00,30,ExtensionArray,0,1,2025-09,2025
62470,pull_request,closed,2025-09-26 20:56:41+00:00,2025-09-29 21:08:08+00:00,3,"Testing,Clean",0,1,2025-09,2025
62469,pull_request,closed,2025-09-26 20:46:53+00:00,2025-10-04 16:18:39+00:00,7,Code Style,0,1,2025-09,2025
62466,pull_request,closed,2025-09-26 17:38:38+00:00,2025-12-15 17:32:32+00:00,79,Docs,0,1,2025-09,2025
62465,pull_request,closed,2025-09-26 15:38:59+00:00,2025-10-05 20:38:44+00:00,9,"Indexing,Arrow",0,1,2025-09,2025
62463,pull_request,closed,2025-09-26 12:08:11+00:00,2025-09-26 15:48:03+00:00,0,,0,0,2025-09,2025
62461,pull_request,closed,2025-09-26 09:24:58+00:00,2025-10-01 17:10:29+00:00,5,Testing,0,1,2025-09,2025
62460,pull_request,closed,2025-09-26 09:08:54+00:00,2025-09-26 09:26:05+00:00,0,,0,0,2025-09,2025
62459,pull_request,closed,2025-09-26 08:05:07+00:00,2025-10-05 21:24:34+00:00,9,Internals,0,1,2025-09,2025
62458,pull_request,closed,2025-09-26 04:51:22+00:00,2025-09-26 04:51:50+00:00,0,,0,0,2025-09,2025
62457,pull_request,closed,2025-09-26 04:27:44+00:00,2025-09-26 04:41:00+00:00,0,,0,0,2025-09,2025
62456,pull_request,closed,2025-09-26 01:16:14+00:00,2025-10-03 15:00:44+00:00,7,,0,0,2025-09,2025
62455,pull_request,closed,2025-09-26 00:48:46+00:00,2025-10-20 16:11:33+00:00,24,Mothballed,0,0,2025-09,2025
62454,pull_request,closed,2025-09-25 18:43:38+00:00,2025-09-25 20:40:48+00:00,0,Testing,0,1,2025-09,2025
62453,pull_request,closed,2025-09-25 18:12:35+00:00,2025-09-25 21:49:47+00:00,0,Code Style,0,1,2025-09,2025
62452,pull_request,closed,2025-09-25 17:51:28+00:00,2025-09-25 18:43:12+00:00,0,Testing,0,1,2025-09,2025
62450,pull_request,closed,2025-09-25 16:19:40+00:00,2025-09-25 17:06:05+00:00,0,,0,0,2025-09,2025
62447,pull_request,closed,2025-09-25 14:54:09+00:00,2025-09-25 17:22:08+00:00,0,Docs,0,1,2025-09,2025
62446,pull_request,closed,2025-09-25 12:33:11+00:00,2025-09-25 17:28:54+00:00,0,Code Style,0,1,2025-09,2025
62445,pull_request,closed,2025-09-25 10:40:59+00:00,2025-09-25 17:25:37+00:00,0,,0,0,2025-09,2025
62444,pull_request,closed,2025-09-25 10:13:15+00:00,2025-10-05 20:39:50+00:00,10,,0,0,2025-09,2025
62441,pull_request,closed,2025-09-25 01:07:35+00:00,2025-10-05 15:24:54+00:00,10,,0,0,2025-09,2025
62439,pull_request,closed,2025-09-24 23:00:00+00:00,2025-09-25 23:21:29+00:00,1,"Resample,Clean",0,1,2025-09,2025
62438,pull_request,closed,2025-09-24 21:47:19+00:00,2025-09-24 23:16:58+00:00,0,Typing,0,1,2025-09,2025
62436,pull_request,closed,2025-09-24 18:35:10+00:00,2025-09-24 23:18:26+00:00,0,Constructors,0,1,2025-09,2025
62433,pull_request,closed,2025-09-24 16:52:26+00:00,2025-11-16 18:37:31+00:00,53,"Visualization,Deprecate,Stale",0,0,2025-09,2025
62432,pull_request,closed,2025-09-24 16:51:16+00:00,2025-12-30 23:49:00+00:00,97,Stale,0,0,2025-09,2025
62431,pull_request,closed,2025-09-24 16:17:41+00:00,2025-09-24 17:12:55+00:00,0,"Visualization,Clean",0,1,2025-09,2025
62430,pull_request,closed,2025-09-24 11:54:33+00:00,2025-09-24 17:17:42+00:00,0,Docs,0,1,2025-09,2025
62428,pull_request,closed,2025-09-24 02:08:27+00:00,2025-09-24 16:27:07+00:00,0,"Indexing,Deprecate",0,1,2025-09,2025
62427,pull_request,closed,2025-09-24 00:13:59+00:00,2025-10-21 12:29:40+00:00,27,,0,0,2025-09,2025
62426,pull_request,closed,2025-09-23 22:14:21+00:00,2025-09-24 00:50:01+00:00,0,Arrow,0,1,2025-09,2025
62425,pull_request,closed,2025-09-23 17:11:43+00:00,2026-01-20 17:32:00+00:00,119,,0,0,2025-09,2025
62424,pull_request,closed,2025-09-23 16:03:01+00:00,2025-09-29 11:36:06+00:00,5,"Bug,Strings",1,1,2025-09,2025
62422,pull_request,closed,2025-09-23 12:35:16+00:00,2025-09-23 19:19:41+00:00,0,,0,1,2025-09,2025
62420,pull_request,closed,2025-09-23 04:42:57+00:00,2025-09-24 15:52:57+00:00,1,,0,1,2025-09,2025
62419,pull_request,closed,2025-09-22 22:24:21+00:00,2025-09-23 00:42:16+00:00,0,,0,0,2025-09,2025
62418,pull_request,closed,2025-09-22 22:23:31+00:00,2025-09-23 00:45:54+00:00,0,,0,0,2025-09,2025
62417,pull_request,closed,2025-09-22 20:48:08+00:00,2025-09-22 22:35:01+00:00,0,Testing,0,1,2025-09,2025
62416,pull_request,closed,2025-09-22 19:47:17+00:00,2025-09-24 17:14:14+00:00,1,Docs,0,1,2025-09,2025
62415,pull_request,closed,2025-09-22 19:20:20+00:00,2025-09-22 19:47:43+00:00,0,Docs,0,1,2025-09,2025
62413,pull_request,closed,2025-09-22 16:47:34+00:00,2025-09-22 17:28:00+00:00,0,"Docs,Strings",0,1,2025-09,2025
62412,pull_request,closed,2025-09-22 16:41:46+00:00,2025-09-22 17:58:31+00:00,0,"Bug,Strings,Arrow",1,1,2025-09,2025
62411,pull_request,closed,2025-09-22 08:16:07+00:00,2025-09-22 16:36:34+00:00,0,"CI,Dependencies",0,1,2025-09,2025
62410,pull_request,closed,2025-09-22 07:20:57+00:00,2025-09-22 16:41:16+00:00,0,"Bug,Strings,Arrow",1,1,2025-09,2025
62409,pull_request,closed,2025-09-22 06:47:38+00:00,2025-09-22 16:41:51+00:00,0,"Indexing,Copy / view semantics",0,1,2025-09,2025
62408,pull_request,closed,2025-09-21 23:13:36+00:00,2025-09-22 17:29:27+00:00,0,"Groupby,metadata",0,1,2025-09,2025
62407,pull_request,closed,2025-09-21 21:09:54+00:00,2025-09-22 16:46:38+00:00,0,Testing,0,1,2025-09,2025
62406,pull_request,closed,2025-09-21 20:22:30+00:00,2025-09-21 22:27:41+00:00,0,"Testing,Dependencies",0,1,2025-09,2025
62405,pull_request,closed,2025-09-21 16:24:05+00:00,2025-09-22 17:27:13+00:00,1,Reduction Operations,0,1,2025-09,2025
62404,pull_request,closed,2025-09-21 15:47:20+00:00,2025-09-24 17:00:01+00:00,3,"Indexing,MultiIndex",0,1,2025-09,2025
62403,pull_request,closed,2025-09-21 14:39:54+00:00,2025-09-22 16:47:27+00:00,1,"Docs,Strings",0,1,2025-09,2025
62402,pull_request,closed,2025-09-21 14:10:47+00:00,2025-09-22 20:18:44+00:00,1,Strings,0,1,2025-09,2025
62401,pull_request,closed,2025-09-21 14:02:30+00:00,2025-09-21 18:06:43+00:00,0,"Strings,Arrow",0,1,2025-09,2025
62400,pull_request,closed,2025-09-21 13:38:46+00:00,2025-09-22 16:49:09+00:00,1,Strings,0,1,2025-09,2025
62399,pull_request,closed,2025-09-21 13:15:46+00:00,2025-10-19 19:27:21+00:00,28,"Error Reporting,Strings,Clean",0,1,2025-09,2025
62398,pull_request,closed,2025-09-21 12:45:52+00:00,2025-09-29 20:47:19+00:00,8,Docs,0,0,2025-09,2025
62397,pull_request,closed,2025-09-21 11:58:36+00:00,2025-09-21 13:08:05+00:00,0,,0,0,2025-09,2025
62396,pull_request,closed,2025-09-21 07:46:02+00:00,2025-09-22 19:20:13+00:00,1,Docs,0,1,2025-09,2025
62395,pull_request,closed,2025-09-21 07:32:31+00:00,2025-09-22 16:51:25+00:00,1,,0,1,2025-09,2025
62394,pull_request,closed,2025-09-21 07:23:35+00:00,2025-09-21 11:36:50+00:00,0,Build,0,1,2025-09,2025
62393,pull_request,closed,2025-09-21 04:52:39+00:00,2025-10-04 16:14:07+00:00,13,Missing-data,0,1,2025-09,2025
62392,pull_request,closed,2025-09-21 00:13:08+00:00,2025-10-05 20:43:06+00:00,14,,0,0,2025-09,2025
62391,pull_request,closed,2025-09-20 19:41:19+00:00,2025-09-21 07:08:47+00:00,0,"IO Excel,Typing",0,1,2025-09,2025
62390,pull_request,closed,2025-09-20 19:28:59+00:00,2025-09-20 20:47:34+00:00,0,,0,0,2025-09,2025
62389,pull_request,closed,2025-09-20 17:09:29+00:00,2026-02-12 16:59:35+00:00,144,"Docs,Stale",0,0,2025-09,2025
62388,pull_request,closed,2025-09-20 17:02:35+00:00,2025-09-22 17:15:32+00:00,2,,0,1,2025-09,2025
62387,pull_request,closed,2025-09-20 16:49:56+00:00,2025-09-20 16:52:29+00:00,0,,0,0,2025-09,2025
62386,pull_request,closed,2025-09-20 16:04:09+00:00,2025-10-07 18:28:11+00:00,17,,0,0,2025-09,2025
62385,pull_request,closed,2025-09-20 15:03:44+00:00,2025-12-04 18:58:13+00:00,75,Stale,0,0,2025-09,2025
62384,pull_request,closed,2025-09-20 14:39:48+00:00,2025-12-30 23:48:29+00:00,101,Docs,0,1,2025-09,2025
62383,pull_request,closed,2025-09-19 21:43:36+00:00,2026-03-25 19:25:56+00:00,186,Numeric Operations,0,0,2025-09,2025
62381,pull_request,closed,2025-09-19 13:05:13+00:00,2025-09-20 10:42:05+00:00,0,,0,0,2025-09,2025
62380,pull_request,closed,2025-09-19 02:47:14+00:00,2025-09-19 16:31:43+00:00,0,Output-Formatting,0,1,2025-09,2025
62379,pull_request,closed,2025-09-18 21:09:26+00:00,2025-09-19 16:33:32+00:00,0,,0,0,2025-09,2025
62378,pull_request,closed,2025-09-18 20:49:31+00:00,2025-09-18 21:00:09+00:00,0,,0,0,2025-09,2025
62376,pull_request,closed,2025-09-18 20:44:02+00:00,2025-10-29 20:51:07+00:00,41,,0,1,2025-09,2025
62375,pull_request,closed,2025-09-18 20:33:45+00:00,2025-09-21 09:14:24+00:00,2,,0,1,2025-09,2025
62374,pull_request,closed,2025-09-18 19:43:07+00:00,2025-09-19 18:34:53+00:00,0,Testing,0,1,2025-09,2025
62373,pull_request,closed,2025-09-18 14:02:17+00:00,2025-09-18 17:33:23+00:00,0,Web,0,1,2025-09,2025
62372,pull_request,closed,2025-09-18 10:01:28+00:00,2025-10-05 20:48:43+00:00,17,,0,0,2025-09,2025
62371,pull_request,closed,2025-09-18 07:16:18+00:00,2025-09-19 16:30:46+00:00,1,,0,0,2025-09,2025
62368,pull_request,closed,2025-09-17 18:17:46+00:00,2025-09-17 20:34:44+00:00,0,Enhancement,0,1,2025-09,2025
62367,pull_request,closed,2025-09-17 16:17:53+00:00,2025-09-22 23:37:03+00:00,5,Warnings,0,1,2025-09,2025
62366,pull_request,closed,2025-09-17 16:15:40+00:00,2025-09-17 17:51:57+00:00,0,Refactor,0,1,2025-09,2025
62364,pull_request,closed,2025-09-17 12:52:11+00:00,2025-09-17 15:58:06+00:00,0,,0,0,2025-09,2025
62363,pull_request,closed,2025-09-17 11:46:11+00:00,2025-09-17 15:57:43+00:00,0,Docs,0,0,2025-09,2025
62362,pull_request,closed,2025-09-17 11:30:18+00:00,2025-10-20 14:48:02+00:00,33,Stale,0,0,2025-09,2025
62360,pull_request,closed,2025-09-17 10:20:05+00:00,2025-09-19 16:37:19+00:00,2,Docs,0,0,2025-09,2025
62359,pull_request,closed,2025-09-17 09:01:34+00:00,2025-09-18 09:39:28+00:00,1,,0,0,2025-09,2025
62356,pull_request,closed,2025-09-17 04:03:01+00:00,2025-10-06 16:23:59+00:00,19,"Bug,Datetime,Reshaping,Arrow",1,0,2025-09,2025
62355,pull_request,closed,2025-09-17 02:15:56+00:00,2025-09-17 15:59:36+00:00,0,,0,0,2025-09,2025
62352,pull_request,closed,2025-09-16 19:07:27+00:00,2025-09-22 14:17:51+00:00,5,,0,1,2025-09,2025
62351,pull_request,closed,2025-09-16 19:05:13+00:00,2025-09-16 21:43:59+00:00,0,Refactor,0,1,2025-09,2025
62350,pull_request,closed,2025-09-16 14:21:21+00:00,2025-09-17 11:00:34+00:00,0,Docs,0,0,2025-09,2025
62349,pull_request,closed,2025-09-16 13:20:42+00:00,2025-09-16 16:21:33+00:00,0,Typing,0,1,2025-09,2025
62348,pull_request,closed,2025-09-15 19:23:54+00:00,2025-09-15 20:33:47+00:00,0,"IO Excel,Typing",0,1,2025-09,2025
62347,pull_request,closed,2025-09-15 19:04:05+00:00,2025-09-19 16:44:11+00:00,3,Docs,0,1,2025-09,2025
62346,pull_request,closed,2025-09-15 17:08:21+00:00,2025-09-16 14:55:38+00:00,0,Docs,0,0,2025-09,2025
62345,pull_request,closed,2025-09-15 15:21:47+00:00,2025-09-16 17:53:23+00:00,1,"Dtype Conversions,ExtensionArray,Index",0,1,2025-09,2025
62341,pull_request,closed,2025-09-14 21:33:27+00:00,2026-03-07 18:02:32+00:00,173,"Bug,Stale,setops",1,0,2025-09,2025
62339,pull_request,closed,2025-09-14 15:31:59+00:00,2025-09-15 17:21:02+00:00,1,"Strings,Clean",0,1,2025-09,2025
62338,pull_request,closed,2025-09-14 14:11:31+00:00,2025-10-05 20:46:54+00:00,21,Docs,0,1,2025-09,2025
62335,pull_request,closed,2025-09-13 15:16:24+00:00,2025-09-15 17:14:14+00:00,2,Enhancement,0,1,2025-09,2025
62334,pull_request,closed,2025-09-13 13:49:39+00:00,2025-09-15 19:19:40+00:00,2,Reshaping,0,1,2025-09,2025
62333,pull_request,closed,2025-09-13 06:39:17+00:00,2025-09-15 22:05:54+00:00,2,Strings,0,1,2025-09,2025
62332,pull_request,closed,2025-09-13 04:54:05+00:00,2025-10-05 21:02:44+00:00,22,,0,0,2025-09,2025
62331,pull_request,closed,2025-09-12 23:59:48+00:00,2025-09-15 17:11:54+00:00,2,Typing,0,1,2025-09,2025
62329,pull_request,closed,2025-09-12 20:55:35+00:00,2025-09-13 06:22:04+00:00,0,,0,1,2025-09,2025
62328,pull_request,closed,2025-09-12 20:36:55+00:00,2025-09-13 06:08:55+00:00,0,"Bug,Strings,Arrow",1,1,2025-09,2025
62327,pull_request,closed,2025-09-12 19:30:13+00:00,2025-09-15 17:27:13+00:00,2,Typing,0,1,2025-09,2025
62326,pull_request,closed,2025-09-12 17:15:43+00:00,2025-09-17 06:19:37+00:00,4,,0,1,2025-09,2025
62325,pull_request,closed,2025-09-12 15:34:09+00:00,2025-09-12 17:04:23+00:00,0,,0,1,2025-09,2025
62324,pull_request,closed,2025-09-12 15:23:24+00:00,2025-09-17 06:19:13+00:00,4,"Indexing,Copy / view semantics,Python 3.14",0,1,2025-09,2025
62323,pull_request,closed,2025-09-12 13:15:40+00:00,2025-09-21 13:38:21+00:00,9,Strings,0,1,2025-09,2025
62322,pull_request,closed,2025-09-12 12:11:15+00:00,2025-09-22 21:46:23+00:00,10,Testing,0,1,2025-09,2025
62321,pull_request,closed,2025-09-12 02:15:36+00:00,2025-09-12 16:14:01+00:00,0,"Numeric Operations,Timedelta,Frequency",0,0,2025-09,2025
62320,pull_request,closed,2025-09-11 17:46:07+00:00,2025-09-15 17:30:01+00:00,3,IO JSON,0,1,2025-09,2025
62319,pull_request,closed,2025-09-11 17:23:24+00:00,2026-01-20 18:04:12+00:00,131,"Missing-data,Categorical,Needs Tests",0,0,2025-09,2025
62318,pull_request,closed,2025-09-11 17:15:59+00:00,2025-09-18 16:17:38+00:00,6,"Build,Python 3.14",0,1,2025-09,2025
62317,pull_request,closed,2025-09-11 14:45:13+00:00,2025-09-22 21:14:50+00:00,11,,0,0,2025-09,2025
62315,pull_request,closed,2025-09-11 10:58:28+00:00,2025-09-12 17:18:45+00:00,1,Typing,0,1,2025-09,2025
62313,pull_request,closed,2025-09-10 19:37:25+00:00,2025-09-30 19:27:32+00:00,19,"Docs,Missing-data",0,1,2025-09,2025
62312,pull_request,closed,2025-09-10 16:05:48+00:00,2025-09-10 18:52:37+00:00,0,Typing,0,1,2025-09,2025
62308,pull_request,closed,2025-09-10 09:16:32+00:00,2025-09-10 18:53:12+00:00,0,Docs,0,1,2025-09,2025
62305,pull_request,closed,2025-09-09 16:56:39+00:00,2025-09-10 18:55:11+00:00,1,"Bug,Timestamp",1,1,2025-09,2025
62304,pull_request,closed,2025-09-09 15:36:43+00:00,2026-03-18 18:28:43+00:00,190,"Datetime,Reshaping,Needs Tests",0,0,2025-09,2025
